1	6 Mar 26	11:39:00	1	0	0	0	0	0	1	142	55	137	54	90	114	124	119	119	118	255	320	169	404	181	224	111	92	147	146	188	112	40	76	161	106	100	124	81	120	108	122
2	6 Mar 26	11:40:00	1	0	0	0	0	0	0	10	3	8	0	6	4	4	1	0	1	7	1	3	11	4	5	5	4	2	3	4	3	6	9	2	9	7	3	6	4	6	11
3	6 Mar 26	11:41:00	1	0	0	0	0	0	0	13	3	6	0	4	2	4	6	0	2	7	18	2	3	3	11	0	4	7	5	5	2	6	8	6	9	3	4	4	3	0	7
4	6 Mar 26	11:42:00	1	0	0	0	0	0	0	10	3	4	0	3	0	6	4	3	1	11	7	5	11	7	3	0	7	4	4	5	4	7	12	5	7	5	2	5	6	2	7
5	6 Mar 26	11:43:00	1	0	0	0	0	0	0	5	2	7	0	2	3	5	4	0	5	8	7	1	10	8	6	0	4	4	4	9	3	4	12	4	8	3	20	6	3	1	4
6	6 Mar 26	11:44:00	1	0	0	0	0	0	0	5	0	4	0	6	3	5	7	0	0	6	2	3	13	7	5	0	13	3	3	5	0	9	5	7	8	1	0	4	5	14	6
7	6 Mar 26	11:45:00	1	0	0	0	0	0	0	12	0	6	0	4	13	6	4	0	0	7	5	5	12	7	14	0	4	7	3	5	6	3	7	3	8	0	5	6	8	0	4
8	6 Mar 26	11:46:00	1	0	0	0	0	0	0	10	0	3	2	4	9	4	6	0	1	6	4	2	3	3	8	0	12	4	2	6	2	2	13	5	3	4	1	4	4	3	6
9	6 Mar 26	11:47:00	1	0	0	0	0	0	0	6	0	0	1	6	18	3	5	0	0	8	0	3	5	10	9	0	7	4	4	10	1	10	12	3	12	3	0	3	8	4	7
10	6 Mar 26	11:48:00	1	0	0	0	0	0	0	7	0	3	0	1	11	4	7	0	0	0	0	4	3	10	3	0	7	6	6	6	3	1	11	3	10	5	0	2	7	3	4
11	6 Mar 26	11:49:00	1	0	0	0	0	0	0	4	0	5	0	1	10	6	4	0	1	2	0	5	1	1	4	0	8	5	5	7	3	7	5	1	2	6	0	2	5	2	7
12	6 Mar 26	11:50:00	1	0	0	0	0	0	0	4	0	3	0	4	12	3	4	0	0	0	0	0	4	12	9	0	8	0	2	4	3	5	10	3	5	3	0	5	0	5	2
13	6 Mar 26	11:51:00	1	0	0	0	0	0	0	8	0	1	0	2	9	0	2	0	0	1	0	0	6	7	4	0	7	5	1	5	3	3	4	2	4	3	0	0	4	3	3
14	6 Mar 26	11:52:00	1	0	0	0	0	0	0	6	0	1	0	3	11	4	4	0	0	1	7	0	2	6	5	0	6	4	2	4	0	10	6	4	3	2	0	3	3	4	1
15	6 Mar 26	11:53:00	1	0	0	0	0	0	0	4	0	2	0	3	8	1	7	0	1	1	0	0	5	3	2	0	5	10	4	7	3	5	5	2	0	2	0	1	0	7	5
16	6 Mar 26	11:54:00	1	0	0	0	0	0	0	8	0	2	0	0	12	0	8	0	1	0	0	5	0	7	0	0	4	4	6	3	4	0	5	3	13	6	0	2	0	6	4
17	6 Mar 26	11:55:00	1	0	0	0	0	0	0	6	0	8	0	1	9	2	4	0	1	0	0	2	8	3	5	0	5	6	0	8	1	1	5	3	6	4	0	2	0	9	1
18	6 Mar 26	11:56:00	1	0	0	0	0	0	0	4	0	0	0	0	12	2	3	0	0	1	0	4	11	3	2	0	7	4	0	6	2	4	6	2	3	5	2	4	0	2	7
19	6 Mar 26	11:57:00	1	0	0	0	0	0	0	6	0	0	0	0	3	3	10	0	0	0	2	7	7	1	1	0	7	5	1	4	1	6	5	2	6	0	0	0	7	1	5
20	6 Mar 26	11:58:00	1	0	0	0	0	0	0	6	0	0	0	0	12	4	5	0	0	5	0	4	3	1	5	0	4	0	1	4	1	3	6	1	1	2	0	3	1	4	4
21	6 Mar 26	11:59:00	1	0	0	0	0	0	0	4	0	0	0	0	6	4	9	0	0	16	0	6	7	4	3	0	5	0	5	6	3	2	1	3	1	7	0	0	2	8	0
22	6 Mar 26	12:00:00	1	0	0	0	0	0	0	3	0	0	0	0	7	3	6	0	0	2	0	7	6	8	1	0	8	0	2	5	3	1	12	2	3	1	0	0	0	3	2
23	6 Mar 26	12:01:00	1	0	0	0	0	0	0	5	0	0	0	0	9	0	2	0	1	3	0	2	6	1	0	0	7	0	1	8	4	3	0	2	1	2	0	0	0	3	2
24	6 Mar 26	12:02:00	1	0	0	0	0	0	0	5	0	0	0	0	6	1	3	0	0	0	0	4	4	0	0	0	8	0	0	3	0	7	5	2	0	5	0	1	0	5	2
25	6 Mar 26	12:03:00	1	0	0	0	0	0	0	3	0	0	0	0	6	0	6	0	0	1	0	3	7	0	0	0	7	0	1	5	3	7	0	3	2	2	0	1	0	4	2
26	6 Mar 26	12:04:00	1	0	0	0	0	0	0	1	0	0	0	0	6	1	5	0	0	7	0	5	11	2	1	0	1	0	3	5	0	7	6	4	3	1	0	0	0	2	0
27	6 Mar 26	12:05:00	1	0	0	0	0	0	0	2	0	0	0	0	11	0	6	0	0	2	0	5	6	5	5	0	8	0	5	3	1	7	3	1	4	2	0	4	0	5	7
28	6 Mar 26	12:06:00	1	0	0	0	0	0	0	6	0	0	0	0	6	1	3	0	0	3	0	4	12	11	0	0	0	0	1	4	0	3	7	0	1	1	0	0	0	2	0
29	6 Mar 26	12:07:00	1	0	0	0	0	0	0	3	0	0	0	0	3	0	2	0	0	7	0	5	9	4	0	0	5	0	1	4	0	2	7	0	1	1	0	2	0	5	2
30	6 Mar 26	12:08:00	1	0	0	0	0	0	0	0	0	0	0	0	3	0	7	0	0	4	0	5	11	0	0	0	5	0	0	6	1	6	4	4	3	0	0	3	0	3	4
31	6 Mar 26	12:09:00	1	0	0	0	0	0	0	0	0	0	0	0	6	2	6	0	0	4	0	4	7	6	0	0	5	0	2	5	0	5	5	4	0	0	0	2	0	6	5
32	6 Mar 26	12:10:00	1	0	0	0	0	0	0	0	0	0	0	0	4	0	8	0	2	6	5	3	6	3	6	0	10	0	2	6	4	0	5	4	4	1	0	2	0	6	2
33	6 Mar 26	12:11:00	1	0	0	0	0	0	0	0	0	0	0	0	8	0	4	0	1	2	3	2	5	21	1	0	7	0	1	4	0	3	5	4	0	13	0	2	0	5	4
34	6 Mar 26	12:12:00	1	0	0	0	0	0	0	0	0	0	0	0	6	0	0	0	1	5	4	9	9	12	0	0	1	0	0	5	3	9	5	7	0	1	0	0	1	4	3
35	6 Mar 26	12:13:00	1	0	0	0	0	0	0	0	0	0	0	0	5	0	2	0	0	7	6	1	5	15	0	0	8	0	1	5	0	6	7	8	2	6	0	0	0	2	0
36	6 Mar 26	12:14:00	1	0	0	0	0	0	0	1	0	0	0	0	7	0	3	0	0	1	9	1	5	7	1	0	3	0	3	4	2	7	5	7	0	3	0	1	0	5	3
37	6 Mar 26	12:15:00	1	0	0	0	0	0	0	0	0	0	0	0	11	0	4	0	1	3	8	5	4	22	0	0	7	0	2	6	3	1	6	1	1	1	4	0	0	4	0
38	6 Mar 26	12:16:00	1	0	0	0	0	0	0	0	0	0	0	0	5	0	2	0	2	7	8	2	6	13	0	0	6	0	3	7	4	3	6	3	0	0	0	0	0	4	0
39	6 Mar 26	12:17:00	1	0	0	0	0	0	0	0	0	0	1	0	5	0	2	0	2	6	6	4	3	11	0	0	6	0	4	7	1	5	5	0	0	1	0	1	2	6	2
40	6 Mar 26	12:18:00	1	0	0	0	0	0	0	0	0	0	0	0	4	0	0	0	0	6	5	6	0	13	2	0	4	0	1	4	2	5	3	1	2	9	0	0	1	3	3
41	6 Mar 26	12:19:00	1	0	0	0	0	0	0	0	0	0	0	0	3	0	2	0	0	8	1	4	3	12	0	0	3	0	1	1	3	3	5	3	0	0	0	0	0	5	0
42	6 Mar 26	12:20:00	1	0	0	0	0	0	0	0	0	0	0	0	4	0	0	0	0	3	7	9	11	6	0	0	5	0	0	4	0	4	6	4	0	2	0	0	0	5	5
43	6 Mar 26	12:21:00	1	0	0	0	0	0	0	0	0	0	0	0	6	0	0	0	0	1	10	5	12	8	0	0	1	0	0	4	3	8	4	5	0	3	1	0	0	3	1
44	6 Mar 26	12:22:00	1	0	0	0	0	0	0	0	0	0	0	0	5	0	1	0	0	4	8	11	15	21	0	0	7	0	0	3	1	7	5	3	0	0	0	0	0	2	1
45	6 Mar 26	12:23:00	1	0	0	0	0	0	0	11	0	0	0	0	2	0	0	0	0	1	3	1	7	10	3	0	11	0	3	2	0	4	2	1	0	4	0	0	0	3	1
46	6 Mar 26	12:24:00	1	0	0	0	0	0	0	6	0	0	0	0	3	0	0	0	0	2	1	3	7	19	3	0	6	0	2	4	4	11	1	0	0	1	0	0	0	6	0
47	6 Mar 26	12:25:00	1	0	0	0	0	0	0	3	0	0	0	0	6	0	0	0	0	0	4	6	10	15	0	0	8	0	0	5	5	5	3	2	0	5	0	0	0	5	0
48	6 Mar 26	12:26:00	1	0	0	0	0	0	0	0	0	0	0	0	5	0	0	0	0	4	11	3	10	8	0	0	1	0	0	9	1	4	4	2	0	1	2	0	0	5	1
49	6 Mar 26	12:27:00	1	0	0	0	0	0	0	4	0	0	0	0	3	0	7	0	0	6	9	4	5	6	4	0	7	0	0	3	1	2	0	1	0	4	0	2	1	5	1
50	6 Mar 26	12:28:00	1	0	0	0	0	0	0	0	0	0	0	0	5	0	5	0	0	2	6	3	11	12	3	0	5	0	0	5	2	0	0	1	0	2	0	3	3	1	0
51	6 Mar 26	12:29:00	1	0	0	0	0	0	0	1	0	0	0	0	12	0	3	0	0	1	4	3	5	3	1	0	8	0	0	4	0	7	0	2	4	0	0	0	0	4	0
52	6 Mar 26	12:30:00	1	0	0	0	0	0	0	4	0	0	0	0	5	0	5	0	0	0	6	11	7	11	0	0	12	0	0	1	1	2	0	3	0	3	0	0	0	4	2
53	6 Mar 26	12:31:00	1	0	0	0	0	0	0	0	0	0	0	0	8	0	4	0	0	1	6	5	2	9	0	0	4	0	0	4	0	0	0	2	6	2	0	0	0	4	3
54	6 Mar 26	12:32:00	1	0	0	0	0	0	0	4	0	0	0	0	5	0	6	0	0	5	8	3	2	8	0	0	13	0	0	6	0	6	0	4	0	1	0	0	0	4	8
55	6 Mar 26	12:33:00	1	0	0	0	0	0	0	3	0	0	0	0	9	0	6	0	0	2	5	5	10	7	1	0	2	0	0	11	0	0	0	2	0	0	2	0	0	2	2
56	6 Mar 26	12:34:00	1	0	0	0	0	0	0	2	0	0	0	0	5	0	11	0	0	7	7	3	6	6	0	0	0	0	5	7	0	3	0	2	0	2	3	0	0	4	2
57	6 Mar 26	12:35:00	1	0	0	0	0	0	0	1	0	0	0	0	5	0	8	0	0	8	8	3	7	10	0	0	0	0	0	4	1	6	0	1	0	2	7	0	0	1	0
58	6 Mar 26	12:36:00	1	0	0	0	0	0	0	5	0	0	0	0	7	0	10	0	0	6	7	10	6	6	0	0	0	0	0	2	7	8	1	3	0	0	0	0	0	4	0
59	6 Mar 26	12:37:00	1	0	0	0	0	0	0	5	0	0	0	0	3	0	5	0	0	8	5	7	0	11	0	0	0	0	0	3	3	6	2	4	0	0	8	0	0	6	2
60	6 Mar 26	12:38:00	1	0	0	0	0	0	0	2	0	0	0	0	12	0	10	0	0	3	4	7	2	9	0	0	0	0	6	2	0	1	0	3	0	0	5	0	0	3	1
61	6 Mar 26	12:39:00	1	0	0	0	0	0	0	2	0	0	0	0	5	0	6	0	0	2	8	3	6	21	0	0	0	0	0	4	0	1	0	6	0	0	7	0	0	4	0
62	6 Mar 26	12:40:00	1	0	0	0	0	0	0	3	0	1	0	0	4	0	5	0	0	2	8	6	3	11	0	0	0	0	2	2	0	1	0	1	0	0	5	0	0	1	0
63	6 Mar 26	12:41:00	1	0	0	0	0	0	0	3	0	2	0	0	8	0	1	0	0	0	3	12	9	10	0	0	0	0	4	2	0	9	0	0	4	0	6	0	0	3	1
64	6 Mar 26	12:42:00	1	0	0	0	0	0	0	1	0	6	0	0	4	0	6	0	0	0	4	2	3	4	5	0	0	0	0	2	0	0	0	4	0	0	10	0	0	8	0
65	6 Mar 26	12:43:00	1	0	0	0	0	0	0	2	0	4	0	0	10	0	8	0	0	0	2	1	8	10	1	0	0	0	0	7	0	3	0	1	3	0	7	0	0	3	5
66	6 Mar 26	12:44:00	1	0	0	0	0	0	0	1	0	2	0	0	5	0	7	0	0	0	5	2	6	7	0	0	0	0	0	7	3	4	0	1	5	0	7	0	0	4	0
67	6 Mar 26	12:45:00	1	0	0	0	0	0	0	0	0	2	0	0	3	0	5	0	0	1	5	3	0	17	0	0	0	0	0	2	2	4	0	0	1	0	8	0	0	4	2
68	6 Mar 26	12:46:00	1	0	0	0	0	0	0	5	1	3	0	0	6	0	16	0	0	1	3	4	0	15	3	0	0	0	0	8	1	5	0	5	0	0	4	0	3	3	2
69	6 Mar 26	12:47:00	1	0	0	0	0	0	0	7	0	2	0	0	6	0	10	0	0	2	6	5	0	10	5	0	0	0	0	3	0	14	0	5	2	0	4	0	0	2	3
70	6 Mar 26	12:48:00	1	0	0	0	0	0	0	5	2	0	0	0	7	0	8	0	0	0	6	3	0	7	2	0	0	0	0	5	0	1	0	10	1	0	4	0	0	6	1
71	6 Mar 26	12:49:00	1	0	0	0	0	0	0	5	5	0	0	0	7	0	7	0	0	1	7	4	0	10	0	0	0	0	0	1	0	1	0	4	1	0	5	0	0	1	1
72	6 Mar 26	12:50:00	1	0	0	0	0	0	0	4	12	0	0	0	3	0	5	0	0	4	5	4	10	13	5	0	0	0	0	2	0	4	1	3	3	0	0	0	3	0	2
73	6 Mar 26	12:51:00	1	0	0	0	0	0	0	6	11	1	0	0	4	0	12	0	0	2	3	3	5	10	1	0	0	0	3	3	0	11	0	1	1	0	4	0	0	2	1
74	6 Mar 26	12:52:00	1	0	0	0	0	0	0	1	3	2	0	0	9	0	9	0	0	3	1	8	0	8	0	0	0	0	0	4	0	4	0	3	1	0	4	0	2	5	0
75	6 Mar 26	12:53:00	1	0	0	0	0	0	0	7	7	1	0	0	8	0	11	0	0	1	8	1	0	11	4	0	3	0	5	2	4	4	4	1	1	0	4	0	5	4	0
76	6 Mar 26	12:54:00	1	0	0	0	0	0	0	7	7	0	0	0	7	0	9	0	0	1	5	5	2	10	0	0	7	0	0	2	3	4	0	0	5	0	7	0	0	0	0
77	6 Mar 26	12:55:00	1	0	0	0	0	0	0	2	8	2	0	0	1	0	3	0	2	1	9	3	13	9	0	0	6	0	0	6	2	0	0	1	2	0	2	0	0	0	0
78	6 Mar 26	12:56:00	1	0	0	0	0	0	0	2	7	1	0	0	6	0	8	0	1	1	4	4	7	5	4	0	6	0	0	3	3	0	0	0	0	0	4	0	0	3	4
79	6 Mar 26	12:57:00	1	0	0	0	0	0	0	0	10	4	0	0	7	0	10	0	1	4	6	2	6	12	1	0	2	0	0	5	0	0	5	3	0	0	5	0	0	5	1
80	6 Mar 26	12:58:00	1	0	0	0	0	0	0	3	10	1	0	0	7	0	7	0	0	6	8	3	5	6	1	0	0	0	0	8	2	0	0	4	2	0	3	0	0	5	3
81	6 Mar 26	12:59:00	1	0	0	0	0	0	0	0	5	0	0	0	9	0	8	0	2	5	4	4	8	13	2	0	3	0	0	2	3	15	0	4	1	0	0	0	0	3	1
82	6 Mar 26	13:00:00	1	0	0	0	0	0	0	0	9	0	0	0	8	0	4	0	2	7	7	2	0	10	3	0	0	0	0	3	3	7	3	4	6	0	0	0	0	5	0
83	6 Mar 26	13:01:00	1	0	0	0	0	0	0	0	7	0	0	0	5	0	8	0	0	8	6	3	1	13	2	0	0	0	0	0	5	4	3	2	8	0	3	0	0	3	3
84	6 Mar 26	13:02:00	1	0	0	0	0	0	0	8	5	0	0	0	4	1	6	0	0	8	4	5	1	13	0	0	4	0	0	0	8	5	6	2	3	0	5	0	0	5	0
85	6 Mar 26	13:03:00	1	0	0	0	0	0	0	3	2	0	0	0	4	0	6	0	0	6	4	2	8	5	1	0	7	0	0	0	6	1	3	3	0	0	3	0	0	4	2
86	6 Mar 26	13:04:00	1	0	0	0	0	0	0	5	3	0	0	0	9	8	7	0	0	4	2	17	7	6	0	0	0	0	0	0	14	8	0	3	1	0	3	0	0	5	0
87	6 Mar 26	13:05:00	1	0	0	0	0	0	0	4	2	0	0	0	14	1	8	0	2	6	1	27	5	5	1	0	4	0	0	0	4	7	2	4	4	0	0	0	0	5	1
88	6 Mar 26	13:06:00	1	0	0	0	0	0	0	0	4	0	0	0	5	4	9	0	3	8	2	9	8	0	0	0	4	0	0	0	1	0	1	0	4	0	6	0	0	6	2
89	6 Mar 26	13:07:00	1	0	0	0	0	0	0	2	3	0	0	0	7	7	4	0	1	10	2	3	2	0	0	0	3	0	0	0	6	0	6	0	2	0	7	0	0	7	2
90	6 Mar 26	13:08:00	1	0	0	0	0	0	0	3	0	6	0	0	4	2	4	0	2	5	1	4	0	1	0	0	1	0	0	0	6	4	4	2	4	0	4	0	0	4	3
91	6 Mar 26	13:09:00	1	0	0	0	0	0	0	2	4	2	0	0	8	3	4	0	1	8	3	5	11	9	0	0	0	0	0	0	4	1	12	0	2	0	4	0	0	3	5
92	6 Mar 26	13:10:00	1	0	0	0	0	0	0	0	10	1	0	0	7	5	7	0	0	4	0	4	6	7	0	0	0	0	0	0	3	0	6	0	4	0	2	0	0	3	4
93	6 Mar 26	13:11:00	1	0	0	0	0	0	0	2	1	4	0	0	4	4	5	0	0	6	3	3	0	0	1	0	3	0	0	0	2	2	7	0	2	0	2	0	0	5	8
94	6 Mar 26	13:12:00	1	0	0	0	0	0	0	0	4	2	0	0	8	3	5	0	0	4	3	4	0	2	0	0	2	0	0	0	0	2	7	0	6	0	2	0	0	4	3
95	6 Mar 26	13:13:00	1	0	0	0	0	0	0	0	3	0	0	0	3	2	7	0	4	4	1	0	0	6	1	0	0	0	0	0	0	2	6	0	4	0	5	0	0	4	2
96	6 Mar 26	13:14:00	1	0	0	0	0	0	0	2	9	1	0	0	5	5	5	0	1	7	3	4	7	5	1	0	0	0	0	0	3	4	5	0	4	0	3	0	0	5	2
97	6 Mar 26	13:15:00	1	0	0	0	0	0	0	1	9	0	0	0	5	0	8	0	0	8	4	2	5	5	2	0	0	0	0	0	3	1	3	0	2	0	5	0	0	5	1
98	6 Mar 26	13:16:00	1	0	0	0	0	0	0	5	6	0	0	0	5	1	9	0	0	7	3	2	6	5	0	0	0	0	0	0	2	5	0	0	7	0	5	0	0	2	0
99	6 Mar 26	13:17:00	1	0	0	0	0	0	0	5	6	0	0	0	7	0	7	0	3	4	4	5	8	4	0	0	0	0	0	0	7	0	0	0	8	0	1	0	0	1	0
100	6 Mar 26	13:18:00	1	0	0	0	0	0	0	0	7	0	0	0	4	0	6	0	0	5	3	5	10	5	0	0	0	0	0	0	7	0	2	0	6	0	0	0	0	5	0
101	6 Mar 26	13:19:00	1	0	0	0	0	0	0	2	6	3	0	0	7	4	9	0	0	10	1	5	5	1	0	0	0	0	0	0	0	0	11	0	4	0	1	0	1	5	0
102	6 Mar 26	13:20:00	1	0	0	0	0	0	0	2	2	1	0	0	4	3	6	0	0	5	1	6	0	5	0	0	0	0	0	0	0	0	3	1	2	0	3	0	1	2	0
103	6 Mar 26	13:21:00	1	0	0	0	0	0	0	1	8	0	0	0	6	2	8	0	0	2	7	6	0	5	0	0	0	0	1	0	0	0	0	1	2	0	0	0	0	4	0
104	6 Mar 26	13:22:00	1	0	0	0	0	0	0	3	1	0	0	0	8	1	4	0	0	6	5	5	10	0	2	0	0	0	0	0	2	0	0	5	2	0	0	0	0	5	2
105	6 Mar 26	13:23:00	1	0	0	0	0	0	0	0	8	1	0	0	6	3	5	0	2	7	4	3	5	0	1	0	0	0	0	0	7	0	0	5	3	0	0	0	0	3	0
106	6 Mar 26	13:24:00	1	0	0	0	0	0	0	0	8	1	0	0	2	2	4	0	0	8	6	6	5	0	3	0	0	0	0	0	6	0	0	2	5	0	0	0	1	2	0
107	6 Mar 26	13:25:00	1	0	0	0	0	0	0	0	6	0	0	0	6	4	4	0	2	1	3	4	2	2	3	0	0	0	0	0	4	0	0	0	5	0	0	0	3	0	1
108	6 Mar 26	13:26:00	1	0	0	0	0	0	0	2	7	0	0	0	6	3	7	0	0	7	0	3	6	1	2	0	0	0	0	0	0	0	0	3	4	0	0	0	0	8	0
109	6 Mar 26	13:27:00	1	0	0	0	0	0	0	2	6	0	0	0	7	4	4	0	1	6	0	5	5	0	2	0	0	0	0	0	0	0	1	0	9	0	0	0	0	1	0
110	6 Mar 26	13:28:00	1	0	0	0	0	0	0	2	7	1	0	0	4	2	7	0	2	3	4	2	2	2	1	0	0	0	0	0	2	0	5	0	0	0	0	0	0	2	0
111	6 Mar 26	13:29:00	1	0	0	0	0	0	0	1	0	3	0	0	7	3	3	0	0	7	7	10	7	4	1	0	0	0	0	0	0	0	6	0	11	0	0	0	0	5	0
112	6 Mar 26	13:30:00	1	0	0	0	0	0	0	2	0	7	0	0	5	1	4	0	1	5	8	1	3	1	2	0	0	0	0	0	0	0	6	0	0	0	0	0	0	5	0
113	6 Mar 26	13:31:00	1	0	0	0	0	0	0	5	0	1	0	7	5	0	7	0	2	5	4	1	8	7	2	0	0	0	0	0	0	0	1	0	4	0	0	0	0	3	0
114	6 Mar 26	13:32:00	1	0	0	0	0	0	0	5	0	0	0	6	9	1	7	0	0	6	5	6	4	2	0	0	0	0	0	0	0	2	1	0	4	0	0	0	0	4	2
115	6 Mar 26	13:33:00	1	0	0	0	0	0	0	0	0	0	0	0	5	1	1	0	0	6	7	2	9	5	1	0	0	0	0	0	4	5	0	0	5	0	0	0	0	4	0
116	6 Mar 26	13:34:00	1	0	0	0	0	0	0	0	0	3	0	0	5	1	7	0	3	7	5	5	5	5	0	0	0	0	0	0	2	3	0	0	3	0	0	0	0	0	0
117	6 Mar 26	13:35:00	1	0	0	0	0	0	0	0	1	0	0	0	5	2	5	0	0	4	5	4	7	0	1	0	0	0	0	0	2	0	0	0	0	0	0	0	0	0	0
118	6 Mar 26	13:36:00	1	0	0	0	0	0	0	0	7	0	0	2	7	1	4	0	0	4	6	5	0	3	0	0	0	0	0	0	0	0	1	0	4	0	0	0	0	0	2
119	6 Mar 26	13:37:00	1	0	0	0	0	0	0	1	4	0	0	5	5	5	3	2	1	4	5	7	7	9	0	0	0	0	0	0	2	0	1	0	2	0	0	0	0	0	0
120	6 Mar 26	13:38:00	1	0	0	0	0	0	0	0	0	1	0	5	7	0	3	1	0	4	5	3	7	0	0	0	0	0	0	0	0	0	4	0	5	0	1	0	0	0	0
121	6 Mar 26	13:39:00	1	0	0	0	0	0	0	0	5	0	0	0	3	1	5	0	0	6	3	2	6	0	0	0	0	0	0	0	0	0	0	1	4	0	3	0	0	0	0
122	6 Mar 26	13:40:00	1	0	0	0	0	0	0	0	8	0	0	0	5	0	4	0	0	5	4	1	6	1	0	0	0	0	0	0	0	0	0	0	5	0	8	0	0	0	2
123	6 Mar 26	13:41:00	1	0	0	0	0	0	0	0	5	1	0	1	7	0	1	0	0	5	0	2	0	0	0	0	0	0	0	0	0	0	0	0	3	0	2	0	0	0	0
124	6 Mar 26	13:42:00	1	0	0	0	0	0	0	0	10	0	0	0	6	0	5	0	0	5	2	4	4	2	0	0	0	0	0	0	5	0	1	0	3	0	4	0	0	0	0
125	6 Mar 26	13:43:00	1	0	0	0	0	0	0	0	3	0	0	0	6	0	5	0	0	7	1	1	9	0	0	0	0	0	0	0	1	0	2	0	5	0	0	0	0	0	0
126	6 Mar 26	13:44:00	1	0	0	0	0	0	0	0	1	0	0	0	7	0	3	0	2	6	0	3	9	0	0	0	0	0	0	0	3	3	4	0	1	0	3	0	0	0	0
127	6 Mar 26	13:45:00	1	0	0	0	0	0	0	2	6	0	0	0	2	0	5	0	2	1	0	4	2	1	0	0	0	0	0	0	0	1	5	1	2	0	7	0	0	0	0
128	6 Mar 26	13:46:00	1	0	0	0	0	0	0	0	4	0	0	0	10	0	6	0	0	3	0	2	6	2	0	0	0	0	0	0	0	2	5	2	7	0	5	0	0	0	0
129	6 Mar 26	13:47:00	1	0	0	0	0	0	0	0	3	0	0	6	6	1	7	0	0	1	0	4	6	0	1	0	0	0	0	0	0	0	3	0	1	0	5	0	0	0	0
130	6 Mar 26	13:48:00	1	0	0	0	0	0	0	0	8	0	0	0	12	0	5	0	0	0	1	3	10	0	5	0	0	0	0	0	0	0	5	0	5	0	4	0	0	0	2
131	6 Mar 26	13:49:00	1	0	0	0	0	0	0	0	4	0	0	0	11	0	6	0	1	0	0	2	2	0	5	0	0	0	0	0	0	3	3	0	4	0	3	0	0	0	0
132	6 Mar 26	13:50:00	1	0	0	0	0	0	0	0	6	0	0	0	10	0	5	0	0	0	0	2	3	1	5	0	0	0	0	0	0	4	4	0	5	0	4	0	0	0	0
133	6 Mar 26	13:51:00	1	0	0	0	0	0	0	0	2	2	0	2	10	5	5	0	0	0	0	2	10	0	0	0	0	0	0	0	0	2	8	4	2	0	1	0	0	0	1
134	6 Mar 26	13:52:00	1	0	0	0	0	0	0	0	10	0	0	1	7	3	6	0	0	0	1	4	0	0	2	0	0	0	0	0	0	6	2	0	3	0	0	0	0	0	1
135	6 Mar 26	13:53:00	1	0	0	0	0	0	0	0	2	1	0	3	7	3	7	0	0	0	0	3	0	0	0	0	0	0	0	0	0	9	4	0	4	0	2	0	0	0	0
136	6 Mar 26	13:54:00	1	0	0	0	0	0	0	5	1	0	0	1	4	0	5	0	0	0	0	2	2	1	0	0	0	0	0	3	0	6	7	0	5	0	3	0	0	0	0
137	6 Mar 26	13:55:00	1	0	0	0	0	0	0	3	0	2	0	1	7	0	2	0	0	0	0	2	4	0	1	0	0	0	0	0	0	6	3	0	3	0	2	0	0	0	0
138	6 Mar 26	13:56:00	1	0	0	0	0	0	0	0	0	0	0	0	7	0	6	0	1	0	0	1	12	0	0	0	0	0	3	0	0	3	7	0	3	0	0	0	0	0	0
139	6 Mar 26	13:57:00	1	0	0	0	0	0	0	0	0	0	0	2	10	2	6	0	0	0	4	3	6	0	0	0	0	0	0	0	0	0	2	0	4	0	0	0	0	0	0
140	6 Mar 26	13:58:00	1	0	0	0	0	0	0	0	0	0	0	2	9	1	5	0	0	0	4	0	9	2	0	0	0	0	0	0	0	0	6	0	2	0	3	0	0	0	0
141	6 Mar 26	13:59:00	1	0	0	0	0	0	0	0	1	0	0	0	6	1	11	0	1	0	3	0	7	4	0	0	0	0	0	0	0	1	4	0	3	0	5	0	0	0	1
142	6 Mar 26	14:00:00	1	0	0	0	0	0	0	0	5	0	0	0	6	0	6	0	2	0	0	3	11	5	0	0	0	0	0	0	0	0	4	0	7	0	1	0	0	0	1
143	6 Mar 26	14:01:00	1	0	0	0	0	0	0	0	0	0	0	3	4	0	4	0	0	0	0	2	4	0	0	0	0	0	0	0	0	3	3	0	2	0	5	0	0	0	0
144	6 Mar 26	14:02:00	1	0	0	0	0	0	0	0	1	0	0	5	4	1	6	0	0	0	1	1	7	0	0	0	0	0	0	0	0	8	5	0	6	0	2	0	0	0	0
145	6 Mar 26	14:03:00	1	0	0	0	0	0	0	0	0	0	0	0	7	0	7	0	0	0	2	4	3	0	1	0	0	0	0	0	0	4	9	0	2	0	5	0	0	0	0
146	6 Mar 26	14:04:00	1	0	0	0	0	0	0	0	5	0	0	0	5	0	6	0	0	0	4	3	7	0	4	0	0	0	0	0	0	6	4	2	5	0	0	0	0	0	0
147	6 Mar 26	14:05:00	1	0	0	0	0	0	0	0	0	0	0	0	8	0	5	0	0	0	3	7	7	0	1	0	0	0	0	0	0	0	0	0	3	0	3	0	0	0	1
148	6 Mar 26	14:06:00	1	0	0	0	0	0	0	0	0	0	0	0	9	0	10	0	0	0	5	1	6	0	5	0	0	0	0	0	1	2	0	0	9	0	6	0	0	0	0
149	6 Mar 26	14:07:00	1	0	0	0	0	0	0	0	0	0	0	0	8	3	7	0	0	0	5	3	1	0	0	0	0	0	0	0	4	1	8	0	2	0	3	0	0	0	0
150	6 Mar 26	14:08:00	1	0	0	0	0	0	0	0	1	0	0	0	6	1	7	0	0	0	4	3	0	0	9	0	0	0	0	0	0	0	4	0	4	0	6	0	0	0	0
151	6 Mar 26	14:09:00	1	0	0	0	0	0	0	5	5	1	0	0	5	3	4	0	2	0	5	4	6	0	3	0	0	0	0	0	1	2	6	0	7	0	6	0	0	0	1
152	6 Mar 26	14:10:00	1	0	0	0	0	0	0	4	6	0	0	1	4	1	4	0	0	0	4	0	7	0	3	0	0	0	0	0	8	0	5	0	5	0	4	0	0	0	1
153	6 Mar 26	14:11:00	1	0	0	0	0	0	0	3	3	0	0	2	7	0	3	0	1	0	0	0	13	5	4	0	0	0	0	0	3	0	8	0	4	0	5	0	0	0	2
154	6 Mar 26	14:12:00	1	0	0	0	0	0	0	0	6	2	0	3	6	0	3	0	0	0	3	3	7	2	4	0	0	0	0	0	0	2	7	0	2	0	4	0	0	0	0
155	6 Mar 26	14:13:00	1	0	0	0	0	0	0	0	3	1	0	1	2	4	4	0	3	0	1	4	7	0	5	0	0	0	0	0	0	0	3	0	0	0	6	0	0	0	0
156	6 Mar 26	14:14:00	1	0	0	0	0	0	0	0	5	2	0	1	4	2	4	0	1	0	4	5	2	0	11	0	0	0	0	0	0	0	0	0	6	0	3	0	0	0	0
157	6 Mar 26	14:15:00	1	0	0	0	0	0	0	0	4	1	0	0	5	0	4	0	0	0	0	4	5	0	3	0	0	0	0	0	6	1	0	0	3	0	2	0	2	0	0
158	6 Mar 26	14:16:00	1	0	0	0	0	0	0	0	5	0	0	0	8	0	6	0	1	0	0	5	3	0	6	0	2	0	0	0	3	3	0	0	3	0	2	0	4	0	0
159	6 Mar 26	14:17:00	1	0	0	0	0	0	0	0	9	0	0	0	10	0	4	0	0	0	0	5	1	0	4	0	6	0	0	0	0	0	8	0	5	0	3	0	0	0	0
160	6 Mar 26	14:18:00	1	0	0	0	0	0	0	0	3	0	0	0	6	0	6	0	3	0	4	3	4	0	6	0	7	0	0	0	0	0	9	0	4	0	3	0	0	0	0
161	6 Mar 26	14:19:00	1	0	0	0	0	0	0	0	4	0	0	0	7	2	2	0	2	0	7	4	10	0	2	0	5	0	0	0	4	0	3	0	3	0	1	0	0	0	0
162	6 Mar 26	14:20:00	1	0	0	0	0	0	0	0	3	0	0	0	7	5	4	0	0	1	2	2	3	0	5	0	6	0	0	0	3	1	5	0	3	0	2	0	0	0	0
163	6 Mar 26	14:21:00	1	0	0	0	0	0	0	0	7	1	0	0	4	3	8	0	0	7	6	3	6	0	1	0	0	0	0	0	12	0	4	0	5	0	3	0	0	0	0
164	6 Mar 26	14:22:00	1	0	0	0	0	0	0	0	1	0	0	0	6	6	5	0	0	9	6	4	4	0	6	0	0	0	0	0	3	0	6	0	2	0	6	0	0	0	0
165	6 Mar 26	14:23:00	1	0	0	0	0	0	0	0	1	2	0	0	7	5	7	0	0	1	6	2	2	0	3	0	2	0	0	0	2	0	6	0	3	0	0	0	5	0	0
166	6 Mar 26	14:24:00	1	0	0	0	0	0	0	0	0	3	0	0	9	4	2	0	3	0	6	0	7	0	8	0	7	0	0	0	3	0	1	2	5	0	0	0	3	0	0
167	6 Mar 26	14:25:00	1	0	0	0	0	0	0	0	3	1	1	0	5	4	5	0	7	0	6	2	6	0	6	0	7	0	0	0	0	0	0	0	4	0	0	0	0	0	0
168	6 Mar 26	14:26:00	1	0	0	0	0	0	0	0	3	0	0	0	9	2	4	0	0	0	4	3	7	0	0	0	0	0	2	0	0	0	2	1	4	0	0	0	0	0	0
169	6 Mar 26	14:27:00	1	0	0	0	0	0	0	0	3	0	0	0	11	8	4	0	0	0	5	2	7	0	6	0	1	0	0	0	0	2	0	0	3	0	0	0	0	0	2
170	6 Mar 26	14:28:00	1	0	0	0	0	0	0	5	2	0	0	2	9	1	0	0	4	0	5	1	3	0	0	0	5	0	0	0	0	1	0	0	4	0	0	0	0	0	3
171	6 Mar 26	14:29:00	1	0	0	0	0	0	0	1	3	1	0	0	4	3	1	0	2	0	7	4	10	0	1	0	8	0	0	0	0	0	0	2	5	0	0	0	0	0	0
172	6 Mar 26	14:30:00	1	0	0	0	0	0	0	2	0	0	0	0	6	3	4	0	2	0	8	2	4	0	5	0	7	0	0	0	0	0	0	3	2	0	0	0	0	0	5
173	6 Mar 26	14:31:00	1	0	0	0	0	0	0	5	2	0	0	0	5	2	9	0	0	0	11	8	11	0	6	0	3	0	0	0	0	0	0	4	2	0	0	0	0	0	6
174	6 Mar 26	14:32:00	1	0	0	0	0	0	0	3	6	0	0	5	6	2	8	0	0	0	8	6	6	0	0	0	5	0	0	0	1	0	10	2	1	0	0	0	0	0	6
175	6 Mar 26	14:33:00	1	0	0	0	0	0	0	6	0	0	0	1	3	4	5	0	1	0	7	2	1	0	5	0	7	0	0	0	8	1	7	4	2	0	0	0	0	0	7
176	6 Mar 26	14:34:00	1	0	0	0	0	0	0	4	0	0	0	3	7	2	6	0	0	0	5	2	0	0	6	0	4	0	0	0	4	0	0	2	3	0	0	0	0	0	3
177	6 Mar 26	14:35:00	1	0	0	0	0	0	0	0	2	0	0	2	5	5	8	0	0	0	6	1	2	0	9	0	4	0	1	0	0	0	0	1	3	0	0	0	0	0	6
178	6 Mar 26	14:36:00	1	0	0	0	0	0	0	1	4	2	0	1	6	1	4	0	0	0	7	3	5	0	4	0	5	0	0	0	2	0	0	3	3	0	0	0	0	0	5
179	6 Mar 26	14:37:00	1	0	0	0	0	0	0	2	4	0	0	1	9	4	5	0	0	0	8	2	7	0	7	0	4	0	0	0	6	0	2	4	5	0	0	0	0	0	5
180	6 Mar 26	14:38:00	1	0	0	0	0	0	0	0	10	1	0	1	9	3	9	0	0	0	2	2	7	0	4	0	4	0	0	0	2	0	0	2	4	0	0	0	0	0	8
181	6 Mar 26	14:39:00	1	0	0	0	0	0	0	0	4	0	0	3	5	5	4	0	0	6	4	2	2	1	6	0	3	0	0	0	0	0	5	3	3	0	0	0	0	0	4
182	6 Mar 26	14:40:00	1	0	0	0	0	0	0	0	3	5	0	0	0	2	4	0	0	1	2	3	7	0	5	4	2	0	0	0	0	0	4	0	5	0	0	0	0	0	3
183	6 Mar 26	14:41:00	1	0	0	0	0	0	0	0	2	0	0	0	11	2	3	0	0	2	0	2	9	0	7	0	5	0	0	0	0	0	4	1	4	0	0	0	0	0	2
184	6 Mar 26	14:42:00	1	0	0	0	0	0	0	0	6	3	0	0	6	2	3	0	0	2	0	1	12	0	4	0	6	0	2	0	0	4	7	0	1	0	0	0	0	0	2
185	6 Mar 26	14:43:00	1	0	0	0	0	0	0	0	2	1	0	0	8	2	9	0	0	0	0	4	5	0	6	17	4	0	0	0	0	0	5	2	2	0	0	0	0	0	4
186	6 Mar 26	14:44:00	1	0	0	0	0	0	0	0	0	3	0	4	9	3	8	0	0	0	0	3	4	0	8	13	5	0	0	0	0	0	3	5	3	1	0	1	0	0	5
187	6 Mar 26	14:45:00	1	0	0	0	0	0	0	0	10	2	1	12	9	2	6	0	0	5	0	2	6	0	2	4	7	0	0	0	0	0	2	0	4	1	0	0	0	0	4
188	6 Mar 26	14:46:00	1	0	0	0	0	0	0	0	7	0	0	2	6	0	6	0	0	0	0	4	10	0	7	2	5	0	0	0	0	0	8	9	6	0	1	0	4	0	6
189	6 Mar 26	14:47:00	1	0	0	0	0	0	0	0	4	2	0	0	7	4	3	0	0	0	0	1	6	0	6	3	1	0	0	0	0	0	2	1	3	0	1	0	4	0	0
190	6 Mar 26	14:48:00	1	0	0	0	0	0	0	0	3	2	0	0	8	0	6	0	0	0	0	3	3	0	6	3	4	0	0	0	0	0	3	0	3	0	0	3	0	0	4
191	6 Mar 26	14:49:00	1	0	0	0	0	0	0	0	9	0	0	4	3	0	8	0	0	2	0	2	11	0	5	0	4	0	0	0	3	0	0	8	6	0	0	3	0	0	4
192	6 Mar 26	14:50:00	1	0	0	0	0	0	0	0	0	0	0	1	6	4	6	0	0	0	0	1	25	0	4	5	4	0	0	0	3	0	0	2	5	0	0	1	0	0	3
193	6 Mar 26	14:51:00	1	0	0	0	0	0	0	0	0	0	0	0	9	0	5	0	0	0	0	1	1	0	1	2	2	0	0	3	0	0	2	2	6	0	0	0	0	0	4
194	6 Mar 26	14:52:00	1	0	0	0	0	0	0	0	0	0	0	0	6	2	6	0	1	7	2	2	0	0	6	0	7	0	0	0	1	0	4	1	4	0	0	0	0	0	6
195	6 Mar 26	14:53:00	1	0	0	0	0	0	0	0	2	2	0	0	3	5	11	0	0	5	0	1	0	0	8	5	3	0	0	0	4	0	1	0	5	5	0	3	0	0	0
196	6 Mar 26	14:54:00	1	0	0	0	0	0	0	0	5	4	0	3	7	4	2	0	0	7	0	4	6	0	5	2	3	0	0	0	3	0	3	4	4	2	0	0	0	0	3
197	6 Mar 26	14:55:00	1	0	0	0	0	0	0	0	0	0	0	0	7	3	0	0	0	6	0	2	8	2	6	0	6	0	0	0	0	0	3	4	4	1	0	0	0	0	6
198	6 Mar 26	14:56:00	1	0	0	0	0	0	0	0	0	0	0	0	8	2	8	0	0	6	0	1	9	0	3	0	2	0	0	0	0	0	3	0	3	1	0	0	0	0	0
199	6 Mar 26	14:57:00	1	0	0	0	0	0	0	0	7	0	0	0	7	2	2	0	0	2	0	3	4	0	4	2	6	0	0	0	0	5	6	0	2	2	1	0	4	0	4
200	6 Mar 26	14:58:00	1	0	0	0	0	0	0	0	6	0	0	0	10	0	8	0	2	6	1	3	0	0	7	7	3	0	0	0	2	0	4	0	4	0	3	0	0	0	5
201	6 Mar 26	14:59:00	1	0	0	0	0	0	0	0	4	0	0	0	9	0	11	0	2	8	0	4	2	1	7	2	5	0	0	0	0	3	4	2	3	2	3	0	0	0	2
202	6 Mar 26	15:00:00	1	0	0	0	0	0	0	0	10	2	0	0	6	0	6	0	0	6	0	2	2	8	6	1	4	0	0	0	0	7	0	6	1	0	6	0	0	0	2
203	6 Mar 26	15:01:00	1	0	0	0	0	0	0	0	5	0	0	0	6	0	5	0	2	3	0	2	0	6	4	0	4	0	0	0	0	12	3	5	2	3	5	0	0	0	4
204	6 Mar 26	15:02:00	1	0	0	0	0	0	0	0	9	0	0	0	10	2	8	2	2	0	0	11	5	2	5	9	4	0	0	3	2	1	3	7	3	0	4	0	0	0	3
205	6 Mar 26	15:03:00	1	0	0	0	0	0	0	0	8	0	0	0	9	0	8	0	0	0	0	2	6	9	8	12	0	0	0	5	0	0	6	1	3	0	5	0	0	0	4
206	6 Mar 26	15:04:00	1	0	0	0	0	0	0	9	6	0	0	0	7	3	4	1	1	0	0	3	4	9	6	11	1	0	0	4	0	0	9	1	0	2	3	0	0	0	6
207	6 Mar 26	15:05:00	1	0	0	0	0	0	0	0	6	0	0	0	7	2	3	1	0	0	0	4	6	17	4	0	3	0	0	2	0	0	2	0	0	1	2	0	0	0	2
208	6 Mar 26	15:06:00	1	0	0	0	0	0	0	0	12	0	0	0	9	0	5	0	0	0	1	5	5	4	7	0	5	0	0	1	9	0	2	0	3	2	4	0	0	0	1
209	6 Mar 26	15:07:00	1	0	0	0	0	0	0	8	2	0	0	0	10	0	7	0	0	1	0	5	6	14	3	0	4	0	0	0	0	0	3	1	0	2	1	0	0	0	0
210	6 Mar 26	15:08:00	1	0	0	0	0	0	0	6	10	1	0	0	10	0	5	1	1	6	0	2	10	10	2	0	10	0	0	0	0	0	3	0	0	0	1	0	0	0	0
211	6 Mar 26	15:09:00	1	0	0	0	0	0	0	6	4	0	0	0	8	1	5	4	0	7	0	4	5	3	6	0	2	0	0	0	0	1	5	0	0	5	2	0	0	0	0
212	6 Mar 26	15:10:00	1	0	0	0	0	0	0	1	6	0	0	0	4	5	5	6	1	2	1	1	7	4	4	4	3	0	0	2	0	0	3	4	0	2	4	0	0	0	0
213	6 Mar 26	15:11:00	1	0	0	0	0	0	0	0	3	0	0	0	4	1	6	7	2	7	0	3	8	4	1	6	5	0	0	0	0	0	3	3	0	2	5	0	0	0	0
214	6 Mar 26	15:12:00	1	0	0	0	0	0	0	0	3	0	0	0	2	0	3	0	0	4	0	3	6	8	5	0	4	0	0	0	0	0	5	0	0	4	6	0	0	0	0
215	6 Mar 26	15:13:00	1	0	0	0	0	0	0	0	6	0	0	0	10	4	3	0	2	7	0	1	10	3	1	0	5	0	0	0	0	1	2	0	0	5	5	0	3	0	0
216	6 Mar 26	15:14:00	1	0	0	0	0	0	0	0	8	0	0	0	11	0	5	2	0	6	1	1	6	4	5	0	13	0	0	0	0	5	5	1	0	1	3	0	4	0	0
217	6 Mar 26	15:15:00	1	0	0	0	0	0	0	0	9	0	0	0	12	0	5	0	0	4	1	4	9	13	6	0	3	0	0	0	1	9	3	0	0	4	7	0	0	0	0
218	6 Mar 26	15:16:00	1	0	0	0	0	0	0	1	2	0	0	0	9	0	2	0	0	6	0	2	5	6	4	0	1	0	0	0	5	1	2	0	0	3	6	0	0	0	0
219	6 Mar 26	15:17:00	1	0	0	0	0	0	0	6	4	0	0	0	6	0	2	0	0	4	2	3	9	4	4	0	4	0	0	0	7	4	3	0	0	4	5	0	0	0	0
220	6 Mar 26	15:18:00	1	0	0	0	0	0	0	7	1	0	0	0	5	0	1	0	0	7	0	6	7	3	6	6	0	0	0	0	0	6	4	0	0	2	4	0	0	0	0
221	6 Mar 26	15:19:00	1	0	0	0	0	0	0	1	0	0	0	0	5	0	3	0	0	5	5	5	8	0	5	0	1	0	0	0	0	0	3	0	0	2	5	0	0	0	0
222	6 Mar 26	15:20:00	1	0	0	0	0	0	0	0	5	0	0	0	7	1	6	0	0	6	2	3	7	3	5	0	1	0	0	0	0	0	3	0	0	8	2	0	0	0	0
223	6 Mar 26	15:21:00	1	0	0	0	0	0	0	0	7	0	0	0	6	2	6	0	0	2	0	2	2	2	3	0	2	0	0	0	0	0	3	0	3	3	3	0	0	0	0
224	6 Mar 26	15:22:00	1	0	0	0	0	0	0	0	4	0	0	0	3	1	3	0	0	0	2	4	5	5	7	0	5	0	0	0	0	0	1	0	5	2	3	0	0	0	0
225	6 Mar 26	15:23:00	1	0	0	0	0	0	0	0	4	2	0	0	5	0	8	0	0	5	2	4	9	2	3	3	10	0	0	0	0	0	2	1	3	2	1	0	0	0	0
226	6 Mar 26	15:24:00	1	0	0	0	0	0	0	0	8	1	0	0	5	0	6	0	0	6	0	3	1	6	3	3	2	0	0	0	0	0	5	0	3	1	0	0	0	0	0
227	6 Mar 26	15:25:00	1	0	0	0	0	0	0	0	2	1	0	0	5	0	7	0	0	8	0	2	11	3	7	0	4	0	0	0	0	0	1	0	1	1	3	0	0	0	0
228	6 Mar 26	15:26:00	1	0	0	0	0	0	0	0	0	0	0	1	7	1	2	0	0	6	3	1	7	0	3	0	3	0	0	0	0	0	5	0	0	4	4	0	0	0	0
229	6 Mar 26	15:27:00	1	0	0	0	0	0	0	0	6	2	0	1	6	3	3	0	0	4	3	1	8	0	6	3	5	0	0	0	0	0	5	0	2	1	5	0	0	0	0
230	6 Mar 26	15:28:00	1	0	0	0	0	0	0	0	3	5	0	0	5	0	4	0	0	6	0	0	0	7	5	0	5	0	0	0	0	0	3	1	1	0	2	0	0	0	0
231	6 Mar 26	15:29:00	1	0	0	0	0	0	0	0	6	0	0	0	9	3	2	0	1	6	1	3	12	3	3	0	5	0	1	0	0	0	2	0	5	3	4	0	0	0	0
232	6 Mar 26	15:30:00	1	0	0	0	0	0	0	0	7	0	0	0	7	4	2	5	4	3	3	3	11	0	4	0	5	0	0	0	0	0	3	0	1	5	0	0	0	0	0
233	6 Mar 26	15:31:00	1	0	0	0	0	0	0	0	3	0	0	0	6	2	2	11	4	2	1	6	6	4	4	0	1	0	2	0	0	0	1	0	0	3	0	0	0	0	0
234	6 Mar 26	15:32:00	1	0	0	0	0	0	0	0	0	0	0	0	7	0	0	12	4	3	0	1	0	8	7	0	4	0	0	0	0	0	0	0	2	1	0	0	0	0	0
235	6 Mar 26	15:33:00	1	0	0	0	0	0	0	0	1	0	0	4	7	0	1	1	5	0	0	4	8	0	4	3	3	0	0	0	0	0	3	0	0	4	0	0	0	0	0
236	6 Mar 26	15:34:00	1	0	0	0	0	0	0	0	1	0	0	0	8	0	3	0	5	0	0	4	5	5	1	0	3	0	0	0	0	0	3	0	0	1	0	0	0	0	0
237	6 Mar 26	15:35:00	1	0	0	0	0	0	0	0	2	0	0	0	7	0	2	0	2	0	0	3	7	0	2	5	4	0	0	0	0	3	4	0	0	4	0	0	0	0	0
238	6 Mar 26	15:36:00	1	0	0	0	0	0	0	0	2	0	0	0	6	0	2	0	1	0	0	3	2	0	8	5	2	0	0	0	0	0	0	0	0	1	0	0	0	0	0
239	6 Mar 26	15:37:00	1	0	0	0	0	0	0	0	5	0	0	0	8	2	0	0	1	0	0	3	7	0	6	0	2	0	1	0	0	0	0	0	0	1	0	0	0	0	0
240	6 Mar 26	15:38:00	1	0	0	0	0	0	0	0	2	0	0	0	10	3	0	0	1	0	0	5	5	3	2	0	4	0	1	0	0	0	4	0	0	0	0	0	0	0	0
241	6 Mar 26	15:39:00	1	0	0	0	0	0	0	6	5	0	0	0	10	2	0	0	0	0	0	2	3	2	6	0	4	0	0	0	0	0	1	0	0	1	0	0	0	0	0
242	6 Mar 26	15:40:00	1	0	0	0	0	0	0	2	8	3	0	0	5	0	2	2	2	0	0	4	10	0	4	0	6	0	0	0	0	0	1	0	0	0	0	0	0	0	0
243	6 Mar 26	15:41:00	1	0	0	0	0	0	0	4	6	2	0	0	7	0	2	3	3	0	0	1	3	6	4	0	3	0	3	0	0	0	3	0	5	3	0	0	0	0	1
244	6 Mar 26	15:42:00	1	0	0	0	0	0	0	6	2	2	0	0	4	0	6	1	2	0	0	1	1	3	6	4	4	0	0	0	0	0	6	0	7	3	0	0	0	0	0
245	6 Mar 26	15:43:00	1	0	0	0	0	0	0	3	0	1	0	0	8	2	9	0	2	0	0	1	4	3	2	0	4	0	1	0	0	0	7	0	4	1	0	0	0	0	0
246	6 Mar 26	15:44:00	1	0	0	0	0	0	0	5	0	1	0	0	7	5	6	5	3	0	0	3	6	2	7	0	3	0	0	0	0	0	5	0	2	0	0	0	0	0	0
247	6 Mar 26	15:45:00	1	0	0	0	0	0	0	5	0	0	0	0	6	1	5	6	2	0	0	1	3	0	7	0	4	0	0	0	0	0	2	0	1	2	0	0	0	0	0
248	6 Mar 26	15:46:00	1	0	0	0	0	0	0	6	5	0	0	0	4	2	7	0	2	0	2	1	9	5	6	0	4	0	0	0	0	0	4	0	1	1	0	0	0	0	0
249	6 Mar 26	15:47:00	1	0	0	0	0	0	0	4	2	1	0	0	6	5	5	3	0	9	0	2	12	0	5	0	2	0	0	0	0	0	1	0	1	2	0	0	0	0	0
250	6 Mar 26	15:48:00	1	0	0	0	0	0	0	7	1	0	0	0	5	4	7	4	0	3	0	6	3	0	4	1	3	0	0	0	0	0	5	0	1	0	0	0	0	0	0
251	6 Mar 26	15:49:00	1	0	0	0	0	0	0	5	5	0	0	0	6	1	5	0	0	0	1	1	9	3	4	1	3	0	0	0	0	0	3	0	0	0	0	0	0	0	0
252	6 Mar 26	15:50:00	1	0	0	0	0	0	0	9	5	0	0	0	7	0	7	0	0	0	3	5	7	0	4	4	6	0	0	0	0	0	2	1	3	0	0	0	0	0	0
253	6 Mar 26	15:51:00	1	0	0	0	0	0	0	4	4	0	0	0	7	2	5	0	0	0	2	2	10	0	0	5	1	0	0	0	0	0	4	4	1	0	0	0	0	0	0
254	6 Mar 26	15:52:00	1	0	0	0	0	0	0	7	5	0	0	0	6	0	8	1	0	0	0	4	4	0	5	1	5	0	0	0	0	0	1	2	4	0	0	0	0	0	0
255	6 Mar 26	15:53:00	1	0	0	0	0	0	0	8	3	0	0	0	7	0	4	0	2	0	2	0	0	0	7	4	1	0	0	0	0	0	4	9	3	0	0	0	0	0	0
256	6 Mar 26	15:54:00	1	0	0	0	0	0	0	6	4	0	0	0	6	3	3	0	2	0	4	2	1	0	10	0	6	0	0	0	0	0	4	2	3	0	0	0	0	0	0
257	6 Mar 26	15:55:00	1	0	0	0	0	0	0	12	2	0	0	0	7	3	6	0	1	0	0	1	6	0	4	0	5	0	0	0	0	0	2	6	1	0	0	0	0	0	0
258	6 Mar 26	15:56:00	1	0	0	0	0	0	0	6	3	0	0	3	4	5	7	0	0	0	0	4	0	0	6	0	5	0	0	0	0	0	6	3	3	0	0	0	0	0	0
259	6 Mar 26	15:57:00	1	0	0	0	0	0	0	2	5	0	0	1	6	1	7	0	0	0	2	2	9	0	4	0	2	0	0	0	0	0	1	0	2	0	0	0	0	0	0
260	6 Mar 26	15:58:00	1	0	0	0	0	0	0	7	5	0	0	4	2	5	5	0	2	0	6	1	9	0	2	0	2	0	0	0	0	0	2	0	6	0	0	0	0	0	0
261	6 Mar 26	15:59:00	1	0	0	0	0	0	0	5	0	0	0	0	12	3	6	0	0	0	1	2	6	0	7	0	2	0	0	0	0	0	1	1	0	0	0	0	0	0	0
262	6 Mar 26	16:00:00	1	0	0	0	0	0	0	6	0	0	0	0	3	1	7	0	0	0	0	2	7	0	4	1	4	0	0	2	0	0	3	0	3	0	0	0	0	0	0
263	6 Mar 26	16:01:00	1	0	0	0	0	0	0	3	0	0	0	0	10	3	4	0	0	0	5	4	5	0	3	3	1	0	0	0	0	0	2	0	3	0	0	0	0	0	0
264	6 Mar 26	16:02:00	1	0	0	0	0	0	0	5	0	0	0	0	5	3	7	0	0	0	4	1	2	0	8	0	4	0	0	0	0	0	1	0	4	0	0	0	0	0	0
265	6 Mar 26	16:03:00	1	0	0	0	0	0	0	7	0	0	0	0	11	4	3	1	2	0	1	1	12	0	3	0	6	0	0	0	0	0	0	0	2	0	0	0	0	0	0
266	6 Mar 26	16:04:00	1	0	0	0	0	0	0	9	0	0	0	0	6	2	4	4	3	0	2	3	6	0	0	3	5	0	0	0	0	0	0	0	0	0	0	0	0	0	0
267	6 Mar 26	16:05:00	1	0	0	0	0	0	0	4	0	1	0	0	11	4	3	5	0	0	3	6	5	0	0	2	7	0	0	0	0	0	0	0	4	0	0	0	0	0	0
268	6 Mar 26	16:06:00	1	0	0	0	0	0	0	6	0	0	0	0	4	4	4	0	1	0	8	2	7	0	2	1	3	0	0	0	4	0	0	0	2	0	0	0	0	0	0
269	6 Mar 26	16:07:00	1	0	0	0	0	0	0	5	0	0	0	0	7	6	5	0	0	0	6	0	8	0	2	0	4	0	0	0	0	0	0	0	2	0	0	0	0	0	0
270	6 Mar 26	16:08:00	1	0	0	0	0	0	0	4	0	2	0	0	4	0	4	0	0	0	7	2	3	0	4	1	5	0	0	0	3	0	2	0	4	0	0	0	0	0	0
271	6 Mar 26	16:09:00	1	0	0	0	0	0	0	6	1	0	0	0	10	0	8	0	1	0	6	0	3	0	5	2	2	0	0	0	0	0	4	0	0	0	0	0	0	0	0
272	6 Mar 26	16:10:00	1	0	0	0	0	0	0	6	3	0	0	0	8	1	3	0	0	0	5	4	7	0	0	0	4	0	0	0	0	0	0	0	5	0	1	0	0	0	0
273	6 Mar 26	16:11:00	1	0	0	0	0	0	0	5	5	1	0	0	8	3	4	4	0	0	6	4	6	0	6	0	8	0	0	0	0	0	2	0	2	0	0	0	0	0	0
274	6 Mar 26	16:12:00	1	0	0	0	0	0	0	5	3	0	0	0	8	6	3	0	4	0	5	2	9	2	5	2	3	0	1	0	0	0	0	0	3	0	0	0	0	0	0
275	6 Mar 26	16:13:00	1	0	0	0	0	0	0	7	5	0	0	1	4	3	8	0	0	0	6	3	8	2	5	0	7	0	1	0	0	0	0	0	3	0	0	0	0	0	0
276	6 Mar 26	16:14:00	1	0	0	0	0	0	0	5	2	1	0	1	7	5	6	0	2	0	3	2	10	0	7	0	6	0	0	0	0	0	0	0	0	0	0	0	0	0	0
277	6 Mar 26	16:15:00	1	0	0	0	0	0	0	7	0	3	0	2	5	5	5	0	2	0	4	3	4	0	6	0	0	0	0	0	0	0	0	0	4	0	0	0	0	0	0
278	6 Mar 26	16:16:00	1	0	0	0	0	0	0	3	0	1	0	0	7	5	5	0	1	0	5	3	3	0	4	0	3	0	0	0	0	0	0	0	4	0	0	0	0	0	0
279	6 Mar 26	16:17:00	1	0	0	0	0	0	0	4	0	1	0	0	9	3	7	0	1	0	8	0	8	0	5	0	4	0	0	0	0	0	0	0	3	0	0	0	0	0	0
280	6 Mar 26	16:18:00	1	0	0	0	0	0	0	5	0	1	0	0	2	1	0	0	0	0	5	2	9	0	5	0	7	0	0	0	0	0	0	0	4	0	4	0	1	0	0
281	6 Mar 26	16:19:00	1	0	0	0	0	0	0	4	0	1	0	0	10	5	3	0	0	0	5	3	6	0	4	6	3	0	0	0	0	0	0	0	5	0	0	0	0	0	0
282	6 Mar 26	16:20:00	1	0	0	0	0	0	0	7	0	0	0	0	5	2	9	0	0	0	5	4	7	2	6	2	7	0	0	0	0	0	2	0	3	0	0	0	0	0	0
283	6 Mar 26	16:21:00	1	0	0	0	0	0	0	6	0	5	0	0	6	2	6	0	0	0	8	3	2	2	3	2	1	0	0	0	0	0	1	0	4	0	0	0	0	0	0
284	6 Mar 26	16:22:00	1	0	0	0	0	0	0	5	0	0	0	0	4	1	3	2	1	0	3	3	1	4	0	6	4	0	0	0	0	0	0	0	4	0	0	0	0	0	0
285	6 Mar 26	16:23:00	1	0	0	0	0	0	0	8	0	0	0	0	9	1	0	0	0	0	4	1	0	9	7	5	2	0	0	0	0	0	0	0	3	0	3	0	0	0	0
286	6 Mar 26	16:24:00	1	0	0	0	0	0	0	3	0	0	0	0	4	1	5	0	0	0	6	3	5	7	3	0	4	0	0	0	0	0	2	0	5	0	0	2	0	0	0
287	6 Mar 26	16:25:00	1	0	0	0	0	0	0	6	0	0	0	0	7	4	8	1	0	0	8	4	7	9	2	11	3	0	0	0	0	0	7	0	7	0	0	1	0	0	1
288	6 Mar 26	16:26:00	1	0	0	0	0	0	0	3	2	2	0	0	7	1	4	3	0	0	6	4	7	11	5	1	4	0	0	0	0	0	4	0	2	0	0	0	2	0	0
289	6 Mar 26	16:27:00	1	0	0	0	0	0	0	5	0	1	0	0	10	2	9	0	0	0	6	2	5	5	2	0	3	0	0	0	0	0	8	0	2	0	1	0	3	0	0
290	6 Mar 26	16:28:00	1	0	0	0	0	0	0	2	4	0	0	0	7	0	6	0	4	0	6	6	5	3	3	0	5	0	0	0	0	0	0	0	5	0	4	0	3	0	0
291	6 Mar 26	16:29:00	1	0	0	0	0	0	0	0	3	0	0	0	7	5	6	7	0	0	5	5	7	0	4	0	0	0	0	0	0	0	0	0	5	0	7	0	7	0	0
292	6 Mar 26	16:30:00	1	0	0	0	0	0	0	3	2	0	0	0	1	2	5	5	1	0	2	3	6	0	2	0	1	0	0	0	0	0	2	0	5	0	3	0	3	0	0
293	6 Mar 26	16:31:00	1	0	0	0	0	0	0	9	3	0	0	0	5	2	6	5	1	0	6	4	5	0	8	4	4	0	0	0	0	0	3	0	3	0	3	0	4	0	0
294	6 Mar 26	16:32:00	1	0	0	0	0	0	0	5	0	1	0	0	7	2	6	0	1	0	4	1	10	0	4	2	2	0	0	0	0	2	6	0	5	0	4	0	1	0	0
295	6 Mar 26	16:33:00	1	0	0	0	0	0	0	5	0	0	0	0	7	5	2	5	3	0	6	4	7	0	6	0	6	0	0	0	0	2	2	0	4	0	4	0	3	0	0
296	6 Mar 26	16:34:00	1	0	0	0	0	0	0	6	0	0	0	3	7	3	3	3	1	0	5	1	9	4	5	0	4	0	0	0	0	1	4	0	1	0	3	0	5	0	0
297	6 Mar 26	16:35:00	1	0	0	0	0	0	0	8	0	0	0	0	6	2	5	2	0	0	6	4	6	4	4	0	5	0	0	0	0	8	4	0	0	0	9	0	6	0	0
298	6 Mar 26	16:36:00	1	0	0	0	0	0	0	5	0	0	0	0	8	6	4	10	2	0	4	3	9	0	2	0	3	0	0	0	0	7	4	0	0	0	3	0	9	0	0
299	6 Mar 26	16:37:00	1	0	0	0	0	0	0	6	0	0	0	0	7	5	3	11	0	2	5	3	6	3	4	0	5	0	0	0	0	4	3	0	0	0	0	0	4	0	0
300	6 Mar 26	16:38:00	1	0	0	0	0	0	0	3	0	0	0	4	4	1	5	0	1	0	4	2	8	4	3	0	3	0	0	0	0	0	4	0	0	0	0	0	5	0	0
301	6 Mar 26	16:39:00	1	0	0	0	0	0	0	5	0	0	0	0	5	2	6	0	1	0	6	1	9	0	5	2	5	0	0	0	0	2	2	0	0	0	2	0	0	0	0
302	6 Mar 26	16:40:00	1	0	0	0	0	0	0	2	0	0	0	0	9	2	2	6	0	0	3	0	6	0	2	0	5	0	0	0	0	9	3	0	0	0	1	0	0	0	0
303	6 Mar 26	16:41:00	1	0	0	0	0	0	0	5	0	0	0	0	11	5	3	0	3	0	6	4	5	0	5	1	7	0	0	0	0	0	4	0	0	0	2	0	0	0	0
304	6 Mar 26	16:42:00	1	0	0	0	0	0	0	7	0	1	0	0	7	4	5	0	0	9	4	2	9	0	7	0	7	0	0	0	0	5	1	0	0	0	1	0	0	0	0
305	6 Mar 26	16:43:00	1	0	0	0	0	0	0	6	0	0	0	0	8	5	4	0	0	2	5	2	3	0	9	0	7	0	0	1	0	2	0	0	0	0	3	0	0	0	0
306	6 Mar 26	16:44:00	1	0	0	0	0	0	0	4	0	0	0	0	6	1	5	0	0	4	3	3	5	4	0	0	3	0	0	2	1	1	0	0	0	0	3	0	0	0	0
307	6 Mar 26	16:45:00	1	0	0	0	0	0	0	5	0	0	0	0	3	3	6	1	1	5	2	2	8	4	6	1	3	0	0	0	0	2	0	0	0	0	6	0	0	0	0
308	6 Mar 26	16:46:00	1	0	0	0	0	0	0	2	0	1	0	0	6	4	5	2	2	8	6	4	7	0	4	7	2	0	0	0	0	5	0	0	0	0	6	0	0	0	0
309	6 Mar 26	16:47:00	1	0	0	0	0	0	0	5	0	0	0	0	11	3	3	2	1	4	7	1	6	1	4	0	0	0	0	0	0	3	0	0	0	0	5	0	0	0	0
310	6 Mar 26	16:48:00	1	0	0	0	0	0	0	5	0	0	0	0	8	3	4	1	1	4	7	1	9	0	4	0	2	0	0	0	0	9	0	2	0	0	1	0	0	0	0
311	6 Mar 26	16:49:00	1	0	0	0	0	0	0	0	0	0	0	0	7	0	2	0	0	5	5	2	7	4	5	0	2	0	0	0	0	3	0	0	0	0	5	0	0	0	0
312	6 Mar 26	16:50:00	1	0	0	0	0	0	0	0	0	0	0	0	7	3	7	5	1	4	2	2	7	4	6	0	4	0	0	0	0	0	0	0	0	0	4	0	0	0	0
313	6 Mar 26	16:51:00	1	0	0	0	0	0	0	0	0	0	0	0	7	5	6	5	0	6	4	1	8	2	3	0	2	0	0	0	0	1	0	0	0	0	8	0	0	0	0
314	6 Mar 26	16:52:00	1	0	0	0	0	0	0	0	0	1	0	0	6	5	2	6	0	6	2	1	3	6	2	0	5	0	0	0	1	2	0	0	0	0	3	0	0	0	0
315	6 Mar 26	16:53:00	1	0	0	0	0	0	0	1	0	1	0	0	9	5	5	3	0	4	6	3	4	0	2	0	2	0	0	0	1	2	0	0	0	0	7	0	0	0	0
316	6 Mar 26	16:54:00	1	0	0	0	0	0	0	5	0	2	0	0	4	0	6	0	0	7	20	4	10	1	2	0	4	0	0	0	11	0	0	0	0	0	5	0	0	0	0
317	6 Mar 26	16:55:00	1	0	0	0	0	0	0	9	0	0	0	0	7	1	7	1	1	6	4	2	6	2	5	0	4	0	0	0	0	0	0	0	0	0	3	0	0	0	0
318	6 Mar 26	16:56:00	1	0	0	0	0	0	0	9	0	0	0	0	6	0	6	4	0	8	2	6	4	11	4	0	0	0	0	0	0	0	0	0	0	0	5	0	0	0	0
319	6 Mar 26	16:57:00	1	0	0	0	0	0	0	6	0	0	0	0	4	3	2	1	0	5	3	1	8	3	3	0	7	0	0	2	0	0	0	0	0	0	3	0	0	0	0
320	6 Mar 26	16:58:00	1	0	0	0	0	0	0	5	0	0	0	0	7	2	2	2	0	2	4	3	6	10	5	0	2	0	0	0	0	0	0	0	0	0	6	0	0	0	0
321	6 Mar 26	16:59:00	1	0	0	0	0	0	0	4	3	0	0	0	2	3	0	1	1	5	4	3	7	0	3	0	2	0	0	0	0	0	0	0	0	0	1	0	0	0	0
322	6 Mar 26	17:00:00	1	0	0	0	0	0	0	3	2	0	0	0	7	0	1	0	0	7	5	3	12	9	0	0	4	0	0	0	0	0	0	0	0	0	1	0	0	0	0
323	6 Mar 26	17:01:00	1	0	0	0	0	0	0	5	0	0	0	0	11	0	2	1	0	5	3	1	7	12	5	0	3	0	0	0	0	0	0	0	0	0	7	0	0	0	0
324	6 Mar 26	17:02:00	1	0	0	0	0	0	0	5	5	0	0	0	8	0	4	4	0	6	2	3	7	7	2	0	7	0	3	0	0	0	0	0	0	0	5	0	0	0	0
325	6 Mar 26	17:03:00	1	0	0	0	0	0	0	5	2	0	0	0	9	5	5	2	0	5	0	8	9	4	0	0	0	0	0	0	0	0	3	0	0	0	3	0	0	0	0
326	6 Mar 26	17:04:00	1	0	0	0	0	0	0	4	3	0	0	0	5	1	4	0	0	0	0	13	6	5	0	0	3	0	0	0	0	0	0	0	0	0	2	0	0	0	0
327	6 Mar 26	17:05:00	1	0	0	0	0	0	0	6	1	0	0	0	10	3	3	0	0	0	0	2	9	2	3	0	4	0	0	0	0	0	1	0	0	0	7	0	4	0	0
328	6 Mar 26	17:06:00	1	0	0	0	0	0	0	3	8	0	0	0	4	3	7	0	0	0	0	2	10	9	2	0	0	0	0	0	0	0	3	0	0	0	4	0	3	0	0
329	6 Mar 26	17:07:00	1	0	0	0	0	0	0	5	5	0	0	0	3	1	5	0	0	0	0	4	4	0	2	0	1	0	0	0	0	0	6	0	0	0	4	0	2	0	0
330	6 Mar 26	17:08:00	1	0	0	0	0	0	0	7	7	0	0	0	9	2	7	0	0	0	0	6	9	0	5	0	3	0	0	0	0	0	3	0	2	0	6	0	2	0	0
331	6 Mar 26	17:09:00	1	0	0	0	0	0	0	4	4	0	0	0	7	0	2	0	0	0	0	1	10	2	3	0	3	0	0	0	0	0	5	0	4	0	6	0	1	0	0
332	6 Mar 26	17:10:00	1	0	0	0	0	0	0	6	3	0	0	0	10	2	4	0	0	0	0	2	9	6	5	0	4	0	0	0	0	0	3	0	4	0	2	0	2	0	0
333	6 Mar 26	17:11:00	1	0	0	0	0	0	0	4	5	0	0	0	7	5	4	0	0	0	0	2	7	4	7	0	0	0	0	0	0	0	0	0	3	0	3	0	2	0	0
334	6 Mar 26	17:12:00	1	0	0	0	0	0	0	5	5	0	0	0	5	1	3	0	0	2	0	3	6	6	3	0	3	0	0	0	0	0	6	0	4	0	4	0	3	0	0
335	6 Mar 26	17:13:00	1	0	0	0	0	0	0	6	8	0	0	0	7	0	4	0	0	0	0	2	3	13	7	0	4	0	0	0	0	0	2	0	2	0	0	0	4	0	0
336	6 Mar 26	17:14:00	1	0	0	0	0	0	0	7	3	0	0	0	4	2	3	0	1	0	0	2	9	8	8	0	5	0	0	0	0	0	1	0	3	0	1	0	3	0	0
337	6 Mar 26	17:15:00	1	0	0	0	0	0	0	7	5	0	0	0	5	1	6	0	6	0	0	3	7	6	0	1	4	0	0	0	0	0	5	0	2	0	1	0	3	0	0
338	6 Mar 26	17:16:00	1	0	0	0	0	0	0	8	4	1	0	0	6	1	5	0	5	0	0	2	6	5	4	0	2	0	0	0	0	0	5	0	4	0	3	0	4	0	0
339	6 Mar 26	17:17:00	1	0	0	0	0	0	0	4	3	2	0	0	8	1	6	0	2	0	0	2	6	2	7	0	3	0	0	0	0	0	3	0	4	0	5	0	5	0	0
340	6 Mar 26	17:18:00	1	0	0	0	0	0	0	1	3	1	0	0	5	3	6	0	3	0	0	1	6	4	6	1	6	0	0	0	0	0	3	0	3	0	3	0	4	0	0
341	6 Mar 26	17:19:00	1	0	0	0	0	0	0	0	3	5	0	0	10	6	4	0	4	0	0	1	6	10	2	5	1	0	0	0	0	0	3	0	1	0	2	0	5	0	0
342	6 Mar 26	17:20:00	1	0	0	0	0	0	0	0	2	1	0	0	5	3	7	2	0	0	0	3	1	7	2	0	5	0	0	0	0	0	2	2	2	0	4	0	6	0	0
343	6 Mar 26	17:21:00	1	0	0	0	0	0	0	1	5	1	0	0	10	1	3	1	0	0	0	2	8	0	4	0	5	0	0	0	0	0	4	0	4	0	1	0	4	0	0
344	6 Mar 26	17:22:00	1	0	0	0	0	0	0	4	1	0	0	0	11	0	0	2	0	0	0	1	8	0	7	0	1	0	0	0	0	0	3	0	6	0	0	0	5	0	0
345	6 Mar 26	17:23:00	1	0	0	0	0	0	0	4	1	2	0	0	6	2	0	1	0	0	0	3	9	0	5	0	5	0	0	0	0	0	2	0	3	0	0	0	4	0	0
346	6 Mar 26	17:24:00	1	0	0	0	0	0	0	7	0	2	0	0	8	0	0	2	0	0	0	3	7	5	4	0	0	0	0	1	0	0	0	0	4	0	0	0	6	0	0
347	6 Mar 26	17:25:00	1	0	0	0	0	0	0	7	0	1	0	0	7	1	0	2	2	0	0	3	8	11	6	0	3	0	0	0	0	0	2	0	0	0	0	0	3	0	0
348	6 Mar 26	17:26:00	1	0	0	0	0	0	0	4	0	4	0	0	6	2	0	1	3	0	0	1	8	0	7	0	2	0	0	0	0	0	0	0	3	0	0	0	2	0	0
349	6 Mar 26	17:27:00	1	0	0	0	0	0	0	4	0	2	0	0	6	5	0	3	1	0	0	1	6	0	3	0	3	0	0	0	0	0	3	4	5	0	0	0	2	0	0
350	6 Mar 26	17:28:00	1	0	0	0	0	0	0	3	0	0	0	2	7	5	3	1	2	0	0	3	7	0	4	0	4	0	0	0	0	0	4	2	3	0	0	0	5	0	0
351	6 Mar 26	17:29:00	1	0	0	0	0	0	0	6	0	2	0	0	4	3	6	5	3	0	0	1	10	9	4	2	2	0	0	0	0	0	2	3	1	0	0	0	4	0	0
352	6 Mar 26	17:30:00	1	0	0	0	0	0	0	4	0	1	0	5	6	3	7	2	0	0	0	4	8	10	4	0	7	0	0	0	0	0	3	4	3	0	0	0	3	0	0
353	6 Mar 26	17:31:00	1	0	0	0	0	0	0	3	0	0	0	0	8	2	6	3	2	0	0	2	5	0	8	0	3	0	0	0	0	0	3	4	2	0	0	0	4	0	0
354	6 Mar 26	17:32:00	1	0	0	0	0	0	0	6	0	0	0	0	7	3	7	1	0	0	0	0	9	9	0	0	4	0	0	0	0	0	6	4	6	0	0	2	5	0	0
355	6 Mar 26	17:33:00	1	0	0	0	0	0	0	7	0	0	0	0	4	5	9	0	1	5	0	4	6	0	2	0	4	0	0	0	0	0	3	5	3	0	0	0	7	0	0
356	6 Mar 26	17:34:00	1	0	0	0	0	0	0	4	0	0	0	0	5	2	2	0	0	8	0	4	6	7	4	0	5	0	0	0	2	0	6	0	4	0	0	2	5	0	0
357	6 Mar 26	17:35:00	1	0	0	0	0	0	0	2	0	0	0	0	7	4	3	3	0	5	0	1	9	1	4	0	3	0	0	0	0	0	1	4	4	0	0	1	7	0	0
358	6 Mar 26	17:36:00	1	0	0	0	0	0	0	2	0	0	0	3	7	1	4	0	0	1	0	3	6	14	5	0	4	0	0	0	0	0	3	6	4	0	0	0	7	0	0
359	6 Mar 26	17:37:00	1	0	0	0	0	0	0	7	0	0	0	1	3	1	0	6	1	0	0	5	6	14	3	0	2	0	0	3	0	0	5	2	8	0	0	0	5	0	0
360	6 Mar 26	17:38:00	1	0	0	0	0	0	0	7	0	0	0	3	12	2	8	3	0	5	0	6	7	9	6	0	2	0	0	0	0	0	5	1	2	0	0	0	4	0	0
361	6 Mar 26	17:39:00	1	0	0	0	0	0	0	5	0	0	0	2	5	1	4	0	0	2	0	5	8	3	6	0	4	0	0	0	0	0	4	2	2	0	0	0	3	0	0
362	6 Mar 26	17:40:00	1	0	0	0	0	0	0	6	0	0	0	0	7	3	3	1	0	0	0	4	4	16	3	0	2	0	0	0	0	0	3	0	3	0	0	0	3	0	0
363	6 Mar 26	17:41:00	1	0	0	0	0	0	0	7	0	0	0	0	7	4	4	2	0	0	0	4	9	3	2	0	2	0	0	0	2	0	0	0	5	0	0	0	4	0	0
364	6 Mar 26	17:42:00	1	0	0	0	0	0	0	5	0	2	0	0	9	3	4	1	0	0	0	4	5	6	4	0	7	0	0	0	4	0	0	0	4	0	0	0	2	0	0
365	6 Mar 26	17:43:00	1	0	0	0	0	0	0	6	0	5	0	0	9	3	2	1	0	0	0	1	5	6	4	0	4	0	0	0	0	0	1	5	1	0	0	8	4	0	0
366	6 Mar 26	17:44:00	1	0	0	0	0	0	0	1	0	1	0	0	5	2	8	3	0	0	0	2	5	10	4	0	2	0	0	0	1	0	3	2	5	0	4	1	4	0	0
367	6 Mar 26	17:45:00	1	0	0	0	0	0	0	0	0	1	0	0	1	4	0	2	0	0	0	3	9	5	2	0	4	0	0	0	0	0	3	2	2	0	0	2	2	0	0
368	6 Mar 26	17:46:00	1	0	0	0	0	0	0	2	0	0	0	0	5	2	2	3	0	0	0	1	7	10	2	0	2	0	0	0	0	0	3	1	5	0	1	0	2	0	0
369	6 Mar 26	17:47:00	1	0	0	0	0	0	0	4	4	1	0	0	6	2	5	0	0	0	0	0	8	10	3	0	3	0	0	0	3	0	2	4	2	0	0	0	4	0	0
370	6 Mar 26	17:48:00	1	0	0	0	0	0	0	4	4	0	0	0	8	4	0	0	0	0	0	0	8	0	2	0	6	0	0	0	0	0	4	0	1	0	0	0	2	0	0
371	6 Mar 26	17:49:00	1	0	0	0	0	0	0	4	5	2	0	0	8	1	0	0	0	0	0	2	7	6	1	0	5	0	0	0	0	0	2	1	1	0	0	0	7	0	0
372	6 Mar 26	17:50:00	1	0	0	0	0	0	0	4	2	4	0	0	9	1	5	1	0	0	0	7	7	0	5	0	2	0	0	0	0	0	3	0	1	0	0	0	5	0	0
373	6 Mar 26	17:51:00	1	0	0	0	0	0	0	5	6	2	0	0	7	3	6	2	0	0	0	3	7	0	9	0	5	0	0	0	0	0	2	2	3	0	0	0	4	0	0
374	6 Mar 26	17:52:00	1	0	0	0	0	0	0	3	3	0	0	0	8	5	3	0	1	0	0	0	6	3	3	0	1	0	0	0	0	0	3	0	1	0	5	0	5	0	0
375	6 Mar 26	17:53:00	1	0	0	0	0	0	0	2	1	1	0	0	7	1	3	0	0	0	0	6	5	0	2	0	1	0	0	0	0	0	3	0	2	0	2	0	1	0	0
376	6 Mar 26	17:54:00	1	0	0	0	0	0	0	3	4	0	0	0	5	7	6	0	0	0	0	4	4	0	3	0	0	0	0	0	0	0	3	0	1	0	4	0	3	0	0
377	6 Mar 26	17:55:00	1	0	0	0	0	0	0	1	9	2	0	0	10	3	4	0	0	0	0	3	7	0	2	0	3	0	0	0	0	0	0	0	2	0	0	0	4	0	0
378	6 Mar 26	17:56:00	1	0	0	0	0	0	0	6	2	1	0	0	10	1	9	1	0	0	1	2	5	4	2	0	3	0	2	0	0	0	2	0	3	0	0	0	6	0	0
379	6 Mar 26	17:57:00	1	0	0	0	0	0	0	6	6	0	0	0	7	1	5	0	0	0	1	4	3	7	1	0	4	0	0	0	0	0	0	0	3	0	2	0	8	0	0
380	6 Mar 26	17:58:00	1	0	0	0	0	0	0	3	0	0	0	0	7	0	12	0	0	0	0	9	5	4	4	9	3	0	0	0	0	0	2	0	3	0	0	0	5	0	0
381	6 Mar 26	17:59:00	1	0	0	0	0	0	0	0	7	0	0	0	7	2	8	0	0	0	0	3	6	6	6	0	3	0	0	0	0	0	4	0	3	0	0	0	3	0	0
382	6 Mar 26	18:00:00	1	0	0	0	0	0	0	3	0	0	0	0	4	3	4	0	1	0	0	0	7	8	3	0	1	0	1	0	0	0	0	0	2	0	0	0	6	0	0
383	6 Mar 26	18:01:00	1	0	0	0	0	0	0	7	2	0	0	0	4	4	4	0	0	0	0	0	8	9	6	0	5	0	0	0	0	0	4	0	2	0	0	0	4	0	0
384	6 Mar 26	18:02:00	1	0	0	0	0	0	0	2	2	0	0	0	3	0	2	0	1	0	0	3	8	14	4	0	0	0	0	0	0	0	0	0	3	0	0	0	3	0	0
385	6 Mar 26	18:03:00	1	0	0	0	0	0	0	5	3	0	0	0	10	0	5	0	0	0	0	3	0	1	1	0	0	0	0	0	0	0	6	0	4	0	0	0	3	0	0
386	6 Mar 26	18:04:00	1	0	0	0	0	0	0	4	0	0	0	0	10	2	4	0	0	0	0	2	2	10	0	0	3	0	0	0	0	0	2	0	4	0	0	0	3	0	0
387	6 Mar 26	18:05:00	1	0	0	0	0	0	0	3	0	0	0	0	5	0	7	0	0	0	0	0	14	8	2	0	7	0	0	0	0	0	1	3	1	0	0	0	3	0	0
388	6 Mar 26	18:06:00	1	0	0	0	0	0	0	3	0	3	0	0	9	0	3	0	0	0	0	4	7	6	4	0	2	0	0	0	0	0	0	0	1	0	0	0	3	0	0
389	6 Mar 26	18:07:00	1	0	0	0	0	0	0	3	6	1	0	4	8	0	2	0	0	0	0	5	6	0	8	0	2	0	0	0	0	0	0	0	0	0	0	0	5	0	0
390	6 Mar 26	18:08:00	1	0	0	0	0	0	0	4	3	0	0	0	6	2	0	0	1	0	0	4	1	0	6	0	4	0	0	0	0	0	0	0	1	0	7	0	6	0	0
391	6 Mar 26	18:09:00	1	0	0	0	0	0	0	6	5	0	0	1	2	4	0	0	3	0	0	0	11	0	2	0	3	0	0	0	0	0	4	0	1	0	1	0	2	0	0
392	6 Mar 26	18:10:00	1	0	0	0	0	0	0	2	6	0	0	2	9	4	5	0	5	0	0	1	8	0	2	0	1	0	0	0	0	0	1	0	2	0	0	0	1	0	0
393	6 Mar 26	18:11:00	1	0	0	0	0	0	0	0	3	0	0	0	6	6	2	2	1	0	0	0	9	0	2	0	5	0	0	0	0	0	1	0	0	0	0	0	3	0	0
394	6 Mar 26	18:12:00	1	0	0	0	0	0	0	0	7	0	0	0	5	2	7	6	1	0	0	0	8	0	1	0	2	0	0	0	0	0	0	0	1	0	0	0	2	0	0
395	6 Mar 26	18:13:00	1	0	0	0	0	0	0	0	4	0	0	3	8	2	8	1	1	0	0	2	3	0	3	0	3	0	0	0	0	0	2	0	3	0	0	0	5	0	0
396	6 Mar 26	18:14:00	1	0	0	0	0	0	0	1	3	0	0	1	6	1	3	0	0	0	0	1	7	0	0	0	2	0	0	0	0	0	3	0	2	0	4	0	0	0	0
397	6 Mar 26	18:15:00	1	0	0	0	0	0	0	10	1	0	0	0	10	0	6	7	1	0	0	3	1	11	0	0	2	0	0	0	0	0	3	0	0	0	4	0	0	0	0
398	6 Mar 26	18:16:00	1	0	0	0	0	0	0	4	0	0	0	0	10	0	3	4	0	0	0	2	6	6	1	0	2	0	0	0	0	0	2	0	1	0	0	0	4	0	0
399	6 Mar 26	18:17:00	1	0	0	0	0	0	0	4	1	1	0	0	10	0	0	0	2	0	0	2	7	3	7	0	1	0	0	0	0	0	2	0	5	0	0	0	6	0	0
400	6 Mar 26	18:18:00	1	0	0	0	0	0	0	6	0	0	0	2	9	0	6	2	1	0	0	4	10	5	6	0	2	0	0	0	0	0	0	0	4	0	0	0	0	0	0
401	6 Mar 26	18:19:00	1	0	0	0	0	0	0	3	0	0	0	0	9	0	5	2	0	0	0	3	6	2	4	0	1	0	0	0	0	0	1	0	6	0	0	0	0	0	0
402	6 Mar 26	18:20:00	1	0	0	0	0	0	0	3	0	0	0	0	8	2	3	0	5	0	0	4	9	12	6	0	2	0	0	0	0	0	3	0	3	0	0	0	2	0	0
403	6 Mar 26	18:21:00	1	0	0	0	0	0	0	3	0	0	0	0	7	1	5	2	3	0	0	1	12	1	4	0	7	0	0	0	0	0	0	0	7	0	0	0	3	0	0
404	6 Mar 26	18:22:00	1	0	0	0	0	0	0	0	0	0	0	0	2	0	5	0	3	0	0	0	9	0	3	0	1	0	0	0	0	0	0	0	5	0	0	0	1	0	0
405	6 Mar 26	18:23:00	1	0	0	0	0	0	0	3	0	1	0	0	8	1	16	1	1	0	0	1	17	0	7	0	4	0	0	0	0	0	0	0	3	0	0	0	3	0	0
406	6 Mar 26	18:24:00	1	0	0	0	0	0	0	3	0	0	0	0	12	4	7	4	2	0	0	4	5	0	4	0	5	0	0	0	0	0	0	0	4	0	0	0	2	0	0
407	6 Mar 26	18:25:00	1	0	0	0	0	0	0	5	0	3	0	0	10	1	5	0	1	0	0	1	4	0	7	0	1	0	0	0	0	0	0	0	1	0	0	0	6	0	0
408	6 Mar 26	18:26:00	1	0	0	0	0	0	0	3	0	0	0	0	10	0	5	0	0	0	0	4	5	0	4	0	6	0	0	0	0	0	0	0	5	0	0	0	2	0	0
409	6 Mar 26	18:27:00	1	0	0	0	0	0	0	2	0	0	0	0	3	1	6	0	0	0	0	3	16	0	2	0	3	0	0	0	0	0	0	0	3	0	0	0	5	0	0
410	6 Mar 26	18:28:00	1	0	0	0	0	0	0	2	0	0	0	0	6	2	4	0	1	0	0	4	19	0	5	0	3	0	0	0	0	0	0	0	2	0	0	0	3	0	0
411	6 Mar 26	18:29:00	1	0	0	0	0	0	0	2	0	0	0	0	7	6	4	0	0	0	0	4	16	0	4	0	4	0	0	0	0	0	0	0	4	0	0	0	3	0	0
412	6 Mar 26	18:30:00	1	0	0	0	0	0	0	3	0	0	0	0	3	0	11	0	0	0	0	3	9	0	3	0	2	0	0	0	0	0	0	0	6	0	0	0	5	0	0
413	6 Mar 26	18:31:00	1	0	0	0	0	0	0	3	0	0	0	0	6	3	9	0	1	0	0	1	5	0	5	0	3	0	0	0	0	0	10	0	6	0	0	0	0	0	0
414	6 Mar 26	18:32:00	1	0	0	0	0	0	0	2	0	0	0	0	8	4	2	0	0	0	0	5	9	0	3	0	3	0	0	0	0	0	0	0	3	0	0	0	1	0	0
415	6 Mar 26	18:33:00	1	0	0	0	0	0	0	3	0	0	0	0	8	3	7	0	0	0	0	1	7	0	2	0	0	0	0	0	0	0	6	0	0	0	0	0	4	0	0
416	6 Mar 26	18:34:00	1	0	0	0	0	0	0	3	0	0	0	0	7	3	3	0	0	0	0	2	8	0	4	0	1	0	0	0	0	0	2	0	4	0	0	0	2	0	0
417	6 Mar 26	18:35:00	1	0	0	0	0	0	0	6	0	0	0	0	5	1	1	0	0	0	0	2	9	0	0	0	0	0	0	0	0	0	3	0	2	0	0	0	4	0	0
418	6 Mar 26	18:36:00	1	0	0	0	0	0	0	5	0	0	0	0	6	1	4	0	1	0	0	4	8	0	2	0	2	0	0	0	0	0	3	0	1	0	0	0	4	0	0
419	6 Mar 26	18:37:00	1	0	0	0	0	0	0	6	0	0	0	0	7	4	7	0	0	0	0	3	6	0	0	0	12	0	0	0	3	0	3	0	3	0	0	0	4	0	0
420	6 Mar 26	18:38:00	1	0	0	0	0	0	0	5	0	0	0	0	8	3	7	0	0	0	0	5	9	0	3	0	7	0	0	0	0	0	4	0	2	0	0	0	6	0	0
421	6 Mar 26	18:39:00	1	0	0	0	0	0	0	4	0	0	0	0	8	2	3	0	0	0	0	2	4	0	7	0	0	0	0	0	0	0	3	0	5	0	0	0	1	0	0
422	6 Mar 26	18:40:00	1	0	0	0	0	0	0	3	0	0	0	0	7	1	5	0	0	0	0	2	6	0	4	0	2	0	0	0	0	0	1	0	2	0	0	0	1	0	0
423	6 Mar 26	18:41:00	1	0	0	0	0	0	0	6	0	0	0	0	7	2	7	0	3	0	0	1	6	0	3	0	2	0	0	0	0	0	0	0	1	0	0	0	2	0	0
424	6 Mar 26	18:42:00	1	0	0	0	0	0	0	2	0	0	0	0	8	0	3	0	2	0	0	0	6	0	2	0	2	0	0	0	0	0	0	0	0	0	0	0	2	0	0
425	6 Mar 26	18:43:00	1	0	0	0	0	0	0	4	0	0	0	0	6	1	8	0	1	0	0	0	9	0	5	0	3	0	0	0	2	0	0	0	0	0	1	0	2	0	0
426	6 Mar 26	18:44:00	1	0	0	0	0	0	0	7	0	3	0	0	6	0	2	0	4	0	0	0	9	0	4	0	5	0	0	0	1	0	0	0	2	0	0	0	5	0	0
427	6 Mar 26	18:45:00	1	0	0	0	0	0	0	7	0	2	0	0	4	3	4	3	1	0	0	0	9	0	8	0	1	0	0	0	0	0	0	1	3	0	0	0	0	0	0
428	6 Mar 26	18:46:00	1	0	0	0	0	0	0	4	0	1	0	0	6	3	2	2	1	0	0	0	8	0	0	0	4	0	0	0	0	0	0	1	6	0	0	0	8	0	0
429	6 Mar 26	18:47:00	1	0	0	0	0	0	0	6	0	1	0	0	6	2	1	2	3	0	0	0	4	0	0	0	3	0	0	0	1	0	0	0	2	0	0	0	3	0	0
430	6 Mar 26	18:48:00	1	0	0	0	0	0	0	7	0	0	0	0	8	1	5	0	1	0	0	0	4	0	2	0	1	0	0	0	1	0	0	0	4	0	0	0	0	0	0
431	6 Mar 26	18:49:00	1	0	0	0	0	0	0	2	0	1	0	0	4	3	5	3	0	0	0	0	10	0	2	0	2	0	0	0	0	0	0	0	3	0	0	0	0	0	0
432	6 Mar 26	18:50:00	1	0	0	0	0	0	0	5	0	1	0	0	6	0	3	2	0	0	0	0	0	0	5	0	0	0	0	0	0	0	0	0	2	0	0	0	0	0	0
433	6 Mar 26	18:51:00	1	0	0	0	0	0	0	6	0	0	0	0	8	0	2	4	1	0	0	0	0	0	7	0	3	0	0	0	0	0	1	0	3	0	0	0	0	0	0
434	6 Mar 26	18:52:00	1	0	0	0	0	0	0	3	0	4	0	0	4	0	1	0	0	2	3	0	5	0	3	0	0	0	0	0	0	0	3	0	3	0	0	0	0	0	0
435	6 Mar 26	18:53:00	1	0	0	0	0	0	0	3	0	2	0	1	4	0	5	4	1	3	5	0	1	0	2	0	3	0	0	0	0	0	0	0	3	0	0	0	0	0	0
436	6 Mar 26	18:54:00	1	0	0	0	0	0	0	6	0	0	0	8	6	0	3	3	0	2	0	0	0	0	5	2	0	0	0	1	0	0	0	0	5	0	0	0	0	0	0
437	6 Mar 26	18:55:00	1	0	0	0	0	0	0	6	0	0	0	2	11	0	4	3	0	0	0	0	7	0	6	2	0	0	0	2	0	0	3	0	4	0	0	0	2	0	0
438	6 Mar 26	18:56:00	1	0	0	0	0	0	0	2	0	0	0	0	7	0	5	3	0	0	0	0	6	0	1	0	3	0	0	0	0	0	5	0	6	0	0	0	4	0	0
439	6 Mar 26	18:57:00	1	0	0	0	0	0	0	3	0	0	0	0	8	0	6	1	0	0	0	0	3	0	5	0	1	0	0	0	0	0	1	0	6	0	0	0	2	0	0
440	6 Mar 26	18:58:00	1	0	0	0	0	0	0	6	0	0	0	0	4	0	5	2	0	0	0	0	5	0	4	0	6	0	0	0	0	0	0	0	0	0	0	0	0	0	0
441	6 Mar 26	18:59:00	1	0	0	0	0	0	0	6	0	0	0	0	6	0	5	3	1	0	0	0	8	0	3	0	1	0	0	0	0	0	0	0	2	0	0	0	0	0	0
442	6 Mar 26	19:00:00	1	0	0	0	0	0	0	7	0	0	0	0	8	0	6	1	0	0	0	0	11	0	1	0	4	0	0	0	0	0	1	0	6	0	0	0	0	0	0
443	6 Mar 26	19:01:00	1	0	0	0	0	0	0	6	0	0	0	0	7	0	1	2	1	0	0	0	11	0	5	0	2	0	0	0	0	0	0	0	3	0	0	0	0	0	0
444	6 Mar 26	19:02:00	1	0	0	0	0	0	0	7	0	0	0	0	8	0	2	2	0	0	0	0	6	8	2	0	1	0	0	2	0	0	0	0	4	0	0	0	0	0	0
445	6 Mar 26	19:03:00	1	0	0	0	0	0	0	8	0	0	0	0	9	0	9	4	0	0	1	0	9	7	0	0	0	0	0	0	0	0	1	0	2	0	0	0	3	0	0
446	6 Mar 26	19:04:00	1	0	0	0	0	0	0	7	0	0	0	0	7	0	1	0	0	0	1	0	6	3	4	0	3	0	0	0	0	0	4	0	2	0	0	0	1	0	0
447	6 Mar 26	19:05:00	1	0	0	0	0	0	0	5	0	0	0	0	6	0	1	0	0	0	0	0	7	1	2	0	2	0	0	0	0	0	2	0	0	0	0	0	5	0	0
448	6 Mar 26	19:06:00	1	0	0	0	0	0	0	8	0	0	0	0	5	2	5	0	0	0	0	0	6	10	3	0	5	0	0	0	0	0	4	0	4	0	0	0	0	0	0
449	6 Mar 26	19:07:00	1	0	0	0	0	0	0	4	0	0	0	0	3	0	1	0	0	0	0	0	9	11	7	0	1	0	0	0	0	0	5	0	0	0	0	0	3	0	0
450	6 Mar 26	19:08:00	1	0	0	0	0	0	0	1	0	0	0	0	12	0	2	0	0	0	0	0	7	9	0	0	2	0	0	0	0	0	3	0	0	0	0	0	0	0	0
451	6 Mar 26	19:09:00	1	0	0	0	0	0	0	0	0	0	0	0	9	0	0	2	0	0	4	1	7	9	0	0	4	0	0	0	0	0	0	0	0	0	0	0	0	0	2
452	6 Mar 26	19:10:00	1	0	0	0	0	0	0	0	0	0	0	0	7	0	1	2	0	0	0	1	7	9	1	0	0	0	0	0	0	0	1	0	0	0	0	0	0	0	0
453	6 Mar 26	19:11:00	1	0	0	0	0	0	0	1	0	0	0	0	6	0	0	4	0	0	0	3	8	4	5	0	3	0	0	0	0	0	3	0	0	0	0	0	4	0	0
454	6 Mar 26	19:12:00	1	0	0	0	0	0	0	4	0	0	0	4	5	0	0	0	0	0	0	4	8	5	1	0	1	0	0	0	0	0	2	0	0	0	0	0	3	0	0
455	6 Mar 26	19:13:00	1	0	0	0	0	0	0	1	0	0	0	5	11	0	2	1	0	0	0	0	7	5	6	0	2	0	0	0	0	0	4	0	0	0	0	0	3	0	0
456	6 Mar 26	19:14:00	1	0	0	0	0	0	0	5	0	0	0	0	7	0	4	1	0	0	0	5	3	7	4	0	4	0	0	0	0	0	8	0	0	0	0	0	0	0	0
457	6 Mar 26	19:15:00	1	0	0	0	0	0	0	5	0	0	0	0	4	0	4	0	0	0	0	3	6	6	0	0	2	0	0	0	1	0	4	0	0	0	0	0	2	0	0
458	6 Mar 26	19:16:00	1	0	0	0	0	0	0	2	0	0	0	0	7	0	3	1	0	0	0	4	7	1	0	0	3	0	0	0	0	0	6	0	0	0	0	0	2	0	0
459	6 Mar 26	19:17:00	1	0	0	0	0	0	0	7	0	0	0	0	5	1	6	0	0	0	0	2	6	11	2	0	5	0	0	0	1	0	4	0	0	0	0	0	0	0	0
460	6 Mar 26	19:18:00	1	0	0	0	0	0	0	2	0	0	0	0	6	0	0	0	0	0	0	8	6	8	3	0	0	0	0	0	0	0	3	0	0	0	0	0	0	0	0
461	6 Mar 26	19:19:00	1	0	0	0	0	0	0	0	0	0	0	0	4	0	3	0	0	0	0	5	8	7	0	0	1	0	0	0	2	0	0	0	0	0	0	0	0	0	0
462	6 Mar 26	19:20:00	1	0	0	0	0	0	0	2	0	0	0	0	8	0	0	0	0	0	0	10	6	10	0	0	0	0	0	0	1	0	4	0	0	0	0	0	0	0	0
463	6 Mar 26	19:21:00	1	0	0	0	0	0	0	3	0	0	0	0	10	0	0	0	0	0	1	0	7	8	0	0	0	0	0	0	0	0	6	0	0	0	0	0	0	0	0
464	6 Mar 26	19:22:00	1	0	0	0	0	0	0	0	2	0	0	0	7	0	0	0	0	0	2	0	8	8	0	0	2	0	0	0	0	0	4	0	0	0	0	0	0	0	0
465	6 Mar 26	19:23:00	1	0	0	0	0	0	0	1	6	0	0	0	7	0	0	0	0	0	0	0	8	0	0	0	3	0	0	0	0	0	4	0	0	0	0	0	3	0	0
466	6 Mar 26	19:24:00	1	0	0	0	0	0	0	4	11	0	0	0	3	0	0	0	0	0	0	0	6	0	0	0	2	0	0	0	0	0	4	0	0	0	0	0	1	0	0
467	6 Mar 26	19:25:00	1	0	0	0	0	0	0	2	2	0	0	0	7	0	0	1	0	0	0	0	8	1	0	0	3	0	0	0	0	0	0	0	0	0	0	0	3	0	0
468	6 Mar 26	19:26:00	1	0	0	0	0	0	0	5	1	0	0	0	7	0	0	3	0	0	0	0	8	5	0	0	2	0	0	0	0	0	2	0	0	0	0	0	4	0	0
469	6 Mar 26	19:27:00	1	0	0	0	0	0	0	6	9	0	0	0	8	0	0	1	0	0	0	0	7	0	0	0	6	0	0	0	0	0	3	0	0	0	0	0	2	0	0
470	6 Mar 26	19:28:00	1	0	0	0	0	0	0	6	4	0	0	0	10	0	0	2	0	0	0	0	8	0	0	0	1	0	0	0	0	0	5	0	0	0	0	0	1	0	0
471	6 Mar 26	19:29:00	1	0	0	0	0	0	1	6	7	1	0	1	6	1	0	6	1	3	2	4	8	0	0	0	4	0	0	0	1	0	0	0	0	0	0	0	2	0	0
472	6 Mar 26	19:30:00	1	0	0	0	0	0	1	7	17	7	0	7	7	4	0	6	1	0	3	1	16	12	0	0	6	0	0	0	6	4	0	0	0	0	0	0	0	0	0
473	6 Mar 26	19:31:00	1	0	0	0	0	0	1	5	21	4	0	6	14	9	0	5	0	9	1	1	14	9	0	0	5	0	1	0	1	0	0	0	0	0	0	0	0	0	0
474	6 Mar 26	19:32:00	1	0	0	0	0	0	1	12	9	0	0	2	14	6	0	6	2	9	3	4	13	5	0	0	0	0	4	0	1	5	11	0	0	0	0	0	0	0	0
475	6 Mar 26	19:33:00	1	0	0	0	0	0	1	14	17	2	0	4	13	5	2	9	0	4	0	2	8	5	0	0	5	0	3	0	5	6	4	0	0	0	0	0	0	0	7
476	6 Mar 26	19:34:00	1	0	0	0	0	0	1	6	12	1	0	5	8	6	2	7	0	0	2	1	14	8	0	0	2	0	4	0	0	14	2	0	3	0	0	3	2	0	14
477	6 Mar 26	19:35:00	1	0	0	0	0	0	1	13	14	4	0	5	12	3	4	5	0	0	0	0	12	6	0	0	3	0	16	5	0	11	1	0	0	0	0	1	0	0	11
478	6 Mar 26	19:36:00	1	0	0	0	0	0	1	3	11	4	0	3	13	4	5	2	0	5	0	0	16	4	0	3	4	1	3	0	1	7	4	0	1	0	3	1	0	0	5
479	6 Mar 26	19:37:00	1	0	0	0	0	0	1	8	15	5	0	5	8	3	10	0	0	4	0	0	9	8	0	6	6	0	5	4	4	10	4	0	1	0	1	0	0	0	9
480	6 Mar 26	19:38:00	1	0	0	0	0	0	1	12	10	8	0	8	14	4	2	5	1	11	6	0	11	7	0	0	2	0	2	2	9	2	4	0	0	0	0	0	2	1	11
481	6 Mar 26	19:39:00	1	0	0	0	0	0	1	5	15	15	0	1	12	7	3	4	2	8	7	0	10	6	0	9	5	0	5	6	11	6	4	0	0	0	1	0	1	0	15
482	6 Mar 26	19:40:00	1	0	0	0	0	0	1	0	14	10	2	9	8	5	6	5	1	8	10	3	14	5	0	0	2	2	1	2	14	8	2	0	0	2	3	0	0	0	5
483	6 Mar 26	19:41:00	1	0	0	0	0	0	1	4	12	11	0	6	8	7	7	5	0	5	8	0	2	11	0	5	5	0	2	3	5	8	3	0	1	1	1	3	0	0	10
484	6 Mar 26	19:42:00	1	0	0	0	0	0	1	7	21	8	6	10	13	5	10	2	1	16	7	0	10	11	0	4	8	0	0	4	4	10	6	0	0	2	1	0	2	5	5
485	6 Mar 26	19:43:00	1	0	0	0	0	0	1	1	8	10	3	7	7	5	3	5	1	10	13	0	13	24	0	1	3	0	5	14	1	4	4	0	0	2	0	1	4	2	8
486	6 Mar 26	19:44:00	1	0	0	0	0	0	1	3	10	7	0	4	9	5	2	3	2	9	5	0	16	8	0	9	6	0	2	1	9	11	3	0	0	1	0	0	5	3	5
487	6 Mar 26	19:45:00	1	0	0	0	0	0	1	0	11	11	0	3	8	6	4	2	1	6	7	0	6	13	0	1	9	0	3	7	0	5	2	0	2	1	0	0	2	5	5
488	6 Mar 26	19:46:00	1	0	0	0	0	0	1	0	11	8	1	2	4	3	12	2	1	8	11	3	4	11	0	6	3	2	3	5	4	11	2	0	0	4	0	0	6	6	9
489	6 Mar 26	19:47:00	1	0	0	0	0	0	1	0	13	14	0	2	10	2	3	4	0	8	8	0	0	24	0	0	7	0	5	2	5	2	1	0	0	4	0	0	3	6	4
490	6 Mar 26	19:48:00	1	0	0	0	0	0	1	0	10	9	1	13	9	5	6	4	1	14	12	0	13	16	0	1	3	0	1	6	5	2	6	0	0	3	0	0	2	2	6
491	6 Mar 26	19:49:00	1	0	0	0	0	0	1	0	14	8	1	14	5	2	5	3	0	6	7	0	14	4	0	1	2	0	2	2	3	11	0	0	1	6	1	0	3	3	4
492	6 Mar 26	19:50:00	1	0	0	0	0	0	1	2	8	7	0	4	4	1	15	4	0	4	6	0	20	10	0	0	1	0	2	4	6	10	1	0	2	1	6	0	7	14	5
493	6 Mar 26	19:51:00	1	0	0	0	0	0	1	3	9	10	0	4	7	2	8	3	3	9	7	0	16	5	0	0	1	5	0	3	9	6	2	0	0	4	3	0	2	9	6
494	6 Mar 26	19:52:00	1	0	0	0	0	0	1	0	13	6	0	9	7	6	5	2	1	2	8	1	15	6	0	0	1	0	2	5	3	14	3	0	2	4	3	0	2	5	6
495	6 Mar 26	19:53:00	1	0	0	0	0	0	1	0	14	11	0	1	8	8	4	4	0	7	9	0	15	12	0	0	4	0	0	3	8	9	2	0	0	0	7	1	4	6	7
496	6 Mar 26	19:54:00	1	0	0	0	0	0	1	0	15	9	0	3	6	0	7	0	2	7	8	0	8	13	0	0	4	0	3	4	4	8	0	0	0	0	6	0	3	10	6
497	6 Mar 26	19:55:00	1	0	0	0	0	0	1	0	17	5	0	4	10	0	6	1	0	6	8	0	18	12	0	0	6	0	3	3	1	5	0	0	0	0	2	0	2	10	3
498	6 Mar 26	19:56:00	1	0	0	0	0	0	1	0	14	14	2	2	7	0	2	0	0	6	5	0	8	4	0	0	5	0	2	6	3	5	4	0	0	1	2	2	6	18	6
499	6 Mar 26	19:57:00	1	0	0	0	0	0	1	2	9	6	0	5	9	0	13	5	1	4	9	0	12	10	0	0	5	0	1	0	3	5	4	0	0	9	1	0	4	8	3
500	6 Mar 26	19:58:00	1	0	0	0	0	0	1	7	8	1	0	1	6	0	6	7	1	4	6	0	11	3	0	0	5	0	3	3	2	5	2	0	0	5	6	0	6	12	6
501	6 Mar 26	19:59:00	1	0	0	0	0	0	1	7	16	9	0	2	4	5	2	0	1	0	9	3	17	12	0	0	3	4	1	1	8	5	1	0	0	1	2	0	4	5	2
502	6 Mar 26	20:00:00	1	0	0	0	0	0	1	5	10	8	0	0	7	4	3	1	0	0	8	3	13	18	0	0	3	1	3	0	4	5	6	0	0	3	5	0	3	10	7
503	6 Mar 26	20:01:00	1	0	0	0	0	0	1	2	8	8	0	6	8	4	0	3	0	0	9	0	13	5	0	0	4	0	3	3	7	5	2	0	0	4	1	0	0	11	5
504	6 Mar 26	20:02:00	1	0	0	0	0	0	1	8	8	7	2	0	6	5	1	1	0	0	6	0	9	0	0	0	2	0	1	2	6	2	3	0	0	3	0	0	2	3	4
505	6 Mar 26	20:03:00	1	0	0	0	0	0	1	2	12	8	0	1	10	1	6	1	0	0	9	0	10	2	0	0	5	0	2	3	3	8	6	0	0	5	2	0	6	5	6
506	6 Mar 26	20:04:00	1	0	0	0	0	0	1	4	12	5	0	2	7	0	5	3	0	0	3	0	11	10	0	0	7	0	5	3	3	4	2	0	0	4	3	0	4	4	4
507	6 Mar 26	20:05:00	1	0	0	0	0	0	1	0	10	7	0	0	8	0	13	2	0	0	4	3	8	9	0	0	5	1	2	7	5	5	3	0	0	4	3	0	4	1	6
508	6 Mar 26	20:06:00	1	0	0	0	0	0	1	0	10	8	0	0	11	0	7	2	0	0	4	1	11	8	1	0	2	1	3	0	4	6	3	0	0	0	3	1	6	9	5
509	6 Mar 26	20:07:00	1	0	0	0	0	0	1	1	13	5	0	0	11	4	9	2	1	0	8	0	12	8	1	3	3	1	0	0	1	5	4	0	0	0	5	0	3	4	5
510	6 Mar 26	20:08:00	1	0	0	0	0	0	1	0	3	9	0	0	6	0	1	1	0	0	4	0	11	8	0	3	7	5	0	2	6	8	2	0	0	1	2	0	4	4	6
511	6 Mar 26	20:09:00	1	0	0	0	0	0	1	0	7	11	0	0	9	1	0	2	0	0	4	0	8	6	2	12	0	4	0	2	2	8	6	0	0	1	0	0	7	6	10
512	6 Mar 26	20:10:00	1	0	0	0	0	0	1	7	8	3	0	2	6	5	0	5	9	0	4	0	10	3	15	10	3	8	2	0	3	3	3	0	0	6	3	0	2	2	8
513	6 Mar 26	20:11:00	1	0	0	0	0	0	1	0	5	11	2	6	9	4	0	1	1	0	6	0	8	4	3	4	1	1	1	3	4	6	0	0	0	1	3	0	8	7	3
514	6 Mar 26	20:12:00	1	0	0	0	0	0	1	0	5	4	1	4	6	6	0	7	0	3	7	0	9	5	0	0	2	7	1	3	4	4	5	0	0	5	2	3	2	7	12
515	6 Mar 26	20:13:00	1	0	0	0	0	0	1	5	14	0	1	4	8	4	1	3	0	0	5	0	8	5	0	0	3	1	3	6	5	5	3	0	0	1	2	1	5	3	12
516	6 Mar 26	20:14:00	1	0	0	0	0	0	1	8	6	0	1	2	8	5	0	2	0	0	2	0	8	5	1	0	0	0	3	5	2	8	3	0	0	0	5	0	1	5	5
517	6 Mar 26	20:15:00	1	0	0	0	0	0	1	12	4	0	0	3	11	6	0	1	0	0	2	0	0	7	1	0	0	0	0	2	4	6	3	0	0	0	0	0	4	8	6
518	6 Mar 26	20:16:00	1	0	0	0	0	0	1	11	8	0	0	1	12	3	5	0	0	0	4	0	6	8	0	0	0	0	1	3	3	7	4	4	0	1	0	0	4	3	8
519	6 Mar 26	20:17:00	1	0	0	0	0	0	1	1	8	1	0	1	7	5	4	0	1	0	6	0	7	5	1	0	3	0	1	0	2	6	2	3	0	7	0	0	3	2	3
520	6 Mar 26	20:18:00	1	0	0	0	0	0	1	2	2	0	0	2	8	0	0	7	0	0	6	0	11	5	0	0	6	0	1	2	5	2	1	0	0	1	0	0	3	8	6
521	6 Mar 26	20:19:00	1	0	0	0	0	0	1	3	8	0	0	0	6	0	1	1	0	2	3	0	5	3	0	0	2	0	0	5	2	2	0	1	0	1	1	0	5	3	8
522	6 Mar 26	20:20:00	1	0	0	0	0	0	1	8	4	0	0	4	9	0	1	0	2	0	2	0	9	16	0	0	2	0	0	3	1	4	3	0	0	2	0	0	8	6	7
523	6 Mar 26	20:21:00	1	0	0	0	0	0	1	5	3	6	0	1	12	0	0	0	0	0	6	0	8	9	1	0	2	0	1	3	5	7	3	0	0	1	0	0	0	8	4
524	6 Mar 26	20:22:00	1	0	0	0	0	0	1	0	7	8	0	4	8	2	7	0	1	0	4	0	4	3	0	0	4	0	0	3	3	7	2	0	0	0	0	3	7	4	4
525	6 Mar 26	20:23:00	1	0	0	0	0	0	1	0	4	9	0	0	5	0	7	0	0	0	6	0	3	9	0	0	3	0	0	2	3	3	6	0	0	3	0	0	3	8	5
526	6 Mar 26	20:24:00	1	0	0	0	0	0	1	2	7	7	0	0	8	0	9	0	0	0	6	0	3	7	0	0	3	0	0	4	2	6	5	0	0	8	0	0	5	0	4
527	6 Mar 26	20:25:00	1	0	0	0	0	0	1	4	7	6	0	0	8	0	1	2	0	0	3	0	15	1	0	0	6	0	0	0	8	6	5	0	0	3	0	0	2	7	8
528	6 Mar 26	20:26:00	1	0	0	0	0	0	1	4	1	8	0	4	7	0	0	0	0	0	0	0	14	0	0	0	3	0	0	0	4	5	3	0	0	2	0	0	2	5	4
529	6 Mar 26	20:27:00	1	0	0	0	0	0	1	1	7	5	0	2	9	0	3	0	0	0	0	0	9	6	1	0	6	0	0	0	4	2	0	0	0	3	0	0	3	4	6
530	6 Mar 26	20:28:00	1	0	0	0	0	0	1	7	9	6	0	3	5	0	2	0	0	0	4	0	3	8	9	0	0	0	0	0	4	6	1	0	0	8	4	3	3	4	8
531	6 Mar 26	20:29:00	1	0	0	0	0	0	1	1	8	11	0	1	8	0	0	0	0	0	5	0	8	9	4	0	4	0	0	0	3	6	2	0	0	0	0	0	3	8	5
532	6 Mar 26	20:30:00	1	0	0	0	0	0	1	0	3	10	0	2	9	0	7	0	0	6	3	0	11	8	1	0	2	0	0	0	2	4	1	0	0	3	0	0	2	1	5
533	6 Mar 26	20:31:00	1	0	0	0	0	0	1	0	4	9	0	1	7	3	1	2	0	4	3	0	7	7	2	0	5	0	0	0	4	2	1	0	0	4	0	4	4	10	6
534	6 Mar 26	20:32:00	1	0	0	0	0	0	1	0	12	6	0	4	12	2	5	0	0	8	6	0	7	6	0	0	2	0	0	3	5	1	6	0	0	0	0	0	5	4	6
535	6 Mar 26	20:33:00	1	0	0	0	0	0	1	0	1	10	0	3	7	0	6	8	1	7	4	0	9	6	0	0	2	0	0	4	4	3	3	0	0	7	0	0	2	3	3
536	6 Mar 26	20:34:00	1	0	0	0	0	0	1	0	4	4	0	5	9	4	0	10	0	0	3	0	11	11	0	0	3	0	0	1	2	3	0	0	0	2	0	0	8	5	4
537	6 Mar 26	20:35:00	1	0	0	0	0	0	1	0	9	7	0	0	8	0	2	7	0	0	4	0	7	3	0	7	2	0	0	3	0	9	0	0	0	4	0	0	5	6	3
538	6 Mar 26	20:36:00	1	0	0	0	0	0	1	0	7	12	0	0	13	3	4	3	0	0	3	0	9	6	0	0	5	0	0	2	0	5	3	0	0	0	0	0	3	0	3
539	6 Mar 26	20:37:00	1	0	0	0	0	0	1	0	7	8	0	0	7	4	4	3	0	0	0	0	7	11	0	0	3	5	0	2	2	4	1	0	0	3	0	0	4	3	3
540	6 Mar 26	20:38:00	1	0	0	0	0	0	1	0	4	3	0	1	11	4	3	8	1	0	1	0	6	7	0	0	4	9	0	5	2	4	2	0	0	3	0	0	5	2	4
541	6 Mar 26	20:39:00	1	0	0	0	0	0	1	0	8	0	0	0	5	4	1	2	1	0	4	0	8	3	2	0	4	5	0	0	3	1	3	0	0	12	0	0	0	2	2
542	6 Mar 26	20:40:00	1	0	0	0	0	0	1	0	1	0	0	1	5	3	15	2	1	0	3	0	12	6	0	0	2	3	0	0	5	0	0	0	0	1	0	0	0	10	3
543	6 Mar 26	20:41:00	1	0	0	0	0	0	1	0	2	0	0	0	7	0	1	4	0	0	1	2	13	5	0	0	1	3	0	2	5	0	0	0	0	1	0	0	1	10	5
544	6 Mar 26	20:42:00	1	0	0	0	0	0	1	4	4	1	0	0	9	0	0	2	3	0	0	0	6	8	0	0	2	2	0	1	1	0	3	0	0	2	0	0	5	5	2
545	6 Mar 26	20:43:00	1	0	0	0	0	0	1	5	7	4	0	0	7	0	0	7	0	0	0	0	3	7	0	0	2	2	0	3	0	0	2	0	0	1	0	0	4	4	1
546	6 Mar 26	20:44:00	1	0	0	0	0	0	1	1	6	9	0	6	10	0	7	1	1	0	0	0	0	3	0	0	3	3	0	1	0	0	0	0	0	0	0	0	5	10	9
547	6 Mar 26	20:45:00	1	0	0	0	0	0	1	0	2	7	0	4	9	0	5	7	5	0	0	0	5	6	0	0	8	2	0	5	0	0	2	0	0	4	0	0	6	5	6
548	6 Mar 26	20:46:00	1	0	0	0	0	0	1	0	4	6	0	1	8	0	8	3	3	0	0	0	4	3	0	0	2	0	0	2	0	0	3	0	0	1	0	0	4	4	0
549	6 Mar 26	20:47:00	1	0	0	0	0	0	1	0	0	7	0	1	10	0	13	0	0	0	0	0	2	3	0	0	2	3	0	3	0	0	5	0	0	3	0	0	4	3	1
550	6 Mar 26	20:48:00	1	0	0	0	0	0	1	0	5	4	0	0	7	0	10	3	0	0	0	0	6	4	0	3	3	2	0	2	0	0	1	0	0	2	0	0	5	3	1
551	6 Mar 26	20:49:00	1	0	0	0	0	0	1	0	0	0	0	5	9	0	3	3	2	0	1	0	5	5	3	1	2	0	0	1	0	0	5	0	0	1	0	0	4	1	4
552	6 Mar 26	20:50:00	1	0	0	0	0	0	1	0	0	0	0	4	5	0	2	5	0	0	0	1	7	5	5	0	3	0	0	4	0	0	3	0	0	2	0	0	2	1	6
553	6 Mar 26	20:51:00	1	0	0	0	0	0	1	0	3	0	0	5	6	0	6	0	0	0	2	0	8	1	1	0	4	0	0	1	0	0	2	0	0	0	0	0	6	6	6
554	6 Mar 26	20:52:00	1	0	0	0	0	0	1	0	6	0	0	1	6	0	9	0	0	0	1	0	10	9	0	0	4	0	0	1	0	0	2	0	0	1	0	0	5	6	2
555	6 Mar 26	20:53:00	1	0	0	0	0	0	1	0	8	0	0	2	4	0	5	2	0	0	0	0	7	6	0	0	2	0	0	0	0	0	2	0	0	2	0	0	7	3	9
556	6 Mar 26	20:54:00	1	0	0	0	0	0	1	1	8	0	0	0	9	4	1	0	0	0	0	0	5	9	0	0	3	0	0	0	0	0	2	0	0	0	0	0	5	10	7
557	6 Mar 26	20:55:00	1	0	0	0	0	0	1	1	5	0	0	0	10	1	4	0	2	0	3	0	6	2	0	0	5	0	0	2	0	0	5	0	0	4	0	0	4	3	5
558	6 Mar 26	20:56:00	1	0	0	0	0	0	1	6	5	0	0	0	10	0	3	0	0	0	1	0	6	0	0	0	4	0	0	1	0	6	1	0	0	5	0	0	1	1	5
559	6 Mar 26	20:57:00	1	0	0	0	0	0	1	4	5	0	0	3	8	3	8	0	0	0	5	0	10	5	0	0	0	0	0	2	0	0	2	0	0	4	0	0	7	2	4
560	6 Mar 26	20:58:00	1	0	0	0	0	0	1	4	3	0	0	0	12	1	1	0	0	0	2	0	7	0	0	0	0	0	4	6	0	2	6	0	0	0	0	0	7	4	5
561	6 Mar 26	20:59:00	1	0	0	0	0	0	1	10	5	0	0	0	13	0	2	0	0	0	5	0	7	3	0	0	2	0	3	0	0	3	4	0	0	1	0	0	7	8	12
562	6 Mar 26	21:00:00	1	0	0	0	0	0	1	5	5	0	0	0	12	0	0	0	0	0	2	0	2	9	0	0	3	0	3	2	0	8	0	0	0	1	0	0	4	0	6
563	6 Mar 26	21:01:00	1	0	0	0	0	0	1	0	7	0	0	8	7	0	5	0	1	0	1	0	12	3	0	0	2	0	2	1	0	4	0	0	0	4	0	0	5	4	7
564	6 Mar 26	21:02:00	1	0	0	0	0	0	1	0	5	0	0	4	10	0	0	0	0	0	0	0	5	6	0	0	5	0	1	2	0	5	4	5	0	1	0	0	7	1	8
565	6 Mar 26	21:03:00	1	0	0	0	0	0	1	0	4	0	0	0	8	0	0	0	0	0	0	0	10	8	1	0	0	0	0	8	0	7	2	5	0	5	0	0	8	2	7
566	6 Mar 26	21:04:00	1	0	0	0	0	0	1	0	5	0	0	0	11	5	0	0	0	0	0	0	2	2	0	0	5	0	7	1	0	3	3	5	0	7	0	0	8	5	9
567	6 Mar 26	21:05:00	1	0	0	0	0	0	1	0	7	0	0	7	8	2	0	0	3	0	0	0	5	8	4	0	3	0	0	1	0	4	2	6	0	3	0	1	5	8	5
568	6 Mar 26	21:06:00	1	0	0	0	0	0	1	0	0	0	0	3	13	3	0	3	0	0	0	0	6	2	0	0	1	0	0	0	0	4	4	7	0	2	0	0	7	6	2
569	6 Mar 26	21:07:00	1	0	0	0	0	0	1	0	1	0	0	0	8	1	0	3	1	0	0	0	10	4	0	0	1	0	0	0	0	5	3	3	0	1	0	0	3	2	0
570	6 Mar 26	21:08:00	1	0	0	0	0	0	1	0	3	0	0	1	8	3	0	1	0	0	0	0	6	2	2	0	3	0	0	0	0	4	7	6	0	0	0	0	5	0	1
571	6 Mar 26	21:09:00	1	0	0	0	0	0	1	0	4	0	0	0	11	1	0	0	0	0	0	0	11	5	0	5	5	0	0	0	4	0	4	2	0	0	0	0	4	5	2
572	6 Mar 26	21:10:00	1	0	0	0	0	0	1	1	8	0	0	2	10	0	8	0	0	0	0	0	7	0	5	2	1	0	2	0	0	0	3	11	0	0	0	0	2	5	4
573	6 Mar 26	21:11:00	1	0	0	0	0	0	1	2	5	0	0	0	7	0	4	0	1	0	0	0	6	0	0	0	3	0	1	0	1	0	1	4	0	0	0	0	7	2	4
574	6 Mar 26	21:12:00	1	0	0	0	0	0	1	1	0	0	0	2	6	0	6	0	0	0	0	0	5	0	0	4	1	0	2	0	4	0	2	5	0	0	0	0	4	4	6
575	6 Mar 26	21:13:00	1	0	0	0	0	0	1	6	0	0	0	0	7	0	1	2	1	0	0	0	7	0	0	12	3	0	1	0	0	0	2	2	0	0	0	0	9	7	3
576	6 Mar 26	21:14:00	1	0	0	0	0	0	1	6	2	0	0	1	10	4	0	1	1	0	0	0	11	0	0	9	2	0	0	0	0	0	2	2	0	0	0	0	3	6	7
577	6 Mar 26	21:15:00	1	0	0	0	0	0	1	0	4	1	0	0	6	4	0	5	0	0	0	0	10	0	0	2	4	0	2	0	2	0	3	6	0	0	0	0	4	1	6
578	6 Mar 26	21:16:00	1	0	0	0	0	0	1	0	1	8	0	0	5	7	0	1	0	0	0	0	4	0	2	0	4	0	0	0	4	0	5	3	0	0	0	0	4	0	3
579	6 Mar 26	21:17:00	1	0	0	0	0	0	1	0	3	7	0	0	2	5	1	6	0	0	0	0	9	0	0	1	1	0	0	0	4	0	6	4	0	0	0	0	0	3	7
580	6 Mar 26	21:18:00	1	0	0	0	0	0	1	0	0	6	0	0	6	3	0	1	0	0	0	0	6	0	0	0	1	0	0	7	1	0	3	2	0	0	0	0	4	7	3
581	6 Mar 26	21:19:00	1	0	0	0	0	0	1	0	0	5	0	0	6	0	0	0	0	0	0	0	7	0	5	0	4	0	0	0	0	0	3	4	0	0	0	0	3	0	1
582	6 Mar 26	21:20:00	1	0	0	0	0	0	1	0	6	10	0	0	10	8	0	7	0	0	3	0	7	0	9	0	4	0	0	0	0	0	3	5	0	1	0	0	6	5	4
583	6 Mar 26	21:21:00	1	0	0	0	0	0	1	0	0	12	0	0	10	1	3	2	1	0	0	0	4	0	0	0	2	0	0	2	0	0	2	8	0	1	0	0	5	4	7
584	6 Mar 26	21:22:00	1	0	0	0	0	0	1	0	0	4	0	0	11	0	3	0	0	0	0	0	8	0	0	0	3	0	0	0	0	0	0	3	0	0	0	0	5	2	9
585	6 Mar 26	21:23:00	1	0	0	0	0	0	1	0	1	0	0	1	8	0	1	10	3	0	0	0	1	0	0	0	2	0	0	0	0	0	1	3	0	1	0	0	8	2	12
586	6 Mar 26	21:24:00	1	0	0	0	0	0	1	0	4	0	0	2	8	0	0	4	0	0	0	0	0	0	1	0	3	0	0	0	0	0	7	6	0	5	0	0	4	8	10
587	6 Mar 26	21:25:00	1	0	0	0	0	0	1	0	8	0	0	3	8	0	0	3	1	0	0	0	5	1	3	0	4	0	0	5	0	0	4	1	0	4	0	0	0	4	6
588	6 Mar 26	21:26:00	1	0	0	0	0	0	1	0	2	0	0	2	5	0	0	4	0	0	0	0	4	7	0	0	6	0	0	2	0	4	3	6	0	7	0	0	2	6	4
589	6 Mar 26	21:27:00	1	0	0	0	0	0	1	0	0	0	0	7	13	0	1	3	0	0	0	0	1	10	0	0	3	0	0	0	0	7	3	6	0	2	0	0	2	2	0
590	6 Mar 26	21:28:00	1	0	0	0	0	0	1	0	0	0	0	6	9	0	0	2	0	0	0	0	14	7	0	0	0	0	0	0	0	3	3	2	0	8	0	0	1	6	0
591	6 Mar 26	21:29:00	1	0	0	0	0	0	1	0	0	0	0	3	12	0	2	0	0	0	0	0	7	5	0	0	2	0	0	0	0	5	2	5	0	3	4	0	2	2	3
592	6 Mar 26	21:30:00	1	0	0	0	0	0	1	2	0	0	0	0	8	0	0	3	3	0	0	0	0	7	0	0	6	0	0	2	0	1	4	3	0	2	0	0	6	0	2
593	6 Mar 26	21:31:00	1	0	0	0	0	0	1	0	0	0	0	0	6	0	0	1	0	0	0	0	2	4	0	0	2	0	0	5	0	0	3	3	0	2	2	0	2	0	4
594	6 Mar 26	21:32:00	1	0	0	0	0	0	1	0	0	0	0	2	8	0	0	0	0	0	0	0	5	6	0	0	1	0	0	2	0	0	4	3	1	2	1	0	7	4	9
595	6 Mar 26	21:33:00	1	0	0	0	0	0	1	8	0	0	0	5	11	0	0	1	0	0	0	0	6	1	0	0	3	0	1	0	0	0	3	3	0	1	0	0	3	4	7
596	6 Mar 26	21:34:00	1	0	0	0	0	0	1	9	0	0	0	2	8	0	0	0	1	0	0	0	2	9	0	0	4	0	0	0	0	0	3	0	0	8	0	0	6	2	9
597	6 Mar 26	21:35:00	1	0	0	0	0	0	1	8	0	0	0	2	8	0	1	0	0	0	0	0	9	3	0	0	0	0	1	0	0	0	2	2	0	6	0	2	3	0	4
598	6 Mar 26	21:36:00	1	0	0	0	0	0	1	5	0	0	0	0	8	0	10	0	3	0	3	0	13	3	0	0	1	0	1	2	0	0	3	4	0	2	0	0	6	4	8
599	6 Mar 26	21:37:00	1	0	0	0	0	0	1	5	0	0	0	0	7	0	1	1	1	0	0	0	22	3	0	0	3	0	0	4	5	0	4	6	0	0	3	0	7	1	7
600	6 Mar 26	21:38:00	1	0	0	0	0	0	1	8	5	0	0	0	14	0	4	0	1	0	1	0	17	5	0	3	0	0	0	3	2	0	0	1	0	2	0	0	6	3	2
601	6 Mar 26	21:39:00	1	0	0	0	0	0	1	11	5	0	0	0	10	0	3	0	1	0	0	0	11	1	0	8	2	0	0	0	4	0	3	1	0	4	0	0	4	3	3
602	6 Mar 26	21:40:00	1	0	0	0	0	0	1	9	4	0	0	0	11	0	3	0	0	0	0	0	12	0	0	0	1	0	0	1	3	0	4	7	0	2	4	2	6	5	3
603	6 Mar 26	21:41:00	1	0	0	0	0	0	1	7	8	0	0	0	6	0	0	0	2	0	0	0	12	3	0	0	1	0	0	0	0	0	2	2	0	1	1	0	7	2	10
604	6 Mar 26	21:42:00	1	0	0	0	0	0	1	1	6	0	0	0	10	0	0	1	1	0	0	0	8	8	0	0	5	0	0	2	0	0	3	2	0	0	0	0	6	2	11
605	6 Mar 26	21:43:00	1	0	0	0	0	0	1	7	0	0	0	0	6	0	0	2	0	0	0	0	15	7	0	0	5	0	0	2	0	0	6	2	0	2	0	0	6	7	5
606	6 Mar 26	21:44:00	1	0	0	0	0	0	1	0	0	0	0	0	6	0	1	1	5	0	0	0	11	6	0	0	7	0	0	0	0	0	2	2	0	0	0	4	0	8	3
607	6 Mar 26	21:45:00	1	0	0	0	0	0	1	0	0	0	0	1	8	0	0	0	1	0	0	0	8	2	0	0	6	0	0	0	3	0	3	1	4	0	3	0	3	4	3
608	6 Mar 26	21:46:00	1	0	0	0	0	0	1	0	0	0	0	0	7	0	4	0	0	0	0	0	7	4	0	0	0	0	0	2	2	0	0	3	0	2	1	0	4	10	9
609	6 Mar 26	21:47:00	1	0	0	0	0	0	1	0	0	0	0	0	7	8	1	0	1	0	0	0	7	8	0	2	2	0	2	2	0	0	4	5	0	3	4	2	2	7	3
610	6 Mar 26	21:48:00	1	0	0	0	0	0	1	0	0	0	0	3	9	0	0	0	0	0	0	0	10	5	0	10	8	0	0	1	0	11	0	6	0	4	1	2	4	4	4
611	6 Mar 26	21:49:00	1	0	0	0	0	0	1	0	0	0	0	4	7	0	0	4	1	0	0	0	9	2	0	6	3	0	2	0	3	2	4	3	0	1	0	0	4	5	5
612	6 Mar 26	21:50:00	1	0	0	0	0	0	1	0	0	0	0	2	7	0	0	1	0	0	0	0	8	3	0	0	4	0	0	0	0	2	2	3	0	0	0	0	3	5	1
613	6 Mar 26	21:51:00	1	0	0	0	0	0	1	0	0	0	0	7	11	0	0	1	1	0	0	0	7	7	1	0	0	0	1	0	4	0	2	2	0	3	0	0	0	2	4
614	6 Mar 26	21:52:00	1	0	0	0	0	0	1	0	0	0	0	2	11	0	3	0	0	0	0	0	11	3	6	0	0	0	0	0	0	0	3	3	0	2	0	0	3	2	4
615	6 Mar 26	21:53:00	1	0	0	0	0	0	1	0	0	0	0	0	11	0	3	1	0	0	0	0	10	4	0	2	4	0	0	0	1	0	2	3	0	2	0	0	3	2	6
616	6 Mar 26	21:54:00	1	0	0	0	0	0	1	0	7	0	0	0	17	0	0	0	0	0	0	0	6	2	0	1	2	0	0	0	2	0	0	3	0	3	0	0	6	4	5
617	6 Mar 26	21:55:00	1	0	0	0	0	0	1	0	9	0	0	0	10	0	4	0	9	0	0	0	8	1	3	0	1	0	0	0	4	0	5	2	0	2	0	0	4	9	2
618	6 Mar 26	21:56:00	1	0	0	0	0	0	1	0	6	0	0	0	7	0	1	1	0	0	0	0	12	0	1	0	0	0	1	0	2	0	3	4	0	2	0	0	2	2	0
619	6 Mar 26	21:57:00	1	0	0	0	0	0	1	0	4	0	0	0	4	0	0	2	6	0	0	0	9	0	1	0	0	0	0	0	1	0	5	1	0	3	0	0	7	4	7
620	6 Mar 26	21:58:00	1	0	0	0	0	0	1	0	5	0	0	1	9	0	0	2	0	0	0	0	7	0	1	0	0	0	0	0	0	0	4	7	1	2	0	0	7	3	3
621	6 Mar 26	21:59:00	1	0	0	0	0	0	1	0	9	0	0	3	8	0	0	4	0	0	0	0	10	0	0	0	8	0	0	0	1	0	2	3	1	0	0	0	4	5	0
622	6 Mar 26	22:00:00	1	0	0	0	0	0	1	0	3	0	0	1	8	0	0	0	0	0	0	0	10	0	0	0	2	0	0	0	3	0	2	1	2	0	0	0	4	9	3
623	6 Mar 26	22:01:00	1	0	0	0	0	0	1	0	0	0	0	2	5	0	0	1	0	0	0	0	4	0	1	0	4	0	0	0	0	0	9	0	2	6	0	0	8	4	5
624	6 Mar 26	22:02:00	1	0	0	0	0	0	1	0	5	0	0	3	7	0	0	8	0	0	0	0	11	0	0	0	2	0	2	0	0	0	0	0	5	2	0	0	7	7	4
625	6 Mar 26	22:03:00	1	0	0	0	0	0	1	0	6	0	0	4	6	0	0	8	0	0	0	0	7	0	2	0	4	0	2	0	0	0	5	0	4	4	0	0	3	6	11
626	6 Mar 26	22:04:00	1	0	0	0	0	0	1	0	5	0	0	2	8	0	0	0	0	0	2	0	11	0	0	0	4	0	1	1	0	0	3	0	5	3	0	0	0	7	1
627	6 Mar 26	22:05:00	1	0	0	0	0	0	1	14	6	0	0	4	8	0	0	1	0	0	0	0	7	0	0	0	1	0	0	1	0	0	2	0	1	0	0	3	1	7	4
628	6 Mar 26	22:06:00	1	0	0	0	0	0	1	0	1	0	0	4	6	0	0	12	0	0	5	0	9	0	0	4	5	0	0	4	0	0	1	0	4	3	0	0	7	6	4
629	6 Mar 26	22:07:00	1	0	0	0	0	0	1	6	1	0	0	2	9	0	0	1	0	0	2	0	6	0	0	17	4	0	0	2	0	0	3	0	3	1	0	4	4	1	2
630	6 Mar 26	22:08:00	1	0	0	0	0	0	1	8	2	0	0	0	9	0	0	2	0	0	6	0	7	0	2	5	4	0	0	2	0	0	1	0	6	2	0	0	5	4	5
631	6 Mar 26	22:09:00	1	0	0	0	0	0	1	2	6	0	0	1	10	0	0	1	0	0	1	0	9	0	3	17	1	0	0	4	0	0	6	0	6	10	0	0	2	4	3
632	6 Mar 26	22:10:00	1	0	0	0	0	0	1	9	3	0	0	3	8	0	1	1	0	0	0	0	8	0	2	12	4	0	0	0	0	0	4	0	3	2	0	0	4	5	3
633	6 Mar 26	22:11:00	1	0	0	0	0	0	1	7	3	0	0	0	11	0	1	0	1	0	1	0	9	0	1	2	1	0	0	0	0	0	2	0	4	0	0	0	5	5	8
634	6 Mar 26	22:12:00	1	0	0	0	0	0	1	0	1	0	0	0	10	0	7	0	1	0	3	0	9	0	1	0	7	0	0	0	0	0	5	0	3	4	0	0	1	6	2
635	6 Mar 26	22:13:00	1	0	0	0	0	0	1	0	0	0	0	2	7	0	7	0	3	0	4	0	9	0	2	0	1	0	0	0	2	0	3	0	1	1	0	0	2	1	2
636	6 Mar 26	22:14:00	1	0	0	0	0	0	1	0	0	0	0	2	4	0	5	0	0	0	7	0	8	0	0	0	0	0	0	0	4	0	0	0	0	5	0	0	9	6	4
637	6 Mar 26	22:15:00	1	0	0	0	0	0	1	0	0	0	0	1	13	0	8	4	1	0	6	0	9	0	0	4	3	0	0	0	0	5	3	0	6	0	0	0	2	3	5
638	6 Mar 26	22:16:00	1	0	0	0	0	0	1	0	0	0	0	0	12	0	0	0	0	0	4	0	7	0	2	12	4	0	0	0	0	1	0	0	4	0	0	0	5	0	4
639	6 Mar 26	22:17:00	1	0	0	0	0	0	1	0	0	0	0	1	14	0	2	4	0	0	5	0	7	0	0	5	5	0	0	0	0	0	6	0	2	0	0	0	3	7	3
640	6 Mar 26	22:18:00	1	0	0	0	0	0	1	0	0	0	0	3	8	0	0	0	0	0	6	0	6	0	3	0	1	0	0	0	4	0	0	0	2	0	0	0	3	3	8
641	6 Mar 26	22:19:00	1	0	0	0	0	0	1	0	0	0	0	10	7	0	4	0	0	0	6	0	7	0	0	0	5	0	0	0	5	6	2	0	4	0	0	0	2	8	2
642	6 Mar 26	22:20:00	1	0	0	0	0	0	1	0	1	0	0	1	6	0	6	0	0	0	4	0	9	0	0	0	10	0	0	0	0	3	1	0	3	0	0	0	2	5	4
643	6 Mar 26	22:21:00	1	0	0	0	0	0	1	0	1	0	0	0	10	0	4	0	0	0	1	0	10	0	0	0	0	0	0	0	0	2	2	0	3	0	0	0	4	7	5
644	6 Mar 26	22:22:00	1	0	0	0	0	0	1	2	0	0	0	3	14	0	8	0	0	0	0	0	8	0	0	0	0	0	0	0	0	3	2	0	2	0	0	0	8	2	3
645	6 Mar 26	22:23:00	1	0	0	0	0	0	1	3	5	0	0	1	10	0	0	0	0	0	0	0	12	0	0	0	4	0	1	0	0	4	0	0	4	0	0	0	1	0	3
646	6 Mar 26	22:24:00	1	0	0	0	0	0	1	0	4	0	0	2	6	0	3	0	0	0	0	0	11	0	0	0	3	0	1	0	0	3	0	0	2	0	0	0	5	4	4
647	6 Mar 26	22:25:00	1	0	0	0	0	0	1	2	0	0	0	1	6	0	0	0	0	0	0	0	10	0	0	3	5	0	3	0	0	4	0	0	3	0	0	0	6	9	3
648	6 Mar 26	22:26:00	1	0	0	0	0	0	1	0	0	0	0	2	8	0	0	0	0	0	0	0	9	0	1	0	2	0	1	0	0	0	7	0	4	3	0	0	2	3	3
649	6 Mar 26	22:27:00	1	0	0	0	0	0	1	0	5	0	0	0	7	0	0	0	0	0	0	0	8	0	0	0	8	0	1	0	0	0	2	0	4	3	0	0	0	4	4
650	6 Mar 26	22:28:00	1	0	0	0	0	0	1	1	4	0	0	2	8	1	6	0	0	0	0	0	7	0	0	0	5	0	2	0	0	0	1	0	2	1	0	0	5	5	5
651	6 Mar 26	22:29:00	1	0	0	0	0	0	1	7	0	0	0	5	7	3	4	0	0	0	0	0	8	0	1	2	4	0	0	0	0	0	1	0	3	3	0	0	3	4	3
652	6 Mar 26	22:30:00	1	0	0	0	0	0	1	6	0	0	0	0	9	6	0	0	0	0	0	0	6	0	0	0	4	0	1	0	0	0	3	0	2	0	0	0	2	2	2
653	6 Mar 26	22:31:00	1	0	0	0	0	0	1	7	0	0	0	0	17	2	3	0	0	0	0	0	12	0	2	0	6	0	0	0	0	0	1	0	12	1	0	0	3	1	9
654	6 Mar 26	22:32:00	1	0	0	0	0	0	1	5	0	0	0	0	6	8	1	0	0	0	0	0	8	0	1	5	4	2	2	0	0	0	4	0	3	3	0	0	6	5	4
655	6 Mar 26	22:33:00	1	0	0	0	0	0	1	9	0	0	0	2	6	0	2	0	0	0	0	0	5	0	3	0	1	4	0	0	0	0	4	0	5	6	0	0	5	3	7
656	6 Mar 26	22:34:00	1	0	0	0	0	0	1	0	0	0	0	6	6	7	1	0	0	0	0	0	10	2	0	0	7	4	0	0	0	0	3	0	5	2	0	0	3	2	6
657	6 Mar 26	22:35:00	1	0	0	0	0	0	1	0	0	0	0	0	8	4	8	0	0	0	0	0	10	9	0	0	6	3	0	0	0	0	0	0	4	1	0	0	1	8	6
658	6 Mar 26	22:36:00	1	0	0	0	0	0	1	0	0	0	0	2	8	0	4	0	0	0	0	0	7	7	0	0	5	10	0	0	0	0	6	0	4	3	0	2	0	3	4
659	6 Mar 26	22:37:00	1	0	0	0	0	0	1	0	0	0	0	3	4	0	8	0	1	0	1	0	6	1	0	0	1	2	0	0	0	0	1	0	4	4	0	0	2	9	6
660	6 Mar 26	22:38:00	1	0	0	0	0	0	1	0	0	0	0	0	4	4	4	0	0	0	0	0	10	0	0	3	1	1	0	0	0	0	2	0	4	7	0	0	6	5	6
661	6 Mar 26	22:39:00	1	0	0	0	0	0	1	0	0	0	0	2	6	4	5	0	0	0	0	0	7	0	0	0	7	2	0	1	0	0	0	4	3	1	0	0	6	7	3
662	6 Mar 26	22:40:00	1	0	0	0	0	0	1	0	0	0	0	6	8	5	4	0	1	0	0	0	11	0	3	0	3	2	0	1	0	0	4	4	2	2	0	0	5	2	3
663	6 Mar 26	22:41:00	1	0	0	0	0	0	1	0	0	0	0	4	6	7	0	0	1	0	0	0	7	4	2	0	4	0	0	0	0	0	3	4	3	1	0	0	6	1	3
664	6 Mar 26	22:42:00	1	0	0	0	0	0	1	0	0	0	0	1	11	3	2	0	1	0	0	0	10	1	2	0	2	0	0	4	0	0	3	4	4	0	0	0	8	3	5
665	6 Mar 26	22:43:00	1	0	0	0	0	0	1	0	0	0	0	0	9	6	4	0	1	0	0	0	7	5	0	0	2	0	0	0	0	0	0	3	1	0	0	0	7	2	4
666	6 Mar 26	22:44:00	1	0	0	0	0	0	1	0	3	0	0	0	2	6	8	0	2	0	0	0	11	3	0	0	6	0	0	0	1	0	3	4	2	0	0	0	4	2	0
667	6 Mar 26	22:45:00	1	0	0	0	0	0	1	0	2	0	0	0	11	1	1	0	10	0	0	0	6	12	0	0	0	0	0	0	2	0	3	3	2	0	0	0	2	3	0
668	6 Mar 26	22:46:00	1	0	0	0	0	0	1	0	0	0	0	0	5	0	0	0	2	0	0	0	12	5	0	0	3	0	0	0	3	0	3	10	1	0	0	0	3	4	5
669	6 Mar 26	22:47:00	1	0	0	0	0	0	1	0	0	0	0	2	5	0	9	0	1	0	0	0	10	0	0	0	4	0	2	0	1	6	0	8	2	0	0	0	4	1	5
670	6 Mar 26	22:48:00	1	0	0	0	0	0	1	12	0	0	0	6	8	0	3	0	2	0	0	0	7	3	0	0	3	0	2	0	2	2	5	4	2	0	0	0	5	1	2
671	6 Mar 26	22:49:00	1	0	0	0	0	0	1	5	0	0	0	16	11	3	0	0	1	0	0	0	1	4	0	0	5	0	5	0	5	0	3	2	4	0	0	2	5	1	7
672	6 Mar 26	22:50:00	1	0	0	0	0	0	1	5	0	0	0	2	7	5	9	0	0	0	0	0	8	5	0	3	14	0	0	0	4	2	2	7	3	0	0	1	5	6	5
673	6 Mar 26	22:51:00	1	0	0	0	0	0	1	0	0	0	0	1	8	4	1	0	0	0	0	0	9	2	0	24	2	0	0	0	6	2	0	5	5	0	0	0	5	3	3
674	6 Mar 26	22:52:00	1	0	0	0	0	0	1	0	0	0	0	1	11	0	3	0	0	0	0	0	9	0	0	18	5	0	0	0	1	1	0	3	2	0	0	0	9	2	4
675	6 Mar 26	22:53:00	1	0	0	0	0	0	1	0	0	0	0	2	8	5	14	0	0	0	0	0	7	0	0	1	1	0	1	0	0	0	1	2	3	0	0	0	5	12	1
676	6 Mar 26	22:54:00	1	0	0	0	0	0	1	0	3	0	0	0	6	2	6	0	2	0	0	0	5	0	0	0	8	0	0	0	0	0	0	1	3	0	0	0	9	6	9
677	6 Mar 26	22:55:00	1	0	0	0	0	0	1	0	5	0	0	0	7	0	0	0	0	0	0	0	9	0	0	0	0	0	0	0	1	0	2	4	2	0	0	0	3	3	3
678	6 Mar 26	22:56:00	1	0	0	0	0	0	1	0	1	0	0	0	13	0	0	0	1	0	0	2	6	0	0	0	2	0	1	0	0	0	4	3	2	0	0	0	4	5	4
679	6 Mar 26	22:57:00	1	0	0	0	0	0	1	0	0	0	0	0	7	0	1	3	2	0	0	7	6	0	3	2	3	0	0	0	1	0	2	2	3	0	0	0	0	0	7
680	6 Mar 26	22:58:00	1	0	0	0	0	0	1	0	1	0	0	4	9	1	4	1	1	0	5	0	9	0	0	9	0	0	0	0	0	0	8	6	2	0	0	0	5	0	10
681	6 Mar 26	22:59:00	1	0	0	0	0	0	1	0	3	0	0	10	8	1	0	0	4	0	0	0	8	0	0	2	1	0	0	0	12	0	4	2	0	0	0	0	4	5	6
682	6 Mar 26	23:00:00	1	0	0	0	0	0	1	0	0	0	0	10	8	1	0	0	2	0	0	0	8	0	0	0	3	0	1	0	2	0	1	2	0	0	0	0	7	1	6
683	6 Mar 26	23:01:00	1	0	0	0	0	0	1	0	2	0	0	7	11	6	2	5	5	0	0	0	8	0	0	0	3	0	0	0	5	0	2	2	0	0	0	0	5	0	7
684	6 Mar 26	23:02:00	1	0	0	0	0	0	1	0	1	0	0	1	4	5	1	0	4	0	2	0	14	0	0	0	2	0	3	0	1	0	3	3	0	0	0	0	7	3	2
685	6 Mar 26	23:03:00	1	0	0	0	0	0	1	0	6	0	0	0	12	0	3	2	1	0	0	0	4	0	0	0	1	0	9	0	0	0	2	4	6	0	0	0	5	2	1
686	6 Mar 26	23:04:00	1	0	0	0	0	0	1	0	3	0	0	0	7	0	5	4	3	0	0	0	5	0	0	0	2	0	2	0	6	0	0	2	1	0	0	0	7	4	0
687	6 Mar 26	23:05:00	1	0	0	0	0	0	1	0	0	0	0	5	8	0	5	0	3	0	0	0	8	0	0	0	3	0	1	0	4	0	2	4	3	0	0	0	7	3	5
688	6 Mar 26	23:06:00	1	0	0	0	0	0	1	0	0	0	0	4	8	0	7	7	4	0	0	0	8	0	0	0	7	0	2	0	1	0	4	4	4	0	0	0	6	4	8
689	6 Mar 26	23:07:00	1	0	0	0	0	0	1	0	0	0	0	1	7	0	1	1	6	0	0	0	10	0	0	0	8	0	0	0	0	0	6	4	2	0	0	0	1	6	4
690	6 Mar 26	23:08:00	1	0	0	0	0	0	1	0	6	0	0	3	12	0	2	0	3	0	2	0	7	0	1	0	8	0	0	1	1	0	6	3	4	0	0	0	3	3	13
691	6 Mar 26	23:09:00	1	0	0	0	0	0	1	0	1	0	0	0	8	0	1	1	7	0	0	0	5	0	1	0	4	0	0	0	4	0	4	2	1	0	0	0	6	13	3
692	6 Mar 26	23:10:00	1	0	0	0	0	0	1	0	0	0	0	0	9	0	2	1	2	0	0	0	7	0	3	0	5	0	0	0	1	0	5	7	0	0	0	0	3	3	7
693	6 Mar 26	23:11:00	1	0	0	0	0	0	1	0	0	0	0	3	8	0	1	4	2	0	2	0	11	0	1	0	3	0	0	0	0	0	3	5	0	0	0	0	2	4	8
694	6 Mar 26	23:12:00	1	0	0	0	0	0	1	0	1	0	0	5	6	0	3	9	4	0	0	0	3	0	2	0	4	0	0	1	0	0	1	3	3	0	0	0	3	9	5
695	6 Mar 26	23:13:00	1	0	0	0	0	0	1	0	5	0	0	1	8	0	7	0	6	0	0	0	7	0	0	0	5	0	0	0	0	0	0	5	4	0	0	0	1	3	4
696	6 Mar 26	23:14:00	1	0	0	0	0	0	1	0	0	0	0	0	12	0	20	2	1	0	0	0	5	0	1	0	5	0	0	0	0	0	1	6	2	0	0	0	0	10	4
697	6 Mar 26	23:15:00	1	0	0	0	0	0	1	0	4	0	0	3	9	0	4	1	2	0	0	0	7	0	0	1	1	0	1	1	0	0	1	4	1	0	0	0	7	1	5
698	6 Mar 26	23:16:00	1	0	0	0	0	0	1	0	1	0	0	2	8	0	6	3	3	0	1	0	6	0	0	0	4	0	0	1	1	0	2	7	2	0	1	0	5	2	4
699	6 Mar 26	23:17:00	1	0	0	0	0	0	1	0	0	0	0	3	5	0	4	3	4	0	0	0	3	0	0	1	9	0	0	0	1	0	1	2	0	0	1	0	5	0	5
700	6 Mar 26	23:18:00	1	0	0	0	0	0	1	0	2	0	0	3	7	0	0	3	2	0	0	0	4	0	0	16	0	0	0	0	0	3	2	2	1	0	0	4	2	7	2
701	6 Mar 26	23:19:00	1	0	0	0	0	0	1	0	0	0	0	1	3	0	1	1	0	0	0	0	6	0	0	6	5	0	0	0	0	3	0	6	0	0	0	0	0	7	5
702	6 Mar 26	23:20:00	1	0	0	0	0	0	1	0	0	0	0	0	9	0	3	5	2	0	0	0	5	0	0	4	3	0	0	0	0	0	3	4	4	0	0	0	2	11	5
703	6 Mar 26	23:21:00	1	0	0	0	0	0	1	0	0	0	0	3	9	0	1	8	2	0	0	0	6	0	0	1	4	0	0	0	1	0	1	2	3	0	1	0	5	1	8
704	6 Mar 26	23:22:00	1	0	0	0	0	0	1	0	3	0	0	0	4	0	0	3	4	0	1	3	9	0	0	0	4	0	0	0	2	0	4	5	3	0	0	0	3	9	2
705	6 Mar 26	23:23:00	1	0	0	0	0	0	1	0	3	0	0	2	3	0	3	3	1	0	1	0	10	0	0	0	3	0	0	0	0	0	0	2	2	0	0	0	4	8	0
706	6 Mar 26	23:24:00	1	0	0	0	0	0	1	0	1	0	0	3	5	0	5	0	3	0	0	2	4	0	0	0	5	0	0	0	1	6	0	0	2	0	0	0	7	2	1
707	6 Mar 26	23:25:00	1	0	0	0	0	0	1	0	1	0	0	3	7	1	1	0	3	0	0	0	0	0	0	0	6	0	0	0	3	8	0	0	4	2	0	0	4	4	2
708	6 Mar 26	23:26:00	1	0	0	0	0	0	1	0	5	0	0	0	5	2	4	6	4	0	0	0	0	0	0	0	6	0	0	0	0	2	3	8	1	5	0	0	5	4	3
709	6 Mar 26	23:27:00	1	0	0	0	0	0	1	0	1	0	0	0	9	0	3	1	4	0	0	0	3	0	0	0	6	0	0	0	0	0	4	2	2	2	0	0	7	2	3
710	6 Mar 26	23:28:00	1	0	0	0	0	0	1	0	0	0	0	0	12	0	4	0	5	0	0	0	9	0	0	0	0	0	0	0	0	0	3	5	3	0	0	0	7	3	2
711	6 Mar 26	23:29:00	1	0	0	0	0	0	1	0	0	0	0	0	8	0	4	1	3	0	1	0	19	0	0	0	3	0	0	0	0	0	1	2	4	0	0	0	7	1	2
712	6 Mar 26	23:30:00	1	0	0	0	0	0	1	0	0	0	0	0	8	0	2	0	3	0	0	0	11	0	0	6	3	0	0	0	0	0	3	2	0	0	0	0	5	2	4
713	6 Mar 26	23:31:00	1	0	0	0	0	0	1	0	3	0	0	0	11	0	2	0	4	0	0	0	7	0	0	0	3	0	0	0	0	5	4	8	2	0	0	0	9	2	4
714	6 Mar 26	23:32:00	1	0	0	0	0	0	1	0	0	0	0	0	17	0	6	1	4	0	1	0	12	0	0	1	6	0	0	0	0	3	4	3	0	0	0	0	11	3	4
715	6 Mar 26	23:33:00	1	0	0	0	0	0	1	0	0	0	0	0	9	0	4	5	2	0	5	0	7	0	1	0	4	0	0	0	0	4	2	1	0	0	0	0	4	3	6
716	6 Mar 26	23:34:00	1	0	0	0	0	0	1	2	0	0	0	5	7	0	8	5	3	0	4	0	10	0	0	0	2	0	0	0	0	5	6	0	4	2	0	0	3	3	1
717	6 Mar 26	23:35:00	1	0	0	0	0	0	1	8	0	0	0	0	8	0	3	2	2	0	8	0	6	0	0	0	6	0	0	0	0	4	4	0	3	0	0	0	1	5	3
718	6 Mar 26	23:36:00	1	0	0	0	0	0	1	0	0	0	0	0	10	0	7	4	2	0	4	0	8	0	0	0	3	0	0	0	0	6	3	6	1	2	0	0	0	3	6
719	6 Mar 26	23:37:00	1	0	0	0	0	0	1	3	0	0	0	5	10	0	12	6	1	0	0	0	7	0	0	0	2	0	1	0	0	3	2	4	4	0	0	0	2	2	3
720	6 Mar 26	23:38:00	1	0	0	0	0	0	1	2	0	0	0	3	6	0	15	6	5	0	0	0	8	0	0	0	0	0	1	0	0	0	2	7	2	2	0	0	6	3	9
721	6 Mar 26	23:39:00	1	0	0	0	0	0	1	3	0	0	0	0	5	0	6	2	1	0	0	0	5	0	0	0	3	0	1	0	0	0	4	2	5	4	0	0	5	8	3
722	6 Mar 26	23:40:00	1	0	0	0	0	0	1	6	0	0	0	0	15	5	6	0	2	0	1	0	9	0	2	0	5	0	0	0	0	0	5	3	2	10	0	0	2	1	6
723	6 Mar 26	23:41:00	1	0	0	0	0	0	1	12	0	0	0	3	6	3	6	3	2	0	0	0	7	0	0	0	5	0	0	2	0	0	1	3	4	5	0	0	0	1	8
724	6 Mar 26	23:42:00	1	0	0	0	0	0	1	2	0	0	0	1	10	5	5	1	2	0	0	0	16	0	0	0	5	0	3	0	0	0	2	9	2	4	0	0	0	4	4
725	6 Mar 26	23:43:00	1	0	0	0	0	0	1	0	2	0	0	0	9	4	8	0	2	0	3	0	9	0	0	0	3	0	0	0	0	4	3	3	3	2	0	0	0	2	4
726	6 Mar 26	23:44:00	1	0	0	0	0	0	1	0	1	0	0	0	7	1	4	3	2	0	1	0	7	0	0	0	4	0	1	0	2	4	6	0	3	0	0	0	4	3	4
727	6 Mar 26	23:45:00	1	0	0	0	0	0	1	0	5	0	0	0	11	0	0	3	2	0	0	0	6	0	0	0	5	2	0	0	1	6	1	2	3	6	0	0	5	2	8
728	6 Mar 26	23:46:00	1	0	0	0	0	0	1	0	0	0	0	2	10	0	0	1	0	0	0	0	9	0	0	0	2	0	0	0	0	2	3	3	3	3	0	0	1	0	6
729	6 Mar 26	23:47:00	1	0	0	0	0	0	1	0	0	0	0	6	7	0	0	4	0	0	0	0	6	0	2	0	10	0	0	0	3	3	3	3	1	1	0	1	1	3	5
730	6 Mar 26	23:48:00	1	0	0	0	0	0	1	0	5	0	0	5	9	0	2	0	3	0	0	0	9	0	0	5	2	0	0	0	2	1	4	5	2	4	0	1	3	2	5
731	6 Mar 26	23:49:00	1	0	0	0	0	0	1	0	0	0	0	2	5	3	1	3	3	0	0	0	5	0	1	3	3	0	0	1	3	0	8	7	3	3	0	0	2	3	0
732	6 Mar 26	23:50:00	1	0	0	0	0	0	1	0	0	0	0	0	5	7	0	1	2	0	0	0	11	0	2	6	8	0	0	7	1	0	2	5	1	6	0	0	0	0	0
733	6 Mar 26	23:51:00	1	0	0	0	0	0	1	0	0	0	0	0	10	7	0	0	1	0	0	0	11	0	0	6	5	0	0	0	7	0	1	2	2	4	0	0	3	0	0
734	6 Mar 26	23:52:00	1	0	0	0	0	0	1	0	0	0	0	0	12	0	0	0	2	0	0	0	4	0	1	1	0	0	0	0	1	0	4	5	0	4	0	0	5	0	0
735	6 Mar 26	23:53:00	1	0	0	0	0	0	1	0	0	0	0	0	6	0	5	0	2	0	0	0	5	0	0	1	3	0	0	0	2	0	6	3	4	0	0	1	4	0	0
736	6 Mar 26	23:54:00	1	0	0	0	0	0	1	0	0	0	0	1	6	0	7	0	4	0	0	0	11	0	0	3	2	0	0	0	6	0	6	1	1	0	0	0	12	0	0
737	6 Mar 26	23:55:00	1	0	0	0	0	0	1	0	0	0	0	0	7	0	0	0	3	0	0	0	9	0	0	2	0	0	0	0	2	0	1	0	0	3	0	0	1	3	0
738	6 Mar 26	23:56:00	1	0	0	0	0	0	1	0	0	0	0	1	4	0	13	0	4	0	0	0	8	0	1	3	5	0	0	0	1	0	0	0	4	0	0	0	0	6	0
739	6 Mar 26	23:57:00	1	0	0	0	0	0	1	0	0	0	0	0	5	0	6	4	3	0	0	0	5	0	0	1	3	0	0	0	0	0	4	0	2	0	0	0	0	7	0
740	6 Mar 26	23:58:00	1	0	0	0	0	0	1	0	0	0	0	0	10	0	3	3	1	0	0	0	6	0	0	3	4	0	0	0	0	0	3	0	1	6	0	0	3	2	0
741	6 Mar 26	23:59:00	1	0	0	0	0	0	1	0	0	0	0	0	9	0	7	0	0	0	0	0	8	0	0	1	2	0	0	0	0	0	4	0	4	4	0	0	2	4	0
742	7 Mar 26	00:00:00	1	0	0	0	0	0	1	0	0	0	0	0	7	0	5	0	0	0	0	0	9	0	0	4	3	0	0	0	0	0	0	0	5	1	0	0	4	1	4
743	7 Mar 26	00:01:00	1	0	0	0	0	0	1	0	0	0	0	0	5	0	1	1	0	0	0	0	8	0	0	0	3	0	0	0	0	4	2	0	5	5	0	0	6	5	5
744	7 Mar 26	00:02:00	1	0	0	0	0	0	1	0	0	0	0	0	7	0	0	4	0	0	0	0	11	0	1	4	6	0	0	0	1	0	4	0	3	0	0	0	2	7	3
745	7 Mar 26	00:03:00	1	0	0	0	0	0	1	0	0	0	0	0	8	0	12	4	0	0	0	0	5	0	1	0	4	0	0	0	0	0	0	0	3	0	0	0	3	6	3
746	7 Mar 26	00:04:00	1	0	0	0	0	0	1	0	4	0	0	4	6	0	18	5	0	0	0	0	5	0	0	7	0	0	0	0	2	0	6	0	3	0	0	0	4	5	1
747	7 Mar 26	00:05:00	1	0	0	0	0	0	1	0	0	0	0	5	6	0	2	2	0	0	0	0	2	0	1	4	5	0	0	0	0	0	0	0	0	0	0	0	2	6	5
748	7 Mar 26	00:06:00	1	0	0	0	0	0	1	0	0	0	0	16	7	0	0	1	0	0	0	0	8	0	0	0	5	0	0	0	0	0	5	0	0	0	1	0	1	9	1
749	7 Mar 26	00:07:00	1	0	0	0	0	0	1	0	0	0	0	35	9	0	0	0	0	0	0	0	6	0	0	0	1	0	0	0	0	0	9	0	0	1	1	0	2	6	2
750	7 Mar 26	00:08:00	1	0	0	0	0	0	1	0	0	3	0	12	8	0	0	0	0	0	0	0	5	0	1	0	4	0	0	0	0	8	5	0	0	2	2	0	3	3	3
751	7 Mar 26	00:09:00	1	0	0	0	0	0	1	0	0	0	0	0	7	0	3	0	0	0	0	0	10	0	1	0	3	0	3	0	0	3	7	0	0	2	0	0	5	4	3
752	7 Mar 26	00:10:00	1	0	0	0	0	0	1	0	0	0	0	0	11	0	5	0	0	0	0	0	5	0	4	4	2	0	0	0	0	6	2	0	4	6	0	0	4	6	3
753	7 Mar 26	00:11:00	1	0	0	0	0	0	1	0	0	0	0	3	6	0	1	0	0	0	0	0	8	0	0	2	4	0	0	3	0	4	3	0	4	6	0	0	2	4	5
754	7 Mar 26	00:12:00	1	0	0	0	0	0	1	0	0	0	0	0	8	0	0	0	0	0	0	0	8	0	0	1	4	0	0	0	0	4	1	0	2	3	1	0	9	6	5
755	7 Mar 26	00:13:00	1	0	0	0	0	0	1	0	0	0	0	2	9	0	1	0	0	0	0	0	8	0	0	7	2	0	1	0	0	1	0	0	3	7	0	0	2	3	2
756	7 Mar 26	00:14:00	1	0	0	0	0	0	1	0	0	0	0	0	4	0	7	0	0	0	0	0	8	0	0	0	4	0	0	0	2	0	1	0	5	4	0	0	3	2	7
757	7 Mar 26	00:15:00	1	0	0	0	0	0	1	0	2	0	0	0	4	0	10	0	0	0	0	0	12	6	0	0	4	0	0	0	1	0	3	0	0	7	0	0	5	4	4
758	7 Mar 26	00:16:00	1	0	0	0	0	0	1	0	0	0	0	0	9	0	5	0	0	0	0	0	11	0	4	2	0	0	4	0	0	0	2	0	3	2	0	0	10	4	0
759	7 Mar 26	00:17:00	1	0	0	0	0	0	1	0	9	0	0	0	2	0	2	0	0	0	0	0	8	0	2	0	9	0	0	0	4	0	3	0	4	4	0	0	6	12	0
760	7 Mar 26	00:18:00	1	0	0	0	0	0	1	0	10	0	0	0	8	0	2	1	0	0	0	0	8	6	0	8	0	0	0	0	3	0	3	0	4	0	0	0	2	3	0
761	7 Mar 26	00:19:00	1	0	0	0	0	0	1	0	8	0	0	0	10	0	4	4	0	0	0	0	10	2	0	30	0	0	2	0	0	0	3	0	3	0	0	0	4	1	0
762	7 Mar 26	00:20:00	1	0	0	0	0	0	1	0	0	2	0	1	10	0	3	2	0	0	0	0	4	3	3	0	3	0	0	0	2	2	1	0	4	0	0	0	3	0	0
763	7 Mar 26	00:21:00	1	0	0	0	0	0	1	0	0	0	0	2	8	0	11	0	0	0	0	0	7	9	0	0	5	0	0	0	7	1	1	0	2	8	0	0	2	0	0
764	7 Mar 26	00:22:00	1	0	0	0	0	0	1	0	0	0	0	0	14	0	1	2	0	0	0	0	4	11	1	0	0	0	0	0	6	2	1	0	5	2	0	0	3	0	5
765	7 Mar 26	00:23:00	1	0	0	0	0	0	1	0	0	0	0	1	13	0	0	0	0	0	0	0	8	5	0	10	0	0	0	0	2	1	2	0	3	0	0	0	8	1	6
766	7 Mar 26	00:24:00	1	0	0	0	0	0	1	0	0	0	0	0	5	0	4	0	0	0	0	0	6	2	0	10	0	0	0	0	3	4	1	0	7	0	0	0	0	0	4
767	7 Mar 26	00:25:00	1	0	0	0	0	0	1	0	0	0	0	0	5	0	2	0	0	0	0	0	8	0	0	3	7	0	0	0	3	0	2	0	5	6	0	0	3	4	5
768	7 Mar 26	00:26:00	1	0	0	0	0	0	1	0	11	0	0	0	8	0	4	0	0	0	0	0	8	2	0	1	2	0	0	0	0	0	6	0	2	1	0	0	6	2	6
769	7 Mar 26	00:27:00	1	0	0	0	0	0	1	0	5	0	0	0	7	0	5	0	0	0	0	0	5	4	0	0	2	0	0	0	1	0	1	0	2	3	0	0	8	1	5
770	7 Mar 26	00:28:00	1	0	0	0	0	0	1	0	6	0	0	0	9	0	2	0	0	0	0	0	6	4	0	0	4	0	0	0	1	0	2	0	3	4	0	0	1	2	8
771	7 Mar 26	00:29:00	1	0	0	0	0	0	1	0	10	0	0	0	8	0	7	0	0	0	0	0	2	3	0	2	3	0	0	0	1	0	3	0	2	4	0	0	2	2	3
772	7 Mar 26	00:30:00	1	0	0	0	0	0	1	0	9	0	0	0	9	0	5	1	0	0	0	0	6	3	0	0	8	0	0	0	0	0	3	0	0	2	0	0	0	1	8
773	7 Mar 26	00:31:00	1	0	0	0	0	0	1	0	3	0	0	0	7	0	3	3	0	0	0	0	10	4	0	2	4	3	0	0	0	0	0	0	0	0	0	1	0	4	4
774	7 Mar 26	00:32:00	1	0	0	0	0	0	1	0	3	0	0	0	5	0	8	1	0	0	0	0	8	7	0	0	0	0	0	0	0	0	1	0	0	6	0	0	0	6	7
775	7 Mar 26	00:33:00	1	0	0	0	0	0	1	0	9	0	0	0	9	0	18	6	0	0	0	0	4	0	1	7	1	0	0	0	0	0	5	0	3	4	0	0	1	1	6
776	7 Mar 26	00:34:00	1	0	0	0	0	0	1	0	8	0	0	0	8	0	13	7	0	0	0	0	5	0	0	2	6	0	0	0	0	0	3	0	1	1	2	0	5	0	4
777	7 Mar 26	00:35:00	1	0	0	0	0	0	1	0	2	0	0	0	7	5	12	2	0	0	0	0	6	0	1	2	4	2	0	0	0	0	3	0	0	3	0	0	8	0	5
778	7 Mar 26	00:36:00	1	0	0	0	0	0	1	0	2	0	0	0	7	3	15	2	0	0	0	0	6	0	2	4	7	1	0	0	1	0	4	0	1	2	0	0	5	1	4
779	7 Mar 26	00:37:00	1	0	0	0	0	0	1	0	11	0	0	0	8	1	17	1	0	0	0	0	5	0	0	6	3	0	0	0	1	0	3	0	2	0	2	6	3	5	1
780	7 Mar 26	00:38:00	1	0	0	0	0	0	1	0	6	0	0	0	4	0	7	1	0	0	0	0	1	0	1	4	6	0	0	0	2	0	1	0	2	0	2	0	4	3	4
781	7 Mar 26	00:39:00	1	0	0	0	0	0	1	0	5	0	0	0	8	0	10	3	0	0	0	0	3	0	1	0	8	0	1	0	2	0	9	0	2	0	3	0	1	2	5
782	7 Mar 26	00:40:00	1	0	0	0	0	0	1	0	3	0	0	0	10	0	12	3	0	0	0	0	8	0	2	1	5	0	1	0	0	0	1	0	5	4	5	0	4	4	3
783	7 Mar 26	00:41:00	1	0	0	0	0	0	1	0	5	0	0	0	12	0	9	3	0	0	0	0	9	0	14	0	2	0	0	0	0	0	3	0	1	0	0	0	2	4	5
784	7 Mar 26	00:42:00	1	0	0	0	0	0	1	3	4	0	0	0	4	0	8	1	0	0	0	0	6	0	1	2	4	0	0	0	0	0	3	0	0	4	0	0	0	5	4
785	7 Mar 26	00:43:00	1	0	0	0	0	0	1	5	4	0	0	0	11	0	5	0	0	0	0	0	6	0	2	3	2	0	0	0	0	0	3	0	2	5	0	0	0	8	5
786	7 Mar 26	00:44:00	1	0	0	0	0	0	1	2	5	0	0	3	13	0	5	3	0	0	0	0	6	0	0	0	6	0	0	0	0	0	5	0	3	3	2	0	0	7	5
787	7 Mar 26	00:45:00	1	0	0	0	0	0	1	9	4	0	0	3	6	0	5	2	0	0	0	0	9	0	0	0	1	0	0	0	0	2	0	0	0	4	0	0	3	3	3
788	7 Mar 26	00:46:00	1	0	0	0	0	0	1	8	2	0	0	0	6	0	11	5	0	0	0	0	5	0	0	0	0	0	0	0	0	6	0	0	2	2	0	0	4	5	8
789	7 Mar 26	00:47:00	1	0	0	0	0	0	1	0	2	0	0	0	6	0	10	0	0	0	0	0	3	0	0	0	1	0	0	0	0	6	2	0	1	0	1	0	6	0	8
790	7 Mar 26	00:48:00	1	0	0	0	0	0	1	0	2	0	0	0	7	0	7	0	0	0	0	0	11	0	0	0	4	0	0	0	0	0	1	0	4	0	2	0	4	0	1
791	7 Mar 26	00:49:00	1	0	0	0	0	0	1	0	3	0	0	0	15	0	6	0	0	0	0	0	4	0	1	0	0	0	0	3	0	0	2	0	1	0	3	0	1	0	0
792	7 Mar 26	00:50:00	1	0	0	0	0	0	1	4	3	0	0	0	9	0	7	0	0	0	0	0	4	0	0	0	2	0	0	3	0	0	0	0	2	0	2	0	3	5	0
793	7 Mar 26	00:51:00	1	0	0	0	0	0	1	0	4	0	0	0	9	0	8	0	0	0	0	0	6	0	0	0	7	0	0	3	0	0	4	0	0	0	2	0	5	3	0
794	7 Mar 26	00:52:00	1	0	0	0	0	0	1	0	4	0	0	0	8	0	1	2	0	0	0	0	6	0	1	0	3	0	0	1	0	0	6	0	0	0	1	0	6	1	0
795	7 Mar 26	00:53:00	1	0	0	0	0	0	1	0	4	0	0	0	7	0	4	2	0	0	0	0	8	0	1	0	2	0	0	0	2	0	2	0	1	0	0	0	2	7	0
796	7 Mar 26	00:54:00	1	0	0	0	0	0	1	0	6	0	0	0	6	0	9	0	0	0	0	0	3	0	0	0	7	0	0	0	3	0	2	0	1	0	0	0	6	9	0
797	7 Mar 26	00:55:00	1	0	0	0	0	0	1	0	5	0	0	0	4	0	12	0	0	0	0	0	8	0	0	0	4	0	0	0	0	0	2	0	0	0	0	0	0	4	0
798	7 Mar 26	00:56:00	1	0	0	0	0	0	1	0	0	0	0	0	6	0	7	1	0	0	0	0	4	0	1	0	2	0	0	0	1	0	2	0	10	0	1	0	4	8	0
799	7 Mar 26	00:57:00	1	0	0	0	0	0	1	0	0	0	0	0	8	0	8	2	0	0	0	0	4	0	2	0	2	0	0	0	0	0	0	0	4	0	3	0	3	10	4
800	7 Mar 26	00:58:00	1	0	0	0	0	0	1	0	0	0	0	0	8	0	1	2	0	0	0	0	6	0	5	0	3	0	0	0	2	0	0	0	5	0	1	0	4	15	5
801	7 Mar 26	00:59:00	1	0	0	0	0	0	1	0	0	0	0	0	9	0	9	2	0	0	0	0	7	0	1	0	3	0	0	0	2	0	0	0	1	0	0	0	6	6	4
802	7 Mar 26	01:00:00	1	0	0	0	0	0	1	0	0	0	0	0	6	0	5	0	0	0	0	0	7	0	2	0	0	0	2	0	0	0	5	0	3	0	0	0	4	0	8
803	7 Mar 26	01:01:00	1	0	0	0	0	0	1	0	0	0	0	0	6	0	3	0	0	0	0	0	7	0	1	0	2	0	2	0	0	0	2	0	0	0	1	0	3	10	4
804	7 Mar 26	01:02:00	1	0	0	0	0	0	1	0	0	0	0	1	8	0	8	2	0	0	0	0	5	0	2	0	0	0	0	0	0	0	2	0	0	0	1	0	1	8	1
805	7 Mar 26	01:03:00	1	0	0	0	0	0	1	0	0	0	0	4	10	0	5	1	0	0	0	0	1	0	0	4	5	0	2	0	0	0	2	0	0	0	0	0	2	1	2
806	7 Mar 26	01:04:00	1	0	0	0	0	0	1	0	0	0	0	0	7	0	13	0	0	0	0	0	5	0	1	2	0	0	0	0	0	0	0	0	0	1	0	0	2	2	4
807	7 Mar 26	01:05:00	1	0	0	0	0	0	1	0	0	0	0	0	2	0	7	3	0	0	0	0	5	0	0	2	12	0	0	0	2	0	0	0	0	0	0	2	3	2	0
808	7 Mar 26	01:06:00	1	0	0	0	0	0	1	0	0	0	0	0	8	0	14	8	0	0	0	0	9	0	0	0	2	0	1	0	1	0	3	0	0	10	0	0	8	3	4
809	7 Mar 26	01:07:00	1	0	0	0	0	0	1	0	0	0	0	1	11	0	13	0	0	0	0	0	5	0	0	0	3	6	0	0	0	0	5	0	1	1	0	0	5	4	4
810	7 Mar 26	01:08:00	1	0	0	0	0	0	1	0	0	0	0	0	11	0	11	1	0	0	0	0	9	0	0	2	1	5	0	0	3	0	0	0	0	2	0	0	3	2	5
811	7 Mar 26	01:09:00	1	0	0	0	0	0	1	0	0	2	0	8	6	0	8	1	0	0	0	0	7	0	0	8	0	4	0	0	3	0	1	0	0	0	0	0	7	11	9
812	7 Mar 26	01:10:00	1	0	0	0	0	0	1	0	0	0	0	0	6	0	6	0	0	0	0	0	6	0	1	12	4	2	0	0	1	0	1	0	0	0	0	0	2	7	7
813	7 Mar 26	01:11:00	1	0	0	0	0	0	1	0	0	0	0	0	11	0	9	0	0	0	0	0	9	0	0	8	2	5	0	0	0	0	0	0	0	0	0	0	3	3	10
814	7 Mar 26	01:12:00	1	0	0	0	0	0	1	0	0	0	0	0	7	0	4	0	0	0	0	0	11	0	0	0	0	0	0	0	0	0	5	0	0	0	0	0	1	6	6
815	7 Mar 26	01:13:00	1	0	0	0	0	0	1	0	0	1	0	0	4	0	6	0	0	0	0	0	8	0	0	6	0	0	0	0	0	0	5	0	0	0	0	0	3	7	4
816	7 Mar 26	01:14:00	1	0	0	0	0	0	1	0	1	0	0	0	6	3	2	0	0	0	0	0	10	0	0	0	4	0	0	0	0	0	0	0	0	0	0	0	4	3	4
817	7 Mar 26	01:15:00	1	0	0	0	0	0	1	0	0	0	0	0	6	0	5	0	0	0	0	0	3	0	0	3	4	0	0	0	0	0	0	0	0	0	0	0	6	2	3
818	7 Mar 26	01:16:00	1	0	0	0	0	0	1	0	3	0	0	0	6	0	6	0	0	0	0	0	4	0	0	1	3	0	1	0	0	7	0	0	0	0	0	0	2	4	2
819	7 Mar 26	01:17:00	1	0	0	0	0	0	1	0	3	0	0	0	9	1	9	0	0	0	0	0	7	0	0	3	2	0	1	0	0	0	0	1	2	0	0	0	2	4	4
820	7 Mar 26	01:18:00	1	0	0	0	0	0	1	0	0	0	0	0	9	0	10	0	0	0	0	0	5	0	0	0	4	0	0	0	0	0	0	0	5	0	0	0	2	6	6
821	7 Mar 26	01:19:00	1	0	0	0	0	0	1	0	4	0	0	0	5	0	7	0	0	0	0	0	7	0	0	0	1	0	0	0	3	1	0	4	4	0	0	0	0	1	3
822	7 Mar 26	01:20:00	1	0	0	0	0	0	1	0	1	0	0	0	6	0	5	0	0	0	0	0	8	0	0	0	6	0	0	0	1	3	0	5	4	0	0	0	0	4	10
823	7 Mar 26	01:21:00	1	0	0	0	0	0	1	0	4	0	0	0	5	3	7	0	0	0	0	0	8	0	0	0	2	0	0	0	2	0	0	3	3	2	0	0	1	10	1
824	7 Mar 26	01:22:00	1	0	0	0	0	0	1	0	8	0	0	1	7	4	8	0	0	0	0	0	5	0	0	0	5	0	0	0	0	8	1	4	3	2	0	0	1	2	1
825	7 Mar 26	01:23:00	1	0	0	0	0	0	1	0	1	0	0	2	4	4	8	0	0	0	0	0	6	0	0	0	4	0	0	0	0	4	0	6	5	0	0	0	0	5	2
826	7 Mar 26	01:24:00	1	0	0	0	0	0	1	0	3	0	0	3	7	0	6	0	0	0	0	0	10	0	1	1	7	0	0	0	0	2	0	5	5	0	0	0	3	9	0
827	7 Mar 26	01:25:00	1	0	0	0	0	0	1	0	3	0	0	2	6	0	6	0	0	0	0	0	6	0	1	14	0	0	0	0	0	3	0	2	2	3	0	0	1	1	0
828	7 Mar 26	01:26:00	1	0	0	0	0	0	1	0	0	0	0	2	3	0	1	0	0	0	0	0	5	0	0	0	4	0	0	0	0	1	1	4	0	4	0	0	2	5	3
829	7 Mar 26	01:27:00	1	0	0	0	0	0	1	0	0	0	0	4	6	0	5	5	0	0	0	0	8	0	0	2	8	0	0	0	0	0	0	4	0	0	0	0	3	3	2
830	7 Mar 26	01:28:00	1	0	0	0	0	0	1	0	0	0	0	4	9	0	3	3	0	0	0	0	9	0	0	0	0	0	0	0	0	0	0	3	0	1	0	0	4	5	6
831	7 Mar 26	01:29:00	1	0	0	0	0	0	1	0	0	4	0	2	4	0	9	0	0	0	0	0	7	0	0	3	0	0	0	0	0	0	0	1	0	1	0	0	3	4	1
832	7 Mar 26	01:30:00	1	0	0	0	0	0	1	0	0	3	0	2	4	0	8	1	0	0	0	0	9	0	0	1	0	0	0	0	0	0	1	1	0	0	0	0	3	5	4
833	7 Mar 26	01:31:00	1	0	0	0	0	0	1	0	0	0	0	0	7	0	4	1	0	0	0	0	9	0	0	9	1	0	0	0	0	0	2	5	0	2	0	0	6	6	4
834	7 Mar 26	01:32:00	1	0	0	0	0	0	1	0	0	0	0	0	6	0	7	2	0	0	0	0	9	0	1	1	4	0	0	0	0	0	1	4	0	3	0	0	5	4	1
835	7 Mar 26	01:33:00	1	0	0	0	0	0	1	0	0	0	0	0	6	0	6	3	0	0	0	0	11	0	1	1	3	0	0	0	0	0	1	2	0	1	0	0	5	2	2
836	7 Mar 26	01:34:00	1	0	0	0	0	0	1	0	0	0	0	0	5	0	6	0	0	0	0	0	7	0	0	0	0	0	0	0	0	0	0	5	0	1	0	0	4	3	5
837	7 Mar 26	01:35:00	1	0	0	0	0	0	1	0	0	0	0	0	4	0	8	0	0	0	0	0	6	0	0	0	0	0	0	0	0	1	0	6	2	2	0	0	1	4	0
838	7 Mar 26	01:36:00	1	0	0	0	0	0	1	0	0	0	0	0	6	0	3	0	0	0	0	0	6	0	0	0	0	0	0	0	0	3	1	4	2	2	0	0	3	1	2
839	7 Mar 26	01:37:00	1	0	0	0	0	0	1	0	0	0	0	0	8	0	7	0	0	0	0	0	1	0	0	3	4	0	0	0	0	4	2	4	1	0	0	1	4	5	4
840	7 Mar 26	01:38:00	1	0	0	0	0	0	1	0	0	0	0	0	7	0	8	0	0	0	0	0	0	0	0	1	7	0	0	0	0	0	0	5	0	1	0	6	0	5	0
841	7 Mar 26	01:39:00	1	0	0	0	0	0	1	0	0	0	0	0	6	0	6	2	0	0	0	0	3	0	1	12	3	0	0	0	0	0	0	3	0	0	0	1	0	1	6
842	7 Mar 26	01:40:00	1	0	0	0	0	0	1	0	0	0	0	0	6	0	3	3	0	0	0	0	6	0	3	3	1	0	0	0	0	0	0	4	6	2	0	0	1	3	5
843	7 Mar 26	01:41:00	1	0	0	0	0	0	1	0	0	0	0	0	9	0	1	3	0	0	0	0	3	0	0	0	2	0	0	0	0	0	0	3	0	1	0	0	0	3	6
844	7 Mar 26	01:42:00	1	0	0	0	0	0	1	0	0	0	0	0	8	0	10	4	0	0	0	0	4	0	0	3	0	0	0	0	0	0	0	1	0	0	0	0	0	0	5
845	7 Mar 26	01:43:00	1	0	0	0	0	0	1	0	0	0	0	0	6	0	7	5	0	0	0	0	6	0	1	1	3	0	0	0	0	0	0	0	0	0	0	0	0	7	5
846	7 Mar 26	01:44:00	1	0	0	0	0	0	1	0	0	0	0	0	2	0	6	1	0	0	0	0	5	0	0	0	3	0	0	3	1	0	1	9	0	0	0	0	0	1	3
847	7 Mar 26	01:45:00	1	0	0	0	0	0	1	1	0	0	0	0	7	0	8	4	0	0	0	0	5	0	0	2	8	0	0	6	4	0	1	2	0	0	0	0	0	0	4
848	7 Mar 26	01:46:00	1	0	0	0	0	0	1	3	0	0	0	2	8	0	7	2	0	0	0	0	5	0	0	6	5	0	0	2	1	0	1	4	0	0	0	0	0	1	3
849	7 Mar 26	01:47:00	1	0	0	0	0	0	1	9	0	0	0	2	8	0	1	3	0	0	0	0	13	0	0	0	3	5	0	2	0	0	1	3	0	0	0	0	0	0	4
850	7 Mar 26	01:48:00	1	0	0	0	0	0	1	0	0	0	0	0	14	0	0	1	0	0	0	0	5	0	0	0	4	1	2	1	0	0	0	3	0	1	0	0	4	3	5
851	7 Mar 26	01:49:00	1	0	0	0	0	0	1	3	0	0	0	0	11	0	0	0	0	0	0	0	10	0	0	1	7	0	3	4	0	0	0	1	0	3	0	0	1	6	0
852	7 Mar 26	01:50:00	1	0	0	0	0	0	1	0	0	0	0	0	12	0	0	0	0	0	0	0	6	0	0	2	2	0	0	6	0	0	0	4	0	4	0	0	1	17	6
853	7 Mar 26	01:51:00	1	0	0	0	0	0	1	0	0	0	0	0	9	0	0	0	0	0	0	0	3	0	0	1	7	0	2	7	0	0	0	3	0	2	0	0	3	2	8
854	7 Mar 26	01:52:00	1	0	0	0	0	0	1	0	0	0	0	0	10	0	0	0	0	0	0	0	8	0	0	0	5	0	1	8	0	0	0	5	0	3	0	0	5	10	3
855	7 Mar 26	01:53:00	1	0	0	0	0	0	1	0	1	0	0	0	8	0	0	0	0	0	0	0	6	0	0	0	6	0	1	0	0	0	0	3	0	2	0	0	2	4	7
856	7 Mar 26	01:54:00	1	0	0	0	0	0	1	0	5	0	0	0	10	0	0	0	0	0	0	0	8	0	0	0	4	0	0	3	0	5	0	0	0	0	0	3	6	4	4
857	7 Mar 26	01:55:00	1	0	0	0	0	0	1	0	0	0	0	0	1	0	0	0	0	0	0	0	7	0	0	0	4	0	1	2	0	1	0	0	0	4	0	0	2	2	3
858	7 Mar 26	01:56:00	1	0	0	0	0	0	1	0	0	0	0	0	3	0	0	0	0	0	0	0	8	0	0	5	2	0	0	4	0	7	0	0	0	2	0	0	0	4	5
859	7 Mar 26	01:57:00	1	0	0	0	0	0	1	0	0	0	0	0	6	0	0	0	0	0	0	0	8	0	2	3	4	0	0	0	0	3	0	0	0	3	0	0	6	4	5
860	7 Mar 26	01:58:00	1	0	0	0	0	0	1	0	0	0	0	0	8	0	0	0	0	0	0	0	4	0	2	0	0	0	1	2	0	0	0	0	0	1	0	0	2	3	3
861	7 Mar 26	01:59:00	1	0	0	0	0	0	1	0	0	0	0	0	8	0	0	0	0	0	0	0	2	0	0	0	4	0	0	0	0	0	0	0	0	2	0	0	1	3	5
862	7 Mar 26	02:00:00	1	0	0	0	0	0	1	0	0	0	0	1	7	0	0	0	0	0	0	0	4	0	3	0	4	0	1	3	0	2	0	0	0	4	0	0	0	5	3
863	7 Mar 26	02:01:00	1	0	0	0	0	0	1	0	0	0	0	0	7	0	0	0	0	0	0	0	5	0	1	0	7	0	0	5	0	1	0	0	0	0	0	0	0	4	4
864	7 Mar 26	02:02:00	1	0	0	0	0	0	1	0	0	0	0	0	8	0	0	0	0	0	0	0	7	0	1	0	1	0	1	4	0	0	0	0	0	4	0	0	0	4	2
865	7 Mar 26	02:03:00	1	0	0	0	0	0	1	0	0	0	0	0	8	0	0	0	0	0	0	0	10	0	0	0	3	0	0	5	0	0	0	0	0	2	0	0	0	11	1
866	7 Mar 26	02:04:00	1	0	0	0	0	0	1	0	0	0	0	3	7	0	0	0	0	0	0	0	8	0	2	0	1	0	0	1	0	0	0	0	0	4	0	0	0	2	9
867	7 Mar 26	02:05:00	1	0	0	0	0	0	1	0	0	0	0	12	6	0	0	0	0	0	0	0	5	0	0	0	1	0	2	5	0	0	0	0	0	3	0	0	0	2	1
868	7 Mar 26	02:06:00	1	0	0	0	0	0	1	0	0	0	0	2	4	0	0	0	0	0	0	0	0	0	4	0	2	0	0	1	0	0	0	0	0	3	0	0	0	1	0
869	7 Mar 26	02:07:00	1	0	0	0	0	0	1	0	0	0	0	5	10	0	0	0	0	0	0	0	0	0	0	0	6	0	1	0	0	2	0	0	0	3	1	0	0	8	6
870	7 Mar 26	02:08:00	1	0	0	0	0	0	1	0	0	0	0	7	5	0	0	0	0	0	0	0	4	0	0	0	2	0	0	0	0	4	0	0	3	1	0	0	0	10	3
871	7 Mar 26	02:09:00	1	0	0	0	0	0	1	0	0	0	0	3	7	0	0	0	0	0	0	0	4	0	0	0	3	0	0	0	0	7	0	0	0	1	3	0	2	7	0
872	7 Mar 26	02:10:00	1	0	0	0	0	0	1	0	0	0	0	0	5	0	0	0	0	0	0	0	2	0	0	0	1	0	0	0	0	6	0	0	2	0	0	0	4	0	2
873	7 Mar 26	02:11:00	1	0	0	0	0	0	1	0	0	0	0	0	5	0	0	0	0	0	0	0	0	0	0	0	4	0	0	0	0	4	0	0	4	3	0	0	3	5	4
874	7 Mar 26	02:12:00	1	0	0	0	0	0	1	0	0	0	0	0	9	0	0	0	0	0	0	0	3	0	1	0	2	0	0	0	0	1	0	0	4	1	1	0	5	0	4
875	7 Mar 26	02:13:00	1	0	0	0	0	0	1	0	0	0	0	0	9	0	0	0	0	0	0	0	0	0	3	0	9	0	1	0	0	0	0	0	0	2	7	0	3	0	2
876	7 Mar 26	02:14:00	1	0	0	0	0	0	1	0	0	0	0	0	4	0	0	0	0	0	0	0	4	0	1	0	0	0	0	0	0	0	0	0	2	0	0	0	1	0	5
877	7 Mar 26	02:15:00	1	0	0	0	0	0	1	0	0	0	0	3	15	0	0	0	0	0	0	0	0	0	4	0	6	0	0	0	0	0	0	0	4	3	1	0	2	0	6
878	7 Mar 26	02:16:00	1	0	0	0	0	0	1	7	0	0	0	1	10	0	0	0	0	0	0	0	3	0	0	2	4	0	1	0	0	0	4	0	0	2	0	3	5	0	0
879	7 Mar 26	02:17:00	1	0	0	0	0	0	1	9	0	0	0	0	3	0	0	0	0	0	0	0	3	0	0	0	0	0	3	0	0	0	2	0	0	1	1	1	3	0	0
880	7 Mar 26	02:18:00	1	0	0	0	0	0	1	3	0	0	0	0	3	0	0	0	0	0	0	0	9	0	1	0	3	0	1	0	0	0	3	0	0	4	3	0	0	0	0
881	7 Mar 26	02:19:00	1	0	0	0	0	0	1	3	0	0	0	0	4	0	0	0	0	0	0	0	1	0	1	0	4	0	0	0	0	0	0	0	0	0	4	0	0	0	0
882	7 Mar 26	02:20:00	1	0	0	0	0	0	1	2	2	0	0	0	8	0	0	0	0	0	0	0	0	0	1	0	2	0	1	0	0	0	0	5	0	0	2	0	1	0	0
883	7 Mar 26	02:21:00	1	0	0	0	0	0	1	0	0	0	0	0	5	0	0	0	0	0	0	0	0	0	0	0	4	0	1	0	0	0	0	2	0	0	1	0	3	0	0
884	7 Mar 26	02:22:00	1	0	0	0	0	0	1	0	0	0	0	2	3	0	0	0	0	0	0	0	6	11	0	0	6	0	0	0	0	0	2	1	3	0	0	2	3	0	0
885	7 Mar 26	02:23:00	1	0	0	0	0	0	1	0	0	0	0	0	8	0	0	0	0	0	0	0	2	3	0	0	0	0	4	0	0	0	1	4	0	0	2	0	8	6	0
886	7 Mar 26	02:24:00	1	0	0	0	0	0	1	0	0	0	0	0	5	0	0	0	0	0	0	0	1	7	0	0	0	0	0	0	0	0	2	2	2	0	2	0	1	14	0
887	7 Mar 26	02:25:00	1	0	0	0	0	0	1	0	0	0	0	0	6	0	0	0	0	0	0	0	0	6	0	0	4	0	0	1	0	0	5	11	4	0	1	0	0	1	0
888	7 Mar 26	02:26:00	1	0	0	0	0	0	1	0	0	0	0	0	6	0	0	0	0	0	0	0	0	0	0	0	3	0	0	1	0	0	1	5	3	0	1	0	0	0	2
889	7 Mar 26	02:27:00	1	0	0	0	0	0	1	0	0	0	0	0	6	0	0	0	0	0	0	0	1	0	0	0	5	0	0	4	0	0	7	4	4	0	2	0	0	0	3
890	7 Mar 26	02:28:00	1	0	0	0	0	0	1	0	0	0	0	0	4	0	0	0	0	0	0	0	1	0	0	0	3	0	0	1	0	0	1	0	4	0	0	0	2	4	4
891	7 Mar 26	02:29:00	1	0	0	0	0	0	1	0	0	0	0	1	10	0	0	0	0	0	0	0	3	0	0	0	3	0	0	2	0	0	7	0	3	0	2	0	0	2	4
892	7 Mar 26	02:30:00	1	0	0	0	0	0	1	0	0	0	0	2	7	0	0	0	0	0	0	0	0	0	0	0	5	0	0	3	0	0	6	4	0	0	3	0	0	2	3
893	7 Mar 26	02:31:00	1	0	0	0	0	0	1	0	0	0	0	0	5	0	8	0	0	0	0	0	4	0	0	0	2	0	0	2	0	0	9	4	0	0	1	0	0	6	2
894	7 Mar 26	02:32:00	1	0	0	0	0	0	1	0	0	0	0	0	16	0	11	0	0	0	0	0	0	7	0	0	2	0	0	2	0	0	4	2	0	0	3	0	0	3	3
895	7 Mar 26	02:33:00	1	0	0	0	0	0	1	0	0	0	0	0	4	0	0	0	0	0	0	0	0	9	0	8	0	0	0	0	0	0	3	8	0	0	0	0	0	3	2
896	7 Mar 26	02:34:00	1	0	0	0	0	0	1	0	0	0	0	0	3	0	0	0	0	0	0	0	0	7	0	14	7	0	0	0	0	1	4	4	1	0	0	0	0	4	4
897	7 Mar 26	02:35:00	1	0	0	0	0	0	1	0	0	0	0	1	4	0	0	0	0	0	0	0	0	7	3	0	4	0	0	0	0	4	4	4	10	0	0	0	0	8	6
898	7 Mar 26	02:36:00	1	0	0	0	0	0	1	0	0	0	0	1	5	0	0	0	0	0	0	0	0	3	0	0	5	0	0	0	0	0	1	4	2	0	0	0	0	11	5
899	7 Mar 26	02:37:00	1	0	0	0	0	0	1	0	0	0	0	7	8	0	0	0	0	0	0	0	0	6	0	0	1	0	0	0	0	0	1	4	5	0	0	2	0	0	3
900	7 Mar 26	02:38:00	1	0	0	0	0	0	1	0	0	0	0	8	9	0	0	0	0	0	0	0	0	3	0	0	0	0	0	1	0	3	1	4	3	0	0	0	1	10	4
901	7 Mar 26	02:39:00	1	0	0	0	0	0	1	0	0	0	0	3	4	0	0	0	0	0	0	0	0	8	1	0	5	0	1	1	0	4	0	2	3	0	0	6	1	6	3
902	7 Mar 26	02:40:00	1	0	0	0	0	0	1	0	0	0	0	6	5	0	0	0	0	0	0	0	0	4	0	0	0	0	2	0	0	0	7	3	1	0	0	2	0	3	3
903	7 Mar 26	02:41:00	1	0	0	0	0	0	1	0	0	0	0	9	8	0	0	0	0	0	0	0	0	2	1	0	5	0	2	0	0	0	3	5	2	1	0	0	2	3	3
904	7 Mar 26	02:42:00	1	0	0	0	0	0	1	0	0	0	0	3	12	0	0	0	0	0	0	0	7	3	4	0	1	0	0	0	0	0	2	2	4	0	0	0	3	2	3
905	7 Mar 26	02:43:00	1	0	0	0	0	0	1	0	0	0	0	4	6	0	0	0	0	0	0	0	0	4	0	1	0	0	0	0	0	0	4	4	3	4	0	0	4	4	2
906	7 Mar 26	02:44:00	1	0	0	0	0	0	1	0	0	0	0	10	8	0	0	0	0	0	0	0	4	7	1	0	4	0	0	5	0	0	6	2	3	3	0	0	4	2	0
907	7 Mar 26	02:45:00	1	0	0	0	0	0	1	0	0	0	0	5	9	0	0	0	0	0	0	0	7	5	1	9	0	0	0	1	0	0	5	3	0	0	0	1	2	9	0
908	7 Mar 26	02:46:00	1	0	0	0	0	0	1	0	0	0	0	7	8	0	0	0	0	0	0	0	0	5	0	17	9	0	0	5	0	0	3	2	9	0	0	0	2	3	0
909	7 Mar 26	02:47:00	1	0	0	0	0	0	1	0	0	0	0	3	8	0	2	0	0	0	0	0	0	2	0	8	3	0	0	2	0	0	2	10	1	0	0	0	8	9	0
910	7 Mar 26	02:48:00	1	0	0	0	0	0	1	0	0	0	0	4	6	0	0	0	0	0	0	0	0	0	0	0	0	0	2	2	0	0	2	4	0	0	0	0	0	2	0
911	7 Mar 26	02:49:00	1	0	0	0	0	0	1	0	0	0	0	3	8	0	0	0	0	0	0	0	0	1	0	0	2	0	2	4	0	0	1	9	0	0	0	0	2	4	0
912	7 Mar 26	02:50:00	1	0	0	0	0	0	1	0	0	0	0	4	5	0	0	0	0	0	2	0	0	1	0	5	4	0	1	1	0	0	5	3	3	0	0	0	3	3	0
913	7 Mar 26	02:51:00	1	0	0	0	0	0	1	0	0	0	0	2	6	0	0	0	0	0	1	0	0	0	0	5	1	0	2	0	0	0	2	8	2	0	0	0	2	0	0
914	7 Mar 26	02:52:00	1	0	0	0	0	0	1	0	0	0	0	3	4	0	0	0	0	0	0	0	0	4	0	13	7	0	1	0	0	0	4	2	2	0	0	0	3	0	0
915	7 Mar 26	02:53:00	1	0	0	0	0	0	1	0	0	0	0	1	9	0	0	0	0	0	0	0	0	1	2	5	6	0	0	1	0	0	5	5	0	0	0	0	0	0	0
916	7 Mar 26	02:54:00	1	0	0	0	0	0	1	0	0	0	0	5	7	2	0	0	0	0	0	0	0	1	3	3	0	0	1	2	0	0	5	4	2	0	0	0	0	0	0
917	7 Mar 26	02:55:00	1	0	0	0	0	0	1	0	2	1	0	5	6	2	0	0	0	0	0	0	0	0	1	1	3	0	3	0	0	0	0	1	2	0	0	0	5	0	0
918	7 Mar 26	02:56:00	1	0	0	0	0	0	1	0	0	0	0	0	7	0	0	0	0	0	1	0	2	0	2	2	6	0	1	0	0	0	6	0	0	0	0	0	3	0	0
919	7 Mar 26	02:57:00	1	0	0	0	0	0	1	0	0	0	0	7	4	5	2	0	0	0	0	0	1	1	0	1	0	0	0	1	0	0	1	0	3	0	0	0	1	2	0
920	7 Mar 26	02:58:00	1	0	0	0	0	0	1	0	1	0	0	5	6	2	0	0	0	0	0	0	2	0	0	3	5	0	0	3	0	0	1	0	0	0	0	4	3	12	0
921	7 Mar 26	02:59:00	1	0	0	0	0	0	1	0	3	3	0	6	9	1	1	0	0	0	0	0	2	0	0	2	4	0	0	5	0	0	6	0	6	0	0	0	2	8	0
922	7 Mar 26	03:00:00	1	0	0	0	0	0	1	0	6	1	0	2	5	3	2	0	0	0	0	0	0	0	0	0	6	0	0	1	0	0	1	0	2	0	0	1	0	5	1
923	7 Mar 26	03:01:00	1	0	0	0	0	0	1	0	5	0	0	0	7	4	0	0	0	0	0	0	0	0	0	0	0	0	0	6	0	0	4	0	3	0	0	0	2	3	4
924	7 Mar 26	03:02:00	1	0	0	0	0	0	1	0	3	4	0	2	6	6	0	0	0	0	1	0	0	0	0	0	2	0	0	2	0	0	1	0	2	0	0	0	4	4	1
925	7 Mar 26	03:03:00	1	0	0	0	0	0	1	0	1	0	0	1	2	4	0	0	0	0	4	0	0	0	0	0	5	0	0	2	0	3	6	2	2	0	0	1	0	0	11
926	7 Mar 26	03:04:00	1	0	0	0	0	0	1	0	0	0	0	4	5	5	0	0	0	0	0	0	0	0	4	0	2	0	3	2	0	5	2	4	1	0	0	3	3	1	4
927	7 Mar 26	03:05:00	1	0	0	0	0	0	1	0	0	0	0	2	7	5	1	0	0	0	8	0	0	0	2	0	1	0	7	2	0	4	4	4	7	0	0	4	6	0	5
928	7 Mar 26	03:06:00	1	0	0	0	0	0	1	0	0	0	0	2	6	4	1	0	0	0	0	0	0	0	3	0	5	0	0	4	0	7	2	7	1	0	0	5	8	7	1
929	7 Mar 26	03:07:00	1	0	0	0	0	0	1	0	0	4	0	1	10	3	0	0	0	0	0	0	0	0	1	0	1	0	0	1	0	0	0	3	0	0	0	2	4	4	3
930	7 Mar 26	03:08:00	1	0	0	0	0	0	1	0	0	0	0	0	2	0	4	0	0	0	0	0	0	0	2	0	2	0	2	9	0	0	0	3	0	0	0	1	3	2	4
931	7 Mar 26	03:09:00	1	0	0	0	0	0	1	0	0	1	0	0	7	1	2	0	0	0	3	0	5	0	0	0	4	0	0	0	0	0	0	1	0	0	0	1	1	8	0
932	7 Mar 26	03:10:00	1	0	0	0	0	0	1	0	0	0	0	0	7	0	3	0	0	0	0	0	21	0	1	0	4	0	0	0	0	0	0	0	0	0	0	6	5	3	2
933	7 Mar 26	03:11:00	1	0	0	0	0	0	1	0	0	1	0	0	2	0	2	0	0	0	0	0	12	0	0	0	0	9	0	0	0	1	0	0	0	0	0	2	2	0	3
934	7 Mar 26	03:12:00	1	0	0	0	0	0	1	0	0	3	0	0	2	0	0	0	0	0	0	0	9	0	0	0	4	0	0	0	0	5	0	2	1	0	1	0	2	0	5
935	7 Mar 26	03:13:00	1	0	0	0	0	0	1	0	0	1	0	0	5	0	0	0	0	0	0	0	5	0	0	0	2	0	0	0	0	8	0	3	6	0	2	0	3	0	5
936	7 Mar 26	03:14:00	1	0	0	0	0	0	1	0	0	0	0	0	7	0	2	5	0	0	0	0	18	0	0	0	2	0	0	0	0	1	1	2	3	0	3	0	0	1	3
937	7 Mar 26	03:15:00	1	0	0	0	0	0	1	0	0	0	0	0	6	0	0	0	0	0	0	0	17	0	0	0	4	0	0	0	0	0	6	3	7	0	1	0	0	2	3
938	7 Mar 26	03:16:00	1	0	0	0	0	0	1	0	0	0	0	0	7	0	4	0	0	0	0	0	2	0	0	8	2	0	1	0	0	4	1	4	0	0	2	0	0	2	6
939	7 Mar 26	03:17:00	1	0	0	0	0	0	1	0	0	1	0	0	6	0	0	0	0	0	1	0	15	0	0	0	6	0	1	0	0	5	0	6	1	0	4	0	0	4	2
940	7 Mar 26	03:18:00	1	0	0	0	0	0	1	0	13	0	0	0	7	0	4	0	0	0	0	0	5	0	0	0	0	0	0	0	0	0	4	3	0	0	0	0	0	4	3
941	7 Mar 26	03:19:00	1	0	0	0	0	0	1	0	1	0	0	0	9	0	3	0	0	0	2	0	1	0	0	0	2	0	0	0	0	0	3	3	3	0	0	0	0	3	4
942	7 Mar 26	03:20:00	1	0	0	0	0	0	1	0	0	0	0	0	6	0	0	0	0	0	0	0	0	0	0	0	1	0	0	0	0	0	4	7	2	0	3	0	0	4	5
943	7 Mar 26	03:21:00	1	0	0	0	0	0	1	0	0	0	0	0	8	0	0	0	0	0	0	0	2	0	1	0	5	0	0	0	0	0	4	5	8	0	1	0	0	0	3
944	7 Mar 26	03:22:00	1	0	0	0	0	0	1	0	0	0	0	0	4	0	1	0	0	0	4	0	0	0	1	0	2	0	0	0	0	0	0	2	0	0	0	0	0	0	4
945	7 Mar 26	03:23:00	1	0	0	0	0	0	1	0	0	1	0	0	14	0	1	0	0	0	0	0	7	0	0	0	2	0	3	6	0	0	5	3	0	0	0	0	0	0	5
946	7 Mar 26	03:24:00	1	0	0	0	0	0	1	0	0	0	0	0	5	0	0	0	0	0	0	0	0	0	0	0	1	0	1	5	0	2	1	0	0	0	0	4	0	6	3
947	7 Mar 26	03:25:00	1	0	0	0	0	0	1	0	0	0	0	0	13	0	0	0	0	0	0	0	0	0	0	0	4	0	0	2	0	1	0	10	0	0	2	0	0	5	4
948	7 Mar 26	03:26:00	1	0	0	0	0	0	1	0	0	0	0	0	5	0	0	0	0	0	0	0	1	0	0	0	4	0	0	4	0	0	2	9	0	0	0	0	0	5	0
949	7 Mar 26	03:27:00	1	0	0	0	0	0	1	0	0	0	0	0	9	0	1	0	0	0	0	0	2	0	0	0	3	0	0	0	0	5	1	2	0	0	0	0	2	3	1
950	7 Mar 26	03:28:00	1	0	0	0	0	0	1	0	0	0	0	0	12	0	2	0	0	0	0	0	0	0	0	2	1	0	2	1	0	2	1	3	1	0	0	0	0	5	6
951	7 Mar 26	03:29:00	1	0	0	0	0	0	1	0	0	4	0	0	4	0	0	0	0	0	5	0	12	0	0	12	0	0	0	0	0	3	5	4	3	0	0	0	0	3	3
952	7 Mar 26	03:30:00	1	0	0	0	0	0	1	0	0	0	0	0	12	0	2	0	0	0	1	0	16	0	0	0	4	0	0	0	0	7	3	1	2	0	0	4	0	8	4
953	7 Mar 26	03:31:00	1	0	0	0	0	0	1	0	0	0	0	0	9	0	6	0	0	0	0	0	8	0	0	0	3	0	1	3	0	3	2	5	1	0	0	0	0	3	6
954	7 Mar 26	03:32:00	1	0	0	0	0	0	1	0	0	0	0	0	5	0	0	4	0	0	0	0	14	0	0	1	5	0	0	0	0	0	3	6	0	0	0	1	0	2	8
955	7 Mar 26	03:33:00	1	0	0	0	0	0	1	0	0	0	0	0	4	0	2	0	0	0	1	0	8	0	0	3	2	0	0	4	0	0	4	1	0	0	0	4	0	2	4
956	7 Mar 26	03:34:00	1	0	0	0	0	0	1	0	0	0	0	1	2	0	0	2	0	0	0	0	0	0	0	0	5	0	2	0	0	0	1	0	0	0	0	0	0	0	7
957	7 Mar 26	03:35:00	1	0	0	0	0	0	1	0	0	0	0	10	3	0	5	0	0	0	0	0	8	0	3	5	4	0	3	0	0	0	1	11	4	0	0	2	0	7	3
958	7 Mar 26	03:36:00	1	0	0	0	0	0	1	0	0	0	0	2	4	0	3	1	0	0	3	0	10	0	2	2	0	0	1	2	0	0	4	6	4	0	0	3	0	4	2
959	7 Mar 26	03:37:00	1	0	0	0	0	0	1	0	0	0	6	6	6	0	0	0	0	0	0	0	11	0	0	0	4	0	2	0	0	0	0	2	5	0	0	3	0	2	5
960	7 Mar 26	03:38:00	1	0	0	0	0	0	1	0	0	0	0	3	6	0	0	0	0	0	0	0	8	5	0	0	3	0	0	0	0	0	0	3	1	0	0	0	0	2	2
961	7 Mar 26	03:39:00	1	0	0	0	0	0	1	0	0	0	0	4	5	0	0	0	0	0	0	0	11	9	0	2	3	0	0	0	0	0	0	3	0	0	0	1	0	3	0
962	7 Mar 26	03:40:00	1	0	0	0	0	0	1	0	0	0	0	0	11	0	0	0	0	0	0	0	6	7	0	6	3	0	0	0	0	0	2	0	0	0	0	2	1	5	5
963	7 Mar 26	03:41:00	1	0	0	0	0	0	1	0	0	0	0	2	10	0	0	2	0	0	0	0	4	0	0	0	3	0	0	0	0	0	4	0	1	0	0	3	1	2	2
964	7 Mar 26	03:42:00	1	0	0	0	0	0	1	0	0	0	0	0	12	0	0	0	1	0	7	0	12	2	0	1	4	0	0	0	0	3	3	0	0	0	0	0	0	3	6
965	7 Mar 26	03:43:00	1	0	0	0	0	0	1	0	0	0	0	0	7	0	0	0	1	0	0	0	8	4	0	0	6	0	0	0	0	1	5	0	2	0	0	0	0	5	5
966	7 Mar 26	03:44:00	1	0	0	0	0	0	1	0	0	0	0	0	6	0	0	0	1	0	0	0	7	0	4	0	1	0	0	0	0	5	0	0	0	0	0	0	6	0	0
967	7 Mar 26	03:45:00	1	0	0	0	0	0	1	0	0	0	0	0	4	0	0	0	0	0	1	0	11	0	1	0	4	0	0	0	0	0	5	0	0	0	3	0	0	0	2
968	7 Mar 26	03:46:00	1	0	0	0	0	0	1	0	0	0	4	0	4	0	0	0	0	0	0	0	7	0	2	0	9	0	0	3	0	3	2	0	0	0	2	0	0	0	0
969	7 Mar 26	03:47:00	1	0	0	0	0	0	1	0	0	0	0	0	8	0	0	0	4	0	0	0	6	0	6	1	2	0	0	2	0	0	1	0	0	0	2	0	0	0	1
970	7 Mar 26	03:48:00	1	0	0	0	0	0	1	0	0	0	0	0	10	0	2	0	0	0	0	0	9	0	1	10	1	0	0	3	0	0	1	0	0	0	6	0	0	0	1
971	7 Mar 26	03:49:00	1	0	0	0	0	0	1	0	0	0	0	0	10	0	9	0	0	0	0	0	4	0	0	10	3	0	0	0	0	1	2	0	0	0	5	0	0	0	1
972	7 Mar 26	03:50:00	1	0	0	0	0	0	1	0	0	2	0	0	5	0	0	0	0	0	0	0	8	4	1	1	3	0	0	0	0	4	1	0	0	0	0	0	0	0	5
973	7 Mar 26	03:51:00	1	0	0	0	0	0	1	0	0	0	0	0	5	0	0	2	1	0	0	0	8	7	2	2	1	0	0	0	0	0	3	0	0	0	1	0	0	1	6
974	7 Mar 26	03:52:00	1	0	0	0	0	0	1	0	0	0	0	0	5	0	1	0	1	0	0	0	7	4	1	0	3	3	0	0	0	0	9	0	0	0	0	0	0	3	7
975	7 Mar 26	03:53:00	1	0	0	0	0	0	1	0	0	0	0	0	13	0	0	0	0	0	0	0	5	2	5	0	4	0	0	0	0	0	2	0	1	0	0	0	0	1	3
976	7 Mar 26	03:54:00	1	0	0	0	0	0	1	0	2	0	1	0	11	0	0	0	0	0	0	0	10	5	1	0	0	0	7	0	0	0	3	0	3	0	1	3	0	6	4
977	7 Mar 26	03:55:00	1	0	0	0	0	0	1	0	0	0	0	0	6	0	0	0	0	0	1	0	7	11	0	0	5	0	3	0	0	0	2	0	3	1	0	1	0	2	4
978	7 Mar 26	03:56:00	1	0	0	0	0	0	1	0	0	0	0	0	4	0	0	0	1	0	0	0	10	4	0	0	1	0	1	0	0	2	5	0	4	0	0	3	0	6	4
979	7 Mar 26	03:57:00	1	0	0	0	0	0	1	0	0	0	0	0	5	0	0	0	0	0	1	0	3	5	1	1	3	0	5	0	0	3	1	0	3	2	0	0	0	3	2
980	7 Mar 26	03:58:00	1	0	0	0	0	0	1	0	0	0	0	0	5	0	0	4	0	0	0	0	9	2	4	0	7	0	0	0	0	4	4	0	0	0	0	0	4	3	0
981	7 Mar 26	03:59:00	1	0	0	0	0	0	1	0	0	0	0	0	5	0	0	0	0	0	1	0	4	3	1	0	5	0	0	0	0	4	0	0	0	3	0	0	4	2	2
982	7 Mar 26	04:00:00	1	0	0	0	0	0	1	0	0	0	0	0	11	0	0	0	0	0	0	0	6	5	1	0	3	0	0	0	0	7	1	0	0	2	0	0	4	2	1
983	7 Mar 26	04:01:00	1	0	0	0	0	0	1	0	0	0	0	0	9	0	0	0	0	0	0	0	5	3	0	0	4	0	0	0	0	8	0	4	0	1	0	0	2	3	4
984	7 Mar 26	04:02:00	1	0	0	0	0	0	1	0	0	0	0	0	8	0	12	4	0	0	2	0	7	1	0	0	4	0	0	0	2	3	2	3	0	2	0	0	0	5	8
985	7 Mar 26	04:03:00	1	0	0	0	0	0	1	0	0	0	0	0	8	0	6	9	0	0	2	0	4	2	3	0	3	0	0	0	4	2	2	0	0	4	0	0	3	1	3
986	7 Mar 26	04:04:00	1	0	0	0	0	0	1	0	0	0	0	0	4	0	7	1	0	0	2	0	5	9	0	0	2	0	1	0	2	1	3	0	0	0	0	0	1	1	4
987	7 Mar 26	04:05:00	1	0	0	0	0	0	1	0	0	0	0	0	1	0	0	0	0	0	0	0	7	3	0	0	3	0	0	0	1	0	9	0	0	1	0	0	3	3	2
988	7 Mar 26	04:06:00	1	0	0	0	0	0	1	0	0	0	0	0	0	0	2	3	0	0	0	0	8	2	0	0	0	0	4	0	0	2	1	0	0	0	1	0	3	4	2
989	7 Mar 26	04:07:00	1	0	0	0	0	0	1	0	0	0	0	3	7	0	1	0	0	0	1	0	8	3	0	0	1	0	0	0	4	0	0	0	4	2	3	0	1	4	6
990	7 Mar 26	04:08:00	1	0	0	0	0	0	1	0	0	0	0	5	6	0	0	0	0	0	3	4	6	6	0	0	4	0	0	0	0	0	0	0	0	2	0	0	1	9	6
991	7 Mar 26	04:09:00	1	0	0	0	0	0	1	0	0	0	1	6	7	0	0	1	0	0	0	0	6	6	2	3	4	0	0	0	5	0	0	0	0	2	1	0	4	12	3
992	7 Mar 26	04:10:00	1	0	0	0	0	0	1	0	0	0	0	1	6	0	0	8	1	0	0	0	10	1	1	0	6	2	0	0	6	0	3	0	0	0	0	0	0	8	2
993	7 Mar 26	04:11:00	1	0	0	0	0	0	1	0	0	0	0	6	6	0	3	0	0	0	0	0	4	2	4	2	3	0	0	0	1	0	1	0	0	4	0	0	0	6	2
994	7 Mar 26	04:12:00	1	0	0	0	0	0	1	0	0	0	0	3	12	0	1	0	0	0	0	0	7	0	2	10	4	0	0	0	0	0	0	0	0	4	0	0	0	0	4
995	7 Mar 26	04:13:00	1	0	0	0	0	0	1	0	0	0	0	2	9	0	9	1	0	0	2	0	5	3	1	0	0	0	0	0	4	4	1	0	0	1	0	2	0	0	9
996	7 Mar 26	04:14:00	1	0	0	0	0	0	1	0	1	0	0	6	6	0	2	3	0	0	1	0	9	0	5	0	8	3	0	0	16	4	0	0	0	3	0	0	0	3	3
997	7 Mar 26	04:15:00	1	0	0	0	0	0	1	0	3	0	0	3	6	0	5	2	0	0	0	0	5	3	0	0	8	2	0	0	0	4	6	0	3	2	0	0	0	1	3
998	7 Mar 26	04:16:00	1	0	0	0	0	0	1	0	0	0	0	3	10	0	4	1	0	0	0	0	7	2	0	2	4	4	0	0	0	3	4	0	2	0	0	0	0	1	7
999	7 Mar 26	04:17:00	1	0	0	0	0	0	1	0	0	0	0	7	8	0	1	0	0	0	0	6	7	0	3	1	0	1	0	0	0	4	1	0	2	2	0	2	0	2	5
1000	7 Mar 26	04:18:00	1	0	0	0	0	0	1	0	0	0	0	3	6	0	1	5	0	0	0	5	7	0	0	5	3	1	0	0	1	2	4	0	1	4	0	0	0	1	5
1001	7 Mar 26	04:19:00	1	0	0	0	0	0	1	0	0	0	0	1	5	0	0	1	0	0	1	2	7	0	0	2	4	4	0	0	5	0	7	0	6	3	0	2	0	15	6
1002	7 Mar 26	04:20:00	1	0	0	0	0	0	1	0	0	0	0	0	7	0	2	4	0	0	0	0	3	0	0	4	4	4	0	0	4	0	1	0	3	7	0	4	0	7	4
1003	7 Mar 26	04:21:00	1	0	0	0	0	0	1	0	0	0	0	0	10	0	5	5	0	0	0	0	10	0	0	1	7	3	0	0	2	0	4	0	4	5	0	1	0	4	7
1004	7 Mar 26	04:22:00	1	0	0	0	0	0	1	0	0	0	0	0	5	0	0	2	0	0	2	0	5	0	0	0	1	2	0	0	6	0	0	0	0	1	0	0	6	7	4
1005	7 Mar 26	04:23:00	1	0	0	0	0	0	1	0	0	0	0	3	2	0	0	7	0	0	0	0	7	5	1	1	3	4	0	0	2	0	0	0	4	6	6	3	0	1	3
1006	7 Mar 26	04:24:00	1	0	0	0	0	0	1	0	0	0	2	0	9	2	0	1	0	0	0	0	2	0	1	1	5	0	0	0	2	0	5	0	3	0	1	2	2	0	2
1007	7 Mar 26	04:25:00	1	0	0	0	0	0	1	0	0	6	2	0	7	7	2	5	0	0	0	0	5	0	0	0	0	0	0	0	3	0	1	0	1	0	0	0	1	4	13
1008	7 Mar 26	04:26:00	1	0	0	0	0	0	1	0	2	0	0	0	6	1	0	2	0	0	0	0	4	0	3	1	0	0	0	0	1	5	0	0	0	0	0	0	0	0	4
1009	7 Mar 26	04:27:00	1	0	0	0	0	0	1	0	0	1	0	0	7	6	0	7	0	0	0	0	8	2	2	0	2	0	0	0	0	0	0	0	0	0	0	0	0	7	1
1010	7 Mar 26	04:28:00	1	0	0	0	0	0	1	0	1	1	0	0	4	4	0	3	0	0	0	0	7	5	7	0	2	0	0	1	0	0	0	0	0	0	0	0	0	3	6
1011	7 Mar 26	04:29:00	1	0	0	0	0	0	1	0	5	2	0	0	8	0	0	5	0	0	0	0	11	7	2	0	1	0	0	1	0	0	0	0	1	0	0	0	0	8	3
1012	7 Mar 26	04:30:00	1	0	0	0	0	0	1	0	10	0	0	0	7	0	0	2	2	0	0	0	8	3	7	4	3	0	0	2	0	0	0	6	0	0	0	0	0	9	5
1013	7 Mar 26	04:31:00	1	0	0	0	0	0	1	0	5	0	3	0	14	0	1	2	0	0	0	0	6	1	11	2	11	0	0	0	0	0	0	5	0	0	0	0	0	1	0
1014	7 Mar 26	04:32:00	1	0	0	0	0	0	1	0	2	0	0	0	4	0	0	3	1	0	0	0	8	4	4	0	4	0	0	1	4	0	0	8	0	0	0	0	0	5	0
1015	7 Mar 26	04:33:00	1	0	0	0	0	0	1	0	0	0	0	0	6	0	1	1	0	0	0	3	6	5	4	0	1	0	0	1	3	0	0	4	0	0	1	0	2	1	3
1016	7 Mar 26	04:34:00	1	0	0	0	0	0	1	0	0	0	0	0	6	0	9	3	0	0	0	0	6	0	8	2	3	0	0	4	6	0	0	3	0	0	0	0	6	15	3
1017	7 Mar 26	04:35:00	1	0	0	0	0	0	1	0	0	0	0	0	4	1	2	7	0	0	0	0	8	2	9	0	3	0	0	3	0	0	2	0	0	0	0	0	6	3	2
1018	7 Mar 26	04:36:00	1	0	0	0	0	0	1	0	0	0	0	0	6	5	0	6	0	0	0	0	5	2	7	1	3	0	0	3	5	0	0	4	0	0	0	0	1	14	4
1019	7 Mar 26	04:37:00	1	0	0	0	0	0	1	0	0	0	0	0	6	3	0	3	0	0	0	0	8	5	5	0	0	0	0	0	1	0	0	2	0	0	0	0	2	3	6
1020	7 Mar 26	04:38:00	1	0	0	0	0	0	1	0	0	1	0	0	6	5	4	0	0	0	0	0	6	2	10	0	4	0	0	2	0	0	0	4	0	0	0	0	3	2	8
1021	7 Mar 26	04:39:00	1	0	0	0	0	0	1	0	0	0	0	0	10	1	2	2	0	0	0	0	8	0	7	0	4	0	0	0	0	0	0	4	4	0	0	0	2	7	3
1022	7 Mar 26	04:40:00	1	0	0	0	0	0	1	0	0	4	0	0	4	8	0	2	0	0	0	0	3	4	4	0	5	0	0	4	0	0	0	5	2	0	2	0	0	2	10
1023	7 Mar 26	04:41:00	1	0	0	0	0	0	1	0	0	0	0	0	6	2	0	3	0	0	0	0	6	0	6	0	3	0	0	3	0	0	0	3	1	0	1	0	0	3	6
1024	7 Mar 26	04:42:00	1	0	0	0	0	0	1	0	0	1	0	0	7	3	0	2	0	0	0	0	7	0	9	0	0	0	0	0	0	0	0	7	0	3	2	0	0	1	4
1025	7 Mar 26	04:43:00	1	0	0	0	0	0	1	0	0	0	0	0	2	2	1	0	0	0	0	0	2	0	5	4	4	0	0	3	0	3	0	4	2	2	0	0	0	3	2
1026	7 Mar 26	04:44:00	1	0	0	0	0	0	1	0	0	0	0	0	8	3	6	0	0	0	0	0	7	1	6	0	1	0	0	0	0	3	0	5	2	3	0	0	0	3	2
1027	7 Mar 26	04:45:00	1	0	0	0	0	0	1	0	0	0	0	0	5	0	2	0	0	0	0	0	7	0	5	0	4	0	0	0	0	0	0	4	1	4	0	0	0	0	6
1028	7 Mar 26	04:46:00	1	0	0	0	0	0	1	0	0	0	0	0	9	0	1	0	0	0	0	0	7	6	7	0	4	0	0	2	0	0	0	1	0	0	0	0	1	3	3
1029	7 Mar 26	04:47:00	1	0	0	0	0	0	1	0	0	0	0	0	7	0	0	0	0	0	0	0	11	0	7	0	4	0	0	2	0	0	0	0	0	1	0	0	1	1	8
1030	7 Mar 26	04:48:00	1	0	0	0	0	0	1	0	0	0	0	0	10	0	5	0	0	4	0	0	8	8	4	0	4	0	0	2	0	4	0	2	0	2	2	0	0	3	5
1031	7 Mar 26	04:49:00	1	0	0	0	0	0	1	0	0	0	0	0	10	0	0	0	0	2	0	0	7	10	8	0	1	0	0	2	0	3	0	2	0	0	4	0	0	2	4
1032	7 Mar 26	04:50:00	1	0	0	0	0	0	1	0	0	0	0	0	8	0	10	0	0	2	0	0	4	2	6	0	2	0	0	2	2	5	0	1	0	0	3	0	0	6	2
1033	7 Mar 26	04:51:00	1	0	0	0	0	0	1	0	0	0	0	0	8	0	5	1	0	2	0	0	4	1	3	0	0	0	0	6	4	6	0	4	5	0	5	0	0	2	6
1034	7 Mar 26	04:52:00	1	0	0	0	0	0	1	0	0	0	0	0	9	0	1	0	0	4	0	0	10	4	2	8	0	0	0	3	8	2	0	2	0	1	3	0	0	1	2
1035	7 Mar 26	04:53:00	1	0	0	0	0	0	1	0	0	0	0	0	8	0	7	3	0	1	0	0	5	0	10	7	3	0	0	2	0	1	0	3	0	2	6	0	2	0	6
1036	7 Mar 26	04:54:00	1	0	0	0	0	0	1	0	0	0	0	0	6	0	0	1	0	6	0	0	5	0	6	0	1	0	0	3	2	0	0	2	0	3	1	0	2	0	4
1037	7 Mar 26	04:55:00	1	0	0	0	0	0	1	0	4	0	0	0	5	0	0	3	0	4	0	0	4	2	7	0	7	0	0	0	0	0	0	0	2	6	1	1	2	0	3
1038	7 Mar 26	04:56:00	1	0	0	0	0	0	1	0	0	0	0	0	6	0	0	1	0	8	0	0	5	5	5	0	7	0	1	1	0	0	0	4	0	4	0	0	0	0	2
1039	7 Mar 26	04:57:00	1	0	0	0	0	0	1	0	2	0	0	0	6	0	0	1	8	6	0	0	7	5	6	2	5	0	1	2	0	0	0	2	2	1	0	0	0	0	2
1040	7 Mar 26	04:58:00	1	0	0	0	0	0	1	0	9	0	0	0	13	0	4	1	0	4	2	0	2	0	9	0	5	0	0	3	0	0	0	3	1	0	2	2	0	2	0
1041	7 Mar 26	04:59:00	1	0	0	0	0	0	1	0	8	0	0	0	5	0	2	0	0	6	0	0	6	0	11	1	2	0	0	3	0	0	0	3	0	4	1	5	0	6	0
1042	7 Mar 26	05:00:00	1	0	0	0	0	0	1	0	0	0	0	4	14	0	1	3	0	5	0	0	5	0	3	0	3	0	0	6	6	0	0	2	0	14	0	1	0	3	0
1043	7 Mar 26	05:01:00	1	0	0	0	0	0	1	0	6	0	0	3	4	0	0	0	0	9	3	0	6	0	5	0	1	0	0	1	1	0	0	3	2	1	0	2	0	2	0
1044	7 Mar 26	05:02:00	1	0	0	0	0	0	1	0	3	0	0	4	5	0	0	0	0	6	0	0	2	0	8	0	7	0	0	1	8	0	0	0	3	0	0	0	0	2	2
1045	7 Mar 26	05:03:00	1	0	0	0	0	0	1	0	4	0	0	0	5	0	4	0	1	10	0	0	7	0	6	8	2	0	0	4	0	0	0	1	2	1	2	0	0	10	5
1046	7 Mar 26	05:04:00	1	0	0	0	0	0	1	0	6	0	0	1	8	0	1	0	0	12	0	0	2	0	7	1	0	0	0	3	3	0	0	2	0	2	1	0	0	3	2
1047	7 Mar 26	05:05:00	1	0	0	0	0	0	1	0	11	0	0	5	7	0	0	0	1	6	0	0	1	0	3	3	3	0	0	3	1	0	0	2	0	0	1	0	0	8	1
1048	7 Mar 26	05:06:00	1	0	0	0	0	0	1	0	6	6	0	0	1	0	1	0	0	4	0	0	4	0	5	1	2	8	0	0	0	0	0	0	3	4	2	0	0	3	7
1049	7 Mar 26	05:07:00	1	0	0	0	0	0	1	0	6	1	0	0	3	0	2	0	0	1	0	0	8	0	6	2	3	5	0	4	0	2	0	1	0	0	4	0	0	10	5
1050	7 Mar 26	05:08:00	1	0	0	0	0	0	1	0	5	1	0	0	6	0	0	0	0	8	0	0	0	0	5	0	5	3	0	2	0	4	0	5	0	0	0	4	0	5	2
1051	7 Mar 26	05:09:00	1	0	0	0	0	0	1	0	3	0	0	0	4	0	5	0	0	5	0	6	9	0	6	3	1	1	0	2	0	0	0	4	0	0	1	0	3	3	3
1052	7 Mar 26	05:10:00	1	0	0	0	0	0	1	0	5	0	0	0	8	0	0	0	0	6	0	0	5	0	9	1	4	2	0	3	0	3	0	3	0	0	1	0	3	3	0
1053	7 Mar 26	05:11:00	1	0	0	0	0	0	1	0	3	0	0	0	6	0	0	0	0	8	0	0	5	0	6	0	5	0	0	0	0	0	0	2	2	0	3	0	0	7	0
1054	7 Mar 26	05:12:00	1	0	0	0	0	0	1	0	6	1	0	0	5	0	7	0	0	13	0	0	8	0	5	0	4	5	0	0	0	0	0	5	2	0	5	1	0	0	0
1055	7 Mar 26	05:13:00	1	0	0	0	0	0	1	0	5	9	0	0	7	0	4	0	0	10	0	0	3	0	7	0	1	0	1	1	0	0	0	2	0	0	3	4	0	7	0
1056	7 Mar 26	05:14:00	1	0	0	0	0	0	1	0	2	26	0	0	4	0	13	0	0	6	0	0	0	0	7	0	5	1	0	1	0	0	0	0	0	0	6	4	2	2	4
1057	7 Mar 26	05:15:00	1	0	0	0	0	0	1	0	4	11	0	0	5	0	7	0	0	10	0	0	0	0	5	0	5	5	2	0	0	0	0	1	2	0	4	5	2	2	2
1058	7 Mar 26	05:16:00	1	0	0	0	0	0	1	0	4	0	0	0	6	0	4	0	0	3	1	0	0	0	10	0	7	2	3	4	0	0	0	0	4	0	4	1	0	2	4
1059	7 Mar 26	05:17:00	1	0	0	0	0	0	1	0	5	0	0	0	4	3	3	0	0	6	0	0	0	0	3	0	3	1	0	2	0	0	0	0	3	0	2	3	0	4	4
1060	7 Mar 26	05:18:00	1	0	0	0	0	0	1	0	4	1	0	0	6	6	3	0	0	9	0	0	0	0	5	0	2	0	1	3	0	0	0	0	2	0	4	8	0	13	5
1061	7 Mar 26	05:19:00	1	0	0	0	0	0	1	0	5	2	0	0	7	0	9	0	0	6	1	0	0	0	4	0	2	0	0	0	0	0	0	0	3	0	4	7	0	4	6
1062	7 Mar 26	05:20:00	1	0	0	0	0	0	1	0	1	0	0	0	5	1	16	0	0	12	0	0	0	0	4	0	1	0	0	2	0	0	2	0	0	0	8	0	0	5	4
1063	7 Mar 26	05:21:00	1	0	0	0	0	0	1	0	0	0	0	0	16	8	10	0	0	4	0	0	0	0	3	0	4	0	0	3	0	1	2	0	4	2	2	0	0	4	5
1064	7 Mar 26	05:22:00	1	0	0	0	0	0	1	0	0	0	0	0	5	3	7	0	0	3	0	0	0	0	5	0	2	0	0	0	5	5	0	0	5	4	1	0	0	9	8
1065	7 Mar 26	05:23:00	1	0	0	0	0	0	1	0	0	3	0	0	5	1	19	0	0	3	0	0	0	0	8	0	2	0	0	0	1	4	0	0	3	2	5	0	0	4	6
1066	7 Mar 26	05:24:00	1	0	0	0	0	0	1	0	0	0	0	0	6	0	15	1	0	4	0	0	0	0	5	0	1	0	0	0	5	0	0	0	5	2	3	0	0	10	3
1067	7 Mar 26	05:25:00	1	0	0	0	0	0	1	0	0	0	0	0	5	0	14	9	0	3	0	0	0	0	4	0	3	0	5	0	3	0	0	0	1	2	2	1	0	6	0
1068	7 Mar 26	05:26:00	1	0	0	0	0	0	1	0	0	0	0	5	10	0	9	7	0	8	0	0	0	0	4	0	0	0	2	0	0	0	0	0	1	3	3	0	1	5	0
1069	7 Mar 26	05:27:00	1	0	0	0	0	0	1	0	0	0	0	2	16	0	12	3	0	6	0	0	0	0	4	0	0	0	4	0	0	0	0	0	0	1	4	0	2	3	0
1070	7 Mar 26	05:28:00	1	0	0	0	0	0	1	0	0	3	0	2	6	0	9	1	0	10	1	0	0	0	3	0	0	0	1	0	0	4	0	0	1	0	1	0	1	1	0
1071	7 Mar 26	05:29:00	1	0	0	0	0	0	1	0	0	0	0	3	6	0	10	5	0	8	2	0	0	0	3	0	0	0	1	0	11	0	0	0	2	0	0	1	1	2	0
1072	7 Mar 26	05:30:00	1	0	0	0	0	0	1	0	0	0	0	4	4	0	9	0	0	13	0	0	0	0	5	0	3	0	1	0	0	1	0	0	1	0	0	4	0	5	0
1073	7 Mar 26	05:31:00	1	0	0	0	0	0	1	0	0	8	0	1	8	0	15	7	0	10	0	0	0	0	3	0	3	0	0	0	0	7	0	0	3	5	4	4	2	4	0
1074	7 Mar 26	05:32:00	1	0	0	0	0	0	1	0	0	4	0	4	4	0	6	0	0	5	0	0	0	0	6	0	5	0	3	0	0	1	0	0	2	3	6	0	0	6	0
1075	7 Mar 26	05:33:00	1	0	0	0	0	0	1	0	0	3	0	5	0	0	14	0	0	6	0	0	0	0	6	0	2	0	0	0	0	0	0	0	2	1	3	0	5	4	0
1076	7 Mar 26	05:34:00	1	0	0	0	0	0	1	0	1	0	0	1	3	0	9	0	0	2	0	0	0	0	7	0	0	0	0	0	0	0	0	0	0	2	0	7	2	2	0
1077	7 Mar 26	05:35:00	1	0	0	0	0	0	1	0	6	1	0	0	4	0	9	0	0	6	5	0	0	0	4	8	3	0	1	0	0	0	0	0	0	0	0	1	5	6	0
1078	7 Mar 26	05:36:00	1	0	0	0	0	0	1	0	5	0	0	2	9	0	10	0	0	1	0	0	0	0	7	1	3	6	0	0	0	4	0	0	2	1	0	0	1	5	4
1079	7 Mar 26	05:37:00	1	0	0	0	0	0	1	0	3	0	0	4	5	0	7	0	0	0	0	0	0	0	0	3	5	2	0	0	0	7	6	0	2	3	0	0	5	8	2
1080	7 Mar 26	05:38:00	1	0	0	0	0	0	1	0	4	1	0	1	3	0	15	0	0	0	0	0	0	5	1	1	0	3	0	0	0	3	4	0	0	0	0	0	1	2	4
1081	7 Mar 26	05:39:00	1	0	0	0	0	0	1	0	4	0	0	0	15	0	4	0	0	0	1	0	0	0	1	0	4	2	0	0	0	2	4	0	2	0	0	2	9	2	9
1082	7 Mar 26	05:40:00	1	0	0	0	0	0	1	0	5	0	0	0	5	0	7	0	0	0	2	0	0	0	3	1	1	2	0	0	0	1	4	0	5	1	0	5	3	0	7
1083	7 Mar 26	05:41:00	1	0	0	0	0	0	1	0	4	0	0	1	9	0	10	0	0	0	0	0	0	2	6	0	1	1	0	0	0	0	4	0	4	3	0	0	2	0	1
1084	7 Mar 26	05:42:00	1	0	0	0	0	0	1	0	0	3	0	4	8	0	11	0	0	0	0	0	0	3	4	0	2	2	0	1	0	0	3	0	4	1	0	0	0	2	6
1085	7 Mar 26	05:43:00	1	0	0	0	0	0	1	0	0	3	0	0	7	0	4	0	0	0	0	0	0	7	5	0	4	2	0	1	0	0	7	0	0	1	0	0	0	3	2
1086	7 Mar 26	05:44:00	1	0	0	0	0	0	1	0	0	1	0	0	6	0	5	0	0	0	0	0	0	1	4	4	2	6	0	0	0	3	1	0	2	0	0	0	0	5	4
1087	7 Mar 26	05:45:00	1	0	0	0	0	0	1	0	0	0	0	0	7	0	8	0	0	0	0	0	0	2	5	5	4	2	0	0	0	3	8	0	0	5	0	0	4	3	6
1088	7 Mar 26	05:46:00	1	0	0	0	0	0	1	0	0	0	0	0	12	0	9	0	0	0	0	0	0	3	5	3	0	11	0	0	0	0	4	0	0	3	0	0	0	4	2
1089	7 Mar 26	05:47:00	1	0	0	0	0	0	1	0	0	0	0	0	9	0	2	0	0	0	0	0	0	3	5	2	8	2	3	0	0	0	5	0	0	5	0	0	1	4	10
1090	7 Mar 26	05:48:00	1	0	0	0	0	0	1	0	0	0	0	0	11	0	3	0	0	0	0	0	0	1	3	2	5	5	2	0	6	0	3	0	1	0	0	0	3	1	4
1091	7 Mar 26	05:49:00	1	0	0	0	0	0	1	0	0	0	0	0	6	0	10	0	0	0	0	0	0	3	7	1	3	1	0	0	1	4	3	0	0	7	0	0	0	2	2
1092	7 Mar 26	05:50:00	1	0	0	0	0	0	1	0	0	0	0	0	11	0	12	0	0	0	0	0	0	2	4	2	2	0	0	0	0	3	3	0	4	0	0	0	0	5	5
1093	7 Mar 26	05:51:00	1	0	0	0	0	0	1	0	7	0	0	1	7	0	10	2	0	0	0	0	0	2	3	0	4	0	0	0	0	5	1	0	2	0	0	0	4	2	3
1094	7 Mar 26	05:52:00	1	0	0	0	0	0	1	0	4	0	1	3	8	0	7	4	0	0	3	0	0	7	5	1	3	0	0	0	0	3	1	0	2	2	0	0	2	0	7
1095	7 Mar 26	05:53:00	1	0	0	0	0	0	1	0	7	0	0	2	9	0	6	6	0	0	1	0	0	2	3	2	1	0	1	0	0	0	3	0	2	1	2	0	0	0	3
1096	7 Mar 26	05:54:00	1	0	0	0	0	0	1	0	1	0	0	2	3	0	9	4	0	0	0	0	0	2	5	14	1	3	1	0	0	0	5	0	2	2	1	0	0	2	4
1097	7 Mar 26	05:55:00	1	0	0	0	0	0	1	0	3	5	0	4	8	0	7	4	0	0	0	0	0	0	4	15	4	1	0	0	0	0	4	0	1	0	7	0	0	0	0
1098	7 Mar 26	05:56:00	1	0	0	0	0	0	1	0	5	2	0	2	9	0	2	5	1	0	0	0	0	0	4	1	0	0	0	0	0	3	6	0	3	0	2	0	0	0	4
1099	7 Mar 26	05:57:00	1	0	0	0	0	0	1	0	3	0	0	1	13	0	8	9	2	0	1	0	0	0	2	1	0	2	1	0	0	0	2	3	3	0	0	0	1	0	2
1100	7 Mar 26	05:58:00	1	0	0	0	0	0	1	0	1	0	0	0	8	0	9	3	2	0	0	0	0	0	8	0	0	1	6	0	0	0	3	1	2	0	0	0	3	0	12
1101	7 Mar 26	05:59:00	1	0	0	0	0	0	1	0	13	0	0	2	9	0	6	8	0	0	0	0	0	0	1	13	2	2	3	0	0	6	2	3	3	0	0	0	3	4	1
1102	7 Mar 26	06:00:00	1	0	0	0	0	0	1	0	5	0	0	0	6	0	7	1	0	0	1	0	0	0	1	1	4	7	0	0	0	7	2	7	1	0	0	0	2	4	1
1103	7 Mar 26	06:01:00	1	0	0	0	0	0	1	0	2	0	1	0	6	0	9	4	0	0	0	0	0	0	0	0	0	3	0	0	0	3	0	3	0	0	0	0	3	12	1
1104	7 Mar 26	06:02:00	1	0	0	0	0	0	1	0	4	0	0	0	7	0	12	0	0	0	0	0	0	0	0	3	1	0	2	0	0	5	3	3	0	0	0	0	0	8	5
1105	7 Mar 26	06:03:00	1	0	0	0	0	0	1	4	1	0	3	0	16	0	9	0	0	0	0	0	0	0	0	0	4	4	2	0	0	6	5	4	4	0	0	0	3	4	5
1106	7 Mar 26	06:04:00	1	0	0	0	0	0	1	0	0	0	6	5	7	0	8	0	0	0	0	0	0	0	0	1	4	7	1	5	0	7	8	3	2	0	0	0	3	2	5
1107	7 Mar 26	06:05:00	1	0	0	0	0	0	1	0	0	0	1	2	2	0	7	0	0	0	0	0	0	0	0	7	2	1	2	1	0	6	3	5	2	0	0	0	2	3	3
1108	7 Mar 26	06:06:00	1	0	0	0	0	0	1	0	0	0	0	4	10	0	7	0	0	0	0	0	0	0	0	0	4	0	0	2	0	3	4	0	0	0	0	0	4	11	3
1109	7 Mar 26	06:07:00	1	0	0	0	0	0	1	0	0	0	0	4	3	0	2	0	0	0	0	0	0	0	0	0	2	8	7	1	0	0	5	0	0	0	0	0	0	1	6
1110	7 Mar 26	06:08:00	1	0	0	0	0	0	1	0	0	0	0	0	7	0	0	0	0	0	0	0	0	0	0	0	6	3	0	6	0	8	0	1	0	0	3	0	2	0	4
1111	7 Mar 26	06:09:00	1	0	0	0	0	0	1	0	0	0	0	0	8	0	0	0	0	0	0	0	0	0	0	0	0	3	1	1	0	1	4	2	0	1	3	0	2	1	6
1112	7 Mar 26	06:10:00	1	0	0	0	0	0	1	0	0	0	0	0	4	0	0	0	0	0	0	0	0	0	0	1	3	0	0	2	0	12	0	5	2	1	2	0	0	2	1
1113	7 Mar 26	06:11:00	1	0	0	0	0	0	1	0	4	0	0	1	6	0	0	0	0	0	0	0	0	0	0	0	2	0	0	1	0	1	0	3	4	0	3	0	0	2	8
1114	7 Mar 26	06:12:00	1	0	0	0	0	0	1	0	2	0	0	4	8	0	0	0	0	0	0	2	0	0	0	0	3	0	0	0	0	0	0	1	2	3	1	0	0	5	8
1115	7 Mar 26	06:13:00	1	0	0	0	0	0	1	0	0	0	0	1	8	0	0	1	0	0	0	3	0	5	0	0	9	0	2	0	0	0	0	2	2	8	3	0	0	4	10
1116	7 Mar 26	06:14:00	1	0	0	0	0	0	1	0	0	0	0	0	2	0	0	8	0	0	0	8	0	4	0	0	3	0	0	0	0	0	0	3	0	2	3	0	0	3	1
1117	7 Mar 26	06:15:00	1	0	0	0	0	0	1	0	0	0	0	3	6	0	0	3	0	0	0	0	0	7	0	0	2	0	1	0	0	0	0	1	4	3	6	0	0	0	3
1118	7 Mar 26	06:16:00	1	0	0	0	0	0	1	0	0	0	0	2	8	0	0	13	0	0	4	0	0	5	0	0	1	4	1	1	0	0	0	8	5	3	1	0	0	0	6
1119	7 Mar 26	06:17:00	1	0	0	0	0	0	1	0	0	0	0	0	6	0	0	6	0	0	0	0	0	1	0	0	3	0	0	2	0	0	0	2	3	2	3	0	2	3	6
1120	7 Mar 26	06:18:00	1	0	0	0	0	0	1	0	0	0	0	0	5	0	0	7	0	0	0	0	0	5	0	0	5	0	0	4	0	0	0	2	0	0	5	0	2	2	2
1121	7 Mar 26	06:19:00	1	0	0	0	0	0	1	0	0	0	0	0	6	3	0	2	0	0	2	0	0	2	0	0	2	0	0	3	0	0	0	10	4	1	4	0	0	0	3
1122	7 Mar 26	06:20:00	1	0	0	0	0	0	1	0	0	0	0	0	5	1	0	0	0	0	0	0	0	12	0	0	1	1	0	4	0	0	0	2	2	0	1	2	0	0	6
1123	7 Mar 26	06:21:00	1	0	0	0	0	0	1	0	1	0	0	0	12	0	0	2	0	0	0	0	0	1	0	0	3	2	0	1	0	0	0	2	5	1	3	1	0	0	5
1124	7 Mar 26	06:22:00	1	0	0	0	0	0	1	0	5	0	0	0	6	0	0	8	0	0	0	0	0	0	0	0	3	7	0	2	0	10	0	6	4	1	2	0	0	0	1
1125	7 Mar 26	06:23:00	1	0	0	0	0	0	1	0	4	0	0	0	6	0	0	2	0	0	1	0	0	1	2	0	8	1	0	0	0	5	0	0	3	4	4	0	0	0	1
1126	7 Mar 26	06:24:00	1	0	0	0	0	0	1	0	5	0	0	0	8	2	0	0	0	0	3	0	0	1	0	0	3	4	0	0	0	4	0	4	4	1	3	0	0	3	6
1127	7 Mar 26	06:25:00	1	0	0	0	0	0	1	0	3	0	0	0	1	3	0	0	0	0	2	0	0	7	0	0	0	0	0	0	0	3	0	0	4	1	6	0	0	4	7
1128	7 Mar 26	06:26:00	1	0	0	0	0	0	1	0	2	0	0	0	0	2	0	0	2	0	0	0	0	6	0	0	5	0	0	0	0	3	0	0	4	1	3	0	0	0	4
1129	7 Mar 26	06:27:00	1	0	0	0	0	0	1	0	4	0	0	0	6	2	0	0	0	0	1	0	0	4	0	0	2	0	0	0	0	0	0	8	4	1	3	1	0	0	4
1130	7 Mar 26	06:28:00	1	0	0	0	0	0	1	0	9	0	0	0	10	2	0	0	0	0	2	0	0	3	1	2	0	0	0	0	0	0	0	1	6	2	4	3	0	0	5
1131	7 Mar 26	06:29:00	1	0	0	0	0	0	1	0	5	0	0	0	7	2	0	0	0	0	0	0	0	3	0	5	0	0	0	0	0	0	0	0	2	1	0	1	0	1	1
1132	7 Mar 26	06:30:00	1	0	0	0	0	0	1	0	3	0	0	0	7	1	0	0	0	0	0	0	0	4	0	8	5	0	0	0	0	0	0	0	0	9	0	2	4	1	3
1133	7 Mar 26	06:31:00	1	0	0	0	0	0	1	0	2	0	0	0	5	3	0	0	0	0	1	0	0	0	0	0	2	0	0	0	0	0	0	0	0	0	4	0	5	2	4
1134	7 Mar 26	06:32:00	1	0	0	0	0	0	1	0	8	0	0	0	4	1	0	0	1	0	0	0	0	5	0	6	4	0	0	0	0	0	0	0	0	0	7	1	0	1	5
1135	7 Mar 26	06:33:00	1	0	0	0	0	0	1	0	2	0	0	0	8	2	0	0	0	0	0	0	0	3	0	12	5	0	0	4	0	2	0	0	2	8	3	0	3	3	5
1136	7 Mar 26	06:34:00	1	0	0	0	0	0	1	0	8	0	0	0	9	2	0	0	0	0	0	0	0	1	0	0	1	0	0	6	0	0	1	0	0	2	0	0	1	3	3
1137	7 Mar 26	06:35:00	1	0	0	0	0	0	1	0	1	0	0	1	7	1	0	0	0	0	0	3	0	1	0	0	2	0	7	0	0	0	0	1	0	7	0	2	3	0	6
1138	7 Mar 26	06:36:00	1	0	0	0	0	0	1	0	0	0	0	2	7	3	0	0	0	0	0	0	0	3	0	0	1	0	0	3	0	0	0	3	2	2	2	4	2	2	3
1139	7 Mar 26	06:37:00	1	0	0	0	0	0	1	0	2	2	0	7	6	5	3	0	1	0	0	1	0	8	0	0	2	0	1	0	0	2	0	4	3	1	4	1	0	4	4
1140	7 Mar 26	06:38:00	1	0	0	0	0	0	1	0	0	0	0	1	5	1	0	0	0	0	0	5	0	3	0	0	3	0	0	0	0	12	0	6	2	1	3	3	1	3	6
1141	7 Mar 26	06:39:00	1	0	0	0	0	0	1	0	1	0	0	1	6	1	0	0	0	0	0	4	0	1	0	0	0	0	0	0	0	6	0	2	3	0	5	1	3	3	3
1142	7 Mar 26	06:40:00	1	0	0	0	0	0	1	0	1	2	0	1	6	5	0	0	0	0	0	4	0	0	0	0	7	0	0	4	1	4	0	2	2	1	0	0	2	0	7
1143	7 Mar 26	06:41:00	1	0	0	0	0	0	1	0	3	0	3	2	9	2	0	0	0	0	0	2	0	0	0	0	3	0	1	4	1	0	0	4	1	2	0	0	0	0	5
1144	7 Mar 26	06:42:00	1	0	0	0	0	0	1	0	1	3	2	0	9	0	0	1	0	0	0	2	0	1	0	3	2	0	1	5	1	2	0	3	2	1	1	0	2	3	1
1145	7 Mar 26	06:43:00	1	0	0	0	0	0	1	0	0	5	3	1	5	0	0	4	1	0	0	1	0	3	0	1	9	0	4	3	3	4	0	0	0	0	2	0	2	3	4
1146	7 Mar 26	06:44:00	1	0	0	0	0	0	1	0	1	0	1	0	5	0	0	2	0	0	0	2	0	2	0	0	3	0	1	1	2	0	0	0	0	2	2	0	0	4	5
1147	7 Mar 26	06:45:00	1	0	0	0	0	0	1	0	6	0	2	0	8	0	0	6	1	0	0	1	0	5	0	7	4	0	1	2	2	0	0	0	0	1	0	0	0	1	2
1148	7 Mar 26	06:46:00	1	0	0	0	0	0	1	0	3	0	0	0	6	0	0	11	0	0	0	3	0	2	0	0	1	0	2	1	2	0	0	0	1	2	0	0	2	0	4
1149	7 Mar 26	06:47:00	1	0	0	0	0	0	1	0	8	0	0	0	8	0	0	3	1	0	0	0	0	0	0	0	3	0	0	1	3	0	0	0	1	8	0	0	0	3	5
1150	7 Mar 26	06:48:00	1	0	0	0	0	0	1	0	5	0	0	0	11	0	0	0	0	0	0	0	0	6	0	0	5	0	0	2	0	0	0	0	4	6	0	0	0	1	5
1151	7 Mar 26	06:49:00	1	0	0	0	0	0	1	0	6	3	0	1	4	0	0	5	0	0	0	0	0	4	0	0	10	0	0	2	1	0	0	0	3	0	0	0	0	0	1
1152	7 Mar 26	06:50:00	1	0	0	0	0	0	1	0	3	0	0	1	10	0	0	8	0	0	0	0	0	2	0	0	10	0	0	3	4	0	0	4	2	1	0	0	0	2	1
1153	7 Mar 26	06:51:00	1	0	0	0	0	0	1	2	2	0	0	4	12	0	0	0	1	0	0	1	0	0	0	0	0	0	0	3	2	6	5	3	5	0	0	0	0	2	8
1154	7 Mar 26	06:52:00	1	0	0	0	0	0	1	0	7	0	0	1	5	0	0	2	1	0	2	0	0	0	0	0	4	4	0	1	2	7	5	3	0	1	0	0	0	5	3
1155	7 Mar 26	06:53:00	1	0	0	0	0	0	1	0	3	0	0	4	6	0	0	4	0	0	0	1	0	0	0	0	1	3	0	1	0	2	3	5	4	0	0	0	0	14	7
1156	7 Mar 26	06:54:00	1	0	0	0	0	0	1	0	3	0	0	0	6	0	0	2	0	0	0	0	0	0	0	0	1	4	0	0	0	0	3	5	2	1	0	0	0	2	5
1157	7 Mar 26	06:55:00	1	0	0	0	0	0	1	0	0	0	0	2	8	0	0	9	0	0	0	0	0	0	0	0	3	0	0	1	7	0	7	6	2	0	0	0	2	2	2
1158	7 Mar 26	06:56:00	1	0	0	0	0	0	1	0	0	0	0	1	6	0	0	2	0	0	0	0	1	0	0	0	5	2	0	6	7	0	1	0	2	2	0	0	0	3	4
1159	7 Mar 26	06:57:00	1	0	0	0	0	0	1	0	0	0	0	2	12	0	0	0	0	0	0	0	0	0	0	0	1	0	0	0	5	0	3	0	2	7	0	0	2	1	2
1160	7 Mar 26	06:58:00	1	0	0	0	0	0	1	0	0	0	2	4	4	0	0	1	4	0	0	0	6	0	0	0	2	0	0	1	2	0	2	0	0	1	0	0	0	2	3
1161	7 Mar 26	06:59:00	1	0	0	0	0	0	1	0	0	0	3	0	4	0	2	0	0	0	0	0	0	0	0	0	1	0	0	2	4	0	7	0	0	4	1	0	1	0	3
1162	7 Mar 26	07:00:00	1	0	0	0	0	0	1	0	0	0	4	0	9	0	0	2	0	0	0	0	9	3	0	1	6	0	4	3	0	0	7	0	0	6	2	0	3	4	3
1163	7 Mar 26	07:01:00	1	0	0	0	0	0	1	0	1	0	5	1	9	0	3	4	2	0	0	0	11	1	0	1	5	0	0	1	0	5	2	0	0	0	2	0	4	4	3
1164	7 Mar 26	07:02:00	1	0	0	0	0	0	1	0	4	1	1	4	5	0	0	6	2	0	0	0	10	6	0	1	5	0	0	1	0	0	3	0	0	3	6	0	1	5	1
1165	7 Mar 26	07:03:00	1	0	0	0	0	0	1	0	5	5	0	0	12	0	0	0	0	0	0	0	9	1	0	0	4	0	0	2	2	0	5	0	0	6	0	0	0	6	4
1166	7 Mar 26	07:04:00	1	0	0	0	0	0	1	0	8	0	0	4	7	0	1	3	0	0	0	0	10	4	0	2	9	0	0	0	3	0	3	0	0	0	3	0	0	4	4
1167	7 Mar 26	07:05:00	1	0	0	0	0	0	1	0	2	0	0	3	5	0	0	5	0	0	0	0	4	0	0	0	5	0	0	3	2	0	4	0	0	0	5	0	2	16	2
1168	7 Mar 26	07:06:00	1	0	0	0	0	0	1	0	3	0	0	7	7	0	0	8	0	0	0	0	7	2	0	0	2	0	0	1	4	7	6	0	0	0	3	0	3	3	5
1169	7 Mar 26	07:07:00	1	0	0	0	0	0	1	0	0	5	0	3	3	0	0	3	0	0	0	0	10	3	0	0	6	0	3	0	0	8	4	0	4	0	0	1	0	14	5
1170	7 Mar 26	07:08:00	1	0	0	0	0	0	1	0	6	0	0	1	10	0	2	0	0	0	0	0	12	3	0	2	6	0	3	0	0	5	14	0	5	0	5	3	0	4	2
1171	7 Mar 26	07:09:00	1	0	0	0	0	0	1	0	1	0	0	4	2	0	3	4	1	0	0	0	6	3	0	7	5	0	1	0	2	2	8	0	2	0	4	0	0	0	4
1172	7 Mar 26	07:10:00	1	0	0	0	0	0	1	0	1	4	0	4	2	0	6	6	2	0	0	0	9	0	0	1	3	0	1	0	0	6	4	0	0	1	2	0	2	0	4
1173	7 Mar 26	07:11:00	1	0	0	0	0	0	1	0	1	0	0	1	4	1	3	0	0	0	0	0	10	10	0	0	2	0	6	1	0	1	3	0	1	3	3	0	4	2	3
1174	7 Mar 26	07:12:00	1	0	0	0	0	0	1	0	3	0	0	0	9	7	0	2	2	0	0	0	10	4	0	1	3	2	4	1	0	2	4	0	2	3	1	0	5	0	5
1175	7 Mar 26	07:13:00	1	0	0	0	0	0	1	0	4	0	0	1	8	0	0	2	0	0	1	0	8	6	0	0	0	1	1	4	0	2	1	0	6	4	4	0	1	0	4
1176	7 Mar 26	07:14:00	1	0	0	0	0	0	1	0	1	0	1	0	7	0	0	4	0	0	1	0	11	5	0	0	5	3	0	2	0	0	6	0	5	4	6	5	2	0	3
1177	7 Mar 26	07:15:00	1	0	0	0	0	0	1	0	3	0	0	2	5	2	1	14	0	0	1	0	10	1	0	0	2	4	6	0	3	1	3	0	2	10	4	7	3	0	3
1178	7 Mar 26	07:16:00	1	0	0	0	0	0	1	0	3	0	0	2	5	0	0	5	0	0	0	0	5	1	0	2	5	4	1	3	1	0	3	0	1	0	4	2	1	0	3
1179	7 Mar 26	07:17:00	1	0	0	0	0	0	1	0	0	0	10	0	8	3	0	5	0	0	0	0	5	0	0	0	2	5	1	0	2	4	0	0	4	2	5	0	3	0	2
1180	7 Mar 26	07:18:00	1	0	0	0	0	0	1	0	4	0	3	1	10	1	0	2	0	0	1	0	7	0	0	3	2	1	3	2	1	2	4	0	3	6	9	0	1	0	6
1181	7 Mar 26	07:19:00	1	0	0	0	0	0	1	0	4	0	2	0	8	1	0	2	0	0	0	0	7	0	0	26	0	2	0	0	1	2	3	0	2	1	4	0	1	3	3
1182	7 Mar 26	07:20:00	1	0	0	0	0	0	1	2	2	0	1	3	1	4	0	4	0	0	0	0	6	6	0	7	2	2	0	0	4	0	1	0	1	2	0	0	3	0	3
1183	7 Mar 26	07:21:00	1	0	0	0	0	0	1	1	2	0	5	2	11	0	1	1	0	0	0	0	3	4	0	8	2	5	1	0	10	0	8	0	2	5	2	0	2	2	6
1184	7 Mar 26	07:22:00	1	0	0	0	0	0	1	0	3	0	3	0	6	0	4	6	0	0	0	0	6	4	0	10	7	2	0	0	0	0	1	0	0	6	4	0	0	1	3
1185	7 Mar 26	07:23:00	1	0	0	0	0	0	1	0	1	0	1	1	5	0	0	2	0	0	2	0	7	3	0	2	5	1	0	0	0	0	4	0	6	4	3	0	1	5	2
1186	7 Mar 26	07:24:00	1	0	0	0	0	0	1	0	3	0	0	2	13	0	1	0	0	0	0	0	3	4	0	5	1	0	4	0	0	4	2	0	6	3	3	0	4	4	4
1187	7 Mar 26	07:25:00	1	0	0	0	0	0	1	1	3	0	1	1	7	0	0	0	0	2	0	0	6	5	0	0	2	0	2	0	0	6	3	0	4	0	4	0	0	6	4
1188	7 Mar 26	07:26:00	1	0	0	0	0	0	1	0	0	0	1	3	11	0	0	0	1	0	2	0	0	0	0	2	0	2	1	0	0	0	2	0	6	4	2	2	1	0	6
1189	7 Mar 26	07:27:00	1	0	0	0	0	0	1	0	2	2	0	2	5	0	0	0	1	10	1	0	5	1	0	1	1	3	1	4	5	0	2	0	12	1	6	5	2	0	4
1190	7 Mar 26	07:28:00	1	0	0	0	0	0	1	0	7	1	6	0	10	0	0	5	1	5	0	0	10	0	0	1	3	0	0	2	0	0	2	0	4	2	3	0	5	0	5
1191	7 Mar 26	07:29:00	1	0	0	0	0	0	1	0	4	1	10	2	9	0	1	5	1	6	0	8	6	0	0	0	3	2	3	3	3	1	0	0	1	2	1	0	3	0	4
1192	7 Mar 26	07:30:00	1	0	0	0	0	0	1	0	5	0	0	0	8	0	7	7	0	8	0	0	5	0	1	0	2	2	0	3	0	4	0	0	3	4	4	0	8	0	6
1193	7 Mar 26	07:31:00	1	0	0	0	0	0	1	0	5	0	1	4	10	1	0	8	0	7	0	1	8	5	0	7	1	1	3	3	0	0	0	0	2	1	3	0	2	0	7
1194	7 Mar 26	07:32:00	1	0	0	0	0	0	1	0	3	1	2	0	9	2	1	6	0	0	0	0	8	3	0	2	0	0	0	0	0	0	1	0	2	3	2	3	3	1	3
1195	7 Mar 26	07:33:00	1	0	0	0	0	0	1	0	3	2	1	1	6	3	0	4	0	0	0	0	7	0	0	4	6	0	0	0	0	0	3	0	5	3	4	0	2	6	1
1196	7 Mar 26	07:34:00	1	0	0	0	0	0	1	0	3	0	0	1	13	0	0	5	0	0	0	0	10	4	0	6	6	6	0	3	0	0	3	0	3	2	0	2	5	5	2
1197	7 Mar 26	07:35:00	1	0	0	0	0	0	1	0	5	0	0	0	4	2	0	5	0	0	0	0	7	5	0	13	0	0	0	2	0	6	4	0	2	5	5	0	1	3	4
1198	7 Mar 26	07:36:00	1	0	0	0	0	0	1	0	1	0	3	0	6	0	2	0	0	0	0	0	0	6	0	2	1	0	0	0	0	5	4	4	4	1	4	0	2	0	2
1199	7 Mar 26	07:37:00	1	0	0	0	0	0	1	0	4	1	2	3	5	0	1	3	0	0	0	0	2	3	0	0	3	0	0	0	0	5	4	3	2	9	8	0	7	1	3
1200	7 Mar 26	07:38:00	1	0	0	0	0	0	1	0	4	6	9	4	3	1	1	1	0	0	0	0	0	0	0	1	4	4	0	0	0	3	1	3	2	2	4	0	2	5	1
1201	7 Mar 26	07:39:00	1	0	0	0	0	0	1	0	2	0	1	0	7	0	1	2	0	0	0	0	3	0	0	0	5	3	5	0	2	0	2	5	0	7	3	0	4	3	5
1202	7 Mar 26	07:40:00	1	0	0	0	0	0	1	2	6	0	1	0	7	4	9	9	0	0	0	0	0	3	0	0	5	0	1	0	0	0	6	4	0	6	0	3	6	3	2
1203	7 Mar 26	07:41:00	1	0	0	0	0	0	1	0	3	1	0	1	3	1	1	5	0	0	0	0	0	1	0	0	5	0	0	0	4	2	2	1	1	3	3	0	5	4	2
1204	7 Mar 26	07:42:00	1	0	0	0	0	0	1	0	2	0	1	2	4	2	1	2	0	4	1	0	0	0	0	0	3	0	2	0	3	6	3	5	5	5	4	0	1	1	6
1205	7 Mar 26	07:43:00	1	0	0	0	0	0	1	0	1	0	2	0	6	1	0	0	1	12	0	0	7	8	0	0	3	2	0	0	0	5	0	4	0	3	0	4	1	4	3
1206	7 Mar 26	07:44:00	1	0	0	0	0	0	1	1	4	0	4	1	8	4	0	0	1	6	0	0	0	1	0	0	1	5	0	0	0	7	3	0	4	0	0	0	2	9	5
1207	7 Mar 26	07:45:00	1	0	0	0	0	0	1	0	3	0	1	0	9	2	0	1	0	8	0	0	2	3	0	0	6	0	0	0	0	6	4	4	3	0	0	0	0	6	5
1208	7 Mar 26	07:46:00	1	0	0	0	0	0	1	0	5	0	3	2	8	4	0	5	0	4	0	0	0	3	0	0	4	3	0	0	0	5	0	1	2	3	0	0	3	2	4
1209	7 Mar 26	07:47:00	1	0	0	0	0	0	1	0	3	0	0	2	10	0	0	7	3	6	0	0	0	4	0	2	2	2	0	0	0	2	2	0	4	0	3	1	1	4	4
1210	7 Mar 26	07:48:00	1	0	0	0	0	0	1	0	3	0	1	0	10	5	0	4	0	9	0	0	0	2	0	0	5	3	0	0	4	1	3	1	3	0	2	0	1	10	8
1211	7 Mar 26	07:49:00	1	0	0	0	0	0	1	0	5	0	3	5	10	1	0	14	1	4	0	0	0	6	0	0	4	0	0	0	1	0	3	4	1	0	1	0	5	6	1
1212	7 Mar 26	07:50:00	1	0	0	0	0	0	1	0	3	0	0	0	14	2	0	3	4	7	0	0	0	2	0	0	2	0	0	0	0	0	3	7	5	0	0	0	2	3	3
1213	7 Mar 26	07:51:00	1	0	0	0	0	0	1	3	4	0	0	1	14	1	2	5	0	6	0	0	0	2	0	0	5	3	0	0	4	0	0	4	3	0	0	0	4	6	7
1214	7 Mar 26	07:52:00	1	0	0	0	0	0	1	2	1	0	2	1	7	6	4	0	7	6	0	0	0	1	0	0	4	0	0	0	0	0	0	0	1	0	0	1	0	4	3
1215	7 Mar 26	07:53:00	1	0	0	0	0	0	1	0	3	0	0	5	7	4	2	3	3	0	0	0	0	5	0	0	4	0	0	0	2	0	0	0	0	0	5	1	0	3	9
1216	7 Mar 26	07:54:00	1	0	0	0	0	0	1	0	3	0	3	0	9	1	9	5	2	0	3	0	0	6	0	0	0	3	0	0	0	0	0	0	4	0	1	0	0	2	3
1217	7 Mar 26	07:55:00	1	0	0	0	0	0	1	0	1	4	3	2	6	5	2	2	0	0	0	0	0	2	1	0	6	2	0	0	0	0	0	2	3	0	0	0	0	3	4
1218	7 Mar 26	07:56:00	1	0	0	0	0	0	1	0	6	3	2	1	10	1	2	1	0	14	3	0	0	0	0	0	0	1	0	0	1	0	0	5	4	0	1	7	0	8	5
1219	7 Mar 26	07:57:00	1	0	0	0	0	0	1	0	4	3	2	0	5	0	6	2	0	11	0	0	4	4	0	0	4	1	0	0	0	0	0	3	1	0	5	2	2	4	1
1220	7 Mar 26	07:58:00	1	0	0	0	0	0	1	2	5	0	3	0	5	0	7	3	0	7	0	0	2	4	1	0	5	0	0	0	2	0	0	3	1	0	1	0	1	3	4
1221	7 Mar 26	07:59:00	1	0	0	0	0	0	1	9	5	0	2	0	6	0	1	4	1	5	0	0	2	4	1	0	3	0	2	0	2	15	0	6	0	3	0	0	1	4	3
1222	7 Mar 26	08:00:00	1	0	0	0	0	0	1	0	5	0	1	3	5	0	4	1	0	14	0	0	0	1	0	0	3	2	2	0	0	0	0	2	0	0	2	0	1	1	1
1223	7 Mar 26	08:01:00	1	0	0	0	0	0	1	0	3	0	3	1	14	0	5	3	0	2	0	0	0	1	0	0	1	0	1	0	0	0	7	3	0	0	3	0	2	3	6
1224	7 Mar 26	08:02:00	1	0	0	0	0	0	1	0	6	0	4	3	5	0	0	10	0	1	0	0	0	5	1	0	2	6	0	0	0	0	3	0	3	1	4	0	4	6	6
1225	7 Mar 26	08:03:00	1	0	0	0	0	0	1	0	0	3	1	1	9	0	3	15	2	0	0	0	5	6	0	0	2	1	0	0	0	0	7	5	3	1	0	0	8	2	4
1226	7 Mar 26	08:04:00	1	0	0	0	0	0	1	0	1	0	0	3	3	0	2	6	3	0	1	0	0	8	0	0	3	0	4	0	0	0	2	4	3	1	2	0	2	8	3
1227	7 Mar 26	08:05:00	1	0	0	0	0	0	1	2	3	0	0	2	2	0	8	4	0	0	0	0	0	5	0	0	2	1	1	0	0	2	5	3	4	2	1	0	8	3	9
1228	7 Mar 26	08:06:00	1	0	0	0	0	0	1	0	3	0	2	2	12	0	9	6	0	3	0	0	0	5	0	0	4	0	2	0	0	2	4	6	4	3	7	0	4	4	3
1229	7 Mar 26	08:07:00	1	0	0	0	0	0	1	0	2	0	2	2	6	0	3	1	0	7	3	0	0	1	0	0	8	0	2	0	0	3	3	3	4	4	3	0	3	9	4
1230	7 Mar 26	08:08:00	1	0	0	0	0	0	1	2	3	0	2	4	9	0	6	8	0	3	0	0	0	0	0	0	1	0	0	0	4	1	4	6	3	2	4	0	3	0	6
1231	7 Mar 26	08:09:00	1	0	0	0	0	0	1	5	2	0	0	0	9	0	3	2	3	17	4	0	0	0	0	0	4	0	0	0	8	4	1	1	1	1	0	1	1	0	13
1232	7 Mar 26	08:10:00	1	0	0	0	0	0	1	0	2	0	0	0	8	0	3	0	0	8	0	0	0	6	0	0	8	1	0	0	0	1	1	3	5	1	2	1	2	0	5
1233	7 Mar 26	08:11:00	1	0	0	0	0	0	1	5	2	2	1	3	7	0	2	5	0	9	0	0	0	2	0	0	5	2	0	0	2	0	4	3	4	0	0	0	3	0	5
1234	7 Mar 26	08:12:00	1	0	0	0	0	0	1	6	5	0	1	0	2	3	0	3	0	8	0	0	0	5	0	0	3	1	2	0	1	2	4	5	3	5	0	0	0	0	6
1235	7 Mar 26	08:13:00	1	0	0	0	0	0	1	0	6	0	2	3	8	0	2	6	0	7	0	0	0	6	0	6	3	2	1	0	0	16	2	1	2	1	0	0	4	0	3
1236	7 Mar 26	08:14:00	1	0	0	0	0	0	1	0	2	2	1	2	5	2	0	0	0	11	0	0	0	4	1	0	5	1	0	3	0	3	3	3	3	2	0	0	2	0	3
1237	7 Mar 26	08:15:00	1	0	0	0	0	0	1	0	4	1	0	1	7	6	2	2	0	6	0	0	0	4	1	2	4	1	2	0	0	0	0	6	1	2	1	8	1	0	3
1238	7 Mar 26	08:16:00	1	0	0	0	0	0	1	0	5	5	6	2	5	7	1	2	0	0	0	0	0	3	0	2	4	0	0	0	0	0	0	4	0	2	2	2	2	5	3
1239	7 Mar 26	08:17:00	1	0	0	0	0	0	1	0	2	3	3	3	3	0	0	10	0	0	0	0	0	4	0	3	4	0	0	0	0	0	0	1	4	5	2	0	5	13	10
1240	7 Mar 26	08:18:00	1	0	0	0	0	0	1	3	3	0	0	2	10	0	1	2	0	9	1	0	0	3	0	2	5	0	0	1	0	0	3	4	6	3	0	0	4	2	8
1241	7 Mar 26	08:19:00	1	0	0	0	0	0	1	10	2	1	1	9	7	0	0	7	0	2	0	0	0	7	0	0	3	0	2	1	0	0	1	5	3	6	3	0	2	3	3
1242	7 Mar 26	08:20:00	1	0	0	0	0	0	1	11	11	5	1	0	10	0	1	9	1	7	0	0	0	5	1	0	7	0	2	0	0	5	0	2	4	1	6	0	4	3	4
1243	7 Mar 26	08:21:00	1	0	0	0	0	0	1	9	6	0	4	0	5	0	0	12	5	9	0	1	0	0	1	7	0	0	0	0	0	3	0	5	3	8	2	0	1	12	6
1244	7 Mar 26	08:22:00	1	0	0	0	0	0	1	15	9	4	0	1	9	0	0	4	0	5	0	1	0	3	4	2	6	0	1	0	1	2	0	2	2	1	0	0	2	8	4
1245	7 Mar 26	08:23:00	1	0	0	0	0	0	1	16	2	1	1	2	13	0	0	6	0	6	0	0	0	1	0	2	6	0	0	0	5	3	0	3	5	13	5	0	1	1	7
1246	7 Mar 26	08:24:00	1	0	0	0	0	0	1	13	5	1	4	2	10	0	0	5	1	4	0	0	0	0	0	0	12	0	0	0	0	0	3	1	2	2	9	0	1	0	4
1247	7 Mar 26	08:25:00	1	0	0	0	0	0	1	6	3	0	6	1	8	0	3	4	3	6	0	6	0	1	0	1	3	2	0	0	0	0	4	6	3	2	3	6	1	4	3
1248	7 Mar 26	08:26:00	1	0	0	0	0	0	1	8	3	2	0	0	10	0	0	6	1	5	0	3	1	4	0	0	0	4	0	0	0	6	5	4	1	4	2	2	3	7	4
1249	7 Mar 26	08:27:00	1	0	0	0	0	0	1	27	3	0	10	2	8	0	3	4	0	6	0	0	1	6	2	2	4	0	0	0	0	5	7	5	1	2	3	3	0	5	3
1250	7 Mar 26	08:28:00	1	0	0	0	0	0	1	20	3	0	1	1	5	0	0	1	0	6	0	0	0	2	4	0	5	0	0	0	1	6	9	3	0	4	4	3	3	0	6
1251	7 Mar 26	08:29:00	1	0	0	0	0	0	1	32	4	5	3	4	5	0	2	7	0	6	0	0	0	6	3	5	5	0	0	0	1	6	1	2	6	2	1	0	1	0	5
1252	7 Mar 26	08:30:00	1	0	0	0	0	0	1	28	4	0	0	0	10	2	4	3	0	3	1	0	1	1	2	2	5	0	2	0	0	3	0	3	0	4	4	0	1	0	2
1253	7 Mar 26	08:31:00	1	0	0	0	0	0	1	5	2	0	0	6	0	5	0	5	0	6	4	0	0	2	1	0	6	0	2	0	2	4	0	0	3	5	2	1	0	0	4
1254	7 Mar 26	08:32:00	1	0	0	0	0	0	1	29	1	0	1	0	6	5	1	6	0	5	0	0	0	2	4	1	3	0	0	0	0	0	0	6	2	5	3	1	0	0	4
1255	7 Mar 26	08:33:00	1	0	0	0	0	0	1	28	6	0	1	1	10	7	0	5	0	1	0	0	0	2	3	0	5	0	0	0	4	0	3	3	2	0	4	1	0	0	5
1256	7 Mar 26	08:34:00	1	0	0	0	0	0	1	37	5	0	4	2	5	4	0	3	0	1	0	0	4	0	4	0	5	0	0	3	5	0	2	9	1	0	5	0	0	0	3
1257	7 Mar 26	08:35:00	1	0	0	0	0	0	1	12	2	1	2	0	11	1	0	5	0	12	0	0	0	0	6	0	1	0	0	0	0	0	3	8	2	0	4	0	3	0	4
1258	7 Mar 26	08:36:00	1	0	0	0	0	0	1	5	6	0	0	0	13	2	1	12	1	8	0	0	0	1	6	0	8	2	0	2	1	0	6	0	6	0	4	0	3	0	2
1259	7 Mar 26	08:37:00	1	0	0	0	0	0	1	1	6	0	2	0	7	0	3	7	1	10	0	0	0	4	7	0	2	4	0	4	0	0	1	1	4	6	3	1	6	0	5
1260	7 Mar 26	08:38:00	1	0	0	0	0	0	1	3	1	0	1	1	5	0	5	12	0	5	0	0	0	10	6	0	3	3	3	4	3	0	2	5	4	3	1	0	3	0	1
1261	7 Mar 26	08:39:00	1	0	0	0	0	0	1	4	1	0	1	1	7	5	0	0	0	8	0	0	0	6	7	0	3	1	0	2	0	9	0	4	3	6	2	0	6	0	4
1262	7 Mar 26	08:40:00	1	0	0	0	0	0	1	3	3	0	1	2	12	2	1	1	0	6	0	0	0	7	6	0	6	2	1	0	0	0	2	4	3	0	0	0	3	0	4
1263	7 Mar 26	08:41:00	1	0	0	0	0	0	1	2	7	0	3	1	12	4	1	5	4	10	0	0	0	1	10	0	3	4	4	0	0	3	0	0	1	2	2	1	2	3	2
1264	7 Mar 26	08:42:00	1	0	0	0	0	0	1	2	6	0	1	1	9	5	2	5	3	5	0	2	0	3	4	0	2	0	6	0	0	6	0	4	3	5	0	4	2	4	5
1265	7 Mar 26	08:43:00	1	0	0	0	0	0	1	1	1	6	1	2	4	2	1	6	4	8	0	3	0	8	4	0	8	4	1	0	0	5	0	5	2	9	0	2	4	0	2
1266	7 Mar 26	08:44:00	1	0	0	0	0	0	1	1	3	1	2	0	5	5	3	2	2	4	0	1	1	4	7	2	3	0	1	0	0	2	11	3	2	2	1	3	3	2	3
1267	7 Mar 26	08:45:00	1	0	0	0	0	0	1	0	3	6	5	1	6	5	0	8	0	3	2	3	0	5	6	0	5	0	1	3	0	5	5	1	0	6	0	2	2	1	3
1268	7 Mar 26	08:46:00	1	0	0	0	0	0	1	3	3	0	6	4	8	4	3	0	0	7	1	5	0	4	3	5	0	0	0	0	1	9	0	6	3	2	0	3	0	0	5
1269	7 Mar 26	08:47:00	1	0	0	0	0	0	1	6	5	0	0	1	11	4	5	7	0	8	1	7	7	8	5	0	3	0	3	0	2	0	5	0	2	5	0	0	0	0	4
1270	7 Mar 26	08:48:00	1	0	0	0	0	0	1	7	6	2	1	3	5	5	5	2	0	4	0	2	13	4	9	4	8	4	0	0	1	0	2	0	3	7	1	2	2	0	7
1271	7 Mar 26	08:49:00	1	0	0	0	0	0	1	3	4	0	5	2	7	8	0	2	2	4	0	1	15	11	9	0	3	5	2	2	0	0	1	0	4	0	5	1	2	0	1
1272	7 Mar 26	08:50:00	1	0	0	0	0	0	1	4	4	2	3	2	8	0	3	4	3	8	0	3	12	20	5	0	6	1	2	0	0	0	3	0	3	3	7	0	5	0	5
1273	7 Mar 26	08:51:00	1	0	0	0	0	0	1	0	2	1	2	4	5	1	0	10	3	5	0	5	22	5	5	0	0	0	2	0	0	1	2	0	5	1	1	0	2	0	12
1274	7 Mar 26	08:52:00	1	0	0	0	0	0	1	0	5	2	0	1	12	0	0	3	1	6	5	3	10	3	5	0	7	0	0	2	0	7	1	0	7	1	2	1	5	1	8
1275	7 Mar 26	08:53:00	1	0	0	0	0	0	1	8	3	5	3	4	3	12	0	5	0	3	3	3	8	4	7	2	4	0	0	4	1	2	2	0	3	4	4	1	7	8	4
1276	7 Mar 26	08:54:00	1	0	0	0	0	0	1	5	3	2	3	0	9	2	5	8	0	0	3	4	9	6	3	1	3	0	0	3	5	0	7	0	6	2	7	0	1	6	4
1277	7 Mar 26	08:55:00	1	0	0	0	0	0	1	10	4	0	8	1	10	0	7	6	0	2	6	4	14	4	5	1	4	2	0	2	0	0	9	0	4	0	4	1	0	4	5
1278	7 Mar 26	08:56:00	1	0	0	0	0	0	1	15	3	1	1	2	11	3	13	4	0	7	0	4	12	4	4	1	7	8	0	1	0	6	5	0	2	0	5	0	3	3	4
1279	7 Mar 26	08:57:00	1	0	0	0	0	0	1	13	6	4	2	0	6	6	9	2	0	2	0	5	16	6	5	8	1	9	0	2	0	0	2	0	7	0	5	0	3	4	4
1280	7 Mar 26	08:58:00	1	0	0	0	0	0	1	11	7	0	0	4	10	1	19	6	0	6	6	0	11	5	5	5	4	0	0	3	2	3	2	0	4	6	3	0	0	7	5
1281	7 Mar 26	08:59:00	1	0	0	0	0	0	1	14	6	0	2	0	11	5	7	2	3	5	9	4	10	9	3	5	3	0	0	2	2	2	0	0	3	4	4	0	3	0	6
1282	7 Mar 26	09:00:00	1	0	0	0	0	0	1	18	5	0	2	0	13	5	15	11	4	6	5	3	10	1	3	2	4	0	0	6	0	0	0	0	4	4	3	0	6	6	2
1283	7 Mar 26	09:01:00	1	0	0	0	0	0	1	12	5	0	2	0	8	6	0	10	2	7	7	4	8	4	6	0	4	2	0	5	1	0	4	0	4	1	3	0	1	1	4
1284	7 Mar 26	09:02:00	1	0	0	0	0	0	1	8	4	0	3	3	9	4	4	7	0	10	8	4	6	11	5	2	3	1	3	4	4	0	2	0	5	3	7	2	6	2	5
1285	7 Mar 26	09:03:00	1	0	0	0	0	0	1	10	3	0	2	2	12	1	12	13	1	2	1	3	7	2	4	1	1	0	0	1	0	0	1	0	0	12	1	0	1	3	5
1286	7 Mar 26	09:04:00	1	0	0	0	0	0	1	14	8	1	2	0	6	4	10	14	1	7	5	2	4	3	7	4	1	3	2	0	0	0	5	0	4	2	6	0	3	4	4
1287	7 Mar 26	09:05:00	1	0	0	0	0	0	1	7	5	0	2	2	7	4	15	7	2	12	6	9	10	5	11	4	1	0	1	0	0	3	0	0	4	4	1	0	2	1	6
1288	7 Mar 26	09:06:00	1	0	0	0	0	0	1	14	4	1	5	0	11	3	13	6	0	11	3	2	10	5	6	0	2	0	3	0	0	3	0	0	3	8	4	3	3	0	9
1289	7 Mar 26	09:07:00	1	0	0	0	0	0	1	9	4	3	0	1	7	6	7	11	3	7	0	1	6	1	12	3	3	4	0	0	0	7	0	0	3	5	4	0	4	0	5
1290	7 Mar 26	09:08:00	1	0	0	0	0	0	1	15	4	2	1	0	10	3	10	10	0	0	2	1	5	6	1	0	2	0	3	0	0	5	0	0	2	1	6	0	3	5	4
1291	7 Mar 26	09:09:00	1	0	0	0	0	0	1	11	5	4	4	3	5	7	7	3	4	10	9	0	12	2	3	6	3	5	0	0	0	1	1	0	2	3	3	0	4	6	6
1292	7 Mar 26	09:10:00	1	0	0	0	0	0	1	11	3	8	1	0	8	3	11	11	0	6	12	2	5	6	6	1	2	0	2	0	6	1	6	0	0	3	6	1	3	7	4
1293	7 Mar 26	09:11:00	1	0	0	0	0	0	1	8	3	4	2	0	11	3	6	13	3	7	6	1	6	5	3	0	2	0	0	3	4	7	14	0	2	3	3	1	5	4	4
1294	7 Mar 26	09:12:00	1	0	0	0	0	0	1	6	6	12	0	2	16	0	12	7	1	5	7	4	6	4	8	0	1	2	3	3	2	2	3	0	3	2	7	0	4	3	8
1295	7 Mar 26	09:13:00	1	0	0	0	0	0	1	14	3	7	2	3	7	5	7	14	0	3	13	4	8	3	6	0	3	5	0	1	2	0	4	0	4	9	5	0	4	1	5
1296	7 Mar 26	09:14:00	1	0	0	0	0	0	1	11	6	6	3	0	10	6	13	4	0	5	8	5	12	5	8	2	7	7	5	0	8	3	3	0	4	9	3	0	6	2	6
1297	7 Mar 26	09:15:00	1	0	0	0	0	0	1	8	6	8	4	0	11	5	11	7	0	6	8	1	8	7	7	0	4	0	3	0	0	1	3	2	5	4	6	0	0	3	3
1298	7 Mar 26	09:16:00	1	0	0	0	0	0	1	7	2	9	3	1	6	3	10	3	2	8	11	3	9	5	5	1	7	0	3	4	0	2	2	2	5	6	4	0	5	0	4
1299	7 Mar 26	09:17:00	1	0	0	0	0	0	1	8	7	14	5	6	16	7	12	9	1	6	6	1	9	7	8	3	3	0	2	3	0	0	0	3	3	7	3	0	5	2	7
1300	7 Mar 26	09:18:00	1	0	0	0	0	0	1	28	1	10	1	1	10	6	9	8	1	4	7	0	9	0	2	1	5	0	0	0	3	0	0	0	6	5	3	2	0	1	4
1301	7 Mar 26	09:19:00	1	0	0	0	0	0	1	19	1	6	1	1	7	4	4	3	1	3	8	1	7	4	14	16	3	0	0	0	0	0	0	4	6	3	4	4	4	5	6
1302	7 Mar 26	09:20:00	1	0	0	0	0	0	1	10	2	13	3	1	10	0	12	9	0	4	5	5	10	3	3	2	1	0	0	0	0	0	0	6	5	3	5	1	4	10	2
1303	7 Mar 26	09:21:00	1	0	0	0	0	0	1	9	3	3	9	3	12	2	7	7	5	9	7	2	9	5	5	8	0	4	0	2	0	0	0	3	6	1	5	0	0	5	4
1304	7 Mar 26	09:22:00	1	0	0	0	0	0	1	13	2	8	2	0	9	0	10	5	2	16	2	3	9	5	7	6	6	2	0	2	0	0	0	6	5	3	6	0	5	9	5
1305	7 Mar 26	09:23:00	1	0	0	0	0	0	1	9	2	10	1	3	7	3	10	12	2	10	6	0	8	5	5	1	5	0	0	2	1	9	0	5	1	2	3	0	2	2	6
1306	7 Mar 26	09:24:00	1	0	0	0	0	0	1	9	5	11	0	1	8	6	7	7	4	7	9	1	7	2	7	2	5	0	2	0	4	4	0	3	7	3	1	0	4	10	5
1307	7 Mar 26	09:25:00	1	0	0	0	0	0	1	7	4	9	3	3	10	8	9	5	2	10	11	3	8	3	12	2	4	3	1	2	4	4	0	5	7	3	5	2	4	1	4
1308	7 Mar 26	09:26:00	1	0	0	0	0	0	0	7	0	9	3	0	2	3	7	4	7	10	3	5	6	5	4	9	4	4	0	4	0	2	0	0	6	1	4	0	3	0	8
1309	7 Mar 26	09:27:00	1	0	0	0	0	0	0	11	2	6	5	0	8	2	11	4	6	10	10	3	5	7	0	7	2	1	1	7	3	4	0	4	2	10	11	0	6	0	3
1310	7 Mar 26	09:28:00	1	0	0	0	0	0	0	8	2	7	0	0	4	7	10	2	6	12	11	4	4	4	3	0	8	0	9	3	2	3	0	3	5	3	7	0	0	0	6
1311	7 Mar 26	09:29:00	1	0	0	0	0	0	0	10	4	7	3	0	5	3	10	2	3	10	11	8	9	8	8	1	2	0	1	3	3	3	0	7	7	3	4	0	3	0	6
1312	7 Mar 26	09:30:00	1	0	0	0	0	0	0	13	2	4	2	0	0	5	10	5	6	10	17	5	15	9	7	4	3	4	2	5	2	6	1	5	3	6	5	4	4	0	2
1313	7 Mar 26	09:31:00	1	0	0	0	0	0	0	9	4	8	1	3	0	2	9	5	5	12	12	3	2	9	11	0	5	4	0	6	0	0	1	3	5	8	3	0	1	0	3
1314	7 Mar 26	09:32:00	1	0	0	0	0	0	0	4	4	8	0	0	2	5	10	4	2	7	12	3	9	14	6	0	2	2	1	3	3	0	0	0	3	0	2	0	2	0	4
1315	7 Mar 26	09:33:00	1	0	0	0	0	0	0	9	3	8	0	0	4	3	8	2	3	11	9	4	10	8	8	0	1	0	0	1	2	0	0	4	2	3	1	0	6	0	2
1316	7 Mar 26	09:34:00	1	0	0	0	0	0	0	9	2	8	2	0	2	4	8	8	2	12	9	2	2	8	4	0	1	0	0	0	2	0	0	7	0	5	2	1	7	0	8
1317	7 Mar 26	09:35:00	1	0	0	0	0	0	0	5	7	10	0	0	2	2	3	4	5	10	5	5	7	1	6	0	3	0	0	0	1	0	0	7	4	2	2	0	7	0	4
1318	7 Mar 26	09:36:00	1	0	0	0	0	0	0	12	3	10	3	0	1	4	8	6	2	9	6	4	12	8	5	0	3	0	0	0	0	0	0	3	2	1	0	0	7	0	6
1319	7 Mar 26	09:37:00	1	0	0	0	0	0	0	5	4	7	3	0	7	4	10	3	1	5	12	3	8	1	9	0	1	0	0	0	0	0	0	2	5	0	2	0	3	0	8
1320	7 Mar 26	09:38:00	1	0	0	0	0	0	0	9	5	8	0	0	5	6	9	5	1	17	7	5	6	0	5	0	2	0	0	0	0	0	0	5	3	0	4	0	7	0	1
1321	7 Mar 26	09:39:00	1	0	0	0	0	0	0	8	3	7	1	0	6	2	5	1	0	11	11	6	12	0	2	0	0	0	0	0	0	0	0	2	4	0	5	0	6	0	7
1322	7 Mar 26	09:40:00	1	0	0	0	0	0	0	10	2	7	0	0	4	5	4	6	0	10	10	2	10	0	5	0	0	0	0	0	0	0	0	2	5	0	3	0	6	0	5
1323	7 Mar 26	09:41:00	1	0	0	0	0	0	0	6	7	8	0	0	11	2	6	7	2	8	8	5	7	0	5	1	0	0	0	0	0	0	0	0	2	0	3	0	4	7	2
1324	7 Mar 26	09:42:00	1	0	0	0	0	0	0	7	0	8	4	0	10	5	8	6	2	9	7	5	6	0	2	0	0	0	0	0	0	0	0	0	4	0	0	0	5	0	3
1325	7 Mar 26	09:43:00	1	0	0	0	0	0	0	19	0	6	4	0	9	3	4	6	2	7	6	3	0	0	5	0	0	0	0	0	2	0	0	0	3	0	3	0	4	0	5
1326	7 Mar 26	09:44:00	1	0	0	0	0	0	0	10	0	7	3	2	6	4	5	5	2	10	11	9	6	0	7	0	0	0	0	0	1	0	0	0	7	0	0	0	2	0	1
1327	7 Mar 26	09:45:00	1	0	0	0	0	0	0	11	0	7	0	0	7	4	12	4	19	11	11	4	0	0	5	0	0	0	0	0	1	0	0	0	7	0	0	0	2	0	3
1328	7 Mar 26	09:46:00	1	0	0	0	0	0	0	7	0	6	0	0	8	2	7	7	4	8	9	5	0	0	5	0	0	0	0	0	0	0	0	0	2	0	0	0	3	0	2
1329	7 Mar 26	09:47:00	1	0	0	0	0	0	0	8	0	6	2	0	8	1	8	3	6	8	9	6	6	0	5	0	0	0	0	0	0	0	0	0	3	0	2	0	3	0	1
1330	7 Mar 26	09:48:00	1	0	0	0	0	0	0	5	0	6	1	0	8	4	6	4	3	11	11	2	5	0	1	0	0	0	0	0	0	0	0	0	5	0	2	0	4	0	0
1331	7 Mar 26	09:49:00	1	0	0	0	0	0	0	7	0	7	0	0	9	1	9	3	2	9	7	3	0	0	3	0	0	0	0	0	0	0	0	0	5	0	3	0	4	0	0
1332	7 Mar 26	09:50:00	1	0	0	0	0	0	0	8	0	6	2	0	8	5	7	7	3	9	8	3	5	0	4	0	0	0	0	0	0	0	0	0	3	0	2	0	3	0	0
1333	7 Mar 26	09:51:00	1	0	0	0	0	0	0	10	0	7	1	0	6	7	9	2	3	8	7	3	8	0	4	0	0	0	0	0	0	0	0	0	6	0	4	0	3	0	0
1334	7 Mar 26	09:52:00	1	0	0	0	0	0	0	4	0	4	0	0	11	2	8	0	4	10	5	2	11	0	3	0	0	0	0	0	0	0	1	0	7	0	2	0	2	0	3
1335	7 Mar 26	09:53:00	1	0	0	0	0	0	0	6	0	7	0	0	4	2	7	3	2	10	12	8	3	0	5	0	0	0	0	0	0	0	1	0	4	0	2	0	1	0	3
1336	7 Mar 26	09:54:00	1	0	0	0	0	0	0	7	0	9	0	0	2	4	8	2	1	8	7	6	0	0	3	0	0	0	0	0	0	0	0	0	2	1	4	0	1	0	0
1337	7 Mar 26	09:55:00	1	0	0	0	0	0	0	5	0	5	0	0	9	4	8	3	3	7	7	5	0	0	3	0	0	0	0	0	0	0	1	0	3	5	0	0	0	0	0
1338	7 Mar 26	09:56:00	1	0	0	0	0	0	0	8	0	8	0	0	3	4	9	5	2	10	7	0	0	0	4	0	0	0	0	0	0	0	0	0	2	1	3	0	0	0	0
1339	7 Mar 26	09:57:00	1	0	0	0	0	0	0	10	0	5	0	0	9	3	5	2	4	6	9	5	0	0	4	0	0	0	0	0	0	0	0	0	3	4	0	0	0	0	0
1340	7 Mar 26	09:58:00	1	0	0	0	0	0	0	6	0	6	0	0	6	5	9	6	1	6	7	2	0	0	7	0	0	0	0	0	0	0	0	0	3	0	2	0	0	0	0
1341	7 Mar 26	09:59:00	1	0	0	0	0	0	0	9	0	6	0	0	6	6	9	2	3	6	6	4	0	0	6	0	0	0	0	0	0	0	0	0	4	1	4	0	2	0	0
1342	7 Mar 26	10:00:00	1	0	0	0	0	0	0	7	0	9	0	0	5	1	9	5	0	5	9	4	0	0	4	0	0	0	0	0	0	0	0	0	5	2	8	0	0	0	0
1343	7 Mar 26	10:01:00	1	0	0	0	0	0	0	5	0	4	0	0	3	3	12	3	1	8	7	0	0	0	8	0	0	0	0	0	0	0	0	0	4	1	4	0	0	0	0
1344	7 Mar 26	10:02:00	1	0	0	0	0	0	0	4	0	10	0	0	8	3	9	7	1	5	6	4	4	0	1	0	0	0	0	0	0	0	0	0	4	3	7	0	0	0	0
1345	7 Mar 26	10:03:00	1	0	0	0	0	0	0	8	0	3	0	0	9	1	7	3	2	10	8	3	0	0	3	0	0	0	0	0	0	0	0	4	4	6	0	0	0	0	0
1346	7 Mar 26	10:04:00	1	0	0	0	0	0	0	11	0	8	0	0	8	1	8	1	1	8	5	4	2	0	3	0	0	0	0	0	0	0	0	1	5	3	0	0	0	0	0
1347	7 Mar 26	10:05:00	1	0	0	0	0	0	0	8	0	7	0	0	8	0	5	2	4	8	1	5	0	0	5	0	0	0	0	0	0	0	0	4	4	1	0	0	0	0	0
1348	7 Mar 26	10:06:00	1	0	0	0	0	0	0	6	0	7	0	0	9	0	10	1	2	1	7	4	0	0	4	0	0	0	0	0	0	0	0	6	3	0	0	0	0	0	0
1349	7 Mar 26	10:07:00	1	0	0	0	0	0	0	5	0	7	0	0	5	0	8	1	1	0	3	7	0	0	3	0	0	0	0	0	0	0	0	8	5	0	0	0	0	0	0
1350	7 Mar 26	10:08:00	1	0	0	0	0	0	0	7	0	8	0	0	5	0	9	0	2	0	7	3	0	0	2	0	0	0	0	0	0	0	0	4	3	2	0	0	2	0	0
1351	7 Mar 26	10:09:00	1	0	0	0	0	0	0	6	0	7	0	0	14	0	7	5	0	0	6	3	0	0	9	0	0	0	0	0	0	0	0	4	4	1	0	0	0	0	0
1352	7 Mar 26	10:10:00	1	0	0	0	0	0	0	8	0	7	0	0	6	0	8	5	0	2	0	2	0	0	6	0	0	0	0	0	0	0	0	4	4	0	0	0	0	0	0
1353	7 Mar 26	10:11:00	1	0	0	0	0	0	0	6	0	6	0	0	10	3	8	1	0	0	0	1	3	0	3	0	0	0	0	0	0	0	0	2	3	0	0	0	0	0	0
1354	7 Mar 26	10:12:00	1	0	0	0	0	0	0	5	0	2	0	0	9	0	4	2	0	0	2	2	0	0	5	0	0	0	0	0	0	0	0	3	6	0	0	0	0	0	0
1355	7 Mar 26	10:13:00	1	0	0	0	0	0	0	5	0	3	0	0	9	0	6	0	0	0	2	5	0	0	2	0	0	0	0	0	0	0	0	5	4	0	0	0	0	0	0
1356	7 Mar 26	10:14:00	1	0	0	0	0	0	0	9	0	4	0	0	7	0	7	0	0	2	0	6	0	0	5	0	0	0	0	0	0	0	0	2	6	0	0	0	0	0	0
1357	7 Mar 26	10:15:00	1	0	0	0	0	0	0	5	0	5	0	0	8	0	7	0	0	0	0	3	0	0	1	0	0	0	0	1	0	0	0	0	4	0	0	0	0	0	0
1358	7 Mar 26	10:16:00	1	0	0	0	0	0	0	6	0	9	0	0	7	0	5	0	0	0	0	1	1	0	11	0	0	0	0	0	0	0	0	3	6	0	0	0	0	0	0
1359	7 Mar 26	10:17:00	1	0	0	0	0	0	0	12	0	7	0	0	8	0	2	0	0	0	0	3	1	0	5	0	0	0	0	0	0	0	0	2	5	0	0	0	0	0	0
1360	7 Mar 26	10:18:00	1	0	0	0	0	0	0	7	0	5	0	0	7	0	8	3	0	0	0	4	0	0	5	0	0	0	0	0	0	0	0	3	5	0	0	0	0	0	0
1361	7 Mar 26	10:19:00	1	0	0	0	0	0	0	4	0	5	0	0	10	0	2	2	0	0	0	3	0	0	4	0	0	0	0	0	0	0	0	0	3	0	0	0	0	0	0
1362	7 Mar 26	10:20:00	1	0	0	0	0	0	0	4	0	6	0	0	8	0	2	2	0	0	0	8	0	0	9	0	0	0	0	0	0	0	0	0	0	0	0	0	0	0	0
1363	7 Mar 26	10:21:00	1	0	0	0	0	0	0	11	0	6	0	0	3	0	6	3	0	0	0	1	0	0	5	0	0	0	0	0	0	0	0	0	5	0	0	0	0	0	0
1364	7 Mar 26	10:22:00	1	0	0	0	0	0	0	5	0	6	0	0	7	0	5	4	0	0	0	0	0	0	6	0	0	0	0	0	0	0	0	2	5	0	0	0	0	0	0
1365	7 Mar 26	10:23:00	1	0	0	0	0	0	0	7	0	4	0	0	6	0	6	0	0	0	0	5	0	0	3	0	0	0	0	0	0	0	0	4	4	0	0	0	0	0	0
1366	7 Mar 26	10:24:00	1	0	0	0	0	0	0	7	0	7	0	0	2	0	8	0	0	0	0	3	0	0	2	0	0	0	0	0	0	0	2	3	2	0	6	0	0	0	0
1367	7 Mar 26	10:25:00	1	0	0	0	0	0	0	7	0	4	0	0	6	0	6	2	0	0	0	3	0	0	6	0	0	0	0	0	0	0	0	4	4	0	16	0	0	0	0
1368	7 Mar 26	10:26:00	1	0	0	0	0	0	0	10	0	7	0	0	9	0	9	6	0	0	0	3	0	0	4	0	0	0	0	0	0	0	0	1	3	0	0	0	0	0	0
1369	7 Mar 26	10:27:00	1	0	0	0	0	0	0	6	0	4	0	0	11	0	5	1	0	0	0	4	0	0	4	0	0	0	0	0	0	0	0	0	6	0	4	0	0	0	0
1370	7 Mar 26	10:28:00	1	0	0	0	0	0	0	6	0	5	0	0	7	4	4	2	0	0	0	1	0	0	2	0	0	0	0	0	0	0	0	3	1	0	0	0	0	0	0
1371	7 Mar 26	10:29:00	1	0	0	0	0	0	0	6	0	4	0	0	7	1	11	3	0	0	0	4	1	0	5	0	0	0	0	0	0	0	0	3	4	0	0	0	0	0	0
1372	7 Mar 26	10:30:00	1	0	0	0	0	0	0	6	0	8	0	0	5	3	7	2	0	0	0	2	2	0	4	0	0	0	0	0	0	0	0	3	3	0	0	0	0	0	0
1373	7 Mar 26	10:31:00	1	0	0	0	0	0	0	6	0	4	0	0	7	0	9	0	0	0	0	4	0	0	7	0	0	0	0	0	0	0	1	2	3	0	0	0	0	0	0
1374	7 Mar 26	10:32:00	1	0	0	0	0	0	0	7	0	2	0	0	7	0	4	6	0	0	0	5	0	0	4	0	0	0	0	0	0	0	1	3	0	0	0	0	0	0	0
1375	7 Mar 26	10:33:00	1	0	0	0	0	0	0	2	0	4	0	0	4	0	3	2	0	0	0	5	1	0	9	0	0	0	0	0	0	0	0	0	4	0	0	0	0	0	0
1376	7 Mar 26	10:34:00	1	0	0	0	0	0	0	6	0	1	0	0	9	0	5	3	0	0	0	2	7	0	4	0	0	0	0	0	0	0	5	0	2	0	0	0	0	0	0
1377	7 Mar 26	10:35:00	1	0	0	0	0	0	0	4	0	0	0	0	6	0	4	4	0	0	0	2	2	0	4	0	0	0	0	0	0	0	4	0	4	0	0	0	0	0	0
1378	7 Mar 26	10:36:00	1	0	0	0	0	0	0	7	0	1	0	0	7	0	7	5	0	0	0	4	0	0	6	0	0	0	0	0	0	0	6	0	1	0	0	0	0	0	0
1379	7 Mar 26	10:37:00	1	0	0	0	0	0	0	2	0	0	0	0	4	0	6	1	0	0	0	3	0	0	4	0	0	0	0	0	0	0	6	0	7	0	0	0	0	0	0
1380	7 Mar 26	10:38:00	1	0	0	0	0	0	0	9	0	0	0	0	9	0	2	1	0	0	0	4	0	0	8	0	0	0	0	0	0	0	5	0	6	0	0	0	0	0	0
1381	7 Mar 26	10:39:00	1	0	0	0	0	0	0	8	0	0	0	0	5	0	3	1	2	0	0	5	4	0	7	0	0	0	0	0	0	0	3	3	6	0	0	0	0	0	0
1382	7 Mar 26	10:40:00	1	0	0	0	0	0	0	6	0	0	0	0	10	0	7	2	0	0	0	4	0	0	4	0	0	0	0	0	0	0	8	0	3	0	0	0	0	0	0
1383	7 Mar 26	10:41:00	1	0	0	0	0	0	0	9	0	0	0	0	12	0	8	0	0	0	0	1	0	0	2	0	0	0	0	0	0	0	5	0	5	0	0	0	0	0	0
1384	7 Mar 26	10:42:00	1	0	0	0	0	0	0	5	0	0	0	0	6	0	7	0	3	0	0	3	3	0	4	0	0	0	0	0	0	0	1	0	3	0	0	0	0	0	0
1385	7 Mar 26	10:43:00	1	0	0	0	0	0	0	2	0	3	0	0	12	0	1	0	3	0	0	2	3	0	8	0	0	0	0	0	0	0	10	0	4	0	0	0	0	0	0
1386	7 Mar 26	10:44:00	1	0	0	0	0	0	0	5	0	1	0	0	7	0	3	3	2	0	0	2	2	0	6	0	0	0	0	0	0	0	2	0	5	0	0	0	0	0	0
1387	7 Mar 26	10:45:00	1	0	0	0	0	0	0	3	0	0	0	0	5	0	0	3	0	0	0	1	6	0	7	0	0	0	0	0	0	0	8	0	5	0	0	0	0	0	0
1388	7 Mar 26	10:46:00	1	0	0	0	0	0	0	7	0	2	0	0	4	0	5	1	0	0	0	0	5	0	8	0	0	0	0	0	0	0	3	6	4	0	0	0	0	0	0
1389	7 Mar 26	10:47:00	1	0	0	0	0	0	0	6	0	0	0	0	9	0	7	1	0	0	0	2	4	0	5	0	0	0	0	0	0	0	0	1	3	0	1	0	0	0	0
1390	7 Mar 26	10:48:00	1	0	0	0	0	0	0	7	0	0	0	0	6	0	8	5	2	0	0	5	4	0	3	0	0	0	0	0	0	0	0	0	6	0	0	0	0	0	0
1391	7 Mar 26	10:49:00	1	0	0	0	0	0	0	7	0	0	0	0	7	0	9	3	3	0	0	4	9	0	6	1	0	0	0	0	0	0	5	0	5	0	0	0	2	0	0
1392	7 Mar 26	10:50:00	1	0	0	0	0	0	0	8	0	1	0	0	7	1	2	0	1	0	0	4	0	0	9	0	0	0	0	0	0	0	2	0	4	0	2	0	0	0	0
1393	7 Mar 26	10:51:00	1	0	0	0	0	0	0	5	0	0	0	0	6	2	6	0	0	0	0	5	0	0	2	0	0	0	0	0	0	0	3	2	7	0	0	0	0	0	0
1394	7 Mar 26	10:52:00	1	0	0	0	0	0	0	8	0	0	0	0	11	1	6	0	1	0	0	3	0	0	5	0	0	0	0	0	0	0	2	4	4	0	2	0	0	0	0
1395	7 Mar 26	10:53:00	1	0	0	0	0	0	0	4	0	0	0	0	6	0	10	0	0	0	0	6	0	0	4	0	0	0	0	0	0	0	4	1	3	0	0	0	0	0	0
1396	7 Mar 26	10:54:00	1	0	0	0	0	0	0	5	0	0	0	0	3	0	8	0	0	0	0	2	0	0	9	0	0	0	0	0	0	0	2	0	4	0	0	0	0	0	0
1397	7 Mar 26	10:55:00	1	0	0	0	0	0	0	5	0	0	0	0	10	0	9	2	1	0	0	2	0	0	2	0	0	0	0	0	0	0	4	0	4	0	0	0	0	0	0
1398	7 Mar 26	10:56:00	1	0	0	0	0	0	0	7	0	0	0	0	4	0	9	3	0	0	0	3	0	0	4	0	0	0	0	0	0	0	2	0	1	0	0	0	0	0	0
1399	7 Mar 26	10:57:00	1	0	0	0	0	0	0	5	0	0	0	0	7	0	6	0	0	0	0	2	0	0	3	0	0	0	0	0	0	0	0	0	1	0	0	0	0	0	0
1400	7 Mar 26	10:58:00	1	0	0	0	0	0	0	6	0	0	0	0	15	0	8	0	0	0	0	2	0	0	2	0	0	0	0	0	0	0	4	0	5	0	0	0	0	0	0
1401	7 Mar 26	10:59:00	1	0	0	0	0	0	0	6	0	0	0	0	10	0	7	0	1	0	0	4	0	0	1	0	0	0	0	0	0	0	2	0	5	0	0	0	0	0	0
1402	7 Mar 26	11:00:00	1	0	0	0	0	0	0	4	0	0	0	0	4	0	7	0	0	0	0	4	8	0	6	0	0	0	0	0	0	0	3	0	4	0	0	0	0	0	0
1403	7 Mar 26	11:01:00	1	0	0	0	0	0	0	5	0	0	0	0	10	0	8	0	0	0	0	4	0	0	3	0	0	0	0	0	0	0	5	0	3	0	0	0	0	0	0
1404	7 Mar 26	11:02:00	1	0	0	0	0	0	0	6	0	0	0	0	9	0	4	0	0	0	2	3	0	0	4	0	0	0	0	0	0	0	2	0	0	0	0	0	0	0	0
1405	7 Mar 26	11:03:00	1	0	0	0	0	0	0	6	0	0	0	0	9	0	7	0	0	0	0	4	0	0	2	0	0	0	0	0	0	0	0	0	1	0	0	0	0	0	0
1406	7 Mar 26	11:04:00	1	0	0	0	0	0	0	9	0	0	0	0	6	0	3	0	0	0	0	2	0	0	12	0	0	0	0	0	0	0	1	0	0	0	0	0	0	0	0
1407	7 Mar 26	11:05:00	1	0	0	0	0	0	0	7	0	0	0	0	10	0	6	0	0	0	0	4	0	0	1	0	0	0	0	0	0	0	3	0	4	0	0	0	0	0	0
1408	7 Mar 26	11:06:00	1	0	0	0	0	0	0	5	0	0	0	0	6	0	8	0	0	0	0	3	0	0	7	0	0	0	0	0	0	0	5	0	3	0	0	0	0	0	0
1409	7 Mar 26	11:07:00	1	0	0	0	0	0	0	6	0	0	0	0	6	0	7	0	0	0	0	5	0	0	4	0	0	0	0	0	0	0	3	0	0	0	0	0	0	0	0
1410	7 Mar 26	11:08:00	1	0	0	0	0	0	0	8	0	0	0	0	4	0	1	3	0	0	0	6	1	0	2	0	0	0	0	0	0	0	2	0	5	0	0	0	0	0	0
1411	7 Mar 26	11:09:00	1	0	0	0	0	0	0	7	0	0	0	0	13	0	6	5	1	0	0	4	8	0	14	0	0	0	0	0	0	0	3	0	2	0	0	0	0	0	0
1412	7 Mar 26	11:10:00	1	0	0	0	0	0	0	6	0	0	0	0	5	0	2	3	0	0	0	3	1	0	1	0	0	0	0	0	0	0	4	0	2	0	0	0	0	0	0
1413	7 Mar 26	11:11:00	1	0	0	0	0	0	0	9	0	0	0	0	3	0	4	0	0	0	0	3	3	0	4	0	0	0	0	0	0	0	0	0	2	0	4	0	0	0	0
1414	7 Mar 26	11:12:00	1	0	0	0	0	0	0	4	0	0	0	0	7	0	6	1	0	0	0	2	0	0	5	0	0	0	0	0	0	0	2	0	3	0	0	0	0	0	0
1415	7 Mar 26	11:13:00	1	0	0	0	0	0	0	6	0	0	0	0	8	0	5	0	0	0	0	4	0	0	1	0	0	0	0	0	0	0	5	0	1	0	0	0	0	0	0
1416	7 Mar 26	11:14:00	1	0	0	0	0	0	0	5	0	1	0	0	2	0	5	0	0	0	0	2	1	0	4	0	0	0	0	0	0	0	2	0	2	0	0	0	0	0	0
1417	7 Mar 26	11:15:00	1	0	0	0	0	0	0	2	0	0	0	0	5	0	3	0	6	0	0	2	0	0	5	0	0	0	0	0	0	0	1	0	6	0	0	0	0	0	0
1418	7 Mar 26	11:16:00	1	0	0	0	0	0	0	6	0	3	0	0	5	0	5	0	0	0	0	2	0	0	3	0	0	0	0	0	0	0	5	0	3	0	0	0	0	0	0
1419	7 Mar 26	11:17:00	1	0	0	0	0	0	0	3	2	0	0	0	7	0	8	0	0	0	0	6	0	0	2	0	0	0	0	2	0	0	0	0	1	0	0	0	0	0	0
1420	7 Mar 26	11:18:00	1	0	0	0	0	0	0	0	0	0	0	0	4	0	5	0	0	0	0	3	0	0	9	0	0	0	0	0	0	0	1	0	2	0	0	0	0	0	0
1421	7 Mar 26	11:19:00	1	0	0	0	0	0	0	4	1	0	0	0	7	0	4	0	0	0	0	6	0	0	6	0	0	0	0	0	0	0	2	0	4	0	0	0	0	0	0
1422	7 Mar 26	11:20:00	1	0	0	0	0	0	0	0	0	0	0	0	6	0	6	0	0	0	0	3	0	0	9	0	0	0	0	0	0	0	0	0	3	0	0	0	0	0	0
1423	7 Mar 26	11:21:00	1	0	0	0	0	0	0	0	0	0	0	0	9	0	5	0	0	0	0	3	3	0	4	0	0	0	0	0	0	0	0	0	5	0	0	0	0	0	0
1424	7 Mar 26	11:22:00	1	0	0	0	0	0	0	0	0	0	0	0	4	0	2	0	0	0	0	1	1	0	4	0	0	0	0	0	0	0	1	0	3	0	0	0	0	0	0
1425	7 Mar 26	11:23:00	1	0	0	0	0	0	0	2	0	0	0	0	7	0	3	0	1	0	0	6	4	0	3	0	0	0	0	0	0	0	0	0	6	0	0	0	0	0	0
1426	7 Mar 26	11:24:00	1	0	0	0	0	0	0	2	2	0	0	0	6	0	8	0	1	0	0	3	3	0	3	0	0	0	0	0	0	0	1	0	1	0	0	0	0	0	0
1427	7 Mar 26	11:25:00	1	0	0	0	0	0	0	4	0	0	0	0	5	0	7	0	0	0	0	5	0	0	3	0	0	0	0	0	0	0	0	0	4	0	0	0	0	0	0
1428	7 Mar 26	11:26:00	1	0	0	0	0	0	0	6	0	0	0	0	9	0	3	0	0	0	0	5	0	0	8	0	0	0	0	0	0	0	0	0	4	0	0	0	0	0	0
1429	7 Mar 26	11:27:00	1	0	0	0	0	0	0	7	3	0	0	0	7	0	6	0	1	0	0	3	0	0	6	0	0	0	0	0	0	0	0	0	3	0	0	0	0	0	0
1430	7 Mar 26	11:28:00	1	0	0	0	0	0	0	5	0	0	0	0	7	0	5	0	1	0	0	2	0	0	7	0	0	0	0	0	0	0	0	0	5	0	0	0	0	0	0
1431	7 Mar 26	11:29:00	1	0	0	0	0	0	0	7	0	0	0	0	7	0	8	0	3	0	0	3	0	0	5	2	0	0	0	0	0	0	0	0	3	0	0	0	0	0	0
1432	7 Mar 26	11:30:00	1	0	0	0	0	0	0	6	0	0	0	0	6	0	6	0	1	0	0	2	0	0	5	2	0	0	0	0	0	0	0	0	3	0	0	0	0	0	0
1433	7 Mar 26	11:31:00	1	0	0	0	0	0	0	4	0	0	0	0	5	0	5	0	0	0	0	3	0	0	2	1	0	0	0	0	0	0	0	0	0	0	0	0	0	0	0
1434	7 Mar 26	11:32:00	1	0	0	0	0	0	0	4	0	0	0	0	4	0	4	0	0	0	0	1	0	0	7	1	0	0	0	0	0	0	0	0	0	0	0	0	0	0	0
1435	7 Mar 26	11:33:00	1	0	0	0	0	0	0	5	0	0	0	0	8	0	8	0	0	0	0	4	0	0	3	0	0	0	0	0	0	0	0	0	3	0	0	0	0	0	0
1436	7 Mar 26	11:34:00	1	0	0	0	0	0	0	6	0	0	0	0	10	0	8	0	0	2	0	0	1	0	1	2	0	0	0	0	0	0	0	0	4	0	0	0	0	0	0
1437	7 Mar 26	11:35:00	1	0	0	0	0	0	0	7	0	0	0	0	6	0	5	0	0	1	0	3	2	0	2	0	0	0	0	0	0	0	0	0	4	0	0	0	0	0	0
1438	7 Mar 26	11:36:00	1	0	0	0	0	0	0	0	0	0	0	0	6	0	10	0	0	0	0	0	0	0	8	0	0	0	0	0	0	0	0	0	4	0	0	0	0	0	0
1439	7 Mar 26	11:37:00	1	0	0	0	0	0	0	6	8	0	0	0	4	0	8	0	0	0	3	1	5	0	5	0	0	0	0	1	0	0	0	0	2	0	6	0	0	0	0
1440	7 Mar 26	11:38:00	1	0	0	0	0	0	0	6	0	0	0	0	3	0	8	0	0	0	0	1	2	0	4	0	0	0	0	0	0	0	0	0	4	0	0	0	0	0	0
1441	7 Mar 26	11:39:00	1	0	0	0	0	0	0	6	0	0	0	0	7	0	3	0	0	0	0	8	4	0	4	0	0	0	0	0	0	0	0	0	3	0	0	0	0	0	0
1442	7 Mar 26	11:40:00	1	0	0	0	0	0	0	2	0	0	0	0	6	0	5	0	1	0	0	2	4	0	2	0	0	0	0	0	0	0	0	0	4	0	0	0	0	0	0
1443	7 Mar 26	11:41:00	1	0	0	0	0	0	0	5	0	0	0	0	4	0	6	0	0	6	0	1	10	0	4	0	0	0	0	0	0	0	0	0	0	0	0	0	0	0	0
1444	7 Mar 26	11:42:00	1	0	0	0	0	0	0	7	2	0	0	0	6	0	4	0	0	0	0	4	12	0	6	0	0	0	0	0	0	0	0	0	0	0	0	0	0	0	0
1445	7 Mar 26	11:43:00	1	0	0	0	0	0	0	4	0	2	0	0	8	0	6	0	0	0	0	21	10	0	1	0	0	0	0	0	0	0	0	0	4	0	0	0	0	0	0
1446	7 Mar 26	11:44:00	1	0	0	0	0	0	0	5	0	1	0	0	7	0	4	0	0	0	0	3	7	0	6	0	0	0	0	0	0	0	0	0	6	0	0	0	0	0	0
1447	7 Mar 26	11:45:00	1	0	0	0	0	0	0	3	2	3	0	0	5	0	8	0	0	0	0	4	5	2	1	0	0	0	0	0	0	0	0	0	3	0	0	0	0	0	0
1448	7 Mar 26	11:46:00	1	0	0	0	0	0	0	8	0	0	0	0	9	0	5	0	0	0	1	5	13	0	4	0	0	0	0	0	0	0	0	0	5	0	0	0	0	0	0
1449	7 Mar 26	11:47:00	1	0	0	0	0	0	0	4	0	2	0	0	8	0	4	0	0	0	1	2	0	1	6	0	0	0	0	0	0	0	0	0	6	0	0	0	0	0	0
1450	7 Mar 26	11:48:00	1	0	0	0	0	0	0	6	0	0	0	0	7	0	5	0	0	0	2	3	8	0	7	0	0	0	0	0	0	0	0	0	2	0	0	0	0	0	0
1451	7 Mar 26	11:49:00	1	0	0	0	0	0	0	5	0	0	0	0	4	0	3	0	0	0	0	3	6	0	3	0	0	0	0	0	0	0	0	0	1	0	0	0	0	0	0
1452	7 Mar 26	11:50:00	1	0	0	0	0	0	0	4	0	0	0	0	8	0	5	0	0	0	0	2	0	0	5	0	0	0	0	0	0	0	0	0	0	0	0	0	0	0	0
1453	7 Mar 26	11:51:00	1	0	0	0	0	0	0	1	0	0	0	0	4	0	4	0	0	0	0	5	0	0	2	0	0	0	0	0	0	0	0	0	1	0	0	0	0	0	0
1454	7 Mar 26	11:52:00	1	0	0	0	0	0	0	0	0	7	0	0	7	0	5	0	0	0	0	4	0	0	3	0	0	0	0	0	0	0	0	0	0	0	0	0	0	0	0
1455	7 Mar 26	11:53:00	1	0	0	0	0	0	0	0	0	4	0	0	4	0	6	0	0	0	0	2	3	0	2	0	0	0	0	0	0	0	0	0	4	0	0	0	0	0	0
1456	7 Mar 26	11:54:00	1	0	0	0	0	0	0	0	0	0	0	0	11	0	7	0	2	0	0	4	1	0	4	0	0	0	0	0	0	0	0	0	0	0	0	0	0	0	0
1457	7 Mar 26	11:55:00	1	0	0	0	0	0	0	0	1	0	0	0	6	0	6	0	5	0	0	4	5	0	6	1	0	0	0	0	0	0	0	0	0	0	0	0	0	0	0
1458	7 Mar 26	11:56:00	1	0	0	0	0	0	0	0	4	0	0	0	4	0	2	0	0	0	0	5	2	0	6	0	0	0	0	0	0	0	0	0	4	0	0	0	0	0	0
1459	7 Mar 26	11:57:00	1	0	0	0	0	0	0	0	0	0	0	0	8	0	9	0	3	0	0	5	1	0	3	0	0	0	0	0	0	0	0	0	3	0	0	0	0	0	0
1460	7 Mar 26	11:58:00	1	0	0	0	0	0	0	0	2	0	0	0	5	0	6	0	0	0	0	3	6	0	3	0	0	0	0	0	0	0	0	0	3	0	0	0	0	0	0
1461	7 Mar 26	11:59:00	1	0	0	0	0	0	0	0	0	0	0	0	4	0	6	0	0	0	0	4	0	0	4	0	0	0	0	0	0	0	0	0	5	0	0	0	0	0	0
1462	7 Mar 26	12:00:00	1	0	0	0	0	0	0	0	0	2	0	0	10	0	10	0	0	0	0	2	2	0	5	0	0	0	0	0	0	0	0	0	0	0	0	0	0	0	0
1463	7 Mar 26	12:01:00	1	0	0	0	0	0	0	0	0	0	0	0	8	0	4	0	2	0	0	2	2	0	4	0	0	0	0	0	0	0	0	0	0	0	0	0	0	0	0
1464	7 Mar 26	12:02:00	1	0	0	0	0	0	0	0	0	0	0	0	5	0	6	0	0	0	0	0	2	0	3	0	0	0	0	0	0	0	0	0	0	0	0	0	0	0	0
1465	7 Mar 26	12:03:00	1	0	0	0	0	0	0	0	1	0	0	0	7	0	8	0	0	0	0	2	3	0	4	0	1	0	0	0	0	0	0	0	3	0	0	0	0	0	0
1466	7 Mar 26	12:04:00	1	0	0	0	0	0	0	0	7	0	0	0	4	0	8	0	0	0	0	5	5	0	3	0	2	0	0	0	0	0	0	0	4	0	0	0	0	0	0
1467	7 Mar 26	12:05:00	1	0	0	0	0	0	0	0	0	0	0	0	11	1	6	0	0	0	0	3	3	0	4	0	0	0	0	0	0	0	0	0	8	0	0	0	0	0	0
1468	7 Mar 26	12:06:00	1	0	0	0	0	0	0	0	3	0	0	0	9	1	6	0	0	2	0	2	0	0	6	0	0	0	0	0	0	0	0	0	2	0	0	0	0	0	0
1469	7 Mar 26	12:07:00	1	0	0	0	0	0	0	0	0	0	0	0	9	0	2	0	0	0	0	0	10	0	5	0	0	0	0	0	0	0	0	0	0	0	0	0	0	0	0
1470	7 Mar 26	12:08:00	1	0	0	0	0	0	0	0	0	0	0	0	8	0	8	0	0	2	0	0	15	0	11	3	0	0	0	0	0	0	0	0	1	0	0	0	0	0	0
1471	7 Mar 26	12:09:00	1	0	0	0	0	0	0	0	1	0	0	0	6	0	5	0	0	4	0	0	7	0	0	0	0	0	0	0	0	0	0	0	2	0	0	0	0	0	0
1472	7 Mar 26	12:10:00	1	0	0	0	0	0	0	0	4	2	0	0	10	0	6	0	0	7	0	0	12	0	0	0	0	0	0	0	0	0	0	0	8	0	0	0	0	0	0
1473	7 Mar 26	12:11:00	1	0	0	0	0	0	0	0	2	0	0	0	10	0	5	0	0	6	0	0	9	0	2	0	0	0	0	0	0	0	0	0	2	0	0	0	0	0	0
1474	7 Mar 26	12:12:00	1	0	0	0	0	0	0	0	0	3	0	0	6	0	4	0	0	4	0	0	10	0	0	0	0	0	0	0	0	0	0	0	0	0	0	0	0	0	0
1475	7 Mar 26	12:13:00	1	0	0	0	0	0	0	0	0	0	0	0	7	0	7	0	0	5	0	0	17	0	4	0	0	0	0	0	0	0	0	0	1	0	0	0	0	0	0
1476	7 Mar 26	12:14:00	1	0	0	0	0	0	0	0	0	2	0	0	9	0	5	0	5	7	0	0	8	0	0	0	0	0	0	0	0	0	0	0	1	0	0	0	0	0	0
1477	7 Mar 26	12:15:00	1	0	0	0	0	0	0	0	3	1	0	0	13	0	4	0	4	6	0	0	8	0	0	0	0	0	0	0	0	0	0	0	0	0	0	0	0	0	0
1478	7 Mar 26	12:16:00	1	0	0	0	0	0	0	0	0	0	0	0	5	0	7	0	2	5	0	0	4	0	0	0	0	0	0	0	0	0	0	0	0	0	0	0	0	0	0
1479	7 Mar 26	12:17:00	1	0	0	0	0	0	0	0	0	0	0	0	10	0	6	0	0	6	0	0	8	0	1	0	0	0	0	0	0	0	0	0	0	0	0	0	0	0	0
1480	7 Mar 26	12:18:00	1	0	0	0	0	0	0	0	0	0	0	0	6	0	2	0	0	5	0	0	5	0	0	0	0	0	0	0	0	0	0	0	0	0	0	0	0	0	0
1481	7 Mar 26	12:19:00	1	0	0	0	0	0	0	0	2	0	0	0	5	0	7	0	1	5	7	0	11	0	0	0	0	0	0	0	0	0	0	0	0	0	0	0	3	0	0
1482	7 Mar 26	12:20:00	1	0	0	0	0	0	0	0	6	0	0	0	9	0	8	0	4	4	1	0	10	0	1	2	0	0	0	0	0	0	2	0	0	0	0	0	0	0	0
1483	7 Mar 26	12:21:00	1	0	0	0	0	0	0	0	0	0	0	0	13	0	5	0	0	1	0	0	6	0	1	1	0	0	0	0	0	0	1	0	0	0	0	0	0	0	0
1484	7 Mar 26	12:22:00	1	0	0	0	0	0	0	0	0	0	0	0	10	0	5	0	0	5	1	0	4	2	1	0	0	0	0	0	0	0	0	0	0	0	0	0	0	0	0
1485	7 Mar 26	12:23:00	1	0	0	0	0	0	0	0	0	0	0	0	10	0	5	0	0	7	7	0	5	0	0	0	0	0	0	0	0	0	0	0	0	0	0	0	0	0	0
1486	7 Mar 26	12:24:00	1	0	0	0	0	0	0	0	3	0	0	0	10	0	4	0	0	6	0	0	7	0	0	0	0	0	0	0	0	0	0	0	0	0	0	0	0	0	0
1487	7 Mar 26	12:25:00	1	0	0	0	0	0	0	0	12	0	0	0	8	0	2	0	3	7	0	0	1	0	0	0	0	0	0	0	0	0	0	0	0	0	0	0	0	0	0
1488	7 Mar 26	12:26:00	1	0	0	0	0	0	0	0	12	0	0	0	10	0	7	0	0	8	0	0	0	0	0	0	0	0	0	0	0	0	0	0	0	0	0	0	0	0	0
1489	7 Mar 26	12:27:00	1	0	0	0	0	0	0	0	8	0	0	0	9	0	10	0	2	7	0	0	0	0	0	0	0	0	0	0	0	0	0	0	0	0	0	0	0	0	0
1490	7 Mar 26	12:28:00	1	0	0	0	0	0	0	0	9	0	0	0	9	0	6	0	5	9	6	0	0	6	0	0	0	0	0	0	0	0	0	0	0	0	0	0	0	0	0
1491	7 Mar 26	12:29:00	1	0	0	0	0	0	0	0	9	0	0	0	9	0	6	0	11	6	3	0	5	0	1	0	0	0	0	0	0	0	0	0	0	0	0	0	0	0	0
1492	7 Mar 26	12:30:00	1	0	0	0	0	0	0	0	9	7	0	0	4	0	8	0	0	7	0	0	0	0	0	0	0	0	0	0	0	0	0	0	0	0	0	0	0	0	0
1493	7 Mar 26	12:31:00	1	0	0	0	0	0	0	0	9	0	0	0	8	0	6	0	0	6	0	0	0	0	0	0	0	0	0	0	0	0	0	0	0	0	0	0	0	0	0
1494	7 Mar 26	12:32:00	1	0	0	0	0	0	0	0	5	1	0	0	8	0	4	0	0	9	0	0	6	0	0	0	0	0	0	0	0	0	0	0	0	0	0	0	0	0	0
1495	7 Mar 26	12:33:00	1	0	0	0	0	0	0	0	3	0	0	0	7	0	2	0	0	6	0	0	4	0	0	0	0	0	0	0	0	0	0	0	0	0	0	0	0	0	0
1496	7 Mar 26	12:34:00	1	0	0	0	0	0	0	0	5	0	0	0	5	0	0	0	0	4	0	0	7	0	0	0	0	0	0	0	0	0	2	0	1	0	0	0	0	0	0
1497	7 Mar 26	12:35:00	1	0	0	0	0	0	0	0	3	0	0	0	11	0	2	0	0	5	0	0	0	0	0	0	0	0	0	0	0	0	0	0	0	0	0	0	0	0	0
1498	7 Mar 26	12:36:00	1	0	0	0	0	0	0	0	5	0	0	0	11	0	7	0	0	5	0	0	7	0	0	0	0	0	0	0	0	0	0	0	2	0	0	0	0	0	0
1499	7 Mar 26	12:37:00	1	0	0	0	0	0	0	0	4	0	0	0	9	0	3	0	0	5	0	0	11	0	0	1	0	0	0	0	0	0	0	0	1	0	0	0	0	0	0
1500	7 Mar 26	12:38:00	1	0	0	0	0	0	0	0	1	0	0	0	8	0	5	0	0	6	0	0	8	0	2	2	0	0	0	0	0	0	0	0	2	0	0	0	0	0	0
1501	7 Mar 26	12:39:00	1	0	0	0	0	0	0	0	4	0	0	0	3	0	6	0	0	5	0	0	8	0	0	0	0	0	0	0	0	0	0	0	6	0	0	0	0	0	0
1502	7 Mar 26	12:40:00	1	0	0	0	0	0	0	0	0	0	0	0	11	0	4	0	0	7	0	0	8	0	0	0	0	0	0	0	0	0	0	0	1	0	2	0	0	0	0
1503	7 Mar 26	12:41:00	1	0	0	0	0	0	0	0	0	0	0	0	9	1	2	0	0	2	0	0	4	0	1	0	0	0	0	0	0	0	0	0	4	0	1	0	0	0	0
1504	7 Mar 26	12:42:00	1	0	0	0	0	0	0	0	3	0	0	0	9	2	4	0	0	9	0	0	0	0	1	0	0	0	0	0	0	0	0	0	4	0	1	0	4	0	0
1505	7 Mar 26	12:43:00	1	0	0	0	0	0	0	0	2	0	0	0	8	0	7	0	0	9	0	0	3	0	0	0	0	0	0	0	0	0	0	0	2	0	2	0	0	0	0
1506	7 Mar 26	12:44:00	1	0	0	0	0	0	0	0	0	0	0	0	7	0	4	0	0	7	0	0	8	0	4	0	0	0	0	0	0	0	0	0	4	0	5	0	0	0	0
1507	7 Mar 26	12:45:00	1	0	0	0	0	0	0	0	0	0	0	0	6	0	8	0	0	5	0	0	5	0	0	0	2	0	0	0	0	0	0	0	1	0	1	0	0	0	0
1508	7 Mar 26	12:46:00	1	0	0	0	0	0	0	0	0	0	0	0	4	0	6	0	0	5	0	0	14	0	5	0	0	0	0	0	0	0	0	0	5	0	0	0	0	0	0
1509	7 Mar 26	12:47:00	1	0	0	0	0	0	0	0	0	0	0	0	8	0	6	0	0	9	0	0	8	0	0	0	0	0	0	0	0	0	0	0	2	0	2	0	0	0	0
1510	7 Mar 26	12:48:00	1	0	0	0	0	0	0	0	0	2	0	0	4	0	6	0	0	9	0	0	9	0	0	0	0	0	0	0	0	0	0	0	2	0	2	0	0	0	0
1511	7 Mar 26	12:49:00	1	0	0	0	0	0	0	0	0	0	0	0	9	0	7	0	0	6	0	0	11	0	0	0	1	0	0	0	0	0	0	0	2	0	1	0	0	0	0
1512	7 Mar 26	12:50:00	1	0	0	0	0	0	0	0	0	0	0	0	9	0	6	0	0	6	0	0	6	0	0	0	0	0	0	0	0	0	0	0	4	0	0	0	0	0	0
1513	7 Mar 26	12:51:00	1	0	0	0	0	0	0	0	0	0	0	0	4	0	5	0	0	5	0	0	7	0	0	0	0	0	0	0	0	0	0	0	1	0	0	0	0	0	0
1514	7 Mar 26	12:52:00	1	0	0	0	0	0	0	0	0	0	0	0	6	0	7	0	0	7	3	0	4	0	0	0	0	0	0	0	0	0	0	0	0	0	0	0	0	0	0
1515	7 Mar 26	12:53:00	1	0	0	0	0	0	0	0	0	0	0	0	9	0	1	0	0	7	0	0	7	0	0	3	0	0	0	0	0	0	0	0	0	0	0	0	0	0	0
1516	7 Mar 26	12:54:00	1	0	0	0	0	0	0	0	0	3	0	0	6	0	0	0	0	7	0	0	9	0	0	1	0	0	0	0	0	0	0	0	0	0	0	0	0	0	0
1517	7 Mar 26	12:55:00	1	0	0	0	0	0	0	0	0	7	0	0	7	0	5	0	0	0	2	0	9	0	0	0	0	0	0	0	0	0	0	0	1	0	0	0	0	0	0
1518	7 Mar 26	12:56:00	1	0	0	0	0	0	0	0	1	0	0	0	9	0	2	0	0	0	2	0	6	0	0	2	0	0	0	0	0	0	0	0	3	0	0	0	0	0	0
1519	7 Mar 26	12:57:00	1	0	0	0	0	0	0	0	0	0	0	0	11	0	1	0	0	0	6	0	7	0	0	0	0	0	0	0	0	0	0	0	3	0	1	0	0	0	0
1520	7 Mar 26	12:58:00	1	0	0	0	0	0	0	0	3	3	0	0	4	0	2	0	0	5	4	0	8	0	2	0	0	0	0	0	0	0	0	0	2	0	1	0	0	0	0
1521	7 Mar 26	12:59:00	1	0	0	0	0	0	0	0	2	5	0	0	4	0	1	0	0	9	1	0	7	0	0	0	0	0	0	0	0	0	0	0	1	0	0	0	0	0	0
1522	7 Mar 26	13:00:00	1	0	0	0	0	0	0	0	4	0	0	0	9	0	3	0	0	6	2	0	5	0	2	0	0	0	0	0	0	0	0	0	0	0	2	0	0	0	0
1523	7 Mar 26	13:01:00	1	0	0	0	0	0	0	0	2	0	0	0	6	0	6	0	0	7	0	0	9	0	2	1	1	0	0	0	0	0	0	0	0	0	0	0	0	0	0
1524	7 Mar 26	13:02:00	1	0	0	0	0	0	0	0	0	0	0	0	4	0	1	0	0	8	0	0	9	0	1	0	0	0	0	0	0	0	0	0	0	0	0	0	0	0	0
1525	7 Mar 26	13:03:00	1	0	0	0	0	0	0	0	0	0	0	0	6	0	7	0	0	8	0	0	9	0	2	0	0	0	0	0	0	0	0	0	6	0	0	0	0	0	0
1526	7 Mar 26	13:04:00	1	0	0	0	0	0	0	0	0	0	0	0	4	0	2	0	0	6	1	0	5	0	4	0	3	0	0	0	0	0	0	0	5	0	2	0	0	0	0
1527	7 Mar 26	13:05:00	1	0	0	0	0	0	0	0	0	0	0	0	8	0	2	0	0	3	0	0	6	0	3	0	0	0	0	0	0	0	0	0	1	0	0	0	0	0	0
1528	7 Mar 26	13:06:00	1	0	0	0	0	0	0	0	0	0	0	0	10	0	5	0	0	6	0	0	6	0	0	0	3	0	0	0	0	0	0	0	0	0	0	0	0	0	0
1529	7 Mar 26	13:07:00	1	0	0	0	0	0	0	0	0	0	0	0	12	0	1	0	0	3	0	0	8	0	3	0	3	0	0	0	0	0	0	0	0	0	3	0	0	0	0
1530	7 Mar 26	13:08:00	1	0	0	0	0	0	0	0	0	2	0	0	5	0	1	0	0	0	0	0	6	0	1	0	0	0	0	0	0	0	0	0	2	0	2	0	2	0	0
1531	7 Mar 26	13:09:00	1	0	0	0	0	0	0	0	2	0	0	0	11	0	1	0	0	0	0	0	9	0	6	0	0	0	0	0	0	0	0	0	0	0	6	0	0	0	0
1532	7 Mar 26	13:10:00	1	0	0	0	0	0	0	0	0	0	0	0	12	0	0	0	0	0	0	0	4	0	4	0	0	0	0	0	0	0	0	0	3	0	2	0	0	0	0
1533	7 Mar 26	13:11:00	1	0	0	0	0	0	0	0	2	0	0	0	9	0	1	0	0	4	0	0	8	0	7	0	0	0	0	0	0	0	4	0	0	0	0	0	0	0	0
1534	7 Mar 26	13:12:00	1	0	0	0	0	0	0	0	0	0	0	0	11	0	6	0	0	6	0	0	3	0	3	0	0	0	0	0	0	0	2	0	0	0	0	0	0	0	0
1535	7 Mar 26	13:13:00	1	0	0	0	0	0	0	0	0	1	0	0	7	0	3	0	0	5	0	0	10	2	1	0	3	0	0	0	0	0	1	0	0	0	2	0	2	0	0
1536	7 Mar 26	13:14:00	1	0	0	0	0	0	0	0	0	0	0	0	4	0	2	0	0	6	0	0	8	0	7	0	5	0	0	0	0	0	0	0	0	0	0	0	3	0	0
1537	7 Mar 26	13:15:00	1	0	0	0	0	0	0	0	3	0	0	0	10	0	0	0	0	0	0	0	8	0	7	0	2	0	0	0	0	0	1	0	0	0	0	0	0	0	0
1538	7 Mar 26	13:16:00	1	0	0	0	0	0	0	0	0	0	0	0	13	2	1	0	0	0	0	0	7	0	6	0	3	0	0	0	0	0	0	0	0	0	0	0	0	0	0
1539	7 Mar 26	13:17:00	1	0	0	0	0	0	0	0	0	0	0	0	7	0	2	0	0	0	0	0	7	0	8	0	4	0	0	0	0	0	0	0	0	0	0	0	0	0	0
1540	7 Mar 26	13:18:00	1	0	0	0	0	0	0	0	0	0	0	0	7	2	3	0	0	0	0	0	6	0	2	0	0	0	0	0	0	0	2	0	0	0	0	0	0	0	0
1541	7 Mar 26	13:19:00	1	0	0	0	0	0	0	0	7	0	0	0	9	0	3	0	0	0	0	0	10	0	5	0	2	0	0	0	0	0	0	0	0	0	0	0	0	0	0
1542	7 Mar 26	13:20:00	1	0	0	0	0	0	0	0	0	0	0	0	7	0	0	0	4	0	0	0	6	0	5	0	5	0	0	0	2	0	3	0	0	0	0	0	0	0	0
1543	7 Mar 26	13:21:00	1	0	0	0	0	0	0	0	0	0	0	0	11	0	2	0	6	0	0	0	8	0	2	0	1	0	0	0	3	0	8	0	0	0	0	0	0	0	0
1544	7 Mar 26	13:22:00	1	0	0	0	0	0	0	0	0	0	0	0	11	0	8	0	3	0	0	0	7	0	7	0	3	0	0	0	5	0	1	0	0	0	0	0	0	0	0
1545	7 Mar 26	13:23:00	1	0	0	0	0	0	0	0	0	0	0	0	4	0	0	0	3	0	0	0	6	0	3	0	7	0	0	0	2	0	0	0	0	0	0	0	0	0	0
1546	7 Mar 26	13:24:00	1	0	0	0	0	0	0	0	0	0	0	0	2	0	0	0	0	0	0	0	7	0	2	0	2	0	0	0	6	0	0	0	0	0	0	0	0	0	0
1547	7 Mar 26	13:25:00	1	0	0	0	0	0	0	0	0	0	0	0	4	0	6	0	0	0	0	0	5	0	2	0	0	0	0	0	0	0	0	0	0	0	0	0	0	0	0
1548	7 Mar 26	13:26:00	1	0	0	0	0	0	0	0	0	0	0	0	5	0	7	0	0	0	0	0	6	0	5	0	2	0	0	0	0	0	0	0	0	0	0	0	2	0	0
1549	7 Mar 26	13:27:00	1	0	0	0	0	0	0	0	0	0	0	0	7	0	5	0	0	0	0	0	8	0	6	0	10	0	0	0	3	0	0	0	0	0	0	0	0	0	0
1550	7 Mar 26	13:28:00	1	0	0	0	0	0	0	0	1	0	0	0	4	0	4	0	0	0	0	0	10	0	5	0	1	0	0	0	4	0	0	0	0	0	0	0	0	0	0
1551	7 Mar 26	13:29:00	1	0	0	0	0	0	0	0	3	0	0	0	9	0	9	0	0	0	0	0	5	0	3	0	0	0	0	0	6	0	0	0	0	0	0	0	0	0	0
1552	7 Mar 26	13:30:00	1	0	0	0	0	0	0	0	0	0	0	0	9	0	6	0	0	0	0	0	4	0	5	0	3	0	0	0	4	0	6	0	0	0	0	0	0	0	0
1553	7 Mar 26	13:31:00	1	0	0	0	0	0	0	0	0	0	0	0	10	0	6	0	0	0	0	0	7	5	5	0	6	0	0	0	3	0	5	0	0	0	0	0	0	0	0
1554	7 Mar 26	13:32:00	1	0	0	0	0	0	0	0	0	0	0	0	2	0	7	0	0	0	4	0	0	3	3	0	5	0	0	0	3	0	1	0	0	0	0	0	0	0	0
1555	7 Mar 26	13:33:00	1	0	0	0	0	0	0	0	0	0	0	0	2	0	5	0	0	0	4	0	0	0	6	0	7	0	0	0	6	0	3	0	0	0	0	0	0	0	0
1556	7 Mar 26	13:34:00	1	0	0	0	0	0	0	0	0	0	0	0	6	0	6	0	0	0	5	0	0	0	5	0	4	0	0	0	3	0	4	0	0	0	0	0	2	0	0
1557	7 Mar 26	13:35:00	1	0	0	0	0	0	0	0	0	0	0	0	6	0	6	0	0	0	1	0	0	0	3	0	2	0	0	0	4	0	3	0	0	0	0	0	0	0	0
1558	7 Mar 26	13:36:00	1	0	0	0	0	0	0	0	5	0	0	0	8	0	7	0	0	0	0	0	0	5	3	0	3	0	0	0	6	0	1	0	0	0	0	0	0	0	0
1559	7 Mar 26	13:37:00	1	0	0	0	0	0	0	0	5	0	0	0	7	0	2	0	0	0	0	0	2	0	0	1	2	0	0	0	4	0	6	0	0	0	0	0	0	0	0
1560	7 Mar 26	13:38:00	1	0	0	0	0	0	0	0	0	0	0	0	8	0	6	0	0	0	0	0	3	0	5	3	0	0	0	0	1	0	3	0	0	0	0	0	0	0	0
1561	7 Mar 26	13:39:00	1	0	0	0	0	0	0	0	3	0	0	0	5	0	5	0	0	0	0	0	0	0	8	0	3	0	0	0	0	0	3	0	0	0	0	0	0	0	0
1562	7 Mar 26	13:40:00	1	0	0	0	0	0	0	0	0	0	0	0	8	0	6	1	0	0	0	0	0	0	0	0	3	0	0	0	5	0	0	0	0	0	0	0	0	0	0
1563	7 Mar 26	13:41:00	1	0	0	0	0	0	0	0	5	0	0	0	4	0	3	2	0	0	0	0	3	0	12	0	3	0	0	0	2	0	3	0	0	0	0	0	0	0	0
1564	7 Mar 26	13:42:00	1	0	0	0	0	0	0	0	0	0	0	0	6	0	5	0	0	0	0	0	0	0	5	0	1	0	0	0	2	0	0	0	0	0	0	0	3	0	0
1565	7 Mar 26	13:43:00	1	0	0	0	0	0	0	0	0	0	0	0	9	0	2	0	0	0	0	0	0	0	9	0	4	0	0	0	3	0	2	0	0	0	0	0	2	0	0
1566	7 Mar 26	13:44:00	1	0	0	0	0	0	0	0	1	0	0	0	7	0	4	0	0	0	0	0	13	0	8	0	7	0	0	0	4	0	1	0	0	0	0	0	0	0	0
1567	7 Mar 26	13:45:00	1	0	0	0	0	0	0	0	0	0	0	0	7	0	6	0	0	0	0	0	1	0	3	0	0	0	0	0	4	0	2	0	0	0	0	0	0	0	0
1568	7 Mar 26	13:46:00	1	0	0	0	0	0	0	1	0	0	0	0	7	0	4	0	0	2	0	0	2	0	5	0	3	0	0	0	4	0	0	0	0	0	0	0	0	0	0
1569	7 Mar 26	13:47:00	1	0	0	0	0	0	0	0	0	0	0	0	10	0	6	0	0	0	0	0	5	0	2	0	1	0	0	0	0	0	1	0	0	0	0	0	0	0	0
1570	7 Mar 26	13:48:00	1	0	0	0	0	0	0	0	0	0	0	0	8	0	8	0	0	0	0	0	0	0	2	0	3	0	0	0	1	0	6	0	0	0	0	0	0	0	0
1571	7 Mar 26	13:49:00	1	0	0	0	0	0	0	0	0	0	0	0	5	0	4	0	0	0	0	0	0	0	6	0	2	0	0	0	0	0	0	0	0	0	0	0	1	0	2
1572	7 Mar 26	13:50:00	1	0	0	0	0	0	0	0	0	8	0	0	9	0	2	0	0	0	0	0	0	0	7	0	3	0	0	0	0	0	3	0	0	0	0	0	5	0	0
1573	7 Mar 26	13:51:00	1	0	0	0	0	0	0	0	0	1	0	0	5	0	2	0	0	0	0	0	0	0	1	4	1	0	0	0	0	0	2	0	0	0	0	0	0	0	0
1574	7 Mar 26	13:52:00	1	0	0	0	0	0	0	0	0	1	0	0	7	0	4	0	0	0	0	0	5	0	4	0	3	0	0	0	0	0	1	0	0	0	0	0	0	0	0
1575	7 Mar 26	13:53:00	1	0	0	0	0	0	0	0	0	1	0	0	10	0	2	0	0	0	0	0	9	0	4	0	4	0	0	0	0	0	3	0	0	0	0	0	0	0	0
1576	7 Mar 26	13:54:00	1	0	0	0	0	0	0	0	0	0	0	0	7	0	3	0	0	0	0	0	0	0	5	0	1	0	0	0	1	0	1	0	0	0	0	0	1	0	1
1577	7 Mar 26	13:55:00	1	0	0	0	0	0	0	0	0	0	0	0	8	0	0	0	2	0	0	0	0	0	3	0	2	0	0	0	4	0	5	0	0	0	0	0	3	0	4
1578	7 Mar 26	13:56:00	1	0	0	0	0	0	0	0	0	6	0	0	4	0	4	0	4	0	0	0	0	0	6	0	0	0	0	0	4	0	1	0	0	0	0	0	0	0	3
1579	7 Mar 26	13:57:00	1	0	0	0	0	0	0	0	0	0	0	0	13	0	12	0	1	0	0	0	4	0	4	0	1	0	0	1	3	0	3	0	0	0	0	0	2	0	6
1580	7 Mar 26	13:58:00	1	0	0	0	0	0	0	0	0	0	0	0	6	0	4	0	0	0	0	0	2	0	2	0	2	0	0	0	1	0	1	0	0	0	0	0	2	0	1
1581	7 Mar 26	13:59:00	1	0	0	0	0	0	0	0	0	0	0	0	6	0	2	0	0	4	0	0	3	0	6	0	5	0	0	0	0	0	0	0	0	0	0	0	1	0	4
1582	7 Mar 26	14:00:00	1	0	0	0	0	0	0	0	0	0	0	0	5	0	7	0	1	0	0	0	5	0	0	0	3	0	0	0	1	0	1	0	0	0	0	0	3	0	1
1583	7 Mar 26	14:01:00	1	0	0	0	0	0	0	0	0	0	0	0	8	0	1	0	1	0	0	0	0	0	0	0	3	0	0	0	4	0	4	0	0	0	0	0	1	0	0
1584	7 Mar 26	14:02:00	1	0	0	0	0	0	0	0	0	0	0	0	7	0	7	0	0	0	0	0	0	0	2	0	1	0	0	0	2	0	3	0	0	0	0	0	0	0	0
1585	7 Mar 26	14:03:00	1	0	0	0	0	0	0	0	2	0	0	0	10	0	10	0	3	0	0	0	0	0	0	0	4	0	0	0	0	0	0	0	0	0	0	0	2	0	2
1586	7 Mar 26	14:04:00	1	0	0	0	0	0	0	0	3	0	0	0	8	0	4	0	0	0	0	0	0	0	0	0	1	0	0	0	0	0	7	0	0	0	0	0	3	0	0
1587	7 Mar 26	14:05:00	1	0	0	0	0	0	0	0	0	0	0	0	9	0	4	0	0	0	0	0	0	0	0	0	7	0	0	0	1	0	1	0	0	0	0	0	9	0	0
1588	7 Mar 26	14:06:00	1	0	0	0	0	0	0	0	5	0	0	0	7	0	5	0	0	0	0	0	0	0	0	0	5	0	0	0	4	0	3	0	0	0	0	0	5	0	0
1589	7 Mar 26	14:07:00	1	0	0	0	0	0	0	0	0	0	0	0	10	0	8	0	0	0	0	0	16	0	0	0	2	0	0	0	2	0	2	0	0	0	0	0	3	0	0
1590	7 Mar 26	14:08:00	1	0	0	0	0	0	0	0	0	0	0	0	11	0	10	0	0	0	0	0	3	0	2	0	2	0	0	0	0	0	0	0	3	0	0	0	3	0	0
1591	7 Mar 26	14:09:00	1	0	0	0	0	0	0	0	0	0	0	0	6	0	3	0	0	0	0	0	11	0	0	0	1	0	0	0	0	0	2	0	0	0	0	0	0	0	0
1592	7 Mar 26	14:10:00	1	0	0	0	0	0	0	0	0	0	0	0	8	0	1	0	0	0	0	0	9	0	1	0	5	0	0	0	3	0	3	0	0	0	0	0	5	0	0
1593	7 Mar 26	14:11:00	1	0	0	0	0	0	0	0	0	1	0	0	7	0	5	0	0	0	0	0	8	0	0	0	4	0	0	0	1	0	4	0	1	0	0	0	4	0	0
1594	7 Mar 26	14:12:00	1	0	0	0	0	0	0	0	2	0	0	0	4	0	3	0	0	0	0	0	0	0	0	0	1	0	0	0	0	0	2	0	8	0	0	0	5	0	0
1595	7 Mar 26	14:13:00	1	0	0	0	0	0	0	0	0	0	0	0	6	0	5	0	0	0	0	0	6	0	0	0	1	0	0	0	0	0	0	0	1	0	0	0	2	0	0
1596	7 Mar 26	14:14:00	1	0	0	0	0	0	0	0	10	0	0	0	6	0	4	0	0	0	0	0	9	0	0	0	0	0	0	0	0	0	3	0	4	0	0	0	2	0	0
1597	7 Mar 26	14:15:00	1	0	0	0	0	0	0	0	0	3	0	0	11	0	5	0	0	0	0	0	7	0	0	0	5	0	0	0	0	0	1	0	0	0	0	0	0	0	0
1598	7 Mar 26	14:16:00	1	0	0	0	0	0	0	0	0	3	0	0	9	0	6	0	0	0	0	0	10	0	0	5	4	0	0	0	0	0	0	0	0	0	0	0	0	0	0
1599	7 Mar 26	14:17:00	1	0	0	0	0	0	0	0	0	0	0	0	7	1	2	0	0	0	0	0	5	0	0	4	4	0	0	0	0	0	1	0	2	0	0	0	0	0	0
1600	7 Mar 26	14:18:00	1	0	0	0	0	0	0	0	0	0	0	0	11	3	6	0	0	0	0	3	4	0	0	0	3	0	0	0	0	0	1	0	0	0	0	0	0	0	0
1601	7 Mar 26	14:19:00	1	0	0	0	0	0	0	0	0	2	0	0	5	1	4	0	0	0	0	0	8	0	0	2	4	0	0	0	1	0	0	0	2	0	0	0	0	0	0
1602	7 Mar 26	14:20:00	1	0	0	0	0	0	0	0	0	0	0	0	10	2	9	1	0	0	0	2	6	0	0	5	5	0	0	0	6	0	0	0	7	0	0	0	3	0	0
1603	7 Mar 26	14:21:00	1	0	0	0	0	0	0	0	3	0	0	0	4	3	0	5	0	0	1	5	8	0	0	0	2	0	0	0	2	0	0	0	1	0	0	0	0	0	0
1604	7 Mar 26	14:22:00	1	0	0	0	0	0	0	0	9	0	0	0	12	1	5	0	0	0	1	0	7	0	0	0	0	0	0	0	1	0	0	0	1	0	0	0	2	0	0
1605	7 Mar 26	14:23:00	1	0	0	0	0	0	0	0	0	0	0	0	8	1	4	0	0	0	0	0	7	0	1	0	0	0	0	0	0	0	0	0	2	0	0	0	5	0	0
1606	7 Mar 26	14:24:00	1	0	0	0	0	0	0	0	5	0	0	0	8	0	6	0	0	0	0	0	3	0	0	0	1	0	0	0	0	0	0	0	2	0	0	0	7	0	0
1607	7 Mar 26	14:25:00	1	0	0	0	0	0	0	0	8	0	0	0	6	0	3	0	0	0	0	0	9	0	0	0	0	0	0	0	0	0	0	2	3	0	0	0	4	0	0
1608	7 Mar 26	14:26:00	1	0	0	0	0	0	0	0	4	0	0	0	9	0	9	0	0	0	0	2	3	0	0	0	2	0	0	0	0	0	0	0	3	0	0	0	3	0	0
1609	7 Mar 26	14:27:00	1	0	0	0	0	0	0	0	5	0	0	0	6	0	4	2	0	0	0	0	7	0	0	0	6	0	0	0	0	0	0	0	6	0	0	0	3	0	0
1610	7 Mar 26	14:28:00	1	0	0	0	0	0	0	0	2	0	0	0	8	0	8	1	0	2	0	0	7	0	0	0	4	0	0	0	2	0	0	0	3	0	0	0	1	0	0
1611	7 Mar 26	14:29:00	1	0	0	0	0	0	0	0	1	0	0	0	9	0	4	1	0	0	0	1	5	0	0	0	4	0	0	0	1	0	0	0	2	0	0	0	1	0	0
1612	7 Mar 26	14:30:00	1	0	0	0	0	0	0	0	1	0	0	0	5	0	0	0	0	0	0	0	14	0	0	0	4	0	0	0	0	0	0	0	0	0	0	0	2	0	0
1613	7 Mar 26	14:31:00	1	0	0	0	0	0	0	0	0	0	0	0	5	0	1	0	0	0	0	0	7	0	0	0	6	0	0	0	0	0	0	0	0	0	0	0	2	0	0
1614	7 Mar 26	14:32:00	1	0	0	0	0	0	0	0	0	0	0	2	6	0	0	0	0	0	0	0	5	0	0	0	5	0	0	0	0	0	0	0	0	0	0	0	0	0	0
1615	7 Mar 26	14:33:00	1	0	0	0	0	0	0	0	0	0	0	0	4	0	2	0	0	0	0	0	4	0	0	0	1	0	0	0	0	0	0	0	0	0	0	0	1	0	0
1616	7 Mar 26	14:34:00	1	0	0	0	0	0	0	0	0	0	0	0	7	0	0	0	0	0	0	0	4	0	0	0	4	0	0	0	0	0	0	0	0	0	0	0	3	0	0
1617	7 Mar 26	14:35:00	1	0	0	0	0	0	0	0	0	0	0	0	5	0	4	0	0	0	0	0	5	0	0	0	2	0	0	0	0	0	0	0	0	0	0	0	0	0	0
1618	7 Mar 26	14:36:00	1	0	0	0	0	0	0	0	0	0	0	3	8	0	3	0	0	0	0	0	4	0	0	0	3	0	0	0	1	0	0	0	0	0	0	0	3	0	0
1619	7 Mar 26	14:37:00	1	0	0	0	0	0	0	0	0	0	0	5	11	1	0	0	0	0	0	0	5	0	0	0	3	0	0	0	3	0	0	0	0	0	0	0	4	0	0
1620	7 Mar 26	14:38:00	1	0	0	0	0	0	0	0	0	0	0	1	8	0	0	0	0	0	0	0	9	0	0	0	0	0	0	0	0	0	0	0	0	0	0	0	6	0	0
1621	7 Mar 26	14:39:00	1	0	0	0	0	0	0	0	0	0	0	1	7	0	0	0	0	0	0	0	5	2	2	0	2	0	0	0	0	0	0	0	0	0	0	0	5	0	0
1622	7 Mar 26	14:40:00	1	0	0	0	0	0	0	0	6	0	0	1	10	0	0	0	0	0	0	0	2	2	0	0	1	0	0	0	0	0	0	0	0	0	0	0	6	0	0
1623	7 Mar 26	14:41:00	1	0	0	0	0	0	0	0	7	0	0	0	5	0	0	0	0	0	0	0	0	2	0	0	2	0	0	0	0	0	0	0	0	0	0	0	2	0	0
1624	7 Mar 26	14:42:00	1	0	0	0	0	0	0	0	1	0	0	2	4	0	0	0	0	0	0	0	0	8	0	0	1	0	0	0	0	0	0	0	0	0	0	0	5	0	0
1625	7 Mar 26	14:43:00	1	0	0	0	0	0	0	0	5	0	0	1	10	0	8	0	0	0	0	0	0	4	2	0	3	0	0	0	0	0	0	0	0	0	0	0	4	0	0
1626	7 Mar 26	14:44:00	1	0	0	0	0	0	0	0	1	0	0	0	10	0	2	0	0	0	0	0	0	1	0	0	2	0	0	0	0	0	0	0	0	0	0	0	8	0	0
1627	7 Mar 26	14:45:00	1	0	0	0	0	0	0	0	6	0	0	0	9	0	3	0	0	0	0	0	0	10	0	0	2	0	0	0	0	0	0	0	0	0	0	0	4	0	0
1628	7 Mar 26	14:46:00	1	0	0	0	0	0	0	0	3	0	0	0	7	0	8	0	0	0	0	0	0	0	5	0	1	0	0	0	0	0	0	0	0	0	0	0	5	0	0
1629	7 Mar 26	14:47:00	1	0	0	0	0	0	0	0	0	0	0	2	6	0	5	0	0	0	0	0	0	2	5	0	4	0	0	0	0	0	0	0	0	0	0	0	3	0	0
1630	7 Mar 26	14:48:00	1	0	0	0	0	0	0	0	0	0	0	0	9	0	2	1	0	0	0	0	3	0	0	0	2	0	0	0	0	0	0	0	0	0	0	0	8	0	0
1631	7 Mar 26	14:49:00	1	0	0	0	0	0	0	0	2	0	0	3	5	0	3	0	0	0	0	0	0	0	4	0	0	0	0	0	0	0	0	0	0	0	0	0	4	0	0
1632	7 Mar 26	14:50:00	1	0	0	0	0	0	0	0	1	3	0	2	6	0	5	9	0	0	0	0	0	0	0	0	0	0	0	0	0	0	0	0	0	0	0	0	6	0	0
1633	7 Mar 26	14:51:00	1	0	0	0	0	0	0	0	0	0	0	0	11	0	0	2	0	0	0	0	0	0	0	0	4	0	0	0	0	0	0	0	0	0	0	0	1	0	0
1634	7 Mar 26	14:52:00	1	0	0	0	0	0	0	0	0	0	0	0	9	0	0	0	0	0	0	0	1	0	0	0	1	0	0	0	0	0	0	0	0	0	0	0	0	0	0
1635	7 Mar 26	14:53:00	1	0	0	0	0	0	0	0	0	2	0	0	5	0	0	0	0	0	0	0	0	0	0	0	3	0	0	0	0	0	0	0	0	0	0	0	0	0	0
1636	7 Mar 26	14:54:00	1	0	0	0	0	0	0	0	0	0	0	0	8	0	1	0	0	0	0	0	0	0	0	0	0	0	0	0	0	0	0	0	0	0	0	0	0	0	0
1637	7 Mar 26	14:55:00	1	0	0	0	0	0	0	0	0	0	0	0	10	0	1	1	0	0	0	0	0	0	0	0	1	0	0	0	0	0	0	0	0	0	0	0	1	0	0
1638	7 Mar 26	14:56:00	1	0	0	0	0	0	0	0	0	0	0	0	8	0	4	0	0	0	0	0	0	0	0	0	3	0	0	0	0	0	0	0	0	0	0	0	1	0	0
1639	7 Mar 26	14:57:00	1	0	0	0	0	0	0	0	0	0	0	0	5	0	2	0	0	0	0	0	0	0	0	0	4	0	0	0	0	0	0	0	0	0	0	0	3	0	0
1640	7 Mar 26	14:58:00	1	0	0	0	0	0	0	0	0	1	0	0	3	0	5	3	2	0	0	2	1	0	0	0	4	0	0	0	0	0	0	0	0	0	0	0	2	0	0
1641	7 Mar 26	14:59:00	1	0	0	0	0	0	0	0	0	0	0	0	13	0	3	0	0	0	3	4	8	0	0	0	7	0	0	0	0	0	0	0	0	0	0	0	1	0	0
1642	7 Mar 26	15:00:00	1	0	0	0	0	0	0	0	5	0	0	0	7	0	6	0	0	0	0	0	3	0	0	0	0	0	0	0	0	0	0	0	0	0	0	0	3	0	0
1643	7 Mar 26	15:01:00	1	0	0	0	0	0	0	0	6	0	0	0	3	0	5	0	1	0	0	0	0	4	2	0	0	0	0	0	0	0	0	0	0	0	0	0	4	0	0
1644	7 Mar 26	15:02:00	1	0	0	0	0	0	0	0	4	0	0	0	4	0	8	0	0	0	0	8	4	0	3	0	0	0	0	0	0	0	0	0	1	0	0	0	1	0	0
1645	7 Mar 26	15:03:00	1	0	0	0	0	0	0	0	0	0	0	0	6	0	6	0	1	0	0	0	6	0	0	0	1	0	0	0	0	0	0	0	0	0	0	0	1	0	0
1646	7 Mar 26	15:04:00	1	0	0	0	0	0	0	0	0	0	0	0	7	0	6	0	1	0	0	0	6	0	0	0	3	0	0	0	0	0	0	0	0	0	0	0	4	0	0
1647	7 Mar 26	15:05:00	1	0	0	0	0	0	0	0	0	0	0	1	10	0	6	0	1	0	0	0	4	0	2	0	2	0	0	0	0	0	0	0	0	0	0	0	2	0	0
1648	7 Mar 26	15:06:00	1	0	0	0	0	0	0	0	0	0	0	1	10	0	6	0	5	0	0	0	7	0	4	0	3	0	0	0	0	0	0	0	0	0	0	0	2	0	0
1649	7 Mar 26	15:07:00	1	0	0	0	0	0	0	0	1	0	0	0	10	0	4	0	3	0	0	0	8	0	6	0	5	0	0	0	0	0	0	0	0	0	0	0	2	0	0
1650	7 Mar 26	15:08:00	1	0	0	0	0	0	0	0	1	0	0	0	11	0	6	0	7	0	0	0	6	0	2	0	4	0	0	0	0	0	0	0	0	0	0	0	4	0	0
1651	7 Mar 26	15:09:00	1	0	0	0	0	0	0	0	2	0	0	0	11	0	6	0	0	0	0	0	3	0	1	0	4	0	0	0	0	0	0	0	0	0	0	0	6	0	0
1652	7 Mar 26	15:10:00	1	0	0	0	0	0	0	0	0	0	0	0	6	0	5	0	0	0	0	0	12	0	0	0	1	0	0	0	0	0	0	0	0	0	0	0	2	0	0
1653	7 Mar 26	15:11:00	1	0	0	0	0	0	0	0	0	0	0	0	6	0	9	0	0	0	0	0	6	0	0	0	4	0	0	0	0	0	0	0	0	0	0	0	2	0	0
1654	7 Mar 26	15:12:00	1	0	0	0	0	0	0	0	0	0	0	0	12	0	7	0	0	0	0	0	1	0	0	0	2	0	0	0	0	0	0	7	1	0	0	0	0	0	0
1655	7 Mar 26	15:13:00	1	0	0	0	0	0	0	0	3	0	0	0	7	0	6	0	0	0	0	0	5	0	0	0	3	0	0	0	0	0	0	4	0	0	0	0	4	0	0
1656	7 Mar 26	15:14:00	1	0	0	0	0	0	0	0	0	0	0	0	8	2	6	0	0	0	0	0	0	0	0	0	3	0	0	0	0	0	0	3	2	0	0	0	4	0	0
1657	7 Mar 26	15:15:00	1	0	0	0	0	0	0	0	0	2	0	0	5	0	7	0	0	0	0	0	0	0	0	0	3	0	0	0	0	0	0	7	3	0	0	0	3	0	0
1658	7 Mar 26	15:16:00	1	0	0	0	0	0	0	0	0	1	0	0	11	0	7	0	0	0	0	0	0	2	0	0	2	0	0	0	0	0	0	5	2	0	0	0	0	0	0
1659	7 Mar 26	15:17:00	1	0	0	0	0	0	0	0	0	0	0	0	9	0	6	0	0	0	0	0	0	0	0	0	0	0	0	0	0	0	0	1	0	0	0	0	0	0	0
1660	7 Mar 26	15:18:00	1	0	0	0	0	0	0	0	0	0	0	0	5	0	7	0	0	0	0	0	5	0	0	0	4	0	0	0	0	0	0	1	2	0	0	0	0	0	0
1661	7 Mar 26	15:19:00	1	0	0	0	0	0	0	0	0	0	0	0	5	0	7	0	0	0	0	0	0	1	1	0	2	0	0	0	0	0	0	5	2	0	0	0	0	0	0
1662	7 Mar 26	15:20:00	1	0	0	0	0	0	0	0	2	0	0	0	10	0	3	0	0	0	0	0	0	3	3	0	1	0	0	0	0	0	0	3	0	0	0	0	0	0	0
1663	7 Mar 26	15:21:00	1	0	0	0	0	0	0	0	1	0	0	0	10	0	4	0	0	0	0	0	0	0	4	0	1	0	0	0	0	0	0	2	0	0	0	0	0	0	0
1664	7 Mar 26	15:22:00	1	0	0	0	0	0	0	0	0	0	0	0	7	0	6	0	0	0	0	0	8	0	0	0	7	0	0	0	0	0	0	4	0	0	0	0	0	0	0
1665	7 Mar 26	15:23:00	1	0	0	0	0	0	0	0	0	0	0	0	5	0	7	0	0	0	0	0	6	0	3	0	2	0	0	0	0	0	0	4	0	0	0	0	0	0	0
1666	7 Mar 26	15:24:00	1	0	0	0	0	0	0	0	0	0	0	0	7	0	6	0	0	0	0	0	8	0	1	0	1	0	0	0	0	0	0	3	0	0	0	0	6	0	0
1667	7 Mar 26	15:25:00	1	0	0	0	0	0	0	0	0	0	0	0	4	0	7	0	0	0	0	0	0	0	7	0	4	0	0	0	0	0	0	3	0	0	0	0	4	0	0
1668	7 Mar 26	15:26:00	1	0	0	0	0	0	0	0	0	0	0	0	7	0	5	0	0	0	0	0	0	0	2	0	5	0	0	0	0	0	0	4	0	0	0	0	7	0	0
1669	7 Mar 26	15:27:00	1	0	0	0	0	0	0	0	0	0	0	0	10	0	6	0	0	0	0	0	5	0	4	0	0	0	0	0	0	0	0	5	0	0	0	0	6	0	0
1670	7 Mar 26	15:28:00	1	0	0	0	0	0	0	0	0	0	0	0	0	0	5	0	0	0	0	0	8	0	7	0	3	0	0	0	0	0	0	3	0	0	0	0	7	0	0
1671	7 Mar 26	15:29:00	1	0	0	0	0	0	0	0	0	0	0	0	5	0	4	0	0	0	0	0	4	0	5	0	5	0	0	0	0	0	0	4	0	0	0	0	2	0	0
1672	7 Mar 26	15:30:00	1	0	0	0	0	0	0	0	0	0	0	2	3	0	7	0	0	0	0	0	7	0	3	0	3	0	0	0	0	0	0	6	0	0	0	0	2	0	0
1673	7 Mar 26	15:31:00	1	0	0	0	0	0	0	0	0	0	0	2	11	0	5	0	0	0	0	0	7	0	6	0	4	0	0	0	0	0	0	3	0	0	0	0	2	0	0
1674	7 Mar 26	15:32:00	1	0	0	0	0	0	0	0	4	0	0	0	8	0	6	0	0	0	0	0	5	0	7	0	2	0	0	0	0	0	0	6	0	0	0	0	4	0	0
1675	7 Mar 26	15:33:00	1	0	0	0	0	0	0	0	0	0	0	0	6	0	1	0	0	0	0	0	7	0	6	0	0	0	0	0	0	0	0	5	0	0	0	0	4	0	0
1676	7 Mar 26	15:34:00	1	0	0	0	0	0	0	0	0	0	0	0	6	0	1	0	0	0	0	0	9	0	5	0	0	0	0	0	0	0	0	3	0	0	0	0	3	0	0
1677	7 Mar 26	15:35:00	1	0	0	0	0	0	0	0	0	0	0	0	10	0	2	0	0	0	0	0	6	0	9	0	0	0	0	0	0	0	0	4	0	0	0	0	3	0	0
1678	7 Mar 26	15:36:00	1	0	0	0	0	0	0	0	0	0	0	0	10	0	0	0	0	0	0	0	8	0	8	0	1	0	0	0	0	0	0	0	0	0	0	0	0	0	0
1679	7 Mar 26	15:37:00	1	0	0	0	0	0	0	0	0	0	0	0	12	0	0	0	0	0	0	0	8	0	2	0	0	0	0	0	0	0	0	3	0	0	0	0	5	0	0
1680	7 Mar 26	15:38:00	1	0	0	0	0	0	0	0	0	0	0	0	11	0	0	0	0	0	0	0	10	0	3	0	4	0	0	0	0	0	3	1	0	0	0	0	2	0	0
1681	7 Mar 26	15:39:00	1	0	0	0	0	0	0	0	2	0	0	0	12	0	0	0	0	0	0	0	6	0	2	0	3	0	0	0	0	0	0	3	0	0	0	0	1	0	0
1682	7 Mar 26	15:40:00	1	0	0	0	0	0	0	0	0	0	0	0	6	0	0	0	0	0	0	0	6	0	3	0	2	0	0	0	0	0	0	5	0	0	0	0	3	0	0
1683	7 Mar 26	15:41:00	1	0	0	0	0	0	0	0	0	0	0	0	10	0	0	0	0	0	0	0	7	0	6	0	2	0	0	0	0	0	0	6	0	0	0	0	0	0	0
1684	7 Mar 26	15:42:00	1	0	0	0	0	0	0	0	0	0	0	0	10	0	1	0	0	0	0	0	7	0	3	0	3	0	0	0	0	0	0	5	0	0	0	0	0	0	0
1685	7 Mar 26	15:43:00	1	0	0	0	0	0	0	0	0	0	0	0	1	0	1	0	0	0	0	0	7	0	4	0	2	0	0	0	0	0	0	2	0	0	0	0	2	0	0
1686	7 Mar 26	15:44:00	1	0	0	0	0	0	0	0	0	0	0	0	6	0	0	9	0	0	0	0	7	0	5	0	3	0	0	0	0	0	0	3	0	0	0	0	2	0	0
1687	7 Mar 26	15:45:00	1	0	0	0	0	0	0	0	0	0	0	0	6	0	0	2	1	0	0	0	6	0	3	0	1	0	0	0	0	0	0	4	2	0	0	0	7	0	0
1688	7 Mar 26	15:46:00	1	0	0	0	0	0	0	0	0	0	0	0	9	0	0	0	0	0	0	0	4	0	5	0	2	0	0	0	0	0	0	4	0	0	0	0	2	0	0
1689	7 Mar 26	15:47:00	1	0	0	0	0	0	0	0	0	0	0	0	6	0	0	0	0	0	0	0	7	0	7	0	2	0	0	0	0	0	0	1	0	0	0	0	2	0	0
1690	7 Mar 26	15:48:00	1	0	0	0	0	0	0	0	0	0	0	0	6	0	0	0	0	0	0	0	7	0	1	0	2	0	0	0	0	0	0	1	0	0	0	0	2	0	0
1691	7 Mar 26	15:49:00	1	0	0	0	0	0	0	0	0	0	0	0	10	2	1	0	1	0	0	0	11	0	5	0	6	0	0	0	0	0	0	3	0	0	0	0	0	0	0
1692	7 Mar 26	15:50:00	1	0	0	0	0	0	0	0	0	1	0	0	7	1	0	2	0	0	0	0	6	0	2	0	0	0	0	0	0	0	0	3	0	0	0	0	0	0	0
1693	7 Mar 26	15:51:00	1	0	0	0	0	0	0	0	0	2	0	0	8	0	0	1	0	0	0	0	7	3	0	0	1	0	0	0	0	0	0	0	0	0	0	0	2	0	0
1694	7 Mar 26	15:52:00	1	0	0	0	0	0	0	0	0	0	0	0	11	0	0	3	0	0	0	0	7	1	1	0	1	0	0	0	0	0	0	3	0	0	0	0	5	0	0
1695	7 Mar 26	15:53:00	1	0	0	0	0	0	0	0	0	1	0	0	7	0	0	0	0	0	0	0	8	9	2	0	3	0	0	0	0	0	0	4	0	0	0	0	3	0	0
1696	7 Mar 26	15:54:00	1	0	0	0	0	0	0	0	0	0	0	0	9	0	0	0	0	0	0	0	8	6	2	0	3	0	0	0	0	0	0	2	0	0	0	0	6	0	0
1697	7 Mar 26	15:55:00	1	0	0	0	0	0	0	0	0	0	0	0	6	0	0	4	0	0	0	0	8	6	5	0	4	0	0	0	0	0	0	4	0	0	0	0	2	0	0
1698	7 Mar 26	15:56:00	1	0	0	0	0	0	0	0	4	0	0	0	8	0	0	0	0	0	0	0	7	8	5	0	3	0	0	1	0	0	0	1	0	0	0	0	4	0	0
1699	7 Mar 26	15:57:00	1	0	0	0	0	0	0	0	5	0	0	1	4	0	0	0	0	0	0	0	5	10	5	0	5	0	0	0	0	0	0	3	0	0	0	0	4	0	0
1700	7 Mar 26	15:58:00	1	0	0	0	0	0	0	0	2	0	0	1	8	0	0	0	0	0	0	0	8	17	0	0	1	0	0	0	0	0	0	0	0	0	0	0	3	0	0
1701	7 Mar 26	15:59:00	1	0	0	0	0	0	0	0	7	0	0	0	4	0	0	0	0	0	0	0	7	18	1	0	3	0	0	0	0	0	0	2	0	0	0	0	1	0	0
1702	7 Mar 26	16:00:00	1	0	0	0	0	0	0	0	4	0	0	0	6	0	0	0	0	0	0	0	7	19	2	0	0	0	0	0	0	0	0	0	0	0	0	0	0	0	0
1703	7 Mar 26	16:01:00	1	0	0	0	0	0	0	0	4	0	0	0	10	0	0	0	0	0	0	0	4	10	3	0	0	0	0	0	0	0	0	0	0	0	0	0	0	0	0
1704	7 Mar 26	16:02:00	1	0	0	0	0	0	0	0	1	0	0	0	10	0	0	0	0	0	0	0	6	13	3	0	3	0	0	0	0	0	0	0	0	0	0	0	6	0	0
1705	7 Mar 26	16:03:00	1	0	0	0	0	0	0	0	4	0	0	0	5	0	0	0	0	0	0	0	7	5	7	0	2	0	0	0	0	0	0	0	0	0	0	0	2	0	0
1706	7 Mar 26	16:04:00	1	0	0	0	0	0	0	0	0	0	0	0	10	0	0	0	0	0	0	0	8	6	3	0	2	0	0	0	0	0	0	0	0	0	0	0	3	0	0
1707	7 Mar 26	16:05:00	1	0	0	0	0	0	0	0	0	0	0	0	10	0	0	3	0	0	0	0	7	13	5	0	3	0	0	0	0	0	0	0	0	0	0	0	4	0	0
1708	7 Mar 26	16:06:00	1	0	0	0	0	0	0	0	0	0	0	1	8	0	0	1	0	0	0	0	7	29	2	2	0	0	0	2	0	0	0	0	0	0	0	0	2	0	0
1709	7 Mar 26	16:07:00	1	0	0	0	0	0	0	0	0	0	0	2	7	0	1	0	0	0	0	0	6	11	5	2	0	0	0	0	0	0	0	0	0	0	0	0	1	0	0
1710	7 Mar 26	16:08:00	1	0	0	0	0	0	0	0	0	0	0	0	3	0	0	0	0	0	0	0	8	15	5	0	4	0	0	0	0	0	0	0	0	0	0	0	4	0	0
1711	7 Mar 26	16:09:00	1	0	0	0	0	0	0	0	0	0	0	2	7	0	0	1	0	0	0	0	9	20	5	0	4	0	0	0	0	0	0	0	0	0	0	0	3	0	0
1712	7 Mar 26	16:10:00	1	0	0	0	0	0	0	0	0	0	0	0	8	0	0	0	1	0	0	0	8	19	3	0	2	0	0	0	0	0	0	0	0	0	0	0	4	0	0
1713	7 Mar 26	16:11:00	1	0	0	0	0	0	0	0	0	0	0	6	7	0	0	2	1	0	0	0	2	12	4	0	4	0	0	0	0	0	0	0	0	0	0	0	3	0	0
1714	7 Mar 26	16:12:00	1	0	0	0	0	0	0	0	0	0	0	0	6	0	0	7	0	0	0	0	0	21	3	0	2	0	0	0	0	0	0	0	0	0	0	0	0	0	0
1715	7 Mar 26	16:13:00	1	0	0	0	0	0	0	0	3	0	0	2	7	0	1	0	0	0	0	0	0	27	4	0	3	0	0	0	0	0	0	0	0	0	0	0	4	0	0
1716	7 Mar 26	16:14:00	1	0	0	0	0	0	0	0	3	0	0	6	10	0	5	0	0	0	0	0	12	18	3	0	0	0	0	0	0	0	0	0	0	0	0	0	5	0	0
1717	7 Mar 26	16:15:00	1	0	0	0	0	0	0	0	0	0	0	2	4	0	2	0	0	0	0	3	4	12	5	0	0	0	0	0	0	0	0	0	0	0	0	0	3	0	0
1718	7 Mar 26	16:16:00	1	0	0	0	0	0	0	0	0	0	0	3	8	0	7	0	0	0	0	2	8	15	6	0	0	0	0	0	0	0	0	0	0	0	0	0	3	0	0
1719	7 Mar 26	16:17:00	1	0	0	0	0	0	0	0	0	0	0	1	6	0	13	2	0	0	0	0	5	15	3	0	5	0	0	0	0	0	0	0	0	0	0	0	2	0	0
1720	7 Mar 26	16:18:00	1	0	0	0	0	0	0	0	1	0	0	1	4	0	1	0	0	0	0	2	0	29	9	0	1	0	0	0	0	0	0	0	0	0	0	0	5	0	0
1721	7 Mar 26	16:19:00	1	0	0	0	0	0	0	0	0	0	0	0	11	0	0	0	0	0	0	2	0	7	5	0	8	0	0	0	0	0	0	0	0	0	0	0	5	0	0
1722	7 Mar 26	16:20:00	1	0	0	0	0	0	0	0	0	0	0	6	10	0	0	0	0	0	0	0	10	14	5	0	6	0	0	0	0	0	0	0	0	0	0	0	5	0	0
1723	7 Mar 26	16:21:00	1	0	0	0	0	0	0	0	0	0	0	2	12	0	0	0	0	0	0	5	0	16	0	0	0	0	0	0	0	0	0	0	0	0	0	0	6	0	0
1724	7 Mar 26	16:22:00	1	0	0	0	0	0	0	0	0	0	0	5	5	0	0	0	0	0	0	5	3	4	0	0	3	0	0	0	0	0	0	0	0	0	0	0	2	0	0
1725	7 Mar 26	16:23:00	1	0	0	0	0	0	0	0	0	0	0	2	9	0	0	0	0	0	0	2	10	0	0	0	3	0	0	0	0	0	0	0	0	0	0	0	6	0	0
1726	7 Mar 26	16:24:00	1	0	0	0	0	0	0	0	7	0	0	4	11	0	0	0	0	0	0	0	0	0	0	0	2	0	0	0	0	0	0	0	0	0	0	0	5	0	0
1727	7 Mar 26	16:25:00	1	0	0	0	0	0	0	0	3	0	0	3	5	0	0	0	0	0	0	0	0	7	0	0	3	0	0	0	0	0	0	0	0	0	0	0	4	0	0
1728	7 Mar 26	16:26:00	1	0	0	0	0	0	0	0	2	0	0	2	6	0	1	0	0	0	0	0	0	11	0	0	2	0	0	0	0	0	0	0	0	0	0	0	0	0	0
1729	7 Mar 26	16:27:00	1	0	0	0	0	0	0	0	8	0	0	0	3	0	0	0	0	0	0	0	0	14	0	0	5	0	0	0	0	0	0	0	0	0	0	0	1	0	0
1730	7 Mar 26	16:28:00	1	0	0	0	0	0	0	0	0	2	0	4	8	0	0	0	0	0	0	0	6	6	2	0	1	0	0	0	0	0	0	0	0	0	0	0	0	0	0
1731	7 Mar 26	16:29:00	1	0	0	0	0	0	0	0	0	4	0	6	10	0	0	0	2	0	0	0	5	0	3	0	3	0	0	0	0	0	0	0	0	0	0	0	2	0	0
1732	7 Mar 26	16:30:00	1	0	0	0	0	0	0	0	0	0	0	1	5	0	0	1	0	0	0	0	3	11	0	0	3	0	0	0	0	0	0	0	0	0	0	0	1	0	0
1733	7 Mar 26	16:31:00	1	0	0	0	0	0	0	0	7	3	0	1	5	0	0	1	0	0	0	0	8	0	0	0	1	0	0	0	0	0	0	0	0	0	0	0	2	0	0
1734	7 Mar 26	16:32:00	1	0	0	0	0	0	0	0	10	4	0	1	10	3	0	6	0	0	0	0	2	0	0	0	2	0	0	0	0	0	0	0	0	0	0	0	4	0	0
1735	7 Mar 26	16:33:00	1	0	0	0	0	0	0	0	2	3	0	2	10	1	0	0	0	0	0	0	6	10	0	0	0	0	0	0	0	0	0	0	0	0	0	0	1	0	0
1736	7 Mar 26	16:34:00	1	0	0	0	0	0	0	0	7	0	0	2	4	0	0	3	0	0	0	0	12	13	0	0	2	0	0	0	0	0	0	0	0	0	0	0	4	0	0
1737	7 Mar 26	16:35:00	1	0	0	0	0	0	0	0	4	5	0	0	9	0	0	0	0	0	0	0	8	2	0	0	1	0	0	0	0	0	0	0	0	0	0	0	5	0	0
1738	7 Mar 26	16:36:00	1	0	0	0	0	0	0	0	5	0	0	2	6	4	0	4	0	0	0	0	0	5	0	0	3	0	0	0	0	0	0	0	0	0	0	0	4	0	0
1739	7 Mar 26	16:37:00	1	0	0	0	0	0	0	0	4	0	0	0	8	0	0	1	0	0	0	0	0	6	2	0	2	0	0	0	0	0	0	0	0	0	0	0	5	0	0
1740	7 Mar 26	16:38:00	1	0	0	0	0	0	0	0	7	1	0	4	9	0	0	1	0	0	0	0	1	6	0	0	3	0	0	0	0	0	0	0	0	0	0	0	4	0	0
1741	7 Mar 26	16:39:00	1	0	0	0	0	0	0	0	11	0	0	0	4	0	2	0	3	0	0	0	5	12	0	0	1	0	0	0	0	0	0	0	0	0	0	0	2	0	0
1742	7 Mar 26	16:40:00	1	0	0	0	0	0	0	0	1	0	0	1	8	3	3	0	2	0	0	0	0	2	0	0	5	0	0	0	0	0	0	0	0	0	0	0	0	0	0
1743	7 Mar 26	16:41:00	1	0	0	0	0	0	0	0	6	0	0	1	6	0	0	0	0	0	0	0	0	0	0	0	4	0	0	0	0	0	0	0	0	0	0	0	0	0	0
1744	7 Mar 26	16:42:00	1	0	0	0	0	0	0	0	6	0	0	0	6	0	7	0	1	0	0	0	4	0	0	0	4	0	0	0	0	0	0	0	0	0	0	0	0	0	0
1745	7 Mar 26	16:43:00	1	0	0	0	0	0	0	0	5	0	0	1	7	0	6	0	3	0	0	0	5	0	0	0	2	0	0	0	0	0	0	0	0	0	0	0	0	0	0
1746	7 Mar 26	16:44:00	1	0	0	0	0	0	0	0	5	0	0	1	10	3	1	0	2	0	0	0	1	0	0	0	3	0	0	0	0	0	0	0	0	0	0	0	0	0	0
1747	7 Mar 26	16:45:00	1	0	0	0	0	0	0	0	3	0	0	9	7	1	0	0	4	0	0	0	3	0	0	0	3	0	0	0	0	0	0	0	0	0	0	0	0	0	0
1748	7 Mar 26	16:46:00	1	0	0	0	0	0	0	0	5	0	0	0	7	0	0	0	0	0	0	0	8	0	2	0	1	0	0	0	0	0	0	0	0	0	0	0	0	0	0
1749	7 Mar 26	16:47:00	1	0	0	0	0	0	0	0	8	0	0	0	10	0	0	0	0	0	0	0	4	0	0	0	2	0	0	0	0	0	0	0	0	0	0	0	0	0	0
1750	7 Mar 26	16:48:00	1	0	0	0	0	0	0	0	4	0	0	2	5	0	0	0	0	0	0	0	1	0	0	0	0	0	0	0	0	0	0	0	0	0	0	0	0	0	0
1751	7 Mar 26	16:49:00	1	0	0	0	0	0	0	0	4	0	0	2	8	3	0	0	0	0	0	0	0	0	0	0	0	0	0	0	0	0	0	0	0	0	0	0	0	0	0
1752	7 Mar 26	16:50:00	1	0	0	0	0	0	0	0	5	0	0	1	6	1	0	0	0	0	0	0	1	0	0	0	5	0	0	0	0	0	0	0	0	0	0	0	0	0	0
1753	7 Mar 26	16:51:00	1	0	0	0	0	0	0	0	3	0	0	0	2	2	0	0	0	0	0	0	0	0	3	0	3	0	0	0	0	0	0	0	0	0	0	0	0	0	0
1754	7 Mar 26	16:52:00	1	0	0	0	0	0	0	0	2	0	0	1	10	3	0	0	0	0	0	0	11	0	1	0	1	0	0	0	0	0	0	0	0	0	0	0	0	0	0
1755	7 Mar 26	16:53:00	1	0	0	0	0	0	0	0	5	0	0	0	7	4	0	0	0	0	0	0	0	0	0	0	2	0	0	0	0	0	0	0	0	0	0	0	0	0	0
1756	7 Mar 26	16:54:00	1	0	0	0	0	0	0	0	6	0	0	2	7	3	0	1	0	0	0	0	7	0	0	0	3	0	0	0	0	0	0	0	0	0	0	0	0	0	0
1757	7 Mar 26	16:55:00	1	0	0	0	0	0	0	0	5	0	0	1	9	4	0	2	0	0	0	0	13	0	0	0	3	0	0	0	0	0	0	0	0	0	0	0	0	0	0
1758	7 Mar 26	16:56:00	1	0	0	0	0	0	0	0	2	0	0	2	2	6	0	2	0	0	0	0	6	0	0	0	4	0	0	0	0	0	0	0	0	0	0	0	0	0	0
1759	7 Mar 26	16:57:00	1	0	0	0	0	0	0	0	9	0	0	1	10	0	0	1	0	0	0	0	12	0	0	0	2	0	0	0	7	0	0	0	0	0	0	0	0	0	0
1760	7 Mar 26	16:58:00	1	0	0	0	0	0	0	0	3	0	0	1	10	2	0	5	0	0	0	0	8	0	0	0	3	0	0	0	1	0	0	0	0	0	0	0	0	0	0
1761	7 Mar 26	16:59:00	1	0	0	0	0	0	0	0	1	0	0	0	2	4	0	0	0	0	0	0	5	0	1	0	3	0	0	0	2	0	0	0	0	0	0	0	0	0	0
1762	7 Mar 26	17:00:00	1	0	0	0	0	0	0	0	5	0	0	4	8	4	0	0	0	0	0	0	5	0	0	0	3	0	0	0	2	0	0	0	0	0	0	0	0	0	0
1763	7 Mar 26	17:01:00	1	0	0	0	0	0	0	0	3	0	0	3	8	2	0	3	0	0	0	0	14	0	11	0	0	0	0	0	3	0	0	0	0	0	0	0	0	0	0
1764	7 Mar 26	17:02:00	1	0	0	0	0	0	0	0	5	0	0	1	8	3	2	0	0	0	0	0	4	0	31	0	4	0	0	0	2	0	0	0	0	0	0	0	0	0	0
1765	7 Mar 26	17:03:00	1	0	0	0	0	0	0	0	8	0	0	0	4	3	0	0	0	0	0	0	0	0	5	0	6	0	0	0	4	0	0	0	0	0	0	0	0	0	0
1766	7 Mar 26	17:04:00	1	0	0	0	0	0	0	0	4	0	0	0	9	2	0	0	0	0	0	0	0	0	4	0	1	0	0	0	0	0	0	0	0	0	0	0	0	0	0
1767	7 Mar 26	17:05:00	1	0	0	0	0	0	0	0	7	0	0	0	5	1	0	0	0	0	0	0	3	0	1	0	1	0	0	0	2	0	2	0	0	0	0	0	2	0	0
1768	7 Mar 26	17:06:00	1	0	0	0	0	0	0	0	8	0	0	0	8	2	5	0	0	0	0	0	6	0	1	0	2	0	0	0	0	0	0	0	0	0	0	0	1	0	0
1769	7 Mar 26	17:07:00	1	0	0	0	0	0	0	0	3	0	0	0	7	0	3	0	0	0	0	0	1	0	0	0	3	0	0	0	0	0	0	0	0	0	0	0	1	0	0
1770	7 Mar 26	17:08:00	1	0	0	0	0	0	0	0	5	0	0	0	2	1	9	0	0	0	0	0	0	0	0	0	2	0	0	0	0	0	0	0	0	0	0	0	0	0	0
1771	7 Mar 26	17:09:00	1	0	0	0	0	0	0	0	0	0	0	0	5	4	7	0	0	0	0	0	5	0	0	0	1	0	0	0	0	0	0	0	0	0	0	0	0	0	0
1772	7 Mar 26	17:10:00	1	0	0	0	0	0	0	0	1	0	0	0	6	1	8	0	0	0	0	0	1	0	0	0	5	0	0	0	0	0	0	0	0	0	0	0	0	0	0
1773	7 Mar 26	17:11:00	1	0	0	0	0	0	0	0	0	0	0	0	6	0	3	0	0	0	0	0	7	0	2	1	2	0	0	0	0	0	0	0	0	0	0	0	0	0	0
1774	7 Mar 26	17:12:00	1	0	0	0	0	0	0	0	0	0	0	0	4	0	4	0	0	0	0	0	3	0	0	0	3	0	0	0	0	0	0	0	0	0	0	0	4	0	0
1775	7 Mar 26	17:13:00	1	0	0	0	0	0	0	0	1	0	0	0	8	0	5	0	0	0	0	0	7	0	0	1	1	0	0	0	0	0	0	0	0	0	0	0	0	0	0
1776	7 Mar 26	17:14:00	1	0	0	0	0	0	0	0	5	0	0	0	9	0	5	0	0	0	0	0	0	0	0	2	1	0	0	0	0	0	0	0	0	0	0	0	0	0	0
1777	7 Mar 26	17:15:00	1	0	0	0	0	0	0	0	3	0	0	0	8	0	8	0	0	0	0	0	0	2	0	0	2	0	0	0	0	0	0	0	0	0	0	0	0	0	0
1778	7 Mar 26	17:16:00	1	0	0	0	0	0	0	0	4	0	0	0	4	0	7	0	0	0	0	0	0	4	0	0	2	0	0	0	0	0	0	0	0	0	0	0	0	0	0
1779	7 Mar 26	17:17:00	1	0	0	0	0	0	0	0	3	0	0	0	4	0	3	0	0	0	0	0	2	0	2	0	5	0	0	0	0	0	0	0	0	0	0	0	0	0	0
1780	7 Mar 26	17:18:00	1	0	0	0	0	0	0	0	9	0	0	0	0	0	4	0	0	0	0	0	6	0	0	0	3	0	0	0	0	0	0	0	0	0	0	0	0	0	0
1781	7 Mar 26	17:19:00	1	0	0	0	0	0	0	0	2	0	0	0	3	0	1	0	0	0	0	0	3	0	0	0	2	0	0	0	0	0	0	0	0	0	0	0	0	0	0
1782	7 Mar 26	17:20:00	1	0	0	0	0	0	0	0	4	0	0	0	9	0	4	1	0	0	0	0	0	0	0	0	0	0	0	0	0	0	0	0	0	0	0	0	0	0	0
1783	7 Mar 26	17:21:00	1	0	0	0	0	0	0	0	4	0	0	0	7	0	5	3	1	0	0	0	0	0	0	0	3	0	0	0	0	0	0	0	0	0	0	0	0	0	0
1784	7 Mar 26	17:22:00	1	0	0	0	0	0	0	0	4	0	0	0	6	0	5	1	2	0	0	0	0	0	0	0	4	0	0	0	0	0	0	0	0	0	0	0	0	0	0
1785	7 Mar 26	17:23:00	1	0	0	0	0	0	0	0	4	0	0	0	8	0	10	0	0	0	0	0	0	1	0	0	4	0	0	0	0	0	3	0	0	0	0	0	0	0	0
1786	7 Mar 26	17:24:00	1	0	0	0	0	0	0	0	0	0	0	0	8	0	9	0	0	0	0	0	0	11	0	0	1	0	0	0	0	0	2	0	0	0	0	0	0	0	0
1787	7 Mar 26	17:25:00	1	0	0	0	0	0	0	0	2	0	0	0	8	0	6	0	0	0	0	0	3	12	0	0	2	0	0	0	0	0	0	0	0	0	0	0	0	0	0
1788	7 Mar 26	17:26:00	1	0	0	0	0	0	0	0	1	0	0	0	8	0	8	0	0	0	0	0	3	10	0	0	1	0	0	0	0	0	0	0	0	0	0	0	0	0	0
1789	7 Mar 26	17:27:00	1	0	0	0	0	0	0	0	2	0	0	0	3	0	6	0	0	0	0	0	4	7	0	0	2	0	0	0	0	0	4	0	0	0	0	0	0	0	0
1790	7 Mar 26	17:28:00	1	0	0	0	0	0	0	0	0	0	0	1	6	0	5	0	0	0	0	0	3	13	0	0	3	0	0	0	0	0	0	0	0	0	0	0	0	0	0
1791	7 Mar 26	17:29:00	1	0	0	0	0	0	0	0	1	0	0	0	5	0	5	0	0	0	2	0	0	2	0	0	0	0	0	0	0	0	0	0	0	0	0	0	0	0	0
1792	7 Mar 26	17:30:00	1	0	0	0	0	0	0	0	2	0	0	0	6	0	7	0	0	0	1	0	3	0	0	0	0	0	0	0	0	0	0	0	0	0	0	0	0	0	0
1793	7 Mar 26	17:31:00	1	0	0	0	0	0	0	0	3	0	0	0	6	0	5	0	0	0	3	0	8	0	0	0	2	0	0	0	0	0	0	0	0	0	0	0	0	0	0
1794	7 Mar 26	17:32:00	1	0	0	0	0	0	0	0	2	0	0	3	7	0	5	0	0	0	5	0	0	0	0	0	3	0	0	0	0	0	0	0	0	0	0	0	0	0	0
1795	7 Mar 26	17:33:00	1	0	0	0	0	0	0	0	1	0	0	3	11	0	6	0	2	0	0	0	0	0	0	0	1	0	0	0	0	0	0	0	0	0	0	0	0	0	0
1796	7 Mar 26	17:34:00	1	0	0	0	0	0	0	0	0	0	0	2	4	0	2	0	0	0	0	0	4	2	0	0	1	0	0	0	0	0	0	0	0	0	0	0	0	0	0
1797	7 Mar 26	17:35:00	1	0	0	0	0	0	0	0	0	0	0	3	7	0	2	0	0	0	6	0	0	0	0	0	3	0	0	0	0	0	0	0	0	0	0	0	0	0	0
1798	7 Mar 26	17:36:00	1	0	0	0	0	0	0	0	0	0	0	3	5	0	6	0	0	0	2	0	0	0	0	0	2	0	0	0	0	0	0	0	0	0	0	0	0	0	0
1799	7 Mar 26	17:37:00	1	0	0	0	0	0	0	0	1	0	0	3	3	0	5	1	0	0	0	0	0	0	0	0	3	0	0	0	0	0	0	0	0	0	0	0	0	0	0
1800	7 Mar 26	17:38:00	1	0	0	0	0	0	0	0	0	0	0	0	6	0	6	2	0	0	0	0	0	0	0	0	0	0	0	0	0	0	0	0	0	0	0	0	0	0	0
1801	7 Mar 26	17:39:00	1	0	0	0	0	0	0	0	2	0	0	1	8	0	2	3	0	0	0	0	0	4	5	0	4	0	0	0	0	0	0	0	0	0	6	0	1	0	0
1802	7 Mar 26	17:40:00	1	0	0	0	0	0	0	0	0	0	0	1	6	0	7	3	0	0	0	0	0	2	4	0	2	0	0	0	0	0	0	0	0	0	3	0	1	0	0
1803	7 Mar 26	17:41:00	1	0	0	0	0	0	0	0	8	0	0	1	6	0	5	1	0	0	0	0	0	0	2	0	1	0	0	0	0	0	0	0	0	0	6	0	0	0	0
1804	7 Mar 26	17:42:00	1	0	0	0	0	0	0	0	4	0	0	1	3	0	6	0	0	0	0	0	0	0	2	0	6	0	0	0	0	0	0	0	0	0	0	0	0	0	6
1805	7 Mar 26	17:43:00	1	0	0	0	0	0	0	0	7	0	0	0	6	0	5	0	2	0	0	0	0	0	4	0	2	0	0	0	0	0	0	0	0	0	1	0	5	0	0
1806	7 Mar 26	17:44:00	1	0	0	0	0	0	0	0	3	0	0	0	6	0	3	0	0	0	0	0	0	3	2	0	0	0	0	0	0	0	0	0	0	0	6	0	0	0	0
1807	7 Mar 26	17:45:00	1	0	0	0	0	0	0	0	2	0	0	0	13	0	6	0	0	0	0	0	3	2	8	0	2	0	0	0	0	0	0	0	0	0	4	0	0	0	0
1808	7 Mar 26	17:46:00	1	0	0	0	0	0	0	0	1	0	0	0	4	0	2	0	0	0	0	0	0	0	2	0	5	0	0	0	0	0	0	0	0	0	3	0	0	0	0
1809	7 Mar 26	17:47:00	1	0	0	0	0	0	0	0	5	0	0	0	6	0	9	0	0	0	0	0	0	0	10	0	4	0	0	0	0	0	0	0	0	0	0	0	0	0	0
1810	7 Mar 26	17:48:00	1	0	0	0	0	0	0	0	8	0	0	0	4	0	5	2	0	0	0	0	0	0	9	0	2	0	0	0	0	0	0	0	0	0	1	0	0	0	0
1811	7 Mar 26	17:49:00	1	0	0	0	0	0	0	0	1	0	0	0	9	0	7	0	0	0	0	0	0	0	2	0	3	0	0	0	0	0	0	0	0	0	3	0	0	0	0
1812	7 Mar 26	17:50:00	1	0	0	0	0	0	0	0	2	0	0	0	9	0	7	2	0	0	3	0	0	6	6	0	2	0	0	0	0	0	0	0	0	0	5	0	0	0	0
1813	7 Mar 26	17:51:00	1	0	0	0	0	0	0	0	3	0	0	0	6	0	3	4	0	0	0	0	0	10	0	0	0	0	0	0	0	0	0	0	0	0	8	0	0	0	0
1814	7 Mar 26	17:52:00	1	0	0	0	0	0	0	0	7	0	0	0	7	0	5	0	0	0	0	0	0	13	0	0	4	0	0	0	0	0	0	0	0	0	7	0	0	0	0
1815	7 Mar 26	17:53:00	1	0	0	0	0	0	0	0	0	0	0	0	3	0	6	0	0	0	0	0	0	7	4	0	0	0	0	0	0	0	0	0	0	0	10	0	0	0	0
1816	7 Mar 26	17:54:00	1	0	0	0	0	0	0	0	0	0	0	0	7	0	6	0	0	0	0	0	0	1	9	0	4	0	0	0	0	0	0	0	0	0	0	0	0	0	0
1817	7 Mar 26	17:55:00	1	0	0	0	0	0	0	0	1	0	0	0	7	0	7	0	0	0	0	0	4	6	5	0	4	0	0	0	0	0	1	0	0	0	0	0	0	0	0
1818	7 Mar 26	17:56:00	1	0	0	0	0	0	0	0	2	0	0	1	9	0	7	0	0	0	0	0	2	0	6	0	3	0	0	0	0	0	2	0	0	0	0	0	0	0	0
1819	7 Mar 26	17:57:00	1	0	0	0	0	0	0	0	2	0	0	0	10	0	7	0	0	0	0	0	2	0	6	0	0	0	0	0	0	0	0	0	0	0	0	0	0	0	0
1820	7 Mar 26	17:58:00	1	0	0	0	0	0	0	0	5	0	0	0	9	0	7	6	0	0	0	0	1	0	6	0	2	0	0	0	0	0	0	0	0	0	0	0	0	0	0
1821	7 Mar 26	17:59:00	1	0	0	0	0	0	0	0	1	8	0	0	8	0	7	1	2	0	0	0	0	0	1	0	0	0	0	0	0	0	0	0	0	0	1	0	0	0	0
1822	7 Mar 26	18:00:00	1	0	0	0	0	0	0	0	0	0	0	0	8	0	7	1	1	0	0	0	0	0	9	0	3	0	0	0	0	0	0	0	0	0	0	0	2	0	0
1823	7 Mar 26	18:01:00	1	0	0	0	0	0	0	0	3	0	0	0	13	0	8	1	0	0	0	0	0	0	4	0	1	0	0	0	0	0	0	0	0	0	3	0	2	0	0
1824	7 Mar 26	18:02:00	1	0	0	0	0	0	0	0	5	0	0	0	6	0	3	0	0	0	6	0	0	0	3	0	2	0	0	0	0	0	0	0	0	0	4	0	0	0	0
1825	7 Mar 26	18:03:00	1	0	0	0	0	0	0	0	3	0	0	0	10	0	3	0	0	0	3	0	1	0	9	0	2	0	0	0	0	0	0	0	0	0	5	0	0	0	0
1826	7 Mar 26	18:04:00	1	0	0	0	0	0	0	0	6	0	0	0	6	0	9	0	0	0	0	0	0	0	5	0	2	0	0	0	0	0	0	0	0	0	8	0	0	0	0
1827	7 Mar 26	18:05:00	1	0	0	0	0	0	0	0	0	0	0	0	10	0	6	0	0	0	0	0	0	0	3	0	4	0	0	0	0	0	0	0	0	0	11	0	0	0	0
1828	7 Mar 26	18:06:00	1	0	0	0	0	0	0	0	3	0	0	0	8	0	9	1	2	0	0	0	0	0	4	0	1	0	0	0	0	0	0	0	0	0	3	0	0	0	0
1829	7 Mar 26	18:07:00	1	0	0	0	0	0	0	0	0	0	0	0	10	0	4	1	0	0	0	0	0	0	4	0	2	0	0	0	0	0	0	0	0	0	0	0	0	0	0
1830	7 Mar 26	18:08:00	1	0	0	0	0	0	0	0	0	0	0	0	9	0	9	4	0	0	1	0	0	0	7	0	6	0	0	0	0	0	0	0	0	0	0	0	0	0	0
1831	7 Mar 26	18:09:00	1	0	0	0	0	0	0	0	0	0	0	0	6	0	10	0	0	0	0	0	0	0	3	0	1	0	0	0	0	0	0	0	0	0	0	0	0	0	0
1832	7 Mar 26	18:10:00	1	0	0	0	0	0	0	0	0	3	0	0	7	0	3	0	0	0	1	0	0	0	4	0	1	0	0	0	0	0	0	0	0	0	0	0	0	0	0
1833	7 Mar 26	18:11:00	1	0	0	0	0	0	0	0	0	5	0	0	9	0	3	0	0	0	0	0	0	0	4	0	2	0	0	0	0	0	0	0	0	0	1	0	0	0	0
1834	7 Mar 26	18:12:00	1	0	0	0	0	0	0	0	0	0	0	0	11	0	2	0	0	0	0	0	0	0	4	0	0	0	0	0	0	0	0	0	0	0	10	0	0	0	0
1835	7 Mar 26	18:13:00	1	0	0	0	0	0	0	0	0	4	0	0	5	0	7	0	2	0	0	0	0	0	4	0	4	0	0	0	0	0	0	0	0	0	2	0	0	0	0
1836	7 Mar 26	18:14:00	1	0	0	0	0	0	0	0	0	0	0	0	4	0	6	0	0	0	0	0	0	0	6	0	6	0	0	0	0	0	0	0	0	0	2	0	0	0	0
1837	7 Mar 26	18:15:00	1	0	0	0	0	0	0	0	0	4	0	0	7	1	4	4	0	0	0	0	0	0	2	0	3	0	0	0	0	0	0	0	0	0	3	0	0	0	0
1838	7 Mar 26	18:16:00	1	0	0	0	0	0	0	0	0	2	0	0	2	4	4	1	7	0	0	0	2	0	4	0	0	0	0	0	0	0	0	0	0	0	3	0	0	0	0
1839	7 Mar 26	18:17:00	1	0	0	0	0	0	0	0	0	0	0	0	9	0	5	1	6	0	0	0	2	0	4	0	0	0	0	0	0	0	0	0	0	0	7	0	0	0	0
1840	7 Mar 26	18:18:00	1	0	0	0	0	0	0	0	0	0	0	0	8	0	8	0	3	0	0	0	0	0	4	0	0	0	0	0	0	0	0	0	0	0	1	0	0	0	0
1841	7 Mar 26	18:19:00	1	0	0	0	0	0	0	0	0	0	0	0	4	0	5	0	1	0	0	0	3	2	4	0	0	0	0	0	0	0	0	0	0	0	1	0	0	0	0
1842	7 Mar 26	18:20:00	1	0	0	0	0	0	0	0	0	0	0	3	4	0	2	0	0	0	0	0	4	0	2	0	0	0	0	0	0	0	0	0	0	0	3	0	0	0	0
1843	7 Mar 26	18:21:00	1	0	0	0	0	0	0	0	0	0	0	4	6	0	4	1	0	0	0	0	5	0	3	0	3	0	0	0	0	0	0	0	0	0	4	0	0	0	0
1844	7 Mar 26	18:22:00	1	0	0	0	0	0	0	0	0	0	0	3	10	0	6	5	0	0	8	0	0	0	4	0	0	0	0	0	0	0	0	0	0	0	1	0	0	0	0
1845	7 Mar 26	18:23:00	1	0	0	0	0	0	0	0	0	0	0	0	11	0	4	1	0	0	0	0	0	0	2	0	0	0	0	0	0	0	0	0	0	0	4	0	0	0	0
1846	7 Mar 26	18:24:00	1	0	0	0	0	0	0	0	0	0	3	2	12	0	6	2	0	0	0	0	3	0	2	0	1	0	0	0	0	0	0	0	0	0	4	0	0	0	0
1847	7 Mar 26	18:25:00	1	0	0	0	0	0	0	0	0	0	0	3	8	0	7	0	0	0	0	0	0	0	7	0	5	0	0	0	0	0	0	0	0	0	2	0	0	0	0
1848	7 Mar 26	18:26:00	1	0	0	0	0	0	0	0	0	0	0	0	10	0	7	3	0	0	0	0	0	0	3	0	1	0	0	0	0	0	0	0	0	0	1	0	0	0	0
1849	7 Mar 26	18:27:00	1	0	0	0	0	0	0	0	0	0	0	0	9	0	5	3	0	0	1	0	1	0	5	0	4	0	0	0	0	0	0	0	0	0	3	0	0	0	0
1850	7 Mar 26	18:28:00	1	0	0	0	0	0	0	0	2	0	0	0	11	0	5	1	0	0	1	0	0	0	6	0	0	0	0	0	0	0	0	0	0	0	0	0	0	0	0
1851	7 Mar 26	18:29:00	1	0	0	0	0	0	0	0	5	0	0	2	9	0	0	3	0	0	0	0	0	0	4	0	1	0	0	0	0	0	0	0	0	0	0	0	0	0	0
1852	7 Mar 26	18:30:00	1	0	0	0	0	0	0	0	0	0	0	8	6	0	0	0	0	0	0	0	0	0	5	0	1	0	0	0	0	0	0	0	0	0	0	0	0	0	0
1853	7 Mar 26	18:31:00	1	0	0	0	0	0	0	0	0	0	0	1	6	0	2	1	0	0	0	0	0	0	2	0	1	0	0	0	0	0	0	0	0	0	0	0	0	0	0
1854	7 Mar 26	18:32:00	1	0	0	0	0	0	0	0	0	0	0	0	4	0	8	7	0	0	0	0	0	0	4	0	2	0	0	0	0	0	0	0	0	0	1	0	0	0	0
1855	7 Mar 26	18:33:00	1	0	0	0	0	0	0	0	0	0	0	0	9	0	5	6	0	0	0	0	0	0	5	0	4	0	0	0	0	0	0	0	0	0	7	0	0	0	0
1856	7 Mar 26	18:34:00	1	0	0	0	0	0	0	0	0	0	0	0	5	0	8	2	0	0	0	0	1	0	2	0	0	0	0	0	0	0	0	0	0	0	6	0	1	0	0
1857	7 Mar 26	18:35:00	1	0	0	0	0	0	0	0	0	0	0	0	9	0	11	1	0	0	0	0	0	0	4	0	3	0	0	0	0	0	0	0	0	0	5	0	3	0	0
1858	7 Mar 26	18:36:00	1	0	0	0	0	0	0	0	0	0	0	0	10	0	4	4	0	0	0	0	3	0	6	0	2	0	0	0	0	0	0	0	0	0	0	0	2	0	0
1859	7 Mar 26	18:37:00	1	0	0	0	0	0	0	0	2	0	0	0	2	0	6	2	0	0	0	0	9	0	2	0	3	0	0	0	0	0	0	0	0	0	0	0	4	0	0
1860	7 Mar 26	18:38:00	1	0	0	0	0	0	0	0	2	0	0	0	3	0	5	5	0	0	0	0	0	0	3	0	1	0	0	0	0	0	0	0	0	0	0	0	0	0	0
1861	7 Mar 26	18:39:00	1	0	0	0	0	0	0	0	1	0	0	0	4	0	8	3	0	0	0	0	0	0	4	0	1	0	0	0	0	0	0	0	0	0	0	0	0	0	0
1862	7 Mar 26	18:40:00	1	0	0	0	0	0	0	0	4	0	0	0	11	0	6	4	0	0	0	0	0	0	5	0	1	0	0	0	0	0	1	0	0	0	2	0	0	0	0
1863	7 Mar 26	18:41:00	1	0	0	0	0	0	0	0	1	0	0	0	2	0	4	7	0	0	0	0	3	0	3	0	6	0	0	0	0	0	2	0	0	0	3	0	5	0	0
1864	7 Mar 26	18:42:00	1	0	0	0	0	0	0	0	0	0	0	0	6	0	4	0	0	0	0	0	1	0	4	0	5	0	0	0	0	0	5	0	0	0	3	0	2	0	0
1865	7 Mar 26	18:43:00	1	0	0	0	0	0	0	0	6	0	0	0	8	5	2	5	0	0	0	0	0	0	4	0	0	0	0	0	0	0	1	0	0	0	0	0	4	0	0
1866	7 Mar 26	18:44:00	1	0	0	0	0	0	0	0	1	0	0	0	11	3	6	5	1	0	0	0	8	0	1	0	0	0	0	0	0	0	6	0	0	0	0	0	3	0	0
1867	7 Mar 26	18:45:00	1	0	0	0	0	0	0	0	0	0	0	0	8	5	4	2	5	0	0	0	4	0	1	0	4	0	0	0	0	0	0	0	0	0	0	0	2	0	0
1868	7 Mar 26	18:46:00	1	0	0	0	0	0	0	0	0	0	0	0	7	0	4	6	5	0	0	0	0	0	0	0	3	0	0	0	0	0	0	0	0	0	0	0	1	0	0
1869	7 Mar 26	18:47:00	1	0	0	0	0	0	0	0	0	0	0	0	6	4	3	3	0	0	0	0	0	0	2	0	4	0	0	0	0	0	0	0	0	0	0	0	0	0	0
1870	7 Mar 26	18:48:00	1	0	0	0	0	0	0	0	0	0	0	0	3	1	7	0	1	0	0	0	7	0	0	0	0	0	0	0	0	0	0	0	0	0	0	0	0	0	0
1871	7 Mar 26	18:49:00	1	0	0	0	0	0	0	0	0	0	0	0	8	3	3	7	4	0	0	0	0	0	0	0	0	0	0	0	0	0	0	0	0	0	0	0	0	0	0
1872	7 Mar 26	18:50:00	1	0	0	0	0	0	0	0	0	0	0	0	9	2	4	2	1	0	0	0	1	0	0	0	2	0	0	0	0	0	3	0	0	0	0	0	0	0	0
1873	7 Mar 26	18:51:00	1	0	0	0	0	0	0	0	0	0	0	0	8	4	7	7	2	0	0	0	7	0	0	0	2	0	0	0	0	0	0	0	0	0	0	0	0	0	0
1874	7 Mar 26	18:52:00	1	0	0	0	0	0	0	0	2	0	0	0	12	1	4	4	0	0	0	0	5	0	0	0	0	0	0	0	0	0	0	0	0	0	0	0	0	0	0
1875	7 Mar 26	18:53:00	1	0	0	0	0	0	0	0	4	0	0	0	7	4	7	5	0	0	0	0	0	0	0	0	3	0	0	0	0	0	0	0	0	0	4	0	0	0	0
1876	7 Mar 26	18:54:00	1	0	0	0	0	0	0	0	2	0	0	0	7	2	7	0	0	0	0	0	0	0	0	0	0	0	0	0	0	0	0	0	0	0	5	0	0	0	0
1877	7 Mar 26	18:55:00	1	0	0	0	0	0	0	0	3	0	0	0	4	4	6	1	1	0	0	0	0	0	0	0	1	0	0	0	0	0	0	0	0	0	0	0	0	0	0
1878	7 Mar 26	18:56:00	1	0	0	0	0	0	0	0	0	0	0	0	1	5	5	4	1	0	7	0	0	0	0	0	2	0	0	0	0	0	3	0	0	0	0	0	0	0	0
1879	7 Mar 26	18:57:00	1	0	0	0	0	0	0	0	0	0	0	0	5	3	6	4	0	0	5	0	1	0	0	0	0	0	0	0	0	0	6	0	0	0	0	0	0	0	0
1880	7 Mar 26	18:58:00	1	0	0	0	0	0	0	0	3	0	0	0	7	2	7	3	0	0	0	0	0	0	0	0	1	0	0	0	0	0	1	0	0	0	0	0	0	0	0
1881	7 Mar 26	18:59:00	1	0	0	0	0	0	0	0	0	0	0	0	7	3	5	3	3	0	1	0	3	0	0	0	0	0	0	0	0	0	2	0	0	0	0	0	0	0	0
1882	7 Mar 26	19:00:00	1	0	0	0	0	0	0	0	1	0	0	0	8	5	7	5	5	0	0	0	0	0	0	0	2	0	0	0	0	0	0	0	0	0	0	0	0	0	0
1883	7 Mar 26	19:01:00	1	0	0	0	0	0	0	0	0	0	0	0	9	4	9	2	1	0	0	0	0	0	0	0	4	0	0	0	0	0	6	0	0	0	0	0	0	0	0
1884	7 Mar 26	19:02:00	1	0	0	0	0	0	0	0	0	0	0	0	8	1	3	2	2	0	0	0	5	0	0	0	1	0	0	0	0	0	3	0	0	0	1	0	0	0	0
1885	7 Mar 26	19:03:00	1	0	0	0	0	0	0	0	0	0	0	0	6	3	5	4	5	0	0	0	7	0	0	0	1	0	0	0	0	0	1	0	0	0	2	0	0	0	0
1886	7 Mar 26	19:04:00	1	0	0	0	0	0	0	0	0	0	0	0	8	4	6	4	0	0	0	0	8	0	0	0	2	0	0	0	0	0	2	0	0	0	0	0	1	0	0
1887	7 Mar 26	19:05:00	1	0	0	0	0	0	0	0	0	0	0	0	8	7	7	5	0	0	0	0	4	2	0	0	3	0	0	0	0	0	0	0	0	0	0	0	5	0	0
1888	7 Mar 26	19:06:00	1	0	0	0	0	0	0	0	0	0	0	0	8	3	6	2	2	0	0	0	6	0	0	0	2	0	0	0	0	0	0	0	0	0	0	0	1	0	0
1889	7 Mar 26	19:07:00	1	0	0	0	0	0	0	0	0	0	0	0	8	5	5	2	2	0	0	0	10	0	0	0	2	0	2	0	0	0	3	0	0	0	0	0	1	0	0
1890	7 Mar 26	19:08:00	1	0	0	0	0	0	0	0	0	0	0	0	9	0	0	5	0	0	0	0	5	0	0	0	0	0	0	0	0	0	5	0	0	0	0	0	2	0	0
1891	7 Mar 26	19:09:00	1	0	0	0	0	0	0	0	0	0	0	0	7	2	6	0	2	0	0	0	6	0	0	0	0	0	0	0	0	0	4	0	0	0	1	0	5	0	0
1892	7 Mar 26	19:10:00	1	0	0	0	0	0	0	0	0	0	0	0	10	0	7	2	0	0	0	0	7	2	0	0	2	0	2	0	0	0	3	0	0	0	0	0	2	0	0
1893	7 Mar 26	19:11:00	1	0	0	0	0	0	0	0	0	0	0	0	10	5	4	2	1	0	0	0	8	3	0	0	0	0	0	0	0	0	1	0	0	0	0	0	1	0	0
1894	7 Mar 26	19:12:00	1	0	0	0	0	0	0	0	0	0	0	3	11	3	1	4	4	0	0	0	5	0	0	0	0	0	1	0	0	0	0	0	0	0	0	0	4	0	3
1895	7 Mar 26	19:13:00	1	0	0	0	0	0	0	0	0	7	0	4	6	4	2	3	2	0	0	0	5	3	0	0	3	0	3	0	0	0	2	0	0	0	0	0	0	0	4
1896	7 Mar 26	19:14:00	1	0	0	0	0	0	0	0	0	2	0	3	6	4	8	0	2	0	0	0	6	4	0	0	5	0	0	0	0	0	3	0	0	0	0	0	0	0	2
1897	7 Mar 26	19:15:00	1	0	0	0	0	0	0	0	0	0	0	2	5	1	6	0	3	0	0	0	4	9	0	0	1	0	0	0	0	0	1	0	0	0	0	0	0	0	4
1898	7 Mar 26	19:16:00	1	0	0	0	0	0	0	0	0	0	2	1	7	0	6	3	4	0	0	0	4	0	0	0	0	0	0	0	0	0	4	0	0	0	0	0	0	0	5
1899	7 Mar 26	19:17:00	1	0	0	0	0	0	0	0	0	9	0	2	5	0	2	2	2	0	0	0	6	0	0	0	0	0	1	0	0	0	0	0	0	0	0	0	0	0	2
1900	7 Mar 26	19:18:00	1	0	0	0	0	0	0	0	0	4	0	0	7	0	5	3	2	0	0	0	4	5	0	0	0	0	2	0	0	0	3	0	0	0	1	0	0	0	6
1901	7 Mar 26	19:19:00	1	0	0	0	0	0	0	2	0	1	0	0	8	4	6	3	5	0	0	0	6	0	0	0	0	0	2	0	0	0	1	0	0	0	0	0	0	0	3
1902	7 Mar 26	19:20:00	1	0	0	0	0	0	0	0	2	2	0	2	9	6	7	2	2	0	2	0	6	0	0	0	3	0	0	0	0	0	2	0	0	0	0	0	3	0	2
1903	7 Mar 26	19:21:00	1	0	0	0	0	0	0	0	3	1	0	2	6	3	7	6	2	0	3	0	11	0	0	0	3	0	0	0	0	0	0	0	0	0	0	0	5	0	5
1904	7 Mar 26	19:22:00	1	0	0	0	0	0	0	0	6	1	0	0	9	4	2	1	0	0	2	0	5	0	0	0	1	0	4	0	0	0	2	0	0	0	8	0	3	0	3
1905	7 Mar 26	19:23:00	1	0	0	0	0	0	0	0	1	1	0	1	5	2	4	3	1	0	0	0	4	0	0	0	1	0	2	0	0	0	1	0	0	0	5	0	0	0	3
1906	7 Mar 26	19:24:00	1	0	0	0	0	0	0	0	0	0	0	0	2	2	4	2	3	0	0	0	13	0	0	0	0	0	1	0	0	0	2	0	0	0	0	0	3	0	2
1907	7 Mar 26	19:25:00	1	0	0	0	0	0	0	0	0	0	0	0	7	0	3	5	3	0	0	0	6	0	0	0	0	0	0	0	0	0	0	0	0	0	0	0	0	0	4
1908	7 Mar 26	19:26:00	1	0	0	0	0	0	0	1	3	5	0	0	7	0	7	6	4	0	0	0	10	0	0	0	4	0	0	0	0	0	3	0	0	0	0	0	5	0	1
1909	7 Mar 26	19:27:00	1	0	0	0	0	0	0	0	2	0	0	0	8	0	9	0	0	0	0	0	1	0	0	0	3	0	1	0	0	0	1	0	0	0	0	0	2	0	0
1910	7 Mar 26	19:28:00	1	0	0	0	0	0	0	0	4	1	0	0	10	0	1	0	0	0	0	0	5	0	0	0	2	0	0	0	0	0	2	0	0	0	0	0	0	0	0
1911	7 Mar 26	19:29:00	1	0	0	0	0	0	1	0	5	2	0	0	2	0	4	1	0	0	1	0	11	0	1	0	6	0	3	0	0	0	0	0	0	0	6	0	0	0	1
1912	7 Mar 26	19:30:00	1	0	0	0	0	0	1	2	7	14	1	2	14	3	4	7	1	1	6	0	14	7	3	0	0	0	3	0	0	2	6	0	0	0	14	0	0	0	11
1913	7 Mar 26	19:31:00	1	0	0	0	0	0	1	14	3	15	1	4	14	5	6	4	3	6	9	0	20	24	0	0	0	0	2	0	0	7	0	0	0	0	9	0	0	0	15
1914	7 Mar 26	19:32:00	1	0	0	0	0	0	1	19	19	15	4	7	11	4	16	2	3	15	4	0	16	19	3	0	2	0	4	0	1	6	2	0	0	5	9	2	0	1	5
1915	7 Mar 26	19:33:00	1	0	0	0	0	0	1	6	10	9	4	7	10	3	16	8	3	7	12	4	9	8	2	0	2	0	1	1	7	7	7	0	4	0	10	4	0	2	7
1916	7 Mar 26	19:34:00	1	0	0	0	0	0	1	4	9	8	2	0	11	5	18	5	2	9	3	0	14	22	0	0	0	0	4	0	2	8	3	0	2	2	9	2	0	3	4
1917	7 Mar 26	19:35:00	1	0	0	0	0	0	1	7	6	13	3	0	10	7	17	2	3	6	8	0	11	24	1	0	4	0	2	0	3	4	2	0	0	5	3	3	0	3	5
1918	7 Mar 26	19:36:00	1	0	0	0	0	0	1	0	7	13	1	3	15	0	19	12	5	8	10	0	11	21	1	0	2	0	2	3	3	8	7	0	2	4	10	3	4	8	2
1919	7 Mar 26	19:37:00	1	0	0	0	0	0	1	0	7	9	3	11	9	5	16	1	2	10	7	0	6	15	0	6	2	0	3	0	0	12	4	0	5	6	13	0	0	6	3
1920	7 Mar 26	19:38:00	1	0	0	0	0	0	1	0	6	8	2	7	5	4	12	9	2	14	12	1	10	17	4	1	3	0	4	1	4	3	1	0	1	1	3	0	1	5	2
1921	7 Mar 26	19:39:00	1	0	0	0	0	0	1	4	6	11	1	3	12	0	28	6	2	6	16	1	15	8	2	0	3	0	2	9	0	9	3	0	8	10	0	0	7	6	10
1922	7 Mar 26	19:40:00	1	0	0	0	0	0	1	0	3	10	1	3	13	0	21	5	3	10	10	0	21	15	3	2	0	0	5	5	9	10	2	0	0	4	0	3	4	5	6
1923	7 Mar 26	19:41:00	1	0	0	0	0	0	1	0	5	7	0	2	13	0	13	0	4	15	9	4	4	11	0	8	5	0	2	0	3	7	9	0	3	4	6	0	0	2	3
1924	7 Mar 26	19:42:00	1	0	0	0	0	0	1	5	5	9	2	2	11	0	9	0	2	6	10	4	9	8	8	0	2	7	6	0	1	3	0	0	2	1	12	0	3	2	2
1925	7 Mar 26	19:43:00	1	0	0	0	0	0	1	0	2	11	2	2	12	1	10	0	3	16	8	0	14	10	4	4	2	3	1	0	0	0	2	3	0	0	4	0	1	17	0
1926	7 Mar 26	19:44:00	1	0	0	0	0	0	1	0	8	13	4	0	7	10	15	0	1	8	8	0	17	7	0	0	1	4	3	0	2	8	6	4	0	8	10	0	0	5	3
1927	7 Mar 26	19:45:00	1	0	0	0	0	0	1	1	2	9	8	0	13	3	15	3	3	6	12	3	11	6	1	1	0	0	2	0	12	11	2	6	0	5	7	0	0	4	5
1928	7 Mar 26	19:46:00	1	0	0	0	0	0	1	8	6	12	1	3	15	5	25	10	2	11	10	0	16	23	0	0	0	3	0	0	3	3	4	4	0	3	9	0	2	6	3
1929	7 Mar 26	19:47:00	1	0	0	0	0	0	1	0	1	7	4	2	15	0	13	0	1	8	11	0	13	7	0	1	3	7	3	0	4	8	3	5	0	3	8	0	2	5	1
1930	7 Mar 26	19:48:00	1	0	0	0	0	0	1	0	8	12	0	0	11	1	14	5	3	12	12	0	15	10	0	3	6	1	0	0	1	3	3	8	0	1	7	0	4	9	2
1931	7 Mar 26	19:49:00	1	0	0	0	0	0	1	2	8	10	3	5	14	2	11	6	2	5	8	1	16	10	0	8	3	3	2	0	3	3	6	7	0	6	5	0	4	4	6
1932	7 Mar 26	19:50:00	1	0	0	0	0	0	1	0	5	10	1	1	10	3	10	5	2	7	14	0	9	9	6	0	2	3	3	0	1	2	1	11	0	0	9	0	3	11	3
1933	7 Mar 26	19:51:00	1	0	0	0	0	0	1	0	5	7	4	5	8	4	11	9	1	7	6	4	9	8	0	1	1	1	3	17	0	3	4	4	0	0	8	0	3	10	2
1934	7 Mar 26	19:52:00	1	0	0	0	0	0	1	0	4	7	6	0	7	3	18	0	2	5	5	6	10	13	0	1	0	5	3	14	3	5	6	8	0	2	6	0	2	3	2
1935	7 Mar 26	19:53:00	1	0	0	0	0	0	1	0	6	8	0	0	8	0	16	3	6	13	7	3	10	11	0	0	4	3	0	9	3	2	2	6	0	4	8	0	4	4	1
1936	7 Mar 26	19:54:00	1	0	0	0	0	0	1	4	1	7	0	0	11	1	11	1	1	6	6	3	9	2	3	0	2	5	1	0	2	8	5	1	0	3	5	3	1	12	0
1937	7 Mar 26	19:55:00	1	0	0	0	0	0	1	0	4	7	0	0	4	4	13	7	3	8	7	4	7	13	0	10	1	3	2	11	7	0	3	10	0	2	9	0	0	4	0
1938	7 Mar 26	19:56:00	1	0	0	0	0	0	1	0	4	5	0	0	11	6	12	7	4	15	8	1	10	10	0	3	3	2	0	0	4	0	8	2	2	1	7	0	0	5	0
1939	7 Mar 26	19:57:00	1	0	0	0	0	0	1	6	5	9	1	0	15	5	16	5	2	7	1	7	11	13	0	2	7	0	0	5	2	6	1	3	4	5	4	2	6	4	0
1940	7 Mar 26	19:58:00	1	0	0	0	0	0	1	0	5	6	7	1	12	5	4	6	2	7	6	2	10	12	4	0	0	2	5	21	0	6	4	6	2	2	6	0	3	0	0
1941	7 Mar 26	19:59:00	1	0	0	0	0	0	1	0	5	10	6	2	12	5	6	4	0	5	10	4	7	0	1	2	3	1	0	13	3	2	2	7	2	0	9	0	4	1	0
1942	7 Mar 26	20:00:00	1	0	0	0	0	0	1	0	4	5	1	1	8	3	8	0	1	12	8	7	10	0	2	5	3	0	1	9	2	1	6	5	0	4	16	0	3	5	0
1943	7 Mar 26	20:01:00	1	0	0	0	0	0	1	0	1	9	2	2	6	0	14	0	3	8	5	2	8	1	0	0	2	0	2	7	0	0	2	9	4	4	5	0	3	7	3
1944	7 Mar 26	20:02:00	1	0	0	0	0	0	1	0	5	5	1	6	10	0	11	3	5	12	11	5	2	8	3	0	7	1	4	1	0	1	0	3	5	2	5	0	6	2	0
1945	7 Mar 26	20:03:00	1	0	0	0	0	0	1	0	2	6	0	1	7	0	14	8	3	5	6	3	7	8	1	1	0	1	1	4	0	4	0	3	2	4	7	0	4	5	1
1946	7 Mar 26	20:04:00	1	0	0	0	0	0	1	5	3	11	0	3	8	2	12	10	3	9	9	3	10	9	0	1	0	1	1	4	2	1	0	6	2	4	7	0	4	5	0
1947	7 Mar 26	20:05:00	1	0	0	0	0	0	1	0	3	9	2	3	14	1	5	8	4	4	4	2	16	5	6	0	0	10	4	2	2	3	1	6	4	2	2	0	0	12	0
1948	7 Mar 26	20:06:00	1	0	0	0	0	0	1	0	0	6	0	1	11	2	8	3	5	13	7	2	7	4	6	0	3	0	3	2	5	3	1	5	2	6	6	0	0	4	2
1949	7 Mar 26	20:07:00	1	0	0	0	0	0	1	0	3	5	1	0	4	7	6	5	0	10	5	1	8	6	4	0	0	0	2	2	1	7	1	4	4	3	6	0	4	12	3
1950	7 Mar 26	20:08:00	1	0	0	0	0	0	1	0	4	6	0	0	7	2	7	0	2	2	11	6	7	5	7	0	4	0	3	3	0	8	3	8	1	1	3	0	1	2	0
1951	7 Mar 26	20:09:00	1	0	0	0	0	0	1	0	2	9	0	2	8	4	7	5	1	6	9	2	7	9	5	0	0	0	0	5	0	6	2	4	4	0	5	0	5	3	4
1952	7 Mar 26	20:10:00	1	0	0	0	0	0	1	0	2	5	1	1	12	0	5	2	2	4	9	3	12	7	8	0	3	2	0	7	0	4	1	4	1	0	2	0	5	1	2
1953	7 Mar 26	20:11:00	1	0	0	0	0	0	1	0	6	6	0	2	2	10	12	3	0	11	3	1	9	9	7	0	3	2	3	9	2	0	0	3	3	1	2	0	8	4	1
1954	7 Mar 26	20:12:00	1	0	0	0	0	0	1	0	2	8	4	7	13	5	10	0	2	10	4	6	8	8	6	0	6	0	3	3	8	0	2	5	3	0	5	0	4	6	1
1955	7 Mar 26	20:13:00	1	0	0	0	0	0	1	0	0	6	4	0	7	4	7	2	0	9	8	4	11	7	4	0	7	1	0	2	5	0	1	6	5	2	9	0	5	3	2
1956	7 Mar 26	20:14:00	1	0	0	0	0	0	1	0	0	8	0	0	6	5	13	1	3	7	7	5	7	3	8	0	2	0	0	3	4	0	1	5	4	2	4	0	2	5	2
1957	7 Mar 26	20:15:00	1	0	0	0	0	0	1	0	0	3	3	0	9	2	8	6	2	10	7	2	13	6	7	0	0	7	3	5	0	6	0	4	5	5	6	0	2	4	0
1958	7 Mar 26	20:16:00	1	0	0	0	0	0	1	0	0	3	0	0	8	3	9	1	5	2	5	3	7	6	4	0	1	3	0	3	3	4	0	3	5	1	6	0	2	1	0
1959	7 Mar 26	20:17:00	1	0	0	0	0	0	1	0	0	6	0	1	10	5	10	6	3	2	8	2	7	10	6	1	2	0	0	3	3	1	1	1	4	3	5	0	6	6	0
1960	7 Mar 26	20:18:00	1	0	0	0	0	0	1	0	0	4	0	0	10	0	8	0	2	7	3	2	7	7	9	2	3	0	2	6	2	0	3	7	1	4	7	0	2	4	0
1961	7 Mar 26	20:19:00	1	0	0	0	0	0	1	0	0	0	0	0	10	1	6	0	4	3	4	7	15	3	7	0	3	0	3	2	0	4	0	4	0	0	5	0	2	4	0
1962	7 Mar 26	20:20:00	1	0	0	0	0	0	1	0	3	0	0	0	7	2	7	0	3	3	6	0	9	5	8	0	3	0	0	4	2	6	5	4	0	3	4	0	2	0	0
1963	7 Mar 26	20:21:00	1	0	0	0	0	0	1	0	0	0	0	0	11	2	3	0	4	6	9	3	5	9	6	0	5	0	0	3	1	5	3	3	0	4	7	0	2	2	0
1964	7 Mar 26	20:22:00	1	0	0	0	0	0	1	0	0	0	0	1	7	2	6	0	0	2	4	1	7	6	7	0	0	0	3	2	0	0	6	11	3	1	8	0	2	4	3
1965	7 Mar 26	20:23:00	1	0	0	0	0	0	1	0	1	0	0	0	8	3	8	2	4	0	6	6	10	3	2	0	2	0	0	5	0	7	1	3	3	3	3	0	0	3	4
1966	7 Mar 26	20:24:00	1	0	0	0	0	0	1	0	4	0	0	7	2	3	5	2	3	2	2	2	4	8	4	0	2	0	0	3	0	2	1	6	0	0	3	0	3	1	3
1967	7 Mar 26	20:25:00	1	0	0	0	0	0	1	0	3	0	0	1	8	0	7	3	2	6	6	3	9	4	3	0	3	0	3	5	0	1	4	5	3	0	3	0	7	2	3
1968	7 Mar 26	20:26:00	1	0	0	0	0	0	1	0	0	1	0	3	10	0	10	1	2	6	8	3	7	9	3	0	4	0	0	4	1	7	0	4	3	0	6	0	5	3	4
1969	7 Mar 26	20:27:00	1	0	0	0	0	0	1	0	0	5	0	1	10	2	4	8	4	5	8	3	12	3	15	0	6	0	14	3	1	5	1	3	0	1	4	0	3	2	0
1970	7 Mar 26	20:28:00	1	0	0	0	0	0	1	0	0	7	0	2	3	0	8	5	2	7	7	1	9	4	6	0	2	0	0	3	3	5	3	3	2	0	2	0	2	0	0
1971	7 Mar 26	20:29:00	1	0	0	0	0	0	1	0	0	6	0	3	6	0	6	6	4	0	4	4	7	9	2	0	4	0	1	5	2	2	8	0	2	1	0	0	3	0	6
1972	7 Mar 26	20:30:00	1	0	0	0	0	0	1	0	0	1	0	0	8	0	7	6	2	0	3	5	2	5	6	0	0	0	0	4	0	0	3	2	3	1	5	0	2	2	1
1973	7 Mar 26	20:31:00	1	0	0	0	0	0	1	0	0	0	0	1	14	0	10	5	2	0	3	2	8	3	11	0	2	0	1	3	0	0	5	0	2	9	5	0	4	3	1
1974	7 Mar 26	20:32:00	1	0	0	0	0	0	1	0	0	0	0	2	3	0	9	2	1	0	4	2	9	5	3	0	3	0	0	3	0	1	1	0	6	0	7	0	3	2	6
1975	7 Mar 26	20:33:00	1	0	0	0	0	0	1	0	0	1	0	0	7	0	9	6	1	0	5	3	6	3	7	0	4	0	0	4	0	10	2	5	0	1	5	0	1	4	3
1976	7 Mar 26	20:34:00	1	0	0	0	0	0	1	0	2	3	0	0	9	0	6	4	1	0	6	2	9	5	6	2	2	0	0	4	3	1	2	7	3	2	5	0	3	16	2
1977	7 Mar 26	20:35:00	1	0	0	0	0	0	1	0	2	8	0	0	17	0	11	5	3	0	7	9	6	7	6	1	4	0	0	3	0	0	4	3	0	3	1	0	6	6	2
1978	7 Mar 26	20:36:00	1	0	0	0	0	0	1	0	0	6	0	0	6	0	5	3	0	0	4	7	4	3	4	0	0	0	0	4	0	0	4	3	0	1	5	0	5	5	2
1979	7 Mar 26	20:37:00	1	0	0	0	0	0	1	0	0	7	0	0	13	0	11	7	0	0	0	2	5	6	2	0	2	0	0	3	1	0	4	2	1	1	3	0	4	8	4
1980	7 Mar 26	20:38:00	1	0	0	0	0	0	1	0	0	3	0	0	4	0	2	10	0	0	5	2	6	1	1	0	0	0	0	2	1	0	2	5	0	0	2	0	5	7	0
1981	7 Mar 26	20:39:00	1	0	0	0	0	0	1	0	0	6	0	0	8	0	1	4	0	0	0	0	8	0	3	0	5	0	2	1	0	4	2	7	0	2	2	0	4	3	3
1982	7 Mar 26	20:40:00	1	0	0	0	0	0	1	0	0	1	0	0	8	0	2	4	0	0	0	0	10	0	7	0	4	0	0	5	0	3	0	3	0	1	3	0	4	2	1
1983	7 Mar 26	20:41:00	1	0	0	0	0	0	1	0	0	0	0	0	3	0	8	2	0	0	1	8	10	2	5	0	2	0	1	2	0	7	2	2	0	1	6	0	9	1	5
1984	7 Mar 26	20:42:00	1	0	0	0	0	0	1	0	0	0	0	0	3	2	7	5	0	0	1	1	8	1	4	0	3	0	1	4	1	4	0	7	0	6	9	0	3	7	2
1985	7 Mar 26	20:43:00	1	0	0	0	0	0	1	0	0	0	0	0	3	0	8	10	5	0	1	3	9	6	3	1	0	0	0	3	2	0	3	5	0	2	7	0	6	11	0
1986	7 Mar 26	20:44:00	1	0	0	0	0	0	1	0	0	0	0	3	7	1	2	2	3	0	0	1	7	5	6	1	0	0	0	5	1	5	0	10	0	3	0	0	3	4	3
1987	7 Mar 26	20:45:00	1	0	0	0	0	0	1	0	0	0	0	3	9	1	5	0	3	0	1	1	7	6	3	1	4	0	0	5	5	2	2	3	0	5	0	0	10	0	0
1988	7 Mar 26	20:46:00	1	0	0	0	0	0	1	0	0	0	0	0	11	1	8	4	2	0	1	9	9	2	3	0	2	0	0	1	0	4	3	4	0	1	0	0	4	3	0
1989	7 Mar 26	20:47:00	1	0	0	0	0	0	1	0	0	0	0	0	6	6	5	8	0	0	2	2	0	4	4	0	2	0	0	2	0	0	7	3	0	3	0	0	5	6	1
1990	7 Mar 26	20:48:00	1	0	0	0	0	0	1	0	0	0	0	0	4	2	8	3	0	0	2	3	7	7	2	0	3	0	0	3	0	2	9	2	0	1	0	0	5	3	2
1991	7 Mar 26	20:49:00	1	0	0	0	0	0	1	0	0	0	0	0	10	4	10	1	1	0	4	0	6	1	7	0	2	0	2	5	3	0	3	3	0	0	3	0	6	0	2
1992	7 Mar 26	20:50:00	1	0	0	0	0	0	1	0	0	0	0	2	0	2	5	3	2	0	5	0	10	7	0	0	5	0	1	4	1	1	4	4	0	1	11	0	5	1	0
1993	7 Mar 26	20:51:00	1	0	0	0	0	0	1	0	0	0	0	3	11	0	8	2	1	0	7	0	7	3	4	1	2	2	0	1	0	2	1	3	5	0	0	0	3	2	1
1994	7 Mar 26	20:52:00	1	0	0	0	0	0	1	0	3	0	0	0	11	3	7	0	2	0	6	0	8	2	17	0	1	3	0	0	2	0	1	6	2	0	0	0	2	6	1
1995	7 Mar 26	20:53:00	1	0	0	0	0	0	1	4	0	0	0	1	8	2	10	0	0	0	1	0	6	8	3	1	1	0	0	2	0	0	1	4	5	0	0	0	2	7	4
1996	7 Mar 26	20:54:00	1	0	0	0	0	0	1	0	0	0	0	1	6	2	3	0	2	2	0	0	3	0	4	2	0	0	0	4	3	0	1	5	4	0	9	0	3	4	2
1997	7 Mar 26	20:55:00	1	0	0	0	0	0	1	0	0	0	0	3	15	4	4	7	1	10	0	0	9	0	5	4	1	0	1	4	3	0	3	1	3	0	6	0	4	8	0
1998	7 Mar 26	20:56:00	1	0	0	0	0	0	1	0	0	0	0	1	5	1	7	2	3	4	2	0	5	5	7	1	0	0	0	4	0	0	2	2	1	3	1	0	8	2	0
1999	7 Mar 26	20:57:00	1	0	0	0	0	0	1	0	0	0	0	0	4	0	12	3	1	1	2	0	6	6	2	0	0	0	2	1	0	3	0	1	1	0	7	0	2	5	3
2000	7 Mar 26	20:58:00	1	0	0	0	0	0	1	0	0	0	0	0	6	8	7	2	2	4	1	0	8	3	2	0	0	0	2	3	0	4	2	3	2	0	3	0	0	1	2
2001	7 Mar 26	20:59:00	1	0	0	0	0	0	1	0	0	0	1	0	7	1	5	5	3	13	2	0	7	8	4	1	4	0	1	4	0	2	0	2	2	2	0	0	5	3	4
2002	7 Mar 26	21:00:00	1	0	0	0	0	0	1	0	4	0	0	0	7	2	7	3	2	4	1	0	9	4	3	6	3	0	3	2	0	0	5	4	1	8	4	0	0	4	5
2003	7 Mar 26	21:01:00	1	0	0	0	0	0	1	0	0	0	2	0	7	1	2	9	0	1	3	0	4	5	4	0	1	0	3	7	0	2	0	0	5	4	6	0	2	2	3
2004	7 Mar 26	21:02:00	1	0	0	0	0	0	1	0	0	0	4	0	14	0	1	0	2	0	3	0	6	2	7	2	5	0	2	4	0	0	2	4	1	0	0	0	3	3	3
2005	7 Mar 26	21:03:00	1	0	0	0	0	0	1	0	0	0	0	0	11	3	0	0	2	0	2	0	7	9	6	0	1	0	0	4	0	0	1	2	1	5	0	0	6	3	8
2006	7 Mar 26	21:04:00	1	0	0	0	0	0	1	0	2	0	2	0	6	8	0	0	0	0	3	0	8	2	4	2	3	0	1	5	0	0	5	1	0	2	3	0	9	1	4
2007	7 Mar 26	21:05:00	1	0	0	0	0	0	1	0	0	0	3	0	10	2	0	6	2	0	1	0	10	3	2	0	3	0	4	3	2	0	3	0	0	0	0	0	6	2	1
2008	7 Mar 26	21:06:00	1	0	0	0	0	0	1	0	0	0	1	0	5	2	0	7	2	0	2	0	4	0	4	0	6	0	1	0	0	0	1	0	0	4	0	0	3	0	0
2009	7 Mar 26	21:07:00	1	0	0	0	0	0	1	0	0	0	0	0	6	0	0	0	1	0	9	5	4	1	7	2	0	0	1	0	2	0	1	0	0	0	6	0	2	0	0
2010	7 Mar 26	21:08:00	1	0	0	0	0	0	1	0	0	0	0	0	5	3	1	3	1	0	6	0	1	6	2	0	4	0	0	0	4	0	3	0	0	0	3	0	3	0	0
2011	7 Mar 26	21:09:00	1	0	0	0	0	0	1	0	0	0	1	0	6	0	0	4	0	0	8	0	7	4	2	0	6	0	2	0	2	0	2	0	0	1	5	0	2	2	0
2012	7 Mar 26	21:10:00	1	0	0	0	0	0	1	0	0	0	0	0	3	1	0	4	1	0	4	0	8	5	11	0	1	0	0	0	0	0	1	6	0	7	6	0	1	1	0
2013	7 Mar 26	21:11:00	1	0	0	0	0	0	1	0	0	0	0	2	11	1	0	0	3	0	6	0	5	2	1	0	1	0	2	0	0	0	6	5	4	3	6	0	12	2	0
2014	7 Mar 26	21:12:00	1	0	0	0	0	0	1	0	0	0	1	0	13	4	0	0	0	0	3	0	5	6	4	0	3	0	0	0	0	0	0	6	2	3	1	0	2	1	0
2015	7 Mar 26	21:13:00	1	0	0	0	0	0	1	0	0	0	1	0	10	6	0	9	0	0	0	0	6	5	5	0	5	0	0	4	0	0	5	4	0	1	0	0	4	0	0
2016	7 Mar 26	21:14:00	1	0	0	0	0	0	1	0	0	0	0	0	7	2	0	3	2	0	0	0	6	0	3	0	0	0	0	6	0	0	2	2	3	0	0	0	1	3	2
2017	7 Mar 26	21:15:00	1	0	0	0	0	0	1	0	0	0	0	0	10	0	0	4	0	0	0	0	6	5	2	0	0	0	0	2	0	0	1	0	3	1	0	0	3	2	2
2018	7 Mar 26	21:16:00	1	0	0	0	0	0	1	0	0	0	1	0	16	0	0	4	1	0	4	0	8	0	4	0	2	0	5	1	2	0	0	0	5	3	0	0	3	2	3
2019	7 Mar 26	21:17:00	1	0	0	0	0	0	1	0	0	0	0	0	9	0	0	4	0	0	1	0	7	0	6	0	0	0	0	4	4	5	4	0	0	0	0	0	5	1	6
2020	7 Mar 26	21:18:00	1	0	0	0	0	0	1	0	0	0	0	0	6	0	0	3	0	0	1	0	4	0	4	0	1	0	2	4	0	5	3	0	3	2	0	0	5	6	0
2021	7 Mar 26	21:19:00	1	0	0	0	0	0	1	0	4	0	0	0	4	0	0	6	0	0	0	0	8	0	5	0	1	0	0	7	4	4	5	0	0	0	0	0	0	0	2
2022	7 Mar 26	21:20:00	1	0	0	0	0	0	1	0	0	0	0	0	7	0	0	1	2	0	2	0	9	0	5	4	3	0	0	1	1	9	3	4	0	5	0	0	2	7	2
2023	7 Mar 26	21:21:00	1	0	0	0	0	0	1	0	0	0	0	0	3	0	0	0	2	0	4	0	6	0	2	5	3	0	1	0	0	4	1	0	0	10	0	0	7	3	6
2024	7 Mar 26	21:22:00	1	0	0	0	0	0	1	0	0	0	0	0	13	0	0	0	1	0	4	0	8	0	4	0	3	0	3	0	3	0	2	0	5	3	0	0	2	3	2
2025	7 Mar 26	21:23:00	1	0	0	0	0	0	1	0	0	0	0	0	10	0	0	1	2	0	4	0	7	0	4	2	3	0	2	0	1	0	4	0	0	1	0	0	3	4	0
2026	7 Mar 26	21:24:00	1	0	0	0	0	0	1	0	0	0	0	0	5	0	0	6	0	0	7	0	7	0	2	0	1	0	3	0	0	4	5	0	0	3	2	0	6	4	3
2027	7 Mar 26	21:25:00	1	0	0	0	0	0	1	0	0	0	0	1	5	0	0	0	2	0	2	0	5	0	3	1	3	0	0	0	3	0	4	2	2	2	3	0	1	2	0
2028	7 Mar 26	21:26:00	1	0	0	0	0	0	1	0	0	0	0	0	9	0	0	10	2	0	6	0	6	0	4	0	4	0	2	0	7	0	5	4	0	0	8	0	1	2	1
2029	7 Mar 26	21:27:00	1	0	0	0	0	0	1	0	0	0	0	1	14	0	0	0	1	0	3	0	6	0	4	0	1	0	0	0	4	0	3	2	2	1	5	0	6	8	3
2030	7 Mar 26	21:28:00	1	0	0	0	0	0	1	5	0	0	0	0	7	0	0	2	0	0	0	0	5	0	4	0	2	0	0	0	0	0	0	1	0	3	3	0	0	1	3
2031	7 Mar 26	21:29:00	1	0	0	0	0	0	1	0	0	0	0	0	7	0	0	8	2	0	1	0	5	0	6	0	3	0	0	0	2	3	0	11	1	0	8	0	3	0	2
2032	7 Mar 26	21:30:00	1	0	0	0	0	0	1	0	0	0	0	0	11	0	0	3	3	0	6	0	10	0	1	0	1	0	0	0	4	2	3	1	4	1	2	0	3	12	1
2033	7 Mar 26	21:31:00	1	0	0	0	0	0	1	0	0	0	0	1	4	0	0	3	5	0	1	0	8	3	2	2	3	0	0	0	2	2	6	0	2	5	6	0	2	3	0
2034	7 Mar 26	21:32:00	1	0	0	0	0	0	1	0	0	0	0	0	7	0	0	1	0	0	0	0	7	9	4	0	3	0	1	0	0	1	4	8	0	5	2	0	4	6	0
2035	7 Mar 26	21:33:00	1	0	0	0	0	0	1	0	0	0	0	1	9	3	0	0	0	0	1	0	6	2	10	0	2	0	0	0	0	0	8	4	5	0	10	0	3	5	0
2036	7 Mar 26	21:34:00	1	0	0	0	0	0	1	0	0	0	0	2	7	1	0	0	0	0	0	0	10	2	3	3	2	0	0	0	2	2	12	4	1	0	4	0	3	0	0
2037	7 Mar 26	21:35:00	1	0	0	0	0	0	1	0	0	0	0	7	6	0	0	0	0	0	7	0	10	2	1	1	2	0	0	0	4	0	1	2	0	0	5	0	1	2	1
2038	7 Mar 26	21:36:00	1	0	0	0	0	0	1	0	0	0	0	0	5	0	0	0	0	0	7	2	8	3	3	0	2	0	0	0	0	0	6	3	6	0	0	0	2	3	4
2039	7 Mar 26	21:37:00	1	0	0	0	0	0	1	0	0	0	0	0	7	0	0	0	0	0	6	0	6	3	2	0	4	0	0	0	0	0	4	4	1	0	0	0	1	5	2
2040	7 Mar 26	21:38:00	1	0	0	0	0	0	1	0	0	0	0	0	6	0	0	0	0	0	1	0	4	4	1	3	3	0	0	1	0	0	2	3	1	0	0	0	3	2	3
2041	7 Mar 26	21:39:00	1	0	0	0	0	0	1	0	0	0	0	0	3	0	0	0	0	0	2	0	6	5	2	3	0	0	0	2	0	1	3	3	2	0	0	0	4	3	0
2042	7 Mar 26	21:40:00	1	0	0	0	0	0	1	0	0	0	0	0	4	4	0	0	3	0	0	0	8	2	6	6	0	0	1	2	0	5	2	4	0	0	0	0	5	3	1
2043	7 Mar 26	21:41:00	1	0	0	0	0	0	1	0	0	0	0	0	8	3	0	0	2	0	0	0	5	3	2	0	0	0	2	5	0	12	1	7	2	0	0	0	5	8	0
2044	7 Mar 26	21:42:00	1	0	0	0	0	0	1	0	0	0	0	2	8	1	0	1	0	0	0	0	9	3	0	0	4	0	5	0	1	1	0	4	3	0	0	0	4	3	0
2045	7 Mar 26	21:43:00	1	0	0	0	0	0	1	0	0	0	0	0	0	1	0	3	0	0	0	0	9	0	0	0	1	0	2	0	4	3	2	3	1	0	0	0	4	2	3
2046	7 Mar 26	21:44:00	1	0	0	0	0	0	1	2	0	0	0	0	2	1	0	3	0	0	0	0	12	0	0	0	2	0	1	0	1	0	1	1	0	0	0	0	7	2	0
2047	7 Mar 26	21:45:00	1	0	0	0	0	0	1	0	0	0	0	1	5	4	0	3	4	0	0	0	10	0	1	0	0	0	2	0	0	0	1	4	3	0	0	0	3	3	0
2048	7 Mar 26	21:46:00	1	0	0	0	0	0	1	0	0	0	0	0	8	1	0	0	2	0	0	0	8	0	0	0	6	0	0	0	0	4	1	4	0	0	0	0	9	3	0
2049	7 Mar 26	21:47:00	1	0	0	0	0	0	1	0	0	0	0	0	5	3	0	2	4	0	0	0	6	0	2	0	3	0	2	0	0	0	0	0	1	0	0	0	2	2	0
2050	7 Mar 26	21:48:00	1	0	0	0	0	0	1	0	0	0	0	0	5	1	0	11	4	0	0	0	10	0	1	0	0	0	0	0	0	0	1	2	5	0	0	0	0	3	0
2051	7 Mar 26	21:49:00	1	0	0	0	0	0	1	0	0	0	0	0	5	2	0	8	0	0	1	0	7	0	0	2	3	0	0	2	0	2	3	7	2	0	0	0	1	0	3
2052	7 Mar 26	21:50:00	1	0	0	0	0	0	1	0	0	0	0	0	4	1	0	2	0	0	2	0	7	0	2	3	0	0	0	2	0	3	0	4	3	0	0	0	4	0	2
2053	7 Mar 26	21:51:00	1	0	0	0	0	0	1	0	0	0	0	0	4	2	0	8	0	0	4	0	4	0	2	0	2	0	0	7	6	0	2	5	4	0	1	0	4	2	2
2054	7 Mar 26	21:52:00	1	0	0	0	0	0	1	0	1	0	0	0	4	2	0	6	0	0	4	0	8	0	2	0	2	0	0	6	1	2	0	4	0	1	5	0	2	1	2
2055	7 Mar 26	21:53:00	1	0	0	0	0	0	1	0	0	0	0	0	10	0	0	3	0	0	2	3	9	0	0	9	0	0	0	0	2	0	0	5	2	1	8	0	2	13	1
2056	7 Mar 26	21:54:00	1	0	0	0	0	0	1	0	0	0	0	0	2	0	0	7	0	0	1	0	9	0	0	2	2	0	0	1	0	0	3	5	0	1	5	2	7	0	5
2057	7 Mar 26	21:55:00	1	0	0	0	0	0	1	0	0	0	0	2	5	0	0	1	0	0	3	0	4	0	0	2	3	0	0	1	0	0	1	0	2	0	1	0	3	2	0
2058	7 Mar 26	21:56:00	1	0	0	0	0	0	1	0	0	0	0	0	5	0	0	2	0	0	1	0	4	0	0	0	0	0	0	6	7	0	0	0	1	3	2	0	4	3	1
2059	7 Mar 26	21:57:00	1	0	0	0	0	0	1	0	1	0	0	2	5	0	0	0	0	0	0	0	8	0	0	3	1	0	0	0	0	5	1	4	3	0	5	0	4	12	1
2060	7 Mar 26	21:58:00	1	0	0	0	0	0	1	0	0	0	0	0	8	0	0	2	0	0	0	0	3	0	3	8	4	0	0	0	3	1	2	3	2	0	1	1	7	2	4
2061	7 Mar 26	21:59:00	1	0	0	0	0	0	1	0	0	3	0	0	9	0	0	4	0	0	0	0	7	0	0	2	0	0	0	0	4	0	2	3	0	1	4	0	4	3	0
2062	7 Mar 26	22:00:00	1	0	0	0	0	0	1	0	0	7	0	0	2	0	0	2	0	0	0	1	14	0	2	4	0	0	0	0	0	0	0	5	1	0	3	0	1	2	2
2063	7 Mar 26	22:01:00	1	0	0	0	0	0	1	0	0	1	2	0	3	0	0	0	0	0	0	0	8	0	1	0	1	0	0	0	2	0	3	4	0	3	4	0	0	4	1
2064	7 Mar 26	22:02:00	1	0	0	0	0	0	1	0	0	1	0	0	15	0	0	0	0	0	0	0	4	0	1	0	5	0	0	0	1	6	1	0	4	0	2	0	4	3	1
2065	7 Mar 26	22:03:00	1	0	0	0	0	0	1	0	10	0	0	0	15	0	0	0	0	0	0	0	4	0	0	1	2	0	0	0	0	1	0	0	1	0	9	0	4	1	5
2066	7 Mar 26	22:04:00	1	0	0	0	0	0	1	0	11	0	0	0	3	0	0	0	0	0	0	3	8	0	0	0	6	0	0	0	0	4	0	0	2	0	6	0	4	7	4
2067	7 Mar 26	22:05:00	1	0	0	0	0	0	1	0	9	0	0	0	3	0	0	0	0	0	0	0	9	0	0	7	4	0	0	0	0	6	5	0	6	0	0	0	4	0	1
2068	7 Mar 26	22:06:00	1	0	0	0	0	0	1	0	7	0	0	0	6	0	0	0	0	0	0	0	8	0	0	0	2	0	0	0	0	2	2	0	3	0	0	0	6	0	0
2069	7 Mar 26	22:07:00	1	0	0	0	0	0	1	0	7	0	0	0	5	2	0	0	0	0	0	0	6	0	0	0	2	0	0	0	0	5	1	0	4	0	0	0	3	0	2
2070	7 Mar 26	22:08:00	1	0	0	0	0	0	1	0	5	0	0	0	7	3	0	0	0	0	0	0	5	0	0	0	4	0	1	0	0	4	4	0	4	0	0	0	4	0	0
2071	7 Mar 26	22:09:00	1	0	0	0	0	0	1	0	2	0	0	0	2	0	0	3	0	0	0	0	6	0	0	0	0	0	0	0	2	0	5	0	1	0	0	0	8	4	1
2072	7 Mar 26	22:10:00	1	0	0	0	0	0	1	0	6	0	0	0	8	0	0	7	0	0	0	0	7	0	0	1	1	0	0	0	0	0	3	0	2	0	0	0	5	9	0
2073	7 Mar 26	22:11:00	1	0	0	0	0	0	1	0	8	0	0	0	8	0	0	2	0	0	2	0	7	0	0	0	1	0	1	0	5	0	1	0	8	0	0	0	5	5	0
2074	7 Mar 26	22:12:00	1	0	0	0	0	0	1	4	0	0	0	0	13	0	0	4	0	0	0	0	2	0	0	16	3	0	1	0	2	0	2	0	2	0	0	0	5	3	0
2075	7 Mar 26	22:13:00	1	0	0	0	0	0	1	0	0	0	0	0	8	4	0	8	0	0	0	0	8	0	0	3	4	0	1	0	1	0	2	0	0	0	0	0	4	0	0
2076	7 Mar 26	22:14:00	1	0	0	0	0	0	1	0	0	0	0	0	5	8	0	4	0	0	0	0	7	0	1	0	6	0	1	0	0	0	0	0	0	3	0	0	12	2	0
2077	7 Mar 26	22:15:00	1	0	0	0	0	0	1	0	0	0	0	0	8	0	0	0	0	0	0	0	7	0	0	0	3	0	1	0	2	0	1	0	0	6	0	0	6	3	0
2078	7 Mar 26	22:16:00	1	0	0	0	0	0	1	0	2	0	0	0	6	2	0	11	0	0	0	0	8	0	1	1	2	0	0	0	0	0	0	0	0	1	0	0	4	0	7
2079	7 Mar 26	22:17:00	1	0	0	0	0	0	1	0	0	0	0	0	10	3	0	4	0	0	0	0	4	3	0	2	3	0	0	0	0	0	1	0	0	1	0	0	2	0	5
2080	7 Mar 26	22:18:00	1	0	0	0	0	0	1	0	0	0	0	0	3	0	0	4	0	0	0	0	3	11	0	1	0	0	0	0	4	0	0	0	0	0	0	0	17	3	3
2081	7 Mar 26	22:19:00	1	0	0	0	0	0	1	0	0	0	0	0	9	1	0	5	2	0	0	0	11	6	1	3	0	0	0	1	0	0	1	0	0	0	0	0	0	1	1
2082	7 Mar 26	22:20:00	1	0	0	0	0	0	1	0	0	0	0	0	7	1	0	0	1	0	0	0	6	0	0	1	0	0	0	0	0	0	3	0	0	0	0	0	3	6	0
2083	7 Mar 26	22:21:00	1	0	0	0	0	0	1	0	0	0	0	0	5	0	0	1	3	0	0	0	5	2	0	0	2	0	0	1	1	0	1	0	0	1	0	0	1	0	1
2084	7 Mar 26	22:22:00	1	0	0	0	0	0	1	0	0	0	0	0	4	0	0	1	0	0	0	0	7	2	0	0	2	0	0	3	1	0	0	0	0	0	4	0	3	3	0
2085	7 Mar 26	22:23:00	1	0	0	0	0	0	1	0	0	0	0	0	2	0	0	0	2	0	0	0	9	5	0	9	4	0	0	3	2	1	1	0	0	0	2	0	7	6	1
2086	7 Mar 26	22:24:00	1	0	0	0	0	0	1	0	0	0	0	0	4	0	0	0	0	0	0	0	11	2	1	2	2	0	0	2	0	1	1	0	0	0	4	0	4	5	3
2087	7 Mar 26	22:25:00	1	0	0	0	0	0	1	0	0	0	0	0	4	0	0	0	2	0	0	0	5	0	3	1	5	0	0	3	2	0	1	0	0	0	1	0	3	6	1
2088	7 Mar 26	22:26:00	1	0	0	0	0	0	1	0	0	0	0	0	7	0	0	0	0	0	0	0	8	0	4	1	0	0	1	1	3	3	4	0	0	0	0	0	6	0	1
2089	7 Mar 26	22:27:00	1	0	0	0	0	0	1	0	0	0	0	0	3	0	2	0	2	0	0	0	4	0	1	0	0	0	1	0	0	3	1	0	0	0	0	0	2	3	1
2090	7 Mar 26	22:28:00	1	0	0	0	0	0	1	0	0	0	0	0	6	0	0	0	1	0	0	0	5	0	0	1	0	0	0	0	0	4	3	0	0	0	1	0	3	1	4
2091	7 Mar 26	22:29:00	1	0	0	0	0	0	1	0	0	0	0	0	10	0	0	4	2	0	0	0	0	0	0	1	0	0	1	0	2	3	2	0	0	0	2	0	2	4	2
2092	7 Mar 26	22:30:00	1	0	0	0	0	0	1	0	0	0	0	0	13	0	2	2	2	0	0	0	7	0	2	1	0	0	0	0	3	2	2	0	0	0	0	0	3	0	10
2093	7 Mar 26	22:31:00	1	0	0	0	0	0	1	0	0	0	0	0	6	0	1	5	3	0	0	0	6	0	0	3	0	0	0	0	2	1	2	0	0	0	4	0	5	0	7
2094	7 Mar 26	22:32:00	1	0	0	0	0	0	1	0	0	0	0	0	3	0	5	0	5	0	0	0	5	0	0	1	0	0	0	0	2	0	5	0	0	0	4	0	14	0	5
2095	7 Mar 26	22:33:00	1	0	0	0	0	0	1	0	0	0	0	0	9	0	2	2	3	0	0	0	14	3	0	2	0	0	0	2	0	0	2	0	0	0	0	0	1	2	0
2096	7 Mar 26	22:34:00	1	0	0	0	0	0	1	0	0	0	0	0	2	0	0	0	1	0	0	0	3	0	0	7	0	0	0	0	0	0	2	0	0	0	0	0	6	4	1
2097	7 Mar 26	22:35:00	1	0	0	0	0	0	1	0	3	0	0	0	5	0	1	0	0	0	0	0	5	0	0	0	0	0	0	0	0	0	1	0	0	0	0	0	3	0	0
2098	7 Mar 26	22:36:00	1	0	0	0	0	0	1	0	6	0	0	0	4	0	3	0	2	0	0	0	4	0	0	0	0	0	3	0	0	0	0	0	0	0	0	0	1	3	0
2099	7 Mar 26	22:37:00	1	0	0	0	0	0	1	0	9	0	0	0	5	2	4	0	0	0	0	0	9	0	0	0	0	0	0	0	0	0	1	0	0	3	0	0	3	7	5
2100	7 Mar 26	22:38:00	1	0	0	0	0	0	1	0	5	0	0	0	5	1	0	0	2	0	0	0	12	0	0	3	2	0	5	0	3	0	3	0	0	2	0	0	4	3	0
2101	7 Mar 26	22:39:00	1	0	0	0	0	0	1	0	0	0	0	0	5	2	3	0	0	0	0	0	5	0	0	0	3	0	0	0	0	0	0	0	0	3	4	0	10	4	0
2102	7 Mar 26	22:40:00	1	0	0	0	0	0	1	0	0	0	0	0	7	4	0	0	0	0	0	0	9	0	0	8	1	0	4	0	0	0	1	0	0	8	4	0	16	3	1
2103	7 Mar 26	22:41:00	1	0	0	0	0	0	1	2	0	0	0	0	7	3	3	0	0	0	0	0	3	0	0	2	2	0	0	0	0	0	0	0	0	4	2	0	7	6	1
2104	7 Mar 26	22:42:00	1	0	0	0	0	0	1	0	0	0	0	0	4	2	3	0	0	0	0	0	7	0	5	4	1	0	2	0	0	0	0	0	0	1	0	0	0	3	1
2105	7 Mar 26	22:43:00	1	0	0	0	0	0	1	0	0	0	0	0	6	0	3	0	0	0	0	0	10	0	4	0	2	0	0	0	0	0	1	0	0	1	4	0	1	2	2
2106	7 Mar 26	22:44:00	1	0	0	0	0	0	1	0	0	0	0	0	5	0	5	0	0	0	0	0	10	0	2	0	4	0	0	0	0	0	0	0	0	5	4	0	4	2	2
2107	7 Mar 26	22:45:00	1	0	0	0	0	0	1	0	0	0	0	0	1	0	5	0	0	0	0	0	8	0	0	0	3	0	1	0	0	0	1	0	0	2	0	0	2	1	0
2108	7 Mar 26	22:46:00	1	0	0	0	0	0	1	0	0	0	0	0	2	0	0	9	0	0	0	0	9	0	4	0	3	0	2	0	0	0	0	0	0	1	0	0	2	3	0
2109	7 Mar 26	22:47:00	1	0	0	0	0	0	1	0	0	0	0	0	6	1	3	10	0	0	0	0	7	0	0	3	0	0	0	0	0	0	1	0	0	3	7	0	3	0	0
2110	7 Mar 26	22:48:00	1	0	0	0	0	0	1	0	0	0	0	0	4	3	2	3	0	0	0	0	10	0	0	0	2	0	3	0	0	0	3	0	0	10	0	0	4	2	0
2111	7 Mar 26	22:49:00	1	0	0	0	0	0	1	0	2	0	0	0	4	2	0	4	0	0	0	0	7	0	0	1	5	0	0	0	0	0	3	0	0	0	0	0	6	1	0
2112	7 Mar 26	22:50:00	1	0	0	0	0	0	1	0	0	0	0	0	8	2	0	6	0	0	0	0	7	0	1	0	1	0	1	0	0	0	3	0	0	0	0	0	12	0	1
2113	7 Mar 26	22:51:00	1	0	0	0	0	0	1	0	1	0	0	0	10	0	0	5	0	0	0	0	5	0	0	3	1	0	1	0	0	0	1	3	0	2	0	0	11	0	2
2114	7 Mar 26	22:52:00	1	0	0	0	0	0	1	0	1	0	0	0	6	4	8	4	0	0	0	3	4	0	2	2	3	0	0	0	0	0	2	6	0	4	0	0	5	0	0
2115	7 Mar 26	22:53:00	1	0	0	0	0	0	1	2	2	1	0	0	12	1	0	2	0	0	0	0	8	0	0	3	1	0	0	0	0	0	2	8	0	0	0	0	14	1	3
2116	7 Mar 26	22:54:00	1	0	0	0	0	0	1	0	4	0	0	0	10	1	1	2	0	0	0	0	4	0	0	11	1	4	0	0	0	2	1	5	0	9	0	0	6	2	5
2117	7 Mar 26	22:55:00	1	0	0	0	0	0	1	0	12	0	0	0	7	0	3	3	0	0	0	0	6	0	0	0	4	0	5	0	0	1	2	1	0	0	0	0	7	7	10
2118	7 Mar 26	22:56:00	1	0	0	0	0	0	1	0	2	0	0	0	6	0	0	3	0	0	0	0	5	0	0	0	3	0	2	0	1	0	2	0	0	0	0	0	2	2	2
2119	7 Mar 26	22:57:00	1	0	0	0	0	0	1	0	0	1	0	0	7	2	0	0	0	0	0	0	5	0	0	0	6	0	1	0	3	5	0	3	0	1	2	0	1	4	4
2120	7 Mar 26	22:58:00	1	0	0	0	0	0	1	0	14	0	0	0	8	1	0	5	0	0	0	0	7	0	0	0	2	3	2	0	0	2	3	1	0	1	4	0	6	7	2
2121	7 Mar 26	22:59:00	1	0	0	0	0	0	1	0	0	0	0	0	8	0	6	0	0	0	0	0	6	0	0	0	2	2	0	0	0	0	3	4	0	0	1	0	5	0	4
2122	7 Mar 26	23:00:00	1	0	0	0	0	0	1	0	0	0	0	0	5	1	5	2	0	0	0	0	3	0	0	0	7	2	1	0	0	5	1	5	0	0	0	0	3	2	3
2123	7 Mar 26	23:01:00	1	0	0	0	0	0	1	0	2	0	0	0	6	2	0	1	0	0	0	0	10	0	2	0	1	4	0	0	4	1	1	2	0	2	1	0	6	3	1
2124	7 Mar 26	23:02:00	1	0	0	0	0	0	1	0	4	0	0	0	4	1	0	6	0	0	0	0	2	0	2	0	2	1	0	0	1	2	0	3	0	4	2	0	3	7	1
2125	7 Mar 26	23:03:00	1	0	0	0	0	0	1	0	0	0	0	0	4	0	0	0	0	0	0	0	2	3	0	0	5	0	2	3	0	1	1	4	0	4	2	0	7	10	6
2126	7 Mar 26	23:04:00	1	0	0	0	0	0	1	0	0	0	0	0	4	0	0	4	0	0	0	0	6	3	1	0	3	0	1	1	0	4	3	3	0	0	4	0	3	3	2
2127	7 Mar 26	23:05:00	1	0	0	0	0	0	1	0	0	0	0	0	8	0	2	9	0	0	0	0	10	5	0	0	5	0	1	2	0	0	4	6	0	0	4	0	6	3	2
2128	7 Mar 26	23:06:00	1	0	0	0	0	0	1	0	0	0	0	0	4	1	5	7	0	0	0	0	8	3	2	0	8	0	11	5	0	0	0	7	0	0	4	0	5	1	4
2129	7 Mar 26	23:07:00	1	0	0	0	0	0	1	0	0	0	0	6	6	3	0	0	0	0	0	0	7	1	3	3	3	0	0	6	0	0	3	3	0	0	5	0	3	2	1
2130	7 Mar 26	23:08:00	1	0	0	0	0	0	1	0	0	0	0	7	12	3	1	0	0	0	0	0	10	0	0	0	3	0	0	4	0	0	7	4	0	0	3	0	4	1	0
2131	7 Mar 26	23:09:00	1	0	0	0	0	0	1	0	0	0	0	0	5	0	1	0	0	0	0	0	7	3	0	0	2	0	1	5	0	2	4	3	0	0	2	0	6	3	1
2132	7 Mar 26	23:10:00	1	0	0	0	0	0	1	0	0	0	0	2	7	0	5	0	0	0	0	0	6	5	1	0	4	0	0	1	0	4	4	1	0	1	3	0	5	6	0
2133	7 Mar 26	23:11:00	1	0	0	0	0	0	1	0	0	0	0	2	5	0	0	0	0	0	0	0	5	1	1	1	3	0	2	5	4	0	3	3	0	3	4	0	10	3	0
2134	7 Mar 26	23:12:00	1	0	0	0	0	0	1	0	0	0	0	2	6	0	3	0	0	0	0	0	9	0	0	5	3	0	0	1	3	0	1	2	0	0	5	0	6	2	0
2135	7 Mar 26	23:13:00	1	0	0	0	0	0	1	0	0	0	0	0	4	0	6	0	0	0	0	0	4	0	0	2	0	0	0	2	1	1	2	3	0	1	0	0	6	3	0
2136	7 Mar 26	23:14:00	1	0	0	0	0	0	1	0	0	0	0	1	7	0	5	0	0	0	0	0	3	0	0	0	1	0	0	4	0	5	3	0	0	1	0	0	6	2	0
2137	7 Mar 26	23:15:00	1	0	0	0	0	0	1	0	0	0	0	1	4	0	6	0	0	0	0	0	5	0	0	0	4	0	0	4	0	0	1	0	0	0	0	0	3	0	1
2138	7 Mar 26	23:16:00	1	0	0	0	0	0	1	0	2	0	0	4	0	0	5	0	0	0	0	0	6	0	0	0	2	0	0	1	5	3	0	0	0	0	2	0	2	0	3
2139	7 Mar 26	23:17:00	1	0	0	0	0	0	1	0	2	0	0	1	11	0	3	0	0	0	0	0	5	0	0	3	2	0	0	1	1	5	1	0	0	1	0	0	6	4	1
2140	7 Mar 26	23:18:00	1	0	0	0	0	0	1	0	0	0	0	0	6	0	12	2	0	0	0	0	8	0	0	0	0	0	1	2	0	4	4	2	0	4	0	0	7	3	0
2141	7 Mar 26	23:19:00	1	0	0	0	0	0	1	0	1	0	0	0	7	0	19	7	0	0	0	0	5	0	5	0	0	0	1	2	0	2	6	8	0	7	0	0	5	2	2
2142	7 Mar 26	23:20:00	1	0	0	0	0	0	1	0	4	0	0	0	6	0	7	4	0	0	0	0	8	0	0	0	2	0	0	4	0	2	2	6	0	1	0	2	3	3	1
2143	7 Mar 26	23:21:00	1	0	0	0	0	0	1	0	4	0	0	0	3	0	10	4	0	1	0	0	6	0	0	0	3	0	0	4	0	1	1	5	0	0	0	0	4	7	0
2144	7 Mar 26	23:22:00	1	0	0	0	0	0	1	1	0	0	0	0	12	0	4	6	0	0	0	0	8	0	0	1	1	0	0	5	0	0	1	2	0	3	0	0	4	4	0
2145	7 Mar 26	23:23:00	1	0	0	0	0	0	1	0	0	0	0	0	0	0	9	0	0	0	0	0	8	0	2	1	1	0	1	3	0	0	0	6	0	3	0	0	1	3	3
2146	7 Mar 26	23:24:00	1	0	0	0	0	0	1	0	0	0	0	0	1	0	9	0	0	0	0	0	8	0	0	0	4	0	1	0	0	0	0	0	0	1	0	0	2	0	2
2147	7 Mar 26	23:25:00	1	0	0	0	0	0	1	0	0	0	0	0	4	0	7	0	0	0	0	0	7	0	0	2	5	2	0	5	0	0	1	4	0	0	0	0	0	4	1
2148	7 Mar 26	23:26:00	1	0	0	0	0	0	1	0	0	0	0	0	8	0	5	0	0	0	0	0	8	0	0	0	2	7	3	0	2	0	2	4	0	0	0	0	0	2	2
2149	7 Mar 26	23:27:00	1	0	0	0	0	0	1	0	0	0	0	0	4	0	2	0	0	0	0	0	10	0	0	5	2	0	3	1	1	0	1	3	0	0	1	0	3	5	0
2150	7 Mar 26	23:28:00	1	0	0	0	0	0	1	0	0	0	0	0	10	0	15	0	0	0	0	0	6	0	0	3	0	0	2	0	0	0	1	2	0	0	0	0	1	4	0
2151	7 Mar 26	23:29:00	1	0	0	0	0	0	1	0	0	0	0	0	10	0	5	0	0	0	0	0	7	0	0	3	2	0	2	0	0	0	3	6	0	0	0	0	1	3	5
2152	7 Mar 26	23:30:00	1	0	0	0	0	0	1	0	0	0	0	0	3	0	10	0	0	0	0	0	7	0	0	0	5	0	2	0	0	0	2	2	0	0	0	0	3	4	0
2153	7 Mar 26	23:31:00	1	0	0	0	0	0	1	0	0	0	0	0	6	0	5	0	0	0	0	0	5	0	1	0	3	0	1	0	2	0	0	2	0	0	0	0	3	2	0
2154	7 Mar 26	23:32:00	1	0	0	0	0	0	1	0	0	0	0	0	4	0	3	0	0	0	0	0	7	0	0	0	1	0	1	0	1	0	2	0	0	0	0	0	2	3	0
2155	7 Mar 26	23:33:00	1	0	0	0	0	0	1	0	0	0	0	0	6	0	7	0	0	0	0	0	7	0	0	0	1	0	2	0	0	0	4	4	0	0	0	0	3	5	1
2156	7 Mar 26	23:34:00	1	0	0	0	0	0	1	0	0	0	0	0	8	0	5	0	0	0	0	0	9	0	0	0	3	0	1	0	3	0	1	6	0	0	1	0	11	2	1
2157	7 Mar 26	23:35:00	1	0	0	0	0	0	1	0	0	0	0	0	7	0	9	0	0	0	0	0	6	0	4	0	0	0	0	0	0	4	3	4	0	0	1	0	9	0	0
2158	7 Mar 26	23:36:00	1	0	0	0	0	0	1	0	0	0	0	0	4	0	7	0	0	0	0	0	7	0	5	0	1	0	0	0	0	5	2	6	0	0	5	2	3	0	0
2159	7 Mar 26	23:37:00	1	0	0	0	0	0	1	0	0	0	0	0	11	0	9	0	0	0	0	0	7	0	6	1	3	0	0	0	0	3	5	1	0	0	0	0	6	0	8
2160	7 Mar 26	23:38:00	1	0	0	0	0	0	1	0	0	0	0	0	5	0	9	0	0	0	0	0	6	0	0	1	2	0	0	0	0	3	6	5	0	0	2	0	2	0	1
2161	7 Mar 26	23:39:00	1	0	0	0	0	0	1	0	6	0	0	0	2	0	7	0	0	0	0	0	7	0	0	0	2	0	0	0	0	1	2	8	0	0	0	0	4	0	1
2162	7 Mar 26	23:40:00	1	0	0	0	0	0	1	0	8	0	0	0	6	0	5	0	0	0	0	0	9	0	3	0	5	0	1	0	0	0	1	3	0	0	2	0	5	0	1
2163	7 Mar 26	23:41:00	1	0	0	0	0	0	1	0	1	0	0	0	4	0	3	0	0	0	0	0	5	0	6	0	2	0	1	0	0	0	3	5	2	0	3	0	5	0	3
2164	7 Mar 26	23:42:00	1	0	0	0	0	0	1	0	5	0	0	0	4	0	6	0	0	0	0	0	3	0	5	0	5	0	1	0	0	0	2	2	2	7	0	0	2	0	2
2165	7 Mar 26	23:43:00	1	0	0	0	0	0	1	0	2	0	0	0	3	0	6	0	0	0	0	0	3	0	1	0	1	0	1	0	1	4	2	0	0	2	2	0	8	8	5
2166	7 Mar 26	23:44:00	1	0	0	0	0	0	1	0	0	0	0	0	9	0	6	0	0	0	0	0	1	0	1	7	1	0	0	0	3	0	0	0	0	2	7	0	2	5	2
2167	7 Mar 26	23:45:00	1	0	0	0	0	0	1	0	3	0	0	0	6	0	0	1	0	0	0	0	7	0	4	0	2	0	0	0	3	0	1	4	0	0	1	0	6	4	3
2168	7 Mar 26	23:46:00	1	0	0	0	0	0	1	0	4	0	0	0	10	0	5	3	0	0	0	0	4	0	3	0	2	0	0	0	2	0	0	6	0	0	3	0	3	4	3
2169	7 Mar 26	23:47:00	1	0	0	0	0	0	1	0	2	0	0	0	16	0	8	3	0	0	0	0	8	0	4	0	0	0	0	0	4	5	1	4	0	1	4	0	6	4	0
2170	7 Mar 26	23:48:00	1	0	0	0	0	0	1	4	2	0	0	0	7	0	5	0	0	0	0	0	5	0	0	0	0	0	0	0	0	3	1	2	3	4	0	0	9	10	8
2171	7 Mar 26	23:49:00	1	0	0	0	0	0	1	0	0	0	0	0	7	0	0	1	0	0	0	0	6	0	2	0	4	0	0	0	3	2	1	6	7	2	0	0	8	3	1
2172	7 Mar 26	23:50:00	1	0	0	0	0	0	1	0	2	0	0	0	5	0	0	2	0	0	0	0	3	0	2	0	2	0	3	0	1	2	1	1	0	3	0	0	5	0	4
2173	7 Mar 26	23:51:00	1	0	0	0	0	0	1	0	2	0	0	0	6	0	0	1	0	0	0	0	4	0	0	0	3	0	1	0	0	6	2	5	0	5	2	0	3	2	5
2174	7 Mar 26	23:52:00	1	0	0	0	0	0	1	0	0	0	0	0	8	0	0	0	0	0	0	0	7	0	3	0	0	0	1	0	0	3	1	4	0	2	3	0	3	1	6
2175	7 Mar 26	23:53:00	1	0	0	0	0	0	1	0	0	0	0	0	7	2	1	0	1	0	0	0	2	0	5	0	2	0	2	0	0	0	0	3	0	0	1	0	4	0	2
2176	7 Mar 26	23:54:00	1	0	0	0	0	0	1	0	0	0	0	0	6	7	7	0	0	0	0	0	7	0	5	0	0	0	1	0	0	3	3	2	0	5	0	0	7	0	5
2177	7 Mar 26	23:55:00	1	0	0	0	0	0	1	0	0	0	0	0	7	8	0	0	0	0	0	0	5	0	8	0	0	0	0	0	0	6	0	0	0	1	0	0	0	0	4
2178	7 Mar 26	23:56:00	1	0	0	0	0	0	1	0	0	0	0	0	3	2	0	0	0	0	0	0	7	0	6	0	0	0	0	0	0	1	3	1	0	0	0	0	0	0	3
2179	7 Mar 26	23:57:00	1	0	0	0	0	0	1	0	0	0	0	0	2	6	0	1	0	0	0	0	6	0	4	0	0	0	1	0	0	2	4	4	0	0	0	0	2	0	0
2180	7 Mar 26	23:58:00	1	0	0	0	0	0	1	0	0	0	0	0	5	0	0	8	0	0	0	0	10	0	5	2	0	0	2	9	0	10	2	5	0	0	0	0	5	7	0
2181	7 Mar 26	23:59:00	1	0	0	0	0	0	1	0	0	0	0	0	10	0	0	6	0	0	0	0	5	0	6	0	0	0	1	7	0	7	0	5	0	0	0	0	5	5	3
2182	8 Mar 26	00:00:00	1	0	0	0	0	0	1	0	0	0	0	0	9	4	0	6	0	0	0	0	1	0	6	0	0	0	0	6	0	2	2	1	0	0	0	0	4	6	1
2183	8 Mar 26	00:01:00	1	0	0	0	0	0	1	0	0	1	0	0	13	5	2	7	0	0	0	0	7	0	6	0	0	0	2	2	0	4	1	9	0	0	0	0	3	3	4
2184	8 Mar 26	00:02:00	1	0	0	0	0	0	1	0	0	1	0	0	5	1	1	1	2	0	0	0	10	0	2	0	0	0	3	3	0	0	2	2	0	0	1	0	4	7	2
2185	8 Mar 26	00:03:00	1	0	0	0	0	0	1	0	0	0	0	0	10	0	0	4	4	0	0	0	5	0	7	2	0	0	0	1	1	0	2	0	0	0	2	0	2	7	7
2186	8 Mar 26	00:04:00	1	0	0	0	0	0	1	0	0	0	0	0	7	0	0	0	1	0	0	0	4	0	6	0	0	0	0	1	1	0	0	0	0	0	4	0	3	13	2
2187	8 Mar 26	00:05:00	1	0	0	0	0	0	1	0	2	0	0	0	6	0	0	0	0	0	0	0	8	0	5	3	0	0	0	5	3	0	1	2	0	0	3	0	3	0	5
2188	8 Mar 26	00:06:00	1	0	0	0	0	0	1	0	0	0	0	0	5	0	0	0	0	0	0	0	7	0	5	2	0	0	0	2	2	0	1	2	0	0	0	0	15	4	0
2189	8 Mar 26	00:07:00	1	0	0	0	0	0	1	0	0	0	0	0	4	0	1	0	0	0	0	0	6	0	6	0	2	0	0	1	3	0	4	0	0	0	0	0	4	4	0
2190	8 Mar 26	00:08:00	1	0	0	0	0	0	1	0	0	0	0	0	6	0	0	0	0	0	0	0	4	0	4	0	2	0	7	0	4	0	6	5	0	0	0	0	4	11	0
2191	8 Mar 26	00:09:00	1	0	0	0	0	0	1	0	5	0	0	0	9	0	0	0	0	0	0	0	7	0	1	1	8	0	0	0	3	0	8	4	0	0	4	0	2	4	0
2192	8 Mar 26	00:10:00	1	0	0	0	0	0	1	0	7	0	0	0	8	0	1	0	0	0	0	0	7	0	0	0	5	0	0	0	1	0	2	6	0	0	7	0	4	7	0
2193	8 Mar 26	00:11:00	1	0	0	0	0	0	1	0	2	0	0	0	6	0	2	0	0	0	0	0	5	0	2	0	2	0	0	0	0	0	1	3	0	0	2	0	2	1	0
2194	8 Mar 26	00:12:00	1	0	0	0	0	0	1	0	0	0	0	0	3	0	0	3	0	0	0	0	6	0	1	0	5	0	0	0	0	0	2	6	1	0	1	0	7	3	0
2195	8 Mar 26	00:13:00	1	0	0	0	0	0	1	0	0	0	0	0	6	0	0	4	2	0	0	0	4	0	9	0	2	0	0	0	0	0	1	3	2	0	1	0	3	0	0
2196	8 Mar 26	00:14:00	1	0	0	0	0	0	1	0	0	0	0	0	6	0	0	3	2	0	0	0	5	0	2	4	0	0	0	2	2	0	0	4	2	4	2	0	0	2	0
2197	8 Mar 26	00:15:00	1	0	0	0	0	0	1	0	0	0	0	0	12	1	0	3	0	0	0	0	9	0	3	2	2	0	1	4	0	0	0	1	1	6	1	0	4	5	0
2198	8 Mar 26	00:16:00	1	0	0	0	0	0	1	0	0	0	0	0	0	0	0	4	0	0	0	0	9	4	6	0	1	0	2	3	0	0	0	0	2	1	8	0	7	12	0
2199	8 Mar 26	00:17:00	1	0	0	0	0	0	1	0	0	0	0	0	14	0	0	0	0	0	0	0	8	10	5	0	3	0	0	1	1	0	1	0	3	5	1	0	3	0	0
2200	8 Mar 26	00:18:00	1	0	0	0	0	0	1	0	0	0	0	0	9	0	0	8	0	0	0	0	5	2	7	0	5	0	0	0	0	0	3	6	7	5	3	0	2	0	0
2201	8 Mar 26	00:19:00	1	0	0	0	0	0	1	0	0	0	0	0	5	0	0	0	0	0	0	0	5	1	0	0	2	0	0	0	0	0	3	1	2	2	2	0	9	2	0
2202	8 Mar 26	00:20:00	1	0	0	0	0	0	1	0	0	0	0	0	8	0	0	0	0	0	0	0	8	2	6	0	1	0	2	0	0	0	2	1	1	8	5	0	5	6	0
2203	8 Mar 26	00:21:00	1	0	0	0	0	0	1	0	0	0	0	0	13	0	0	0	0	0	0	0	7	0	7	0	3	0	0	0	0	0	0	1	3	4	3	0	2	7	0
2204	8 Mar 26	00:22:00	1	0	0	0	0	0	1	0	0	0	0	0	8	0	0	0	0	0	0	0	5	0	9	0	0	0	0	0	0	0	2	6	0	0	1	0	3	3	0
2205	8 Mar 26	00:23:00	1	0	0	0	0	0	1	0	0	0	0	0	6	2	0	0	0	0	0	0	5	0	1	0	3	0	0	0	0	4	1	1	0	3	5	0	0	0	0
2206	8 Mar 26	00:24:00	1	0	0	0	0	0	1	0	0	0	0	0	6	0	0	0	0	0	0	0	7	0	6	0	3	0	0	0	0	0	5	0	0	1	1	0	1	1	0
2207	8 Mar 26	00:25:00	1	0	0	0	0	0	1	0	0	0	0	0	5	1	2	1	0	0	0	0	4	0	2	0	3	0	0	0	2	0	4	1	0	0	0	0	3	1	0
2208	8 Mar 26	00:26:00	1	0	0	0	0	0	1	0	0	0	0	0	15	3	0	26	1	0	0	0	7	0	6	0	0	0	0	2	0	3	5	3	0	1	3	0	5	0	0
2209	8 Mar 26	00:27:00	1	0	0	0	0	0	1	0	0	0	0	0	6	5	0	0	0	0	0	0	4	0	8	0	5	0	0	1	0	2	1	4	0	5	1	0	4	0	0
2210	8 Mar 26	00:28:00	1	0	0	0	0	0	1	0	0	0	0	0	10	5	0	0	0	0	0	0	3	0	1	0	0	0	0	6	0	6	3	0	0	1	0	0	2	5	0
2211	8 Mar 26	00:29:00	1	0	0	0	0	0	1	0	0	0	0	1	5	1	0	7	0	0	0	0	1	0	6	0	2	0	0	2	0	3	9	0	2	2	0	0	3	3	0
2212	8 Mar 26	00:30:00	1	0	0	0	0	0	1	0	0	0	0	0	5	0	0	9	1	0	0	0	9	0	5	0	4	0	0	2	0	0	1	0	0	0	1	0	4	1	0
2213	8 Mar 26	00:31:00	1	0	0	0	0	0	1	0	0	0	0	6	8	1	0	3	2	0	0	0	6	0	2	0	4	0	0	2	0	0	0	0	0	3	6	0	4	2	0
2214	8 Mar 26	00:32:00	1	0	0	0	0	0	1	0	0	0	0	0	13	0	0	5	1	0	0	0	9	0	7	3	0	0	0	0	0	0	1	0	0	0	3	0	9	0	0
2215	8 Mar 26	00:33:00	1	0	0	0	0	0	1	0	0	0	0	2	11	0	0	5	0	0	0	0	9	0	5	3	13	0	0	0	0	0	0	0	0	2	1	0	6	4	0
2216	8 Mar 26	00:34:00	1	0	0	0	0	0	1	0	0	0	0	4	11	0	0	0	0	0	0	0	5	0	5	16	1	0	0	0	0	0	2	0	0	4	5	0	0	5	4
2217	8 Mar 26	00:35:00	1	0	0	0	0	0	1	0	0	0	0	0	15	0	4	0	0	0	0	0	7	0	2	3	3	0	0	0	0	0	3	0	1	9	3	0	0	1	4
2218	8 Mar 26	00:36:00	1	0	0	0	0	0	1	0	0	0	0	1	11	0	0	0	0	0	0	0	7	0	6	0	2	0	0	0	0	6	0	0	3	1	4	0	0	0	3
2219	8 Mar 26	00:37:00	1	0	0	0	0	0	1	0	0	0	0	6	5	0	1	0	0	0	0	0	6	0	6	4	2	0	0	0	0	2	1	0	3	0	2	0	2	0	4
2220	8 Mar 26	00:38:00	1	0	0	0	0	0	1	0	1	0	0	4	3	0	0	0	0	0	0	0	8	0	5	1	2	0	0	2	0	3	1	0	7	0	4	0	4	0	1
2221	8 Mar 26	00:39:00	1	0	0	0	0	0	1	0	1	0	0	0	9	0	0	0	0	0	0	0	6	0	6	20	1	0	0	2	0	0	3	0	1	0	2	0	5	2	1
2222	8 Mar 26	00:40:00	1	0	0	0	0	0	1	0	0	0	0	0	6	0	0	0	0	0	0	0	0	0	2	0	3	0	0	3	0	0	0	0	1	0	3	0	11	2	1
2223	8 Mar 26	00:41:00	1	0	0	0	0	0	1	0	0	0	0	0	9	0	0	0	0	0	0	0	0	0	6	8	0	0	0	2	0	0	1	0	0	0	1	0	2	0	0
2224	8 Mar 26	00:42:00	1	0	0	0	0	0	1	0	4	0	0	0	8	0	0	0	0	0	0	0	0	0	8	9	3	0	0	2	0	3	1	0	0	0	0	0	3	1	0
2225	8 Mar 26	00:43:00	1	0	0	0	0	0	1	0	6	0	0	0	9	0	0	0	0	0	0	0	7	0	4	2	1	0	0	3	0	2	0	0	2	0	2	0	6	3	0
2226	8 Mar 26	00:44:00	1	0	0	0	0	0	1	0	3	0	0	0	12	0	0	0	0	0	0	0	6	0	6	0	1	0	0	4	0	0	0	0	0	0	7	0	4	2	0
2227	8 Mar 26	00:45:00	1	0	0	0	0	0	1	0	7	0	0	0	8	0	0	0	0	0	0	0	11	0	5	1	3	0	0	1	4	0	0	0	0	0	3	0	5	4	0
2228	8 Mar 26	00:46:00	1	0	0	0	0	0	1	0	3	0	0	0	6	0	0	0	0	0	0	0	5	0	2	0	5	0	0	0	1	2	0	0	0	0	4	0	9	2	0
2229	8 Mar 26	00:47:00	1	0	0	0	0	0	1	0	1	0	0	0	6	0	0	0	0	0	0	0	1	0	2	0	5	0	0	0	0	0	3	0	0	0	2	0	6	1	0
2230	8 Mar 26	00:48:00	1	0	0	0	0	0	1	0	0	0	0	0	9	0	0	0	0	0	0	0	4	0	4	0	0	0	0	0	1	0	2	0	0	0	7	0	2	0	0
2231	8 Mar 26	00:49:00	1	0	0	0	0	0	1	0	0	0	0	0	5	0	0	0	0	0	0	0	8	0	8	6	3	0	0	0	0	0	4	0	0	0	3	0	2	3	0
2232	8 Mar 26	00:50:00	1	0	0	0	0	0	1	0	0	0	0	0	8	0	0	0	0	0	0	0	3	0	4	1	4	0	0	0	0	0	3	0	0	0	5	0	2	9	0
2233	8 Mar 26	00:51:00	1	0	0	0	0	0	1	0	0	0	0	0	3	0	2	0	0	0	0	0	9	0	4	1	9	0	0	7	5	0	5	0	0	0	3	0	0	7	0
2234	8 Mar 26	00:52:00	1	0	0	0	0	0	1	0	3	0	0	0	2	0	0	0	0	0	0	0	6	0	6	1	1	0	0	4	1	0	1	0	0	0	7	0	3	2	0
2235	8 Mar 26	00:53:00	1	0	0	0	0	0	1	0	3	0	0	0	1	0	0	0	0	0	0	0	8	0	6	2	4	0	0	2	0	0	0	0	2	2	0	0	3	3	2
2236	8 Mar 26	00:54:00	1	0	0	0	0	0	1	0	8	0	0	0	4	0	0	0	0	0	0	0	6	0	5	7	2	0	0	3	4	0	0	0	3	4	5	0	0	0	2
2237	8 Mar 26	00:55:00	1	0	0	0	0	0	1	0	2	0	0	0	3	0	0	0	0	0	0	0	5	1	5	1	1	0	0	7	4	0	0	0	2	3	2	0	4	0	2
2238	8 Mar 26	00:56:00	1	0	0	0	0	0	1	0	2	0	0	0	5	0	0	0	0	0	0	0	6	1	4	1	3	0	0	5	0	0	0	0	2	0	2	0	4	0	2
2239	8 Mar 26	00:57:00	1	0	0	0	0	0	1	0	0	0	0	0	6	0	0	0	1	0	0	0	8	7	2	2	3	0	0	5	0	0	0	0	3	0	7	0	2	0	6
2240	8 Mar 26	00:58:00	1	0	0	0	0	0	1	0	0	0	0	0	6	0	0	0	0	0	0	0	6	4	6	0	4	0	0	2	0	0	0	0	0	1	3	0	4	0	1
2241	8 Mar 26	00:59:00	1	0	0	0	0	0	1	0	0	0	0	0	6	0	0	0	0	0	0	0	7	1	3	0	1	0	0	2	0	0	0	0	0	0	1	0	3	0	2
2242	8 Mar 26	01:00:00	1	0	0	0	0	0	1	1	0	0	0	0	6	0	0	0	1	0	0	0	8	1	3	0	2	0	0	6	0	0	0	0	1	0	5	0	3	0	6
2243	8 Mar 26	01:01:00	1	0	0	0	0	0	1	0	0	0	0	0	9	1	0	0	0	0	0	0	6	4	5	1	3	0	0	1	0	0	0	0	0	1	3	0	8	0	1
2244	8 Mar 26	01:02:00	1	0	0	0	0	0	1	0	0	0	0	0	7	5	0	0	0	0	0	0	5	2	3	0	3	0	1	3	0	0	0	0	5	1	1	0	5	0	4
2245	8 Mar 26	01:03:00	1	0	0	0	0	0	1	0	0	0	0	0	8	1	0	0	1	0	0	0	12	3	3	0	3	0	0	5	0	0	0	0	2	0	0	0	0	0	2
2246	8 Mar 26	01:04:00	1	0	0	0	0	0	1	0	0	0	0	0	7	3	0	0	0	0	0	0	7	4	3	0	4	0	2	7	0	3	0	0	2	4	0	0	7	0	4
2247	8 Mar 26	01:05:00	1	0	0	0	0	0	1	1	0	0	0	0	8	4	0	2	0	0	0	0	6	2	6	0	2	0	0	3	0	9	0	0	0	0	2	0	8	0	5
2248	8 Mar 26	01:06:00	1	0	0	0	0	0	1	0	0	0	0	0	6	0	0	0	0	0	0	0	5	1	11	0	3	0	1	3	0	0	0	0	0	0	4	0	0	0	3
2249	8 Mar 26	01:07:00	1	0	0	0	0	0	1	0	0	0	0	0	11	2	0	0	0	0	0	0	7	6	2	1	5	0	0	2	0	0	0	0	0	0	3	0	5	0	3
2250	8 Mar 26	01:08:00	1	0	0	0	0	0	1	0	0	0	0	1	12	1	0	0	1	0	0	0	7	0	3	0	2	0	0	6	0	0	0	0	0	1	0	0	3	0	2
2251	8 Mar 26	01:09:00	1	0	0	0	0	0	1	0	1	0	0	0	8	5	1	0	0	0	0	0	11	1	2	5	7	0	0	4	0	0	0	0	0	1	5	0	1	0	2
2252	8 Mar 26	01:10:00	1	0	0	0	0	0	1	1	2	0	0	0	2	3	1	3	4	0	0	0	8	2	2	7	3	0	0	0	3	4	0	0	0	0	6	0	0	0	6
2253	8 Mar 26	01:11:00	1	0	0	0	0	0	1	0	5	0	0	0	4	2	0	0	0	0	0	0	7	5	8	1	2	0	0	0	0	1	0	0	0	1	0	0	2	2	4
2254	8 Mar 26	01:12:00	1	0	0	0	0	0	1	0	3	0	0	0	4	4	0	0	0	0	0	0	12	0	3	0	0	0	0	0	0	3	0	0	0	2	0	0	0	1	2
2255	8 Mar 26	01:13:00	1	0	0	0	0	0	1	0	0	0	0	0	6	1	2	0	0	0	0	0	6	0	3	0	0	0	0	0	0	1	0	0	0	5	1	0	4	5	3
2256	8 Mar 26	01:14:00	1	0	0	0	0	0	1	0	0	0	0	0	5	3	1	0	1	0	0	0	5	0	3	0	0	0	0	0	0	0	0	0	0	5	3	0	9	6	3
2257	8 Mar 26	01:15:00	1	0	0	0	0	0	1	0	0	0	0	0	9	2	1	0	1	0	0	0	4	0	7	0	5	0	0	0	8	0	0	0	0	1	5	0	7	4	0
2258	8 Mar 26	01:16:00	1	0	0	0	0	0	1	0	4	0	0	0	1	0	0	0	0	0	0	0	3	0	4	0	2	0	0	0	2	0	0	0	0	1	8	0	7	2	1
2259	8 Mar 26	01:17:00	1	0	0	0	0	0	1	0	0	0	0	0	4	1	1	0	0	0	0	0	4	0	7	0	5	0	0	0	2	0	0	0	0	2	6	0	5	0	1
2260	8 Mar 26	01:18:00	1	0	0	0	0	0	1	0	1	0	0	0	3	4	1	8	0	0	0	0	7	0	5	1	5	0	0	0	1	0	0	0	0	4	4	0	5	0	0
2261	8 Mar 26	01:19:00	1	0	0	0	0	0	1	0	1	0	0	0	3	0	1	0	1	0	0	0	8	3	4	1	1	0	0	0	0	0	0	0	0	3	0	0	4	0	3
2262	8 Mar 26	01:20:00	1	0	0	0	0	0	1	0	0	0	0	0	6	0	4	0	0	0	0	0	7	0	5	0	2	0	0	0	0	0	0	0	0	0	3	0	3	0	2
2263	8 Mar 26	01:21:00	1	0	0	0	0	0	1	0	0	0	0	0	8	0	2	2	0	0	0	0	2	0	6	0	3	0	0	0	0	0	0	0	0	0	2	0	0	0	2
2264	8 Mar 26	01:22:00	1	0	0	0	0	0	1	0	0	0	0	0	6	2	2	1	0	0	0	0	2	1	3	0	3	0	0	0	0	0	0	2	0	0	6	0	2	2	2
2265	8 Mar 26	01:23:00	1	0	0	0	0	0	1	0	0	0	0	0	11	0	3	0	0	0	0	0	4	0	2	0	3	0	0	0	0	0	3	7	0	2	1	1	3	0	0
2266	8 Mar 26	01:24:00	1	0	0	0	0	0	1	0	0	0	0	0	12	0	6	0	0	0	0	0	4	0	2	0	2	0	0	0	0	0	2	6	0	0	6	0	2	2	6
2267	8 Mar 26	01:25:00	1	0	0	0	0	0	1	0	0	0	0	0	5	1	1	0	0	0	0	0	7	0	2	0	3	0	0	0	1	3	3	5	0	0	2	0	1	5	0
2268	8 Mar 26	01:26:00	1	0	0	0	0	0	1	0	0	0	0	8	0	2	0	0	0	0	0	0	10	0	4	0	4	0	2	0	2	0	6	5	0	0	5	0	6	5	0
2269	8 Mar 26	01:27:00	1	0	0	0	0	0	1	0	0	0	0	15	7	1	3	0	0	0	0	0	6	0	2	0	8	0	4	0	0	0	2	2	0	1	3	0	0	3	2
2270	8 Mar 26	01:28:00	1	0	0	0	0	0	1	0	0	0	0	23	12	0	3	0	0	0	0	0	7	0	3	0	2	0	0	0	2	0	1	3	0	0	6	0	0	11	1
2271	8 Mar 26	01:29:00	1	0	0	0	0	0	1	0	0	0	0	0	4	0	2	0	0	0	0	0	4	0	4	0	0	0	1	0	1	0	3	5	0	0	3	0	0	0	1
2272	8 Mar 26	01:30:00	1	0	0	0	0	0	1	0	0	0	0	0	7	0	5	0	0	0	0	0	6	0	4	0	6	0	3	0	0	0	2	6	0	3	0	0	0	1	3
2273	8 Mar 26	01:31:00	1	0	0	0	0	0	1	0	1	0	0	0	6	0	16	0	0	0	0	0	7	7	3	0	0	0	0	0	0	0	5	1	0	1	2	0	4	1	2
2274	8 Mar 26	01:32:00	1	0	0	0	0	0	1	0	3	0	0	0	5	0	10	0	0	0	0	0	6	3	8	0	0	0	0	0	0	0	2	6	0	0	0	0	1	0	1
2275	8 Mar 26	01:33:00	1	0	0	0	0	0	1	0	2	0	0	0	2	0	10	0	0	0	0	0	5	3	4	0	0	0	0	0	0	0	4	2	0	0	0	0	1	4	1
2276	8 Mar 26	01:34:00	1	0	0	0	0	0	1	0	7	0	0	0	6	0	9	0	0	0	0	0	9	3	3	0	0	0	0	0	0	0	0	6	0	0	0	0	3	0	8
2277	8 Mar 26	01:35:00	1	0	0	0	0	0	1	0	2	0	0	0	2	0	9	0	0	0	0	0	7	0	3	0	1	0	0	0	0	0	2	3	0	0	1	0	0	2	1
2278	8 Mar 26	01:36:00	1	0	0	0	0	0	1	0	4	0	0	0	5	0	7	0	0	0	0	0	3	0	4	1	1	0	0	0	0	2	7	3	0	0	4	0	2	1	1
2279	8 Mar 26	01:37:00	1	0	0	0	0	0	1	0	6	0	0	0	7	0	9	0	0	0	0	0	3	0	4	0	1	0	0	0	0	2	9	2	0	0	2	0	2	5	3
2280	8 Mar 26	01:38:00	1	0	0	0	0	0	1	0	6	0	0	0	9	0	7	0	0	0	0	0	7	0	2	1	2	0	0	0	0	0	0	2	0	0	2	0	5	0	8
2281	8 Mar 26	01:39:00	1	0	0	0	0	0	1	0	3	0	0	0	4	0	2	1	5	0	0	0	3	0	4	0	0	0	0	0	0	0	5	0	0	0	1	0	2	0	0
2282	8 Mar 26	01:40:00	1	0	0	0	0	0	1	0	7	0	0	0	4	0	0	2	1	0	0	0	7	0	0	0	4	0	0	0	0	0	1	5	0	0	0	0	0	5	5
2283	8 Mar 26	01:41:00	1	0	0	0	0	0	1	0	5	0	0	0	7	0	8	0	0	0	0	0	6	0	5	4	4	0	0	0	0	3	0	5	0	0	0	0	2	1	6
2284	8 Mar 26	01:42:00	1	0	0	0	0	0	1	0	6	0	0	0	3	0	5	0	0	0	0	0	2	0	4	0	1	0	0	0	0	3	1	4	0	0	1	0	3	2	4
2285	8 Mar 26	01:43:00	1	0	0	0	0	0	1	0	4	0	0	0	6	0	4	0	0	0	0	0	5	0	8	0	3	0	1	0	0	0	1	6	0	0	3	0	0	3	6
2286	8 Mar 26	01:44:00	1	0	0	0	0	0	1	0	1	0	0	0	6	0	6	0	1	0	0	0	8	0	2	0	1	0	0	0	0	7	3	4	0	0	2	0	0	1	4
2287	8 Mar 26	01:45:00	1	0	0	0	0	0	1	0	2	0	0	0	5	0	1	0	0	0	0	0	5	0	4	0	0	0	0	0	0	3	0	1	0	0	5	0	0	0	6
2288	8 Mar 26	01:46:00	1	0	0	0	0	0	1	0	6	0	0	0	8	0	0	0	0	0	0	0	5	0	3	0	1	0	0	0	0	4	2	2	0	0	4	0	0	3	0
2289	8 Mar 26	01:47:00	1	0	0	0	0	0	1	0	2	0	0	0	7	0	0	0	0	0	0	0	2	0	7	0	1	0	0	0	5	2	2	5	0	0	4	0	0	4	0
2290	8 Mar 26	01:48:00	1	0	0	0	0	0	1	0	1	0	0	0	11	0	0	0	3	0	0	0	3	0	2	0	4	2	0	0	0	0	8	2	0	0	0	0	0	0	0
2291	8 Mar 26	01:49:00	1	0	0	0	0	0	1	0	0	0	0	0	7	0	2	0	0	0	0	0	0	0	3	3	4	0	0	0	0	0	3	2	0	4	3	0	0	4	0
2292	8 Mar 26	01:50:00	1	0	0	0	0	0	1	0	0	0	0	0	7	0	0	0	0	0	0	0	5	0	6	15	0	0	0	0	2	0	4	6	0	6	5	0	0	2	1
2293	8 Mar 26	01:51:00	1	0	0	0	0	0	1	0	0	0	0	0	4	0	3	0	0	0	0	0	8	0	2	0	1	0	0	0	0	4	6	5	0	1	3	0	0	2	3
2294	8 Mar 26	01:52:00	1	0	0	0	0	0	1	0	0	0	0	0	2	0	0	0	0	0	0	0	6	0	7	1	2	0	0	0	2	1	2	3	0	6	0	0	1	6	5
2295	8 Mar 26	01:53:00	1	0	0	0	0	0	1	0	0	0	0	0	5	0	1	0	0	0	0	0	6	0	4	0	0	2	0	0	0	0	4	4	0	3	3	0	1	0	8
2296	8 Mar 26	01:54:00	1	0	0	0	0	0	1	0	0	0	0	0	5	0	0	0	0	0	0	0	7	0	1	0	0	1	0	0	0	0	0	0	0	1	4	0	0	4	3
2297	8 Mar 26	01:55:00	1	0	0	0	0	0	1	0	0	0	0	0	4	0	0	0	0	0	0	0	5	0	6	0	0	7	0	0	0	0	1	0	0	3	3	0	0	2	1
2298	8 Mar 26	01:56:00	1	0	0	0	0	0	1	0	0	0	0	0	8	3	0	0	0	0	0	0	6	0	4	7	0	4	0	0	0	3	0	0	0	2	8	0	0	0	2
2299	8 Mar 26	01:57:00	1	0	0	0	0	0	1	0	0	0	0	0	10	0	0	0	0	0	0	0	8	0	4	1	0	1	0	0	2	7	0	0	0	0	1	0	0	0	8
2300	8 Mar 26	01:58:00	1	0	0	0	0	0	1	0	0	0	0	0	8	4	0	0	0	0	0	0	2	0	5	1	0	4	0	0	3	0	0	0	0	4	1	0	0	0	2
2301	8 Mar 26	01:59:00	1	0	0	0	0	0	1	0	0	0	0	0	4	3	1	0	0	0	0	0	7	0	2	3	0	8	0	0	1	0	0	0	2	0	1	0	0	0	1
2302	8 Mar 26	03:00:00	1	0	0	0	0	0	1	0	0	0	0	0	3	0	1	0	0	0	0	0	6	0	3	0	0	1	0	0	0	0	2	6	2	0	2	0	0	0	0
2303	8 Mar 26	03:01:00	1	0	0	0	0	0	1	0	0	0	0	0	6	0	0	0	0	0	0	0	5	0	0	0	0	2	0	0	0	0	1	5	0	0	4	0	3	6	3
2304	8 Mar 26	03:02:00	1	0	0	0	0	0	1	0	0	0	0	0	3	0	1	0	0	0	0	0	7	0	0	0	0	2	0	0	0	0	5	6	0	2	2	0	6	4	2
2305	8 Mar 26	03:03:00	1	0	0	0	0	0	1	0	0	0	0	1	14	0	0	0	0	0	0	0	3	0	0	0	0	6	0	0	0	0	0	2	0	4	6	0	1	1	1
2306	8 Mar 26	03:04:00	1	0	0	0	0	0	1	0	0	0	0	0	15	0	0	0	0	0	0	0	3	0	0	0	0	2	0	0	1	6	0	3	1	6	4	0	1	0	9
2307	8 Mar 26	03:05:00	1	0	0	0	0	0	1	0	0	0	0	0	6	0	0	0	0	0	0	0	2	0	0	0	0	6	0	0	3	0	3	0	4	0	1	0	1	0	5
2308	8 Mar 26	03:06:00	1	0	0	0	0	0	1	0	0	0	0	1	6	0	0	0	0	0	0	0	7	0	0	0	0	4	0	0	0	3	1	0	1	0	3	0	1	0	4
2309	8 Mar 26	03:07:00	1	0	0	0	0	0	1	0	0	1	0	0	11	0	0	0	0	0	0	0	4	3	1	0	0	4	0	0	3	0	1	8	4	0	6	0	3	2	4
2310	8 Mar 26	03:08:00	1	0	0	0	0	0	1	0	0	0	0	0	6	0	2	0	0	0	0	0	2	0	0	0	0	6	0	0	0	0	0	7	0	0	3	0	0	3	3
2311	8 Mar 26	03:09:00	1	0	0	0	0	0	1	0	0	0	0	0	1	0	0	0	0	0	0	0	7	0	0	0	0	2	0	0	1	0	0	0	0	0	0	0	1	0	0
2312	8 Mar 26	03:10:00	1	0	0	0	0	0	1	0	0	1	0	0	8	0	0	0	0	0	0	0	2	0	0	0	0	0	0	0	0	0	3	3	0	0	1	0	1	3	0
2313	8 Mar 26	03:11:00	1	0	0	0	0	0	1	0	0	0	0	0	5	0	0	0	0	0	0	0	6	5	0	0	0	0	0	0	0	0	0	0	0	0	3	0	2	3	0
2314	8 Mar 26	03:12:00	1	0	0	0	0	0	1	0	0	0	0	0	6	0	0	0	0	0	0	0	7	4	0	0	0	0	0	0	0	0	0	0	0	0	2	0	0	2	0
2315	8 Mar 26	03:13:00	1	0	0	0	0	0	1	0	0	0	0	0	10	0	0	0	0	0	0	0	6	6	0	0	0	0	2	0	0	0	4	0	0	0	5	0	0	2	1
2316	8 Mar 26	03:14:00	1	0	0	0	0	0	1	0	0	0	0	0	9	0	0	0	0	0	0	0	9	4	0	0	0	0	0	0	0	0	1	0	5	0	3	0	0	14	1
2317	8 Mar 26	03:15:00	1	0	0	0	0	0	1	0	5	0	0	4	2	0	6	0	0	0	0	0	8	6	0	0	0	0	0	0	0	0	0	0	5	0	8	0	0	5	4
2318	8 Mar 26	03:16:00	1	0	0	0	0	0	1	0	0	0	0	0	7	2	1	0	0	0	0	2	5	2	0	0	0	0	0	0	0	0	0	0	1	0	3	0	0	0	0
2319	8 Mar 26	03:17:00	1	0	0	0	0	0	1	0	0	0	0	0	4	0	6	0	0	0	0	0	7	4	0	0	1	0	1	1	0	0	0	0	1	0	4	0	3	0	3
2320	8 Mar 26	03:18:00	1	0	0	0	0	0	1	0	0	0	0	0	7	0	1	0	0	0	0	7	10	5	0	0	1	0	0	1	0	0	0	0	4	0	7	0	0	0	2
2321	8 Mar 26	03:19:00	1	0	0	0	0	0	1	0	0	1	0	0	5	0	0	0	0	0	0	1	5	2	0	0	3	0	0	2	0	0	0	0	2	0	1	0	8	0	8
2322	8 Mar 26	03:20:00	1	0	0	0	0	0	1	0	0	0	0	0	5	0	0	0	0	0	0	0	6	4	0	0	3	0	0	2	0	0	0	0	4	0	3	0	0	0	6
2323	8 Mar 26	03:21:00	1	0	0	0	0	0	1	0	0	0	0	0	6	0	1	0	0	0	0	0	5	2	0	1	1	0	0	3	0	0	0	0	1	0	2	0	3	0	4
2324	8 Mar 26	03:22:00	1	0	0	0	0	0	1	0	0	0	0	0	8	0	3	0	0	0	0	0	6	5	0	1	4	0	0	1	0	0	0	0	0	0	2	0	0	0	1
2325	8 Mar 26	03:23:00	1	0	0	0	0	0	1	0	0	0	0	0	3	0	1	0	0	0	0	0	7	0	0	0	3	0	0	6	0	0	0	0	0	0	7	0	2	0	0
2326	8 Mar 26	03:24:00	1	0	0	0	0	0	1	0	0	0	0	0	6	0	8	0	0	0	0	0	11	0	0	0	3	0	0	0	0	0	0	0	0	0	4	0	0	0	0
2327	8 Mar 26	03:25:00	1	0	0	0	0	0	1	0	0	0	0	0	6	0	8	0	0	0	0	0	9	0	0	19	2	0	0	0	0	0	0	0	0	1	0	0	2	0	0
2328	8 Mar 26	03:26:00	1	0	0	0	0	0	1	0	0	0	0	0	5	0	8	0	0	0	0	0	4	0	0	0	0	0	0	3	0	0	0	0	0	3	0	0	4	0	0
2329	8 Mar 26	03:27:00	1	0	0	0	0	0	1	0	0	0	0	0	5	0	12	0	0	0	0	0	3	0	0	0	4	0	0	7	0	0	0	0	0	0	0	1	3	0	0
2330	8 Mar 26	03:28:00	1	0	0	0	0	0	1	0	0	0	0	0	3	0	10	1	0	0	0	0	7	0	0	0	4	0	0	5	0	0	0	0	0	0	0	0	1	0	0
2331	8 Mar 26	03:29:00	1	0	0	0	0	0	1	0	0	0	0	0	6	0	6	0	0	0	0	0	5	0	0	0	3	0	0	3	0	0	0	0	0	0	5	0	3	0	0
2332	8 Mar 26	03:30:00	1	0	0	0	0	0	1	0	0	0	0	0	5	0	5	0	0	0	0	0	6	0	0	0	3	0	0	1	0	0	0	0	0	0	5	0	5	0	0
2333	8 Mar 26	03:31:00	1	0	0	0	0	0	1	0	0	0	0	0	6	0	9	0	0	0	0	0	15	0	0	0	1	0	0	4	0	0	0	0	3	0	3	0	4	2	0
2334	8 Mar 26	03:32:00	1	0	0	0	0	0	1	0	0	0	0	0	0	0	6	0	2	0	0	0	6	0	0	0	0	0	0	2	0	0	0	0	0	0	5	3	2	0	0
2335	8 Mar 26	03:33:00	1	0	0	0	0	0	1	0	0	0	0	0	2	0	8	0	0	0	0	0	1	0	0	0	3	0	0	4	0	0	0	0	2	0	9	0	4	1	0
2336	8 Mar 26	03:34:00	1	0	0	0	0	0	1	2	0	0	0	0	4	0	6	1	0	0	0	0	0	0	0	0	1	0	0	2	0	0	0	0	0	0	5	0	4	8	0
2337	8 Mar 26	03:35:00	1	0	0	0	0	0	1	1	0	1	0	0	7	0	3	0	0	0	0	0	0	0	0	0	3	4	0	6	0	4	0	0	2	0	6	0	0	4	0
2338	8 Mar 26	03:36:00	1	0	0	0	0	0	1	0	0	0	0	0	8	0	9	0	0	0	0	0	0	0	0	0	5	0	0	1	0	6	0	0	1	0	0	0	0	0	0
2339	8 Mar 26	03:37:00	1	0	0	0	0	0	1	0	0	0	0	0	15	0	8	0	0	0	0	0	0	0	0	0	2	0	0	10	0	2	0	0	0	0	0	0	2	0	0
2340	8 Mar 26	03:38:00	1	0	0	0	0	0	1	0	0	0	0	0	5	0	7	0	0	0	0	0	0	0	0	0	4	0	0	13	0	0	0	0	5	0	0	0	3	0	0
2341	8 Mar 26	03:39:00	1	0	0	0	0	0	1	0	0	0	0	0	5	0	9	0	0	0	0	0	0	0	0	0	3	0	0	4	0	0	0	0	2	0	0	6	0	5	0
2342	8 Mar 26	03:40:00	1	0	0	0	0	0	1	0	0	0	0	0	6	0	10	0	0	0	0	0	0	0	0	2	7	0	0	2	0	0	0	0	2	2	0	7	0	0	0
2343	8 Mar 26	03:41:00	1	0	0	0	0	0	1	0	0	0	0	0	4	2	1	0	0	0	0	0	0	0	0	1	2	0	2	2	0	0	0	0	2	2	0	3	1	0	0
2344	8 Mar 26	03:42:00	1	0	0	0	0	0	1	0	0	0	0	0	7	0	3	0	0	0	0	0	0	0	0	4	3	0	2	3	0	0	0	0	2	1	0	2	6	0	0
2345	8 Mar 26	03:43:00	1	0	0	0	0	0	1	0	0	0	0	0	8	2	7	0	0	0	0	0	0	0	0	0	0	0	0	0	0	0	0	0	0	0	5	0	2	0	0
2346	8 Mar 26	03:44:00	1	0	0	0	0	0	1	0	0	0	0	0	1	4	9	0	0	0	0	0	0	0	0	0	3	0	0	3	0	0	0	0	0	1	3	0	2	0	0
2347	8 Mar 26	03:45:00	1	0	0	0	0	0	1	0	0	0	0	0	6	3	6	0	0	0	0	0	0	0	0	2	0	0	0	0	0	0	0	0	0	1	7	0	5	0	0
2348	8 Mar 26	03:46:00	1	0	0	0	0	0	1	0	0	0	0	0	8	0	6	0	0	0	0	0	0	0	0	0	0	0	0	0	0	0	0	0	0	3	5	0	6	3	0
2349	8 Mar 26	03:47:00	1	0	0	0	0	0	1	0	0	0	0	0	7	4	13	0	0	0	0	0	0	0	0	0	1	0	0	0	0	0	0	0	0	1	3	0	0	0	0
2350	8 Mar 26	03:48:00	1	0	0	0	0	0	1	0	0	0	0	0	5	4	5	0	0	0	0	0	0	0	0	2	5	0	0	0	0	0	0	0	3	4	1	0	2	4	0
2351	8 Mar 26	03:49:00	1	0	0	0	0	0	1	0	0	0	0	0	5	2	7	0	0	0	0	0	0	0	0	5	2	0	1	0	0	0	0	0	4	3	5	0	1	7	0
2352	8 Mar 26	03:50:00	1	0	0	0	0	0	1	0	0	0	0	0	8	1	9	0	0	0	0	0	0	0	0	0	1	0	0	0	0	0	0	0	5	0	0	0	2	5	0
2353	8 Mar 26	03:51:00	1	0	0	0	0	0	1	0	0	0	0	0	4	3	2	0	0	0	0	0	0	0	0	0	1	0	4	0	0	1	0	0	2	0	0	1	3	5	0
2354	8 Mar 26	03:52:00	1	0	0	0	0	0	1	0	0	0	0	0	7	3	9	0	0	0	0	0	0	0	0	2	1	0	0	0	0	6	0	0	2	0	7	0	0	0	0
2355	8 Mar 26	03:53:00	1	0	0	0	0	0	1	0	0	0	0	0	6	2	8	0	1	0	0	0	0	0	0	0	3	0	1	0	0	2	0	0	5	0	0	0	4	0	0
2356	8 Mar 26	03:54:00	1	0	0	0	0	0	1	0	0	0	0	0	7	1	4	0	28	0	0	0	0	0	1	0	2	0	2	0	0	0	0	0	1	0	7	0	3	2	0
2357	8 Mar 26	03:55:00	1	0	0	0	0	0	1	0	0	0	0	0	10	2	2	0	18	0	0	0	0	0	0	1	2	0	0	0	0	0	0	0	3	0	3	3	2	7	0
2358	8 Mar 26	03:56:00	1	0	0	0	0	0	1	0	0	0	0	0	7	2	8	0	0	0	0	0	0	0	0	0	0	0	2	0	1	0	0	0	0	6	2	3	2	1	0
2359	8 Mar 26	03:57:00	1	0	0	0	0	0	1	0	0	0	0	0	8	5	6	0	0	0	0	0	0	0	0	4	4	2	0	0	2	0	0	0	0	0	7	1	1	5	0
2360	8 Mar 26	03:58:00	1	0	0	0	0	0	1	0	0	0	0	0	5	0	8	0	0	0	0	0	0	0	2	2	1	0	0	0	5	0	0	0	2	0	2	1	2	6	0
2361	8 Mar 26	03:59:00	1	0	0	0	0	0	1	0	0	0	0	0	5	1	4	0	0	0	0	0	0	0	0	0	2	4	0	0	2	0	0	0	2	4	2	0	2	4	0
2362	8 Mar 26	04:00:00	1	0	0	0	0	0	1	0	4	0	0	0	6	2	9	0	0	0	0	0	0	0	0	0	3	4	0	3	0	0	0	0	0	0	5	0	5	3	0
2363	8 Mar 26	04:01:00	1	0	0	0	0	0	1	0	1	0	0	0	3	2	10	0	1	0	0	0	0	0	0	0	3	0	0	0	0	0	0	0	0	2	4	0	1	5	0
2364	8 Mar 26	04:02:00	1	0	0	0	0	0	1	0	7	0	0	0	8	3	7	0	0	0	0	0	0	0	0	0	3	0	0	0	1	0	0	0	0	0	6	0	1	0	0
2365	8 Mar 26	04:03:00	1	0	0	0	0	0	1	0	7	0	0	0	4	1	6	3	1	0	0	2	0	0	0	0	1	0	0	0	3	0	0	0	0	0	3	0	3	6	0
2366	8 Mar 26	04:04:00	1	0	0	0	0	0	1	0	0	0	0	0	7	2	5	0	0	0	0	0	0	0	0	1	0	1	0	0	0	0	0	0	0	0	0	0	5	0	0
2367	8 Mar 26	04:05:00	1	0	0	0	0	0	1	0	0	0	0	0	10	3	10	0	0	0	0	0	0	0	0	0	4	2	0	0	2	0	0	0	0	0	0	0	0	8	0
2368	8 Mar 26	04:06:00	1	0	0	0	0	0	1	0	5	0	0	0	7	2	8	3	0	0	0	5	0	0	0	0	0	0	0	0	1	0	3	0	0	0	1	0	0	4	0
2369	8 Mar 26	04:07:00	1	0	0	0	0	0	1	0	7	0	0	0	6	0	5	2	0	0	0	1	0	0	0	0	3	0	0	0	4	0	3	0	0	0	5	0	0	3	0
2370	8 Mar 26	04:08:00	1	0	0	0	0	0	1	0	3	0	0	0	7	0	4	3	0	0	0	0	0	0	0	0	4	0	1	0	3	0	0	0	0	0	3	0	0	2	0
2371	8 Mar 26	04:09:00	1	0	0	0	0	0	1	0	8	0	0	0	4	0	5	3	1	0	0	0	0	0	0	0	3	0	1	0	0	0	2	0	0	0	3	0	0	2	0
2372	8 Mar 26	04:10:00	1	0	0	0	0	0	1	0	3	0	0	0	4	0	0	1	0	0	0	0	0	0	0	0	2	0	2	3	1	0	0	0	0	0	4	0	0	1	2
2373	8 Mar 26	04:11:00	1	0	0	0	0	0	1	0	1	0	0	0	1	0	3	0	0	0	0	0	0	0	0	0	3	0	1	10	0	0	0	0	0	0	3	0	0	7	3
2374	8 Mar 26	04:12:00	1	0	0	0	0	0	1	0	3	0	0	0	1	0	6	3	0	0	0	0	0	0	0	5	6	9	1	4	2	0	0	0	0	1	3	0	0	0	4
2375	8 Mar 26	04:13:00	1	0	0	0	0	0	1	0	5	0	0	0	0	0	13	9	0	0	0	0	0	0	0	1	4	3	5	2	7	0	3	0	0	0	6	0	0	3	2
2376	8 Mar 26	04:14:00	1	0	0	0	0	0	1	0	2	0	0	0	7	0	8	2	0	0	0	0	0	0	0	0	2	0	1	4	2	0	2	0	0	0	5	0	0	5	8
2377	8 Mar 26	04:15:00	1	0	0	0	0	0	1	0	4	0	0	0	2	0	10	1	0	0	0	0	0	0	0	0	3	1	0	2	2	0	5	0	0	0	5	0	0	3	7
2378	8 Mar 26	04:16:00	1	0	0	0	0	0	1	0	0	0	0	0	5	0	8	0	2	0	0	0	0	0	0	0	1	3	0	2	1	0	0	0	0	0	4	0	0	2	5
2379	8 Mar 26	04:17:00	1	0	0	0	0	0	1	0	0	0	0	0	5	0	7	0	0	0	0	0	0	0	0	0	1	7	0	2	2	2	0	0	0	0	3	0	1	2	3
2380	8 Mar 26	04:18:00	1	0	0	0	0	0	1	0	0	0	0	0	5	0	8	2	3	0	0	0	0	0	0	0	1	0	0	2	0	0	0	0	0	0	4	0	0	9	2
2381	8 Mar 26	04:19:00	1	0	0	0	0	0	1	0	0	0	0	0	10	0	2	2	0	0	0	0	0	0	0	1	2	0	1	0	2	2	2	0	0	0	7	0	1	4	1
2382	8 Mar 26	04:20:00	1	0	0	0	0	0	1	0	0	0	0	0	8	0	0	3	0	0	0	0	0	0	0	0	3	0	0	3	5	4	6	0	0	0	5	0	0	4	0
2383	8 Mar 26	04:21:00	1	0	0	0	0	0	1	0	0	0	0	0	7	0	7	3	6	0	0	0	0	0	0	0	0	1	1	0	2	5	0	0	0	0	4	0	0	0	2
2384	8 Mar 26	04:22:00	1	0	0	0	0	0	1	0	0	0	0	0	4	0	7	4	1	0	0	0	0	0	1	0	1	3	0	1	0	2	0	0	0	0	4	0	7	2	2
2385	8 Mar 26	04:23:00	1	0	0	0	0	0	1	0	0	2	0	0	5	0	7	6	0	0	0	0	0	0	0	0	3	2	0	1	1	1	1	0	0	0	0	0	0	2	5
2386	8 Mar 26	04:24:00	1	0	0	0	0	0	1	0	0	7	0	0	8	0	6	5	0	0	0	0	0	0	0	0	6	3	0	1	2	0	1	0	0	5	0	0	0	0	1
2387	8 Mar 26	04:25:00	1	0	0	0	0	0	1	0	0	0	0	0	2	0	9	4	0	0	0	0	0	0	0	0	6	0	0	0	0	0	0	0	0	5	0	0	0	0	3
2388	8 Mar 26	04:26:00	1	0	0	0	0	0	1	0	0	0	0	0	4	0	6	5	0	0	0	0	0	0	4	0	1	4	0	0	0	0	0	0	0	2	6	0	0	4	3
2389	8 Mar 26	04:27:00	1	0	0	0	0	0	1	0	0	0	0	0	10	0	4	2	0	0	0	0	0	1	0	0	6	0	0	0	0	0	0	1	0	1	6	0	0	0	2
2390	8 Mar 26	04:28:00	1	0	0	0	0	0	1	0	0	0	0	0	2	0	2	6	0	0	0	0	0	3	0	3	2	0	0	0	3	0	0	2	0	3	8	0	0	0	1
2391	8 Mar 26	04:29:00	1	0	0	0	0	0	1	0	0	0	0	0	4	0	0	2	0	0	0	0	0	5	0	7	2	3	0	0	1	0	0	9	2	3	9	0	0	0	2
2392	8 Mar 26	04:30:00	1	0	0	0	0	0	1	0	0	0	0	0	9	0	0	7	0	0	0	0	0	4	0	0	4	8	0	0	1	0	0	1	7	2	4	0	0	0	1
2393	8 Mar 26	04:31:00	1	0	0	0	0	0	1	0	0	0	0	0	4	4	4	3	0	0	0	0	0	1	0	0	4	4	0	0	5	0	0	6	1	0	4	0	0	0	3
2394	8 Mar 26	04:32:00	1	0	0	0	0	0	1	0	0	0	0	4	6	3	10	0	0	0	0	0	0	3	0	0	4	0	0	1	6	0	0	0	1	4	3	0	0	1	0
2395	8 Mar 26	04:33:00	1	0	0	0	0	0	1	0	4	0	0	4	2	2	6	0	0	0	0	0	0	4	3	0	1	0	0	1	0	0	0	7	0	0	2	0	0	1	2
2396	8 Mar 26	04:34:00	1	0	0	0	0	0	1	4	6	0	0	4	6	4	8	0	0	0	0	0	0	4	0	0	0	0	0	1	0	0	0	5	0	1	5	0	0	1	7
2397	8 Mar 26	04:35:00	1	0	0	0	0	0	1	0	2	0	0	4	7	2	2	2	0	0	0	0	0	3	0	0	2	0	0	2	0	0	0	7	0	2	6	0	0	0	1
2398	8 Mar 26	04:36:00	1	0	0	0	0	0	1	0	8	0	0	6	6	3	4	0	0	0	0	0	0	6	0	0	3	0	1	1	0	2	0	5	2	2	4	0	1	6	3
2399	8 Mar 26	04:37:00	1	0	0	0	0	0	1	0	4	0	0	5	6	0	5	0	0	0	0	0	0	4	1	0	4	0	1	0	0	0	0	1	2	1	2	0	1	2	0
2400	8 Mar 26	04:38:00	1	0	0	0	0	0	1	0	1	0	0	0	8	0	6	0	0	0	0	0	0	0	9	0	0	0	2	0	0	0	0	4	2	1	0	0	0	5	3
2401	8 Mar 26	04:39:00	1	0	0	0	0	0	1	0	5	0	0	0	9	0	3	0	0	0	0	0	0	1	0	1	4	0	2	0	0	0	0	2	0	3	6	0	0	7	2
2402	8 Mar 26	04:40:00	1	0	0	0	0	0	1	0	4	0	0	0	2	4	0	0	0	0	0	0	0	1	0	1	3	0	1	0	0	0	0	4	0	1	6	0	0	0	2
2403	8 Mar 26	04:41:00	1	0	0	0	0	0	1	0	5	0	0	1	10	1	2	0	1	0	0	0	0	4	0	1	3	0	0	0	0	0	0	5	0	2	7	0	0	3	2
2404	8 Mar 26	04:42:00	1	0	0	0	0	0	1	0	3	0	0	3	7	4	1	0	0	0	0	0	0	3	0	2	4	0	1	0	0	0	0	5	0	2	8	0	0	13	1
2405	8 Mar 26	04:43:00	1	0	0	0	0	0	1	3	3	0	0	2	4	2	6	0	0	0	0	0	0	4	0	0	6	0	1	0	0	0	1	3	0	0	0	0	0	5	2
2406	8 Mar 26	04:44:00	1	0	0	0	0	0	1	0	0	0	0	3	1	3	4	0	0	0	0	0	0	6	0	0	0	0	0	0	0	0	0	4	1	0	0	0	0	5	5
2407	8 Mar 26	04:45:00	1	0	0	0	0	0	1	0	0	2	0	5	0	0	0	0	0	0	0	0	0	1	0	0	0	0	4	4	0	0	5	7	3	0	1	0	3	2	0
2408	8 Mar 26	04:46:00	1	0	0	0	0	0	1	0	0	1	0	3	5	0	0	3	3	0	0	0	0	4	0	0	1	0	0	2	0	0	8	3	6	0	0	0	30	3	3
2409	8 Mar 26	04:47:00	1	0	0	0	0	0	1	0	0	0	0	5	4	0	0	0	0	0	0	0	0	8	0	0	2	0	0	4	1	0	1	1	2	0	0	0	4	4	2
2410	8 Mar 26	04:48:00	1	0	0	0	0	0	1	0	0	0	0	3	2	0	0	0	0	0	0	0	0	4	0	0	4	0	0	1	1	0	3	0	0	0	0	0	0	2	0
2411	8 Mar 26	04:49:00	1	0	0	0	0	0	1	0	0	0	0	5	6	0	0	0	0	0	0	0	0	0	0	0	1	0	2	2	3	0	0	0	0	0	2	0	0	0	2
2412	8 Mar 26	04:50:00	1	0	0	0	0	0	1	5	0	0	0	1	3	0	0	0	0	0	0	0	0	2	0	0	1	0	1	0	0	0	6	2	3	0	5	0	1	4	4
2413	8 Mar 26	04:51:00	1	0	0	0	0	0	1	0	0	0	0	2	2	0	0	2	0	0	0	0	0	0	2	0	3	0	1	0	1	2	5	6	1	0	2	0	1	5	1
2414	8 Mar 26	04:52:00	1	0	0	0	0	0	1	0	0	0	0	3	2	0	0	7	0	0	0	0	0	3	1	0	5	0	0	0	1	0	4	3	2	0	0	0	1	2	0
2415	8 Mar 26	04:53:00	1	0	0	0	0	0	1	0	0	0	0	7	8	3	0	2	0	0	0	0	0	1	0	0	2	0	0	0	0	2	1	0	0	3	2	0	2	1	1
2416	8 Mar 26	04:54:00	1	0	0	0	0	0	1	0	0	0	0	0	7	3	0	6	0	0	0	0	0	3	0	0	0	0	0	0	3	5	2	0	2	3	1	0	0	2	4
2417	8 Mar 26	04:55:00	1	0	0	0	0	0	1	0	0	0	0	0	4	2	0	8	0	0	0	0	0	5	0	1	1	0	0	0	1	3	1	0	2	8	4	0	0	5	1
2418	8 Mar 26	04:56:00	1	0	0	0	0	0	1	0	0	0	0	0	3	3	0	0	0	0	0	0	0	6	0	0	6	0	0	0	0	0	2	6	2	3	0	0	0	3	3
2419	8 Mar 26	04:57:00	1	0	0	0	0	0	1	0	0	0	0	1	10	2	0	8	1	0	0	0	0	0	5	2	2	0	0	0	0	0	4	4	0	4	1	0	0	0	3
2420	8 Mar 26	04:58:00	1	0	0	0	0	0	1	0	0	0	0	0	4	0	0	3	1	0	0	0	0	1	0	0	2	0	0	2	1	0	6	3	1	3	2	0	0	0	4
2421	8 Mar 26	04:59:00	1	0	0	0	0	0	1	0	0	0	0	3	5	1	0	5	0	0	0	0	0	3	0	0	4	0	5	0	3	0	2	1	0	3	3	0	1	0	5
2422	8 Mar 26	05:00:00	1	0	0	0	0	0	1	0	0	0	0	1	8	2	0	6	2	0	0	0	0	0	0	0	1	0	0	0	0	0	1	4	0	2	2	1	4	3	4
2423	8 Mar 26	05:01:00	1	0	0	0	0	0	1	0	0	0	0	0	8	3	0	4	2	0	0	0	0	0	0	0	4	0	0	2	0	0	0	0	2	0	3	0	0	0	3
2424	8 Mar 26	05:02:00	1	0	0	0	0	0	1	0	7	0	0	2	6	0	0	2	1	0	0	0	0	0	1	0	2	0	2	1	4	0	6	4	2	1	2	0	0	10	1
2425	8 Mar 26	05:03:00	1	0	0	0	0	0	1	0	6	8	0	2	6	0	0	4	0	0	0	0	0	0	0	1	8	0	0	6	0	0	0	1	3	0	3	0	0	0	2
2426	8 Mar 26	05:04:00	1	0	0	0	0	0	1	0	2	0	0	2	2	0	0	1	0	0	0	0	0	0	0	0	2	0	0	1	2	0	0	0	4	0	4	0	0	3	0
2427	8 Mar 26	05:05:00	1	0	0	0	0	0	1	0	6	0	0	1	9	3	0	10	0	0	0	0	0	0	0	0	1	0	0	1	2	0	0	1	1	0	5	0	1	4	5
2428	8 Mar 26	05:06:00	1	0	0	0	0	0	1	0	3	1	0	1	7	4	0	3	0	0	0	0	0	0	0	0	0	0	0	3	0	2	0	5	3	0	2	5	3	4	0
2429	8 Mar 26	05:07:00	1	0	0	0	0	0	1	0	3	0	0	5	5	3	0	7	0	0	0	0	0	0	0	3	4	0	0	0	4	0	0	6	0	0	4	0	0	5	2
2430	8 Mar 26	05:08:00	1	0	0	0	0	0	1	0	0	0	0	3	1	5	0	1	0	0	0	0	0	0	0	0	1	0	0	0	0	0	1	1	1	0	5	0	4	2	3
2431	8 Mar 26	05:09:00	1	0	0	0	0	0	1	0	0	0	0	2	6	1	0	5	0	0	0	0	0	0	0	0	0	0	0	2	1	0	0	1	4	0	4	0	0	0	1
2432	8 Mar 26	05:10:00	1	0	0	0	0	0	1	0	0	0	0	0	4	9	0	6	0	0	0	0	0	0	1	0	0	0	1	3	0	0	3	1	0	0	7	0	2	0	4
2433	8 Mar 26	05:11:00	1	0	0	0	0	0	1	0	0	0	0	0	7	3	0	3	0	0	0	0	0	0	0	0	0	5	0	3	0	0	6	7	3	1	3	0	5	0	3
2434	8 Mar 26	05:12:00	1	0	0	0	0	0	1	0	0	0	0	0	9	1	0	4	0	0	0	0	0	0	0	0	0	0	1	4	1	0	0	9	0	2	2	1	0	0	2
2435	8 Mar 26	05:13:00	1	0	0	0	0	0	1	0	0	0	0	0	7	2	0	3	0	0	1	0	0	0	2	0	0	1	0	2	2	0	0	2	0	0	3	6	0	0	2
2436	8 Mar 26	05:14:00	1	0	0	0	0	0	1	0	0	0	0	0	6	0	0	4	0	0	0	2	0	0	0	0	0	11	0	1	1	0	2	2	0	1	0	1	2	0	5
2437	8 Mar 26	05:15:00	1	0	0	0	0	0	1	0	0	0	0	0	4	0	0	0	0	0	3	0	0	0	0	0	0	6	0	0	7	0	2	0	0	1	0	0	2	0	1
2438	8 Mar 26	05:16:00	1	0	0	0	0	0	1	0	0	0	0	0	2	1	0	0	0	0	0	0	0	0	0	3	0	1	0	3	7	0	2	4	0	3	2	3	7	0	4
2439	8 Mar 26	05:17:00	1	0	0	0	0	0	1	0	0	0	0	2	6	0	0	0	0	0	0	0	0	0	0	4	0	0	0	4	6	2	2	3	0	2	2	1	8	0	4
2440	8 Mar 26	05:18:00	1	0	0	0	0	0	1	0	1	0	0	0	10	2	0	0	1	0	0	0	0	0	0	3	1	0	0	1	0	0	1	0	0	7	5	6	0	0	0
2441	8 Mar 26	05:19:00	1	0	0	0	0	0	1	0	4	0	0	3	3	0	0	0	0	0	0	0	0	0	0	0	5	0	0	2	0	0	0	3	0	2	4	0	0	0	1
2442	8 Mar 26	05:20:00	1	0	0	0	0	0	1	0	0	0	0	7	0	4	0	0	0	0	0	0	0	0	0	0	0	0	0	2	1	0	0	3	0	0	0	0	0	0	1
2443	8 Mar 26	05:21:00	1	0	0	0	0	0	1	0	2	0	0	3	0	2	0	0	0	0	0	0	0	0	3	7	0	0	0	6	3	4	0	4	3	3	0	0	1	0	2
2444	8 Mar 26	05:22:00	1	0	0	0	0	0	1	0	10	0	0	4	0	7	0	0	0	0	0	0	0	0	0	15	7	0	0	0	1	1	0	3	4	1	2	0	6	0	4
2445	8 Mar 26	05:23:00	1	0	0	0	0	0	1	0	4	0	0	1	0	3	0	0	0	0	0	0	0	0	0	0	3	1	0	0	0	5	0	2	4	0	4	2	3	0	2
2446	8 Mar 26	05:24:00	1	0	0	0	0	0	1	0	3	0	0	6	5	2	0	0	0	0	0	0	0	0	1	0	0	1	0	1	0	4	4	3	2	0	2	3	0	0	0
2447	8 Mar 26	05:25:00	1	0	0	0	0	0	1	0	4	0	0	0	0	0	0	0	0	0	0	0	0	4	1	1	2	1	0	3	0	1	0	2	3	0	7	0	0	0	0
2448	8 Mar 26	05:26:00	1	0	0	0	0	0	1	0	7	2	0	1	0	0	0	0	0	0	0	0	0	7	1	0	1	0	0	2	2	6	0	3	2	2	8	0	6	2	0
2449	8 Mar 26	05:27:00	1	0	0	0	0	0	1	0	5	0	0	4	0	0	0	8	0	0	0	0	0	5	0	2	5	2	0	0	0	3	0	2	2	1	4	0	3	2	3
2450	8 Mar 26	05:28:00	1	0	0	0	0	0	1	0	1	2	0	4	2	0	0	3	2	0	0	0	0	3	0	5	0	2	2	3	0	4	0	2	3	0	7	0	1	0	1
2451	8 Mar 26	05:29:00	1	0	0	0	0	0	1	0	4	0	0	0	2	0	0	7	1	0	0	0	0	0	0	1	0	0	0	0	0	0	0	1	2	0	2	0	2	4	4
2452	8 Mar 26	05:30:00	1	0	0	0	0	0	1	0	0	0	0	0	2	0	0	8	1	0	0	0	0	0	0	0	0	0	1	2	0	0	0	3	1	0	1	0	9	0	4
2453	8 Mar 26	05:31:00	1	0	0	0	0	0	1	0	0	0	0	0	2	0	0	0	0	0	0	0	0	0	0	0	0	0	0	0	0	0	0	1	1	0	2	0	3	0	4
2454	8 Mar 26	05:32:00	1	0	0	0	0	0	1	0	3	2	0	0	0	0	0	0	0	0	0	0	0	0	0	0	0	0	2	0	0	0	0	5	2	1	3	0	0	0	4
2455	8 Mar 26	05:33:00	1	0	0	0	0	0	1	6	1	0	0	0	0	0	0	3	0	0	0	0	0	0	0	0	0	0	3	0	0	0	0	0	0	3	4	0	0	0	1
2456	8 Mar 26	05:34:00	1	0	0	0	0	0	1	1	3	0	0	0	4	0	0	0	0	0	0	0	0	8	0	0	0	0	0	0	0	0	0	0	0	4	6	0	1	0	2
2457	8 Mar 26	05:35:00	1	0	0	0	0	0	1	0	0	0	0	0	5	0	0	0	0	0	0	0	0	4	0	0	0	0	0	0	0	8	0	1	3	1	5	0	0	0	4
2458	8 Mar 26	05:36:00	1	0	0	0	0	0	1	0	3	0	0	0	6	0	0	0	0	0	0	0	0	8	0	2	0	2	2	0	0	2	0	2	1	5	3	0	7	0	2
2459	8 Mar 26	05:37:00	1	0	0	0	0	0	1	0	6	0	0	3	8	0	0	0	0	0	0	0	0	6	0	1	0	6	0	0	0	3	2	0	0	0	8	0	0	0	3
2460	8 Mar 26	05:38:00	1	0	0	0	0	0	1	3	4	0	2	3	10	2	1	0	0	0	0	0	0	5	2	0	0	1	0	0	0	10	2	0	1	0	6	0	1	0	1
2461	8 Mar 26	05:39:00	1	0	0	0	0	0	1	0	4	0	0	0	10	1	0	0	0	0	0	0	0	3	1	1	0	0	0	0	0	6	2	0	2	0	2	0	0	0	1
2462	8 Mar 26	05:40:00	1	0	0	0	0	0	1	0	1	0	1	6	7	0	0	0	0	0	0	0	0	3	0	0	0	2	0	0	0	0	1	1	4	2	2	0	5	0	2
2463	8 Mar 26	05:41:00	1	0	0	0	0	0	1	0	1	0	0	0	3	7	0	0	0	0	0	0	0	3	0	0	4	4	3	1	0	0	5	3	5	0	5	3	0	0	4
2464	8 Mar 26	05:42:00	1	0	0	0	0	0	1	0	5	0	0	0	5	0	0	0	0	0	0	0	0	6	0	0	4	2	1	2	0	0	6	2	2	2	1	1	1	0	2
2465	8 Mar 26	05:43:00	1	0	0	0	0	0	1	0	5	0	0	0	7	2	0	0	0	0	0	0	0	3	0	0	2	0	0	1	1	0	0	3	4	6	2	1	12	0	2
2466	8 Mar 26	05:44:00	1	0	0	0	0	0	1	0	3	0	0	0	6	1	1	0	0	0	0	0	0	2	0	1	3	6	2	0	0	0	4	4	1	2	3	1	6	0	1
2467	8 Mar 26	05:45:00	1	0	0	0	0	0	1	0	3	0	0	0	9	0	0	0	0	0	0	0	3	0	0	9	1	1	3	0	1	0	9	6	0	0	3	1	2	0	2
2468	8 Mar 26	05:46:00	1	0	0	0	0	0	1	2	0	0	0	8	10	0	2	0	0	0	0	0	0	3	0	0	0	2	1	0	0	0	5	2	3	0	6	0	3	0	2
2469	8 Mar 26	05:47:00	1	0	0	0	0	0	1	0	0	0	0	0	5	0	0	0	0	0	0	0	0	4	1	0	0	1	2	0	0	4	1	8	7	0	8	0	2	0	7
2470	8 Mar 26	05:48:00	1	0	0	0	0	0	1	0	5	2	0	3	1	0	0	0	0	0	0	0	0	1	1	0	7	3	1	3	1	1	1	8	2	0	6	3	6	0	7
2471	8 Mar 26	05:49:00	1	0	0	0	0	0	1	0	2	0	0	4	0	0	0	0	0	0	0	0	0	4	1	0	5	2	0	1	5	0	7	4	0	0	4	2	9	0	3
2472	8 Mar 26	05:50:00	1	0	0	0	0	0	1	0	6	0	0	1	8	0	0	1	0	0	0	0	0	1	2	0	7	2	2	2	0	0	5	2	4	0	5	2	0	0	5
2473	8 Mar 26	05:51:00	1	0	0	0	0	0	1	2	3	0	0	3	8	0	0	2	0	0	0	0	0	1	0	0	0	0	1	0	2	0	2	0	2	0	4	0	0	0	3
2474	8 Mar 26	05:52:00	1	0	0	0	0	0	1	3	0	0	0	1	7	0	0	0	0	0	0	0	0	4	0	0	1	0	0	4	1	0	3	0	6	0	2	1	4	0	3
2475	8 Mar 26	05:53:00	1	0	0	0	0	0	1	0	0	0	1	1	5	0	3	3	0	0	0	0	0	0	0	0	1	0	0	2	0	0	8	0	4	0	0	5	3	0	7
2476	8 Mar 26	05:54:00	1	0	0	0	0	0	1	0	0	0	1	0	7	0	0	9	0	0	0	0	0	5	1	0	4	2	0	4	0	0	10	0	4	0	1	2	2	0	2
2477	8 Mar 26	05:55:00	1	0	0	0	0	0	1	1	0	0	0	0	7	0	4	4	0	0	0	0	0	3	1	0	4	0	6	1	0	0	4	0	2	0	2	2	8	0	1
2478	8 Mar 26	05:56:00	1	0	0	0	0	0	1	2	0	0	0	0	7	0	6	7	0	0	0	0	0	6	0	0	3	4	0	4	0	0	4	0	0	0	3	3	1	0	6
2479	8 Mar 26	05:57:00	1	0	0	0	0	0	1	0	0	1	0	0	4	0	8	1	0	0	0	0	0	5	7	0	0	0	2	1	2	0	13	0	2	0	3	2	7	0	1
2480	8 Mar 26	05:58:00	1	0	0	0	0	0	1	0	0	0	2	0	10	0	8	1	0	0	0	0	0	1	7	0	1	0	0	5	1	0	4	0	1	0	3	3	7	0	0
2481	8 Mar 26	05:59:00	1	0	0	0	0	0	1	0	0	1	1	0	2	0	8	1	1	0	0	0	0	2	0	0	4	5	0	12	3	5	1	0	0	0	1	0	6	0	0
2482	8 Mar 26	06:00:00	1	0	0	0	0	0	1	0	0	0	0	0	2	0	6	3	0	0	0	6	0	1	2	0	3	1	0	4	6	11	2	0	2	1	1	0	13	0	0
2483	8 Mar 26	06:01:00	1	0	0	0	0	0	1	1	0	0	1	0	2	0	5	1	0	0	0	0	0	4	0	0	0	0	1	2	1	1	2	0	2	0	3	0	0	0	0
2484	8 Mar 26	06:02:00	1	0	0	0	0	0	1	0	0	0	0	0	3	0	6	1	1	0	0	0	0	3	7	0	1	6	2	3	0	0	1	0	0	1	0	0	1	0	0
2485	8 Mar 26	06:03:00	1	0	0	0	0	0	1	0	0	0	0	2	8	1	6	3	0	0	0	0	0	2	2	2	2	4	2	3	0	3	0	0	2	4	1	0	3	0	2
2486	8 Mar 26	06:04:00	1	0	0	0	0	0	1	0	0	4	3	1	6	5	9	0	0	0	0	0	0	2	8	2	0	0	1	2	0	5	1	0	1	3	4	0	7	0	9
2487	8 Mar 26	06:05:00	1	0	0	0	0	0	1	0	0	0	3	6	5	4	9	4	0	0	0	0	0	2	3	15	5	0	1	2	0	0	2	0	1	2	7	0	4	0	4
2488	8 Mar 26	06:06:00	1	0	0	0	0	0	1	0	0	0	1	1	0	2	5	0	0	0	0	0	0	5	4	0	0	0	0	6	0	0	2	0	0	1	5	0	7	0	5
2489	8 Mar 26	06:07:00	1	0	0	0	0	0	1	0	0	0	0	0	4	1	9	0	1	0	0	0	0	0	5	0	4	0	0	5	0	0	8	0	0	3	9	0	4	0	1
2490	8 Mar 26	06:08:00	1	0	0	0	0	0	1	0	0	0	0	3	5	2	6	4	0	0	0	0	6	1	11	0	3	0	0	3	0	0	5	0	0	4	11	0	4	8	4
2491	8 Mar 26	06:09:00	1	0	0	0	0	0	1	0	0	0	0	4	6	1	10	11	0	0	0	0	2	2	8	0	3	2	0	5	0	0	1	0	0	3	1	0	6	2	0
2492	8 Mar 26	06:10:00	1	0	0	0	0	0	1	0	0	2	0	3	5	2	5	1	0	0	0	0	9	2	4	8	2	2	4	1	0	0	0	0	0	4	0	0	8	1	0
2493	8 Mar 26	06:11:00	1	0	0	0	0	0	1	0	2	0	0	0	2	4	7	3	0	0	0	0	7	3	3	4	1	1	2	4	0	3	1	0	0	0	0	0	2	3	5
2494	8 Mar 26	06:12:00	1	0	0	0	0	0	1	0	5	0	0	0	4	1	5	0	0	0	0	0	5	4	6	2	8	1	0	2	0	0	1	0	0	8	0	0	1	0	3
2495	8 Mar 26	06:13:00	1	0	0	0	0	0	1	0	2	0	0	0	7	5	6	8	0	0	0	0	11	3	6	0	0	1	2	1	0	2	1	0	0	1	0	5	2	4	2
2496	8 Mar 26	06:14:00	1	0	0	0	0	0	1	0	3	0	1	3	5	2	5	0	0	0	0	0	4	3	10	0	1	2	3	1	0	1	1	0	0	3	0	6	2	9	1
2497	8 Mar 26	06:15:00	1	0	0	0	0	0	1	0	1	0	1	2	5	3	2	0	0	0	0	0	8	4	4	1	2	1	1	0	0	2	0	0	2	4	4	0	12	7	2
2498	8 Mar 26	06:16:00	1	0	0	0	0	0	1	0	5	0	9	0	4	1	12	0	0	0	0	0	13	4	5	2	5	7	4	1	0	0	0	0	2	0	4	4	2	2	2
2499	8 Mar 26	06:17:00	1	0	0	0	0	0	1	0	1	0	0	3	12	6	7	0	0	0	0	0	10	1	5	0	0	0	2	0	0	0	0	0	0	0	4	0	0	3	4
2500	8 Mar 26	06:18:00	1	0	0	0	0	0	1	0	0	0	0	1	5	4	4	0	0	0	0	0	4	8	3	0	4	2	0	6	5	1	0	0	0	3	6	0	1	5	1
2501	8 Mar 26	06:19:00	1	0	0	0	0	0	1	0	2	0	1	1	2	3	9	0	0	0	0	0	6	0	9	0	2	5	0	0	0	3	0	0	3	9	12	0	6	0	2
2502	8 Mar 26	06:20:00	1	0	0	0	0	0	1	0	2	0	0	3	5	2	12	0	0	0	0	1	9	0	4	1	0	0	0	2	0	10	0	0	1	2	4	0	3	1	3
2503	8 Mar 26	06:21:00	1	0	0	0	0	0	1	0	4	0	1	1	5	0	5	0	0	0	2	0	7	1	8	5	0	0	1	2	0	0	0	0	2	4	3	0	9	0	4
2504	8 Mar 26	06:22:00	1	0	0	0	0	0	1	1	3	0	0	3	4	1	8	0	0	0	0	1	14	1	4	0	0	0	1	0	0	4	0	0	3	3	3	0	7	1	2
2505	8 Mar 26	06:23:00	1	0	0	0	0	0	1	3	6	0	0	3	5	1	7	0	0	0	0	0	6	4	9	0	1	0	1	3	2	2	0	0	1	10	3	0	2	2	6
2506	8 Mar 26	06:24:00	1	0	0	0	0	0	1	0	1	0	1	2	7	0	8	0	0	0	2	0	7	1	13	0	2	0	0	2	4	5	0	0	4	1	4	1	0	1	5
2507	8 Mar 26	06:25:00	1	0	0	0	0	0	1	0	2	3	2	0	5	0	7	0	0	0	1	0	10	6	5	0	0	0	0	4	0	3	0	0	2	6	9	1	2	0	1
2508	8 Mar 26	06:26:00	1	0	0	0	0	0	1	0	5	0	4	1	4	2	4	0	0	0	0	0	12	6	10	9	5	0	0	4	4	1	0	0	1	2	2	1	6	0	2
2509	8 Mar 26	06:27:00	1	0	0	0	0	0	1	3	2	0	0	0	13	0	3	9	0	0	0	0	4	4	5	0	3	0	0	1	2	0	0	0	0	2	0	0	11	0	3
2510	8 Mar 26	06:28:00	1	0	0	0	0	0	1	5	3	0	0	0	7	0	7	5	0	0	0	0	4	2	5	0	3	0	2	1	1	0	3	0	0	3	6	1	3	3	4
2511	8 Mar 26	06:29:00	1	0	0	0	0	0	1	4	5	0	0	0	5	3	5	2	0	0	0	0	8	4	3	3	3	0	0	0	0	0	5	0	0	5	6	0	3	4	5
2512	8 Mar 26	06:30:00	1	0	0	0	0	0	1	0	1	5	0	0	7	1	5	5	0	0	0	0	3	4	4	0	2	0	2	0	0	0	1	0	0	1	3	0	0	5	3
2513	8 Mar 26	06:31:00	1	0	0	0	0	0	1	0	3	1	0	2	6	2	10	4	0	0	0	0	8	3	4	0	5	0	0	0	0	0	2	0	0	2	4	0	1	5	1
2514	8 Mar 26	06:32:00	1	0	0	0	0	0	1	0	0	3	0	0	4	4	5	6	0	0	0	0	9	4	6	0	2	0	4	0	0	0	3	0	0	7	8	0	8	3	2
2515	8 Mar 26	06:33:00	1	0	0	0	0	0	1	0	2	2	0	1	3	0	2	0	0	0	0	0	7	3	3	0	0	3	2	0	0	0	3	0	0	1	2	0	14	3	1
2516	8 Mar 26	06:34:00	1	0	0	0	0	0	1	0	4	0	2	0	5	0	6	0	0	0	0	0	6	0	4	0	0	1	2	0	0	0	3	0	0	5	7	0	7	8	2
2517	8 Mar 26	06:35:00	1	0	0	0	0	0	1	0	7	0	1	0	5	0	1	1	0	0	0	0	12	3	4	0	0	2	1	0	0	0	0	0	0	1	5	0	2	0	0
2518	8 Mar 26	06:36:00	1	0	0	0	0	0	1	0	3	0	0	2	6	0	0	0	0	0	0	0	4	4	5	0	0	3	1	1	0	5	0	0	0	2	2	4	1	0	7
2519	8 Mar 26	06:37:00	1	0	0	0	0	0	1	0	6	0	0	1	8	0	4	0	0	0	0	0	6	5	4	0	0	1	2	3	0	1	0	0	0	0	0	8	7	0	7
2520	8 Mar 26	06:38:00	1	0	0	0	0	0	1	0	2	4	0	2	3	0	8	0	0	0	0	0	5	4	5	0	0	2	1	3	0	0	0	0	0	0	4	2	8	1	4
2521	8 Mar 26	06:39:00	1	0	0	0	0	0	1	0	6	0	2	0	8	0	4	0	0	0	0	0	7	3	3	0	0	0	1	2	0	0	0	0	4	2	2	2	3	2	1
2522	8 Mar 26	06:40:00	1	0	0	0	0	0	1	0	4	0	2	4	10	2	9	0	0	0	0	0	4	0	4	0	0	0	0	3	0	0	0	0	4	2	5	1	0	2	1
2523	8 Mar 26	06:41:00	1	0	0	0	0	0	1	0	3	0	2	0	8	3	1	0	0	0	0	0	3	3	9	0	5	12	1	3	0	0	7	2	1	6	5	0	8	2	3
2524	8 Mar 26	06:42:00	1	0	0	0	0	0	1	0	0	0	1	9	5	2	5	0	0	0	0	0	9	5	5	0	10	3	0	1	0	2	6	9	2	1	3	1	5	4	3
2525	8 Mar 26	06:43:00	1	0	0	0	0	0	1	0	2	0	0	0	0	4	8	0	0	0	0	0	9	8	2	0	2	3	1	2	0	1	4	6	0	5	4	2	7	5	4
2526	8 Mar 26	06:44:00	1	0	0	0	0	0	1	0	2	0	0	0	1	5	7	0	0	0	0	0	8	16	7	2	3	0	0	2	0	0	6	4	0	4	2	11	11	3	3
2527	8 Mar 26	06:45:00	1	0	0	0	0	0	1	0	3	0	0	0	1	0	6	0	0	0	0	0	6	5	4	0	5	2	0	2	0	0	2	2	1	2	7	3	7	5	2
2528	8 Mar 26	06:46:00	1	0	0	0	0	0	1	0	0	0	0	0	5	2	6	1	0	0	0	0	8	3	6	0	2	1	0	4	0	4	4	3	0	2	5	1	12	0	2
2529	8 Mar 26	06:47:00	1	0	0	0	0	0	1	0	0	0	0	0	6	1	8	2	0	0	0	0	2	4	3	0	2	2	0	1	0	6	0	5	3	3	8	2	13	5	8
2530	8 Mar 26	06:48:00	1	0	0	0	0	0	1	0	4	0	0	0	9	3	3	2	2	0	0	0	6	2	2	0	2	4	0	3	0	3	1	4	1	7	4	1	9	3	1
2531	8 Mar 26	06:49:00	1	0	0	0	0	0	1	0	1	0	1	2	8	1	0	4	0	0	0	0	4	3	3	0	1	2	0	1	0	1	0	3	5	0	2	1	6	6	4
2532	8 Mar 26	06:50:00	1	0	0	0	0	0	1	0	0	0	1	1	6	0	5	0	1	0	0	0	5	2	6	1	2	3	1	0	0	2	0	4	3	1	3	1	4	2	3
2533	8 Mar 26	06:51:00	1	0	0	0	0	0	1	0	2	0	0	3	3	4	9	3	0	0	4	0	7	1	2	1	3	0	1	0	0	0	0	2	4	0	1	3	7	3	2
2534	8 Mar 26	06:52:00	1	0	0	0	0	0	1	0	4	0	0	0	0	4	9	3	0	0	0	0	4	6	5	1	3	0	2	0	0	0	4	5	1	0	4	3	1	7	2
2535	8 Mar 26	06:53:00	1	0	0	0	0	0	1	0	0	0	2	0	5	3	10	6	0	0	0	0	10	4	7	0	4	0	0	0	0	0	1	7	3	0	5	0	3	6	4
2536	8 Mar 26	06:54:00	1	0	0	0	0	0	1	0	0	0	3	0	7	1	8	0	0	0	0	0	7	8	4	0	3	2	0	0	0	0	2	4	3	0	3	0	4	6	3
2537	8 Mar 26	06:55:00	1	0	0	0	0	0	1	0	2	0	2	3	9	2	6	7	0	0	0	0	4	5	6	0	3	3	0	0	0	0	2	1	1	0	6	0	4	3	3
2538	8 Mar 26	06:56:00	1	0	0	0	0	0	1	0	3	0	0	2	7	0	9	1	0	0	0	0	1	8	2	0	1	0	0	0	0	0	1	0	2	0	2	0	3	0	2
2539	8 Mar 26	06:57:00	1	0	0	0	0	0	1	4	4	0	0	1	7	0	4	0	0	0	0	0	3	2	2	0	0	4	0	2	0	1	6	4	3	0	1	0	5	2	2
2540	8 Mar 26	06:58:00	1	0	0	0	0	0	1	0	3	0	0	2	3	3	0	0	0	0	0	0	3	5	4	0	0	0	2	3	0	4	7	0	3	0	4	0	1	0	4
2541	8 Mar 26	06:59:00	1	0	0	0	0	0	1	0	1	0	0	3	10	0	2	1	0	0	0	0	2	4	3	0	4	0	1	0	0	0	0	2	3	0	3	0	4	1	2
2542	8 Mar 26	07:00:00	1	0	0	0	0	0	1	0	4	0	1	0	7	3	6	2	0	0	0	0	8	4	1	6	0	0	1	4	0	0	0	0	1	6	5	0	2	6	3
2543	8 Mar 26	07:01:00	1	0	0	0	0	0	1	0	3	0	2	0	6	1	4	3	0	0	0	0	8	5	6	0	0	3	1	6	0	0	0	0	0	2	2	0	3	2	3
2544	8 Mar 26	07:02:00	1	0	0	0	0	0	1	0	2	0	1	0	1	3	2	0	0	0	0	0	7	4	4	0	2	0	0	4	0	0	2	0	0	2	2	0	9	0	2
2545	8 Mar 26	07:03:00	1	0	0	0	0	0	1	4	3	0	3	0	6	2	9	0	0	0	0	0	5	1	3	0	1	0	0	2	0	0	0	0	0	0	8	0	7	0	1
2546	8 Mar 26	07:04:00	1	0	0	0	0	0	1	0	2	0	6	0	12	1	9	0	0	0	0	0	6	2	4	0	2	5	6	1	0	0	3	0	0	1	5	0	12	2	7
2547	8 Mar 26	07:05:00	1	0	0	0	0	0	1	0	2	0	0	0	8	0	8	0	0	0	0	0	7	5	6	1	1	1	1	1	0	0	2	0	2	1	4	0	9	3	0
2548	8 Mar 26	07:06:00	1	0	0	0	0	0	1	2	3	0	0	0	9	0	2	0	0	0	0	0	6	3	3	0	5	0	0	2	0	0	0	0	1	2	5	0	16	0	0
2549	8 Mar 26	07:07:00	1	0	0	0	0	0	1	0	3	0	0	0	10	0	2	13	0	0	0	0	4	4	16	0	1	0	0	4	0	0	0	0	0	4	1	0	6	0	0
2550	8 Mar 26	07:08:00	1	0	0	0	0	0	1	0	5	0	0	0	4	1	7	1	0	0	0	0	6	0	20	0	2	5	0	0	0	0	7	0	0	3	6	0	12	0	0
2551	8 Mar 26	07:09:00	1	0	0	0	0	0	1	0	2	0	0	3	4	3	11	5	0	0	0	0	5	0	9	0	0	2	0	0	0	2	3	0	0	3	3	0	6	0	4
2552	8 Mar 26	07:10:00	1	0	0	0	0	0	1	0	2	2	0	0	7	0	5	2	0	0	0	0	7	1	10	0	3	3	0	0	0	6	3	0	0	2	2	0	13	0	2
2553	8 Mar 26	07:11:00	1	0	0	0	0	0	1	0	4	0	0	0	4	0	4	7	0	0	0	0	9	3	9	0	2	0	1	0	0	0	1	0	0	2	3	0	13	0	4
2554	8 Mar 26	07:12:00	1	0	0	0	0	0	1	1	3	1	0	1	7	0	7	7	0	0	0	0	9	9	4	0	0	0	1	0	0	0	1	0	0	0	2	0	12	0	6
2555	8 Mar 26	07:13:00	1	0	0	0	0	0	1	2	3	0	0	0	4	0	5	3	0	11	2	0	5	0	7	3	0	4	1	0	0	0	0	1	0	1	3	0	8	0	4
2556	8 Mar 26	07:14:00	1	0	0	0	0	0	1	0	5	1	0	2	2	0	6	2	0	2	0	0	3	6	4	15	0	0	1	0	0	0	0	2	1	4	3	0	8	0	0
2557	8 Mar 26	07:15:00	1	0	0	0	0	0	1	0	1	1	0	1	4	0	5	8	0	3	0	0	2	5	2	5	0	0	0	0	0	5	2	6	0	5	3	0	4	0	5
2558	8 Mar 26	07:16:00	1	0	0	0	0	0	1	0	0	0	0	1	8	0	4	2	0	0	0	0	4	5	7	0	1	0	0	0	0	0	4	4	2	4	5	0	5	1	5
2559	8 Mar 26	07:17:00	1	0	0	0	0	0	1	0	0	0	0	1	3	0	0	0	0	0	0	0	3	3	5	15	14	4	3	0	0	0	2	7	0	3	5	0	10	0	6
2560	8 Mar 26	07:18:00	1	0	0	0	0	0	1	2	0	0	0	1	7	0	5	7	0	4	0	0	4	1	3	0	2	0	0	2	0	0	2	3	3	3	4	0	3	0	1
2561	8 Mar 26	07:19:00	1	0	0	0	0	0	1	0	0	0	0	0	14	1	0	11	0	4	6	0	2	4	6	0	6	0	2	4	0	0	3	5	6	2	4	0	3	0	1
2562	8 Mar 26	07:20:00	1	0	0	0	0	0	1	4	0	0	0	1	0	5	3	3	0	2	0	0	1	0	6	0	3	3	5	6	0	2	4	4	3	0	4	0	11	0	1
2563	8 Mar 26	07:21:00	1	0	0	0	0	0	1	4	0	0	0	1	7	0	0	5	4	6	0	0	2	1	6	0	1	0	1	6	4	2	5	3	2	1	7	0	15	6	3
2564	8 Mar 26	07:22:00	1	0	0	0	0	0	1	2	0	0	0	4	2	3	0	0	0	6	0	0	5	3	3	0	2	6	1	1	4	4	6	2	0	3	3	0	9	2	4
2565	8 Mar 26	07:23:00	1	0	0	0	0	0	1	0	0	0	0	2	3	1	0	0	1	0	0	0	7	5	2	4	3	3	0	3	5	0	0	5	0	2	2	0	15	4	8
2566	8 Mar 26	07:24:00	1	0	0	0	0	0	1	0	2	0	0	3	12	0	0	3	0	4	0	0	2	2	4	1	4	0	1	4	2	0	4	5	0	0	3	0	21	6	4
2567	8 Mar 26	07:25:00	1	0	0	0	0	0	1	0	4	0	0	2	7	0	0	3	0	7	0	0	5	6	9	2	3	0	0	3	3	0	3	2	2	4	5	5	8	2	4
2568	8 Mar 26	07:26:00	1	0	0	0	0	0	1	5	4	0	1	1	2	0	0	3	0	5	0	2	8	4	6	1	3	2	0	2	1	0	3	4	0	1	3	3	5	0	4
2569	8 Mar 26	07:27:00	1	0	0	0	0	0	1	1	7	0	1	0	6	0	0	4	0	5	0	0	5	2	8	1	0	4	0	1	0	0	0	3	3	7	2	2	6	0	0
2570	8 Mar 26	07:28:00	1	0	0	0	0	0	1	0	5	0	0	3	7	0	0	6	0	5	0	0	3	4	5	0	2	2	0	3	3	3	1	5	2	0	5	4	1	2	1
2571	8 Mar 26	07:29:00	1	0	0	0	0	0	1	0	4	0	2	5	8	0	0	7	0	7	0	0	5	7	3	0	0	0	0	3	0	0	4	4	3	5	5	5	1	5	3
2572	8 Mar 26	07:30:00	1	0	0	0	0	0	1	0	6	0	0	1	10	0	0	3	0	8	0	0	4	3	4	0	8	4	0	4	3	0	1	4	0	2	9	0	3	6	3
2573	8 Mar 26	07:31:00	1	0	0	0	0	0	1	4	2	0	0	0	6	3	0	5	0	3	0	2	3	2	2	6	0	3	0	5	2	0	5	0	2	2	2	4	2	3	2
2574	8 Mar 26	07:32:00	1	0	0	0	0	0	1	10	2	0	0	3	9	0	0	2	0	6	0	0	7	3	5	1	1	1	0	3	2	0	0	8	5	3	5	1	2	0	4
2575	8 Mar 26	07:33:00	1	0	0	0	0	0	1	7	6	2	1	0	6	3	0	5	0	0	0	0	5	7	2	2	4	4	2	2	0	0	1	2	3	2	2	0	9	3	4
2576	8 Mar 26	07:34:00	1	0	0	0	0	0	1	10	5	0	0	1	8	2	0	5	0	0	0	0	7	4	3	2	4	2	2	0	0	0	0	1	3	1	3	0	9	1	1
2577	8 Mar 26	07:35:00	1	0	0	0	0	0	1	9	4	0	0	2	10	2	3	1	0	0	0	0	5	3	10	1	6	0	3	5	1	0	0	0	5	4	1	3	3	2	3
2578	8 Mar 26	07:36:00	1	0	0	0	0	0	1	8	8	2	1	3	6	3	6	0	0	0	0	0	4	6	7	0	1	3	0	3	1	3	1	2	3	2	3	5	4	1	3
2579	8 Mar 26	07:37:00	1	0	0	0	0	0	1	9	1	2	0	4	4	1	3	2	0	0	2	0	3	3	1	0	1	2	5	2	2	4	1	0	3	3	5	2	9	0	3
2580	8 Mar 26	07:38:00	1	0	0	0	0	0	1	8	0	0	0	0	2	0	5	3	0	0	0	1	7	6	6	0	3	0	2	0	4	2	0	0	1	0	2	3	13	0	5
2581	8 Mar 26	07:39:00	1	0	0	0	0	0	1	10	2	0	0	3	8	0	0	4	1	0	0	5	8	3	2	0	2	3	2	0	0	4	0	4	2	0	5	0	10	0	3
2582	8 Mar 26	07:40:00	1	0	0	0	0	0	1	7	1	0	0	1	7	1	0	6	0	0	0	1	7	3	1	0	1	0	3	2	0	5	0	5	2	0	4	0	0	0	2
2583	8 Mar 26	07:41:00	1	0	0	0	0	0	1	9	2	0	0	1	5	3	0	6	0	0	0	3	5	4	2	0	5	0	6	0	0	1	0	6	2	0	3	0	2	0	6
2584	8 Mar 26	07:42:00	1	0	0	0	0	0	1	0	4	0	0	0	5	6	0	4	0	0	0	0	9	1	3	1	1	2	1	0	4	1	0	5	1	3	3	0	4	1	4
2585	8 Mar 26	07:43:00	1	0	0	0	0	0	1	8	12	0	0	5	6	0	0	4	0	0	0	0	4	5	2	1	4	2	0	0	7	1	0	0	5	3	3	0	4	2	1
2586	8 Mar 26	07:44:00	1	0	0	0	0	0	1	3	2	0	0	1	6	2	0	2	0	0	0	0	1	4	2	2	4	2	1	0	0	0	8	3	3	2	1	0	3	1	5
2587	8 Mar 26	07:45:00	1	0	0	0	0	0	1	9	5	0	0	1	7	3	0	5	0	0	0	0	5	3	8	4	1	3	0	0	0	1	7	6	0	0	0	0	4	3	1
2588	8 Mar 26	07:46:00	1	0	0	0	0	0	1	1	2	1	0	0	8	3	0	6	0	4	2	0	6	11	7	5	4	1	2	0	2	9	1	3	0	0	5	0	2	2	2
2589	8 Mar 26	07:47:00	1	0	0	0	0	0	1	7	3	1	0	3	6	5	0	6	0	4	0	0	0	3	3	0	3	5	3	3	5	5	4	3	1	0	1	0	5	4	7
2590	8 Mar 26	07:48:00	1	0	0	0	0	0	1	6	6	3	0	0	7	1	0	8	0	2	0	0	5	2	3	0	1	0	2	1	1	1	2	3	1	0	3	0	8	2	4
2591	8 Mar 26	07:49:00	1	0	0	0	0	0	1	3	1	0	0	0	7	1	0	5	0	0	0	0	9	0	4	0	1	3	0	2	0	0	1	1	0	0	4	0	4	5	3
2592	8 Mar 26	07:50:00	1	0	0	0	0	0	1	3	3	0	0	0	10	0	0	0	0	11	0	0	8	3	5	0	0	2	0	2	0	2	0	0	0	0	4	1	6	5	0
2593	8 Mar 26	07:51:00	1	0	0	0	0	0	1	7	2	0	0	3	3	2	0	2	0	6	0	0	1	2	3	0	4	0	1	0	0	1	1	0	4	0	3	9	0	3	2
2594	8 Mar 26	07:52:00	1	0	0	0	0	0	1	9	4	0	1	3	13	3	0	1	0	1	4	0	8	2	2	0	2	0	2	0	0	0	2	8	2	0	4	9	3	3	2
2595	8 Mar 26	07:53:00	1	0	0	0	0	0	1	5	1	0	0	0	7	3	3	2	0	0	3	0	6	2	2	0	0	0	0	0	0	0	1	2	3	5	4	4	4	1	3
2596	8 Mar 26	07:54:00	1	0	0	0	0	0	1	6	4	0	4	0	13	7	0	7	0	0	0	0	8	6	4	0	1	6	2	0	0	0	0	0	4	3	8	4	5	0	1
2597	8 Mar 26	07:55:00	1	0	0	0	0	0	1	14	2	0	2	1	8	3	0	5	1	0	0	0	5	4	15	0	1	0	1	0	0	0	5	0	3	1	6	1	3	0	4
2598	8 Mar 26	07:56:00	1	0	0	0	0	0	1	6	2	0	1	1	7	3	0	10	0	0	0	0	5	5	5	5	3	0	0	0	0	0	3	0	5	3	2	0	6	0	0
2599	8 Mar 26	07:57:00	1	0	0	0	0	0	1	8	6	0	2	1	6	2	0	7	0	0	0	0	4	0	5	0	0	2	1	4	0	0	0	0	0	1	3	1	6	0	1
2600	8 Mar 26	07:58:00	1	0	0	0	0	0	1	4	2	0	3	1	4	1	0	10	0	0	0	0	7	4	5	0	1	0	2	0	0	0	0	0	3	1	6	0	7	0	7
2601	8 Mar 26	07:59:00	1	0	0	0	0	0	1	9	2	1	0	0	6	2	0	3	0	0	0	5	7	3	6	0	3	0	1	0	1	0	0	0	0	4	6	0	6	0	1
2602	8 Mar 26	08:00:00	1	0	0	0	0	0	1	7	0	0	0	2	11	0	0	5	3	0	0	2	8	8	3	0	0	0	3	7	1	1	0	0	0	4	5	0	2	0	6
2603	8 Mar 26	08:01:00	1	0	0	0	0	0	1	8	5	1	0	0	7	0	0	5	1	0	0	1	6	11	4	0	2	1	2	1	0	4	1	0	6	2	7	0	5	0	3
2604	8 Mar 26	08:02:00	1	0	0	0	0	0	1	5	3	0	0	0	6	0	1	1	0	0	0	1	7	3	4	0	0	5	2	3	0	0	1	0	2	0	0	0	6	0	4
2605	8 Mar 26	08:03:00	1	0	0	0	0	0	1	4	5	0	0	5	6	2	1	4	0	0	0	2	5	4	3	0	1	0	4	0	0	11	2	0	3	3	5	0	8	0	1
2606	8 Mar 26	08:04:00	1	0	0	0	0	0	1	12	1	10	0	1	10	2	6	8	0	0	0	4	6	0	6	0	5	0	0	0	0	4	0	0	0	9	3	0	6	0	5
2607	8 Mar 26	08:05:00	1	0	0	0	0	0	1	4	7	2	3	0	5	7	5	0	0	0	0	0	4	6	2	0	0	0	2	3	0	2	3	0	0	5	4	0	3	0	4
2608	8 Mar 26	08:06:00	1	0	0	0	0	0	1	10	3	1	2	1	6	5	8	6	2	0	0	0	3	2	7	0	0	0	1	0	0	3	8	0	4	0	8	0	7	7	3
2609	8 Mar 26	08:07:00	1	0	0	0	0	0	1	0	0	0	2	2	0	3	6	6	7	0	0	0	6	4	8	0	4	0	2	0	0	2	2	0	2	2	5	0	10	0	2
2610	8 Mar 26	08:08:00	1	0	0	0	0	0	1	0	3	0	3	0	2	2	9	2	1	0	0	0	4	6	7	0	1	5	1	0	1	0	5	0	1	1	3	0	3	0	0
2611	8 Mar 26	08:09:00	1	0	0	0	0	0	1	5	0	0	1	1	10	1	10	3	0	0	0	4	8	2	11	3	0	3	1	0	3	1	4	0	3	8	1	1	2	4	1
2612	8 Mar 26	08:10:00	1	0	0	0	0	0	1	6	3	0	1	6	7	0	7	1	0	0	0	4	3	3	4	2	0	0	1	0	1	1	10	0	2	3	2	0	2	2	4
2613	8 Mar 26	08:11:00	1	0	0	0	0	0	1	4	4	0	0	0	7	0	8	4	0	0	0	1	1	9	0	4	0	2	2	0	0	3	3	0	0	3	6	1	2	1	4
2614	8 Mar 26	08:12:00	1	0	0	0	0	0	1	2	1	0	0	0	12	7	5	3	0	0	0	2	4	6	3	0	0	2	5	0	0	0	3	0	0	0	3	1	4	0	3
2615	8 Mar 26	08:13:00	1	0	0	0	0	0	1	6	4	0	1	1	5	2	4	7	0	2	0	5	5	1	4	1	0	0	1	0	2	0	0	0	4	5	6	0	9	0	3
2616	8 Mar 26	08:14:00	1	0	0	0	0	0	1	5	5	0	1	3	9	2	4	3	0	7	0	1	6	1	5	0	0	0	1	0	1	0	0	0	1	1	2	0	5	0	7
2617	8 Mar 26	08:15:00	1	0	0	0	0	0	1	8	0	0	1	1	12	3	5	10	0	5	0	1	5	0	4	4	5	0	2	0	5	0	11	0	4	5	4	0	10	0	2
2618	8 Mar 26	08:16:00	1	0	0	0	0	0	1	7	2	0	5	1	5	1	3	0	0	8	0	6	5	2	3	5	0	0	3	0	0	2	2	4	3	4	5	0	4	1	2
2619	8 Mar 26	08:17:00	1	0	0	0	0	0	1	6	4	0	3	1	8	2	8	8	0	7	0	0	5	5	3	0	0	0	0	0	0	0	1	1	0	1	9	0	9	6	0
2620	8 Mar 26	08:18:00	1	0	0	0	0	0	1	7	3	0	1	2	5	2	6	3	0	1	2	0	9	4	4	4	1	0	0	0	2	3	1	3	3	3	3	0	6	0	4
2621	8 Mar 26	08:19:00	1	0	0	0	0	0	1	3	2	0	0	0	7	0	7	14	0	1	3	0	7	6	2	1	3	0	5	0	1	9	1	9	2	3	0	0	10	0	6
2622	8 Mar 26	08:20:00	1	0	0	0	0	0	1	6	7	0	3	2	5	4	3	3	0	4	0	0	4	3	4	0	0	0	0	0	0	7	4	3	3	3	9	0	4	0	3
2623	8 Mar 26	08:21:00	1	0	0	0	0	0	1	6	1	0	4	3	5	6	4	3	0	6	0	0	5	5	2	0	0	7	0	0	0	6	0	5	4	0	5	0	10	3	4
2624	8 Mar 26	08:22:00	1	0	0	0	0	0	1	4	5	4	1	2	3	1	6	5	0	1	0	0	10	7	3	0	0	0	0	0	0	5	0	2	5	3	3	0	13	2	7
2625	8 Mar 26	08:23:00	1	0	0	0	0	0	1	7	5	0	2	6	7	0	3	5	0	2	0	0	6	2	5	0	0	0	1	0	0	2	0	3	3	2	2	0	13	3	5
2626	8 Mar 26	08:24:00	1	0	0	0	0	0	1	2	2	2	0	0	5	1	8	7	0	4	0	0	6	5	4	0	0	0	1	0	0	0	2	5	1	0	3	4	8	2	1
2627	8 Mar 26	08:25:00	1	0	0	0	0	0	1	10	5	4	0	3	5	0	1	7	1	0	0	2	3	1	2	0	1	0	0	0	0	0	3	0	0	7	5	1	4	2	4
2628	8 Mar 26	08:26:00	1	0	0	0	0	0	1	6	3	3	2	1	8	0	6	9	2	6	0	6	8	6	9	0	0	0	2	3	0	0	2	5	3	1	4	0	3	2	4
2629	8 Mar 26	08:27:00	1	0	0	0	0	0	1	2	5	9	0	2	8	0	6	4	3	3	0	3	13	7	4	0	6	0	6	2	0	0	1	4	2	4	6	0	9	2	1
2630	8 Mar 26	08:28:00	1	0	0	0	0	0	1	4	2	6	0	0	5	2	8	3	2	10	0	2	4	3	2	6	2	0	1	0	0	8	0	6	5	5	6	0	8	2	6
2631	8 Mar 26	08:29:00	1	0	0	0	0	0	1	2	1	6	1	2	4	3	8	3	13	9	0	1	5	8	2	10	6	0	1	0	0	3	0	0	2	3	5	5	3	3	5
2632	8 Mar 26	08:30:00	1	0	0	0	0	0	1	4	6	11	0	0	2	2	9	2	2	6	0	3	7	2	3	0	4	0	0	0	0	5	2	0	5	0	3	0	9	2	3
2633	8 Mar 26	08:31:00	1	0	0	0	0	0	1	5	3	8	1	0	8	4	5	17	3	2	0	1	7	9	5	6	0	3	5	4	0	1	7	11	1	3	2	1	12	7	1
2634	8 Mar 26	08:32:00	1	0	0	0	0	0	1	2	4	7	2	2	11	2	2	3	2	1	0	2	5	2	2	0	2	2	1	2	0	0	3	2	0	2	4	2	8	2	1
2635	8 Mar 26	08:33:00	1	0	0	0	0	0	1	11	4	5	2	0	3	2	0	1	2	5	0	0	3	1	0	0	0	0	2	0	0	0	1	7	2	1	4	4	1	1	0
2636	8 Mar 26	08:34:00	1	0	0	0	0	0	1	8	3	13	1	1	13	2	0	6	4	3	0	5	0	1	6	1	4	0	3	3	0	0	0	3	3	1	5	2	0	1	1
2637	8 Mar 26	08:35:00	1	0	0	0	0	0	1	4	4	8	2	0	10	1	0	2	5	3	0	5	0	0	2	4	0	0	3	1	0	0	1	6	0	3	3	4	0	5	2
2638	8 Mar 26	08:36:00	1	0	0	0	0	0	1	2	3	6	5	3	15	0	6	6	1	1	0	4	0	5	5	1	4	0	2	3	0	0	3	2	5	5	3	0	5	2	4
2639	8 Mar 26	08:37:00	1	0	0	0	0	0	1	0	3	7	0	1	8	0	8	5	6	8	0	1	6	3	9	0	3	0	1	1	1	12	1	2	2	0	4	0	2	0	4
2640	8 Mar 26	08:38:00	1	0	0	0	0	0	1	0	3	6	0	2	5	5	9	9	9	1	0	1	9	6	5	0	5	0	1	0	6	1	0	5	3	5	3	0	8	0	3
2641	8 Mar 26	08:39:00	1	0	0	0	0	0	1	0	5	10	0	2	1	4	9	6	1	0	0	3	4	5	5	0	0	0	1	0	6	4	0	0	0	2	4	4	6	0	3
2642	8 Mar 26	08:40:00	1	0	0	0	0	0	1	0	3	11	2	0	10	0	9	5	4	0	0	3	3	2	4	4	0	0	1	0	4	3	2	0	2	3	4	1	4	0	3
2643	8 Mar 26	08:41:00	1	0	0	0	0	0	1	0	3	6	1	0	4	1	7	6	2	6	2	5	3	0	4	2	4	0	0	0	0	6	0	5	0	6	6	0	7	0	5
2644	8 Mar 26	08:42:00	1	0	0	0	0	0	1	0	2	9	3	4	8	2	10	6	2	6	0	0	8	5	2	1	3	4	2	0	3	3	0	5	0	4	2	4	6	0	2
2645	8 Mar 26	08:43:00	1	0	0	0	0	0	1	0	5	4	0	0	2	3	5	3	1	11	1	5	6	3	2	1	10	3	0	0	0	0	3	5	0	3	3	1	5	3	3
2646	8 Mar 26	08:44:00	1	0	0	0	0	0	1	3	3	4	5	2	15	4	7	5	4	0	0	3	7	6	3	7	4	0	3	0	4	0	0	4	0	0	8	1	5	6	2
2647	8 Mar 26	08:45:00	1	0	0	0	0	0	1	4	3	9	1	3	6	0	8	6	2	11	0	2	2	3	7	0	2	0	1	0	1	7	7	4	4	1	4	1	4	6	3
2648	8 Mar 26	08:46:00	1	0	0	0	0	0	1	5	8	4	0	1	10	1	6	5	4	4	0	1	4	2	2	1	2	0	1	0	0	2	2	4	4	6	8	3	4	0	5
2649	8 Mar 26	08:47:00	1	0	0	0	0	0	1	5	3	7	0	0	19	4	4	6	3	3	6	0	6	5	4	1	3	1	0	0	0	2	1	1	4	7	4	0	11	7	0
2650	8 Mar 26	08:48:00	1	0	0	0	0	0	1	8	5	10	1	2	12	2	1	3	4	2	0	4	8	4	4	12	5	1	2	0	3	5	2	0	9	1	5	0	1	3	1
2651	8 Mar 26	08:49:00	1	0	0	0	0	0	1	5	9	9	1	0	6	2	1	4	2	5	0	2	5	4	3	5	2	0	2	0	2	0	3	0	2	0	4	9	0	1	5
2652	8 Mar 26	08:50:00	1	0	0	0	0	0	1	1	3	6	3	3	8	0	7	5	2	7	1	0	7	7	3	4	3	0	3	0	0	0	4	0	1	3	6	2	0	3	2
2653	8 Mar 26	08:51:00	1	0	0	0	0	0	1	6	3	4	1	2	9	0	4	9	2	5	5	2	6	3	5	0	0	0	1	0	4	0	5	0	0	2	1	0	0	4	0
2654	8 Mar 26	08:52:00	1	0	0	0	0	0	1	5	3	5	0	0	7	0	8	6	2	5	0	2	9	1	8	1	0	0	2	0	1	4	2	0	1	1	3	0	5	3	1
2655	8 Mar 26	08:53:00	1	0	0	0	0	0	1	4	4	6	3	1	7	0	7	7	3	9	0	3	4	2	8	0	0	6	1	0	0	1	0	0	4	0	3	2	2	0	4
2656	8 Mar 26	08:54:00	1	0	0	0	0	0	1	10	6	5	0	1	7	2	6	9	3	3	0	0	0	3	3	3	4	1	4	0	0	5	0	0	1	8	4	7	0	1	4
2657	8 Mar 26	08:55:00	1	0	0	0	0	0	1	5	3	5	1	3	6	4	5	2	1	3	1	4	0	7	0	2	3	0	1	0	6	1	1	0	1	2	4	2	0	4	6
2658	8 Mar 26	08:56:00	1	0	0	0	0	0	1	6	4	7	9	0	13	4	6	8	4	14	1	5	3	3	7	1	5	0	6	0	3	6	4	0	2	3	3	1	0	2	6
2659	8 Mar 26	08:57:00	1	0	0	0	0	0	1	7	3	5	1	0	8	6	5	6	3	7	1	6	7	2	9	0	3	0	1	0	0	3	1	0	3	2	6	2	0	0	15
2660	8 Mar 26	08:58:00	1	0	0	0	0	0	1	9	5	7	0	2	7	3	7	6	2	1	3	4	11	4	5	0	3	0	0	0	1	0	1	0	8	4	7	0	0	0	3
2661	8 Mar 26	08:59:00	1	0	0	0	0	0	1	2	3	6	0	1	12	3	7	6	1	6	0	2	7	4	2	3	7	0	0	0	5	0	3	0	1	7	6	0	0	0	3
2662	8 Mar 26	09:00:00	1	0	0	0	0	0	1	6	3	7	4	3	3	3	5	9	1	4	0	3	6	4	3	7	3	2	0	0	0	0	10	2	2	3	6	0	0	1	6
2663	8 Mar 26	09:01:00	1	0	0	0	0	0	1	8	4	2	0	1	3	3	9	4	6	0	0	4	5	0	5	1	1	6	1	6	0	0	4	0	1	6	2	5	0	1	3
2664	8 Mar 26	09:02:00	1	0	0	0	0	0	1	7	3	2	0	1	10	0	7	6	3	8	0	2	10	0	8	2	3	0	2	3	0	0	1	0	3	2	2	1	0	0	8
2665	8 Mar 26	09:03:00	1	0	0	0	0	0	1	3	6	0	3	3	5	2	7	9	2	1	0	5	6	0	2	0	3	4	2	4	3	3	0	0	3	2	1	0	4	0	6
2666	8 Mar 26	09:04:00	1	0	0	0	0	0	1	5	5	0	0	0	9	2	8	3	2	2	2	1	5	7	13	2	6	6	0	5	2	2	0	0	3	5	2	3	4	3	2
2667	8 Mar 26	09:05:00	1	0	0	0	0	0	1	1	0	2	1	0	7	5	11	7	4	5	0	0	6	2	2	7	5	0	0	2	0	5	0	0	3	3	4	3	3	2	9
2668	8 Mar 26	09:06:00	1	0	0	0	0	0	1	3	2	9	2	3	9	4	8	7	1	6	0	0	7	4	3	0	1	0	3	5	0	3	0	2	2	4	7	0	2	1	2
2669	8 Mar 26	09:07:00	1	0	0	0	0	0	1	4	0	4	3	3	5	0	9	5	2	6	0	0	2	4	11	0	5	0	0	4	0	7	0	3	4	8	4	0	0	5	4
2670	8 Mar 26	09:08:00	1	0	0	0	0	0	1	5	4	6	1	1	7	1	0	7	2	10	0	3	4	5	6	0	5	0	0	3	0	4	0	1	3	3	4	0	0	2	3
2671	8 Mar 26	09:09:00	1	0	0	0	0	0	1	6	3	5	6	4	10	6	4	7	4	1	0	2	10	6	16	0	2	0	0	5	5	2	0	0	2	0	8	1	0	0	2
2672	8 Mar 26	09:10:00	1	0	0	0	0	0	1	2	5	6	0	0	8	4	6	6	0	10	0	1	9	5	5	1	2	8	0	2	1	3	2	0	2	2	6	2	2	10	6
2673	8 Mar 26	09:11:00	1	0	0	0	0	0	1	4	0	6	0	3	13	5	8	4	5	6	3	3	7	6	7	0	4	0	2	3	1	0	4	0	4	1	8	2	0	2	2
2674	8 Mar 26	09:12:00	1	0	0	0	0	0	1	11	6	7	2	0	18	6	2	2	0	4	0	2	7	2	2	0	2	0	3	4	0	3	2	0	4	3	5	0	0	10	5
2675	8 Mar 26	09:13:00	1	0	0	0	0	0	1	7	4	6	1	0	8	4	4	1	2	4	1	5	6	9	7	0	0	4	0	9	0	4	1	3	0	3	4	0	2	0	1
2676	8 Mar 26	09:14:00	1	0	0	0	0	0	1	2	3	4	1	0	3	0	8	9	4	5	2	2	2	2	2	1	3	2	7	0	0	4	2	3	3	2	3	0	0	0	6
2677	8 Mar 26	09:15:00	1	0	0	0	0	0	1	4	5	5	7	3	7	0	9	6	3	11	0	4	6	2	1	0	1	0	1	0	5	1	3	1	1	2	6	0	3	5	2
2678	8 Mar 26	09:16:00	1	0	0	0	0	0	1	10	3	4	5	1	3	0	5	7	1	10	0	4	10	2	2	1	4	0	1	0	0	0	1	2	2	3	6	4	4	1	5
2679	8 Mar 26	09:17:00	1	0	0	0	0	0	1	4	3	5	1	3	13	0	9	3	2	8	1	1	5	1	5	0	6	0	1	3	0	0	7	0	5	8	6	0	2	0	7
2680	8 Mar 26	09:18:00	1	0	0	0	0	0	1	5	3	4	3	4	8	4	9	2	0	7	0	4	6	5	3	0	1	0	2	1	0	0	2	0	4	3	8	2	2	0	5
2681	8 Mar 26	09:19:00	1	0	0	0	0	0	1	2	3	0	3	0	6	3	7	4	4	3	0	2	6	4	5	0	3	2	0	0	0	0	5	8	1	4	3	0	5	2	2
2682	8 Mar 26	09:20:00	1	0	0	0	0	0	1	6	5	0	3	0	6	4	8	4	2	4	2	4	7	2	3	0	4	0	4	0	0	0	0	5	5	13	8	0	3	1	4
2683	8 Mar 26	09:21:00	1	0	0	0	0	0	1	4	9	6	2	0	13	2	4	15	5	8	2	2	6	3	6	0	2	5	4	0	1	0	0	6	4	1	6	0	8	1	5
2684	8 Mar 26	09:22:00	1	0	0	0	0	0	1	4	6	7	2	2	8	9	8	11	2	4	0	2	5	2	1	2	1	3	1	4	8	0	4	4	6	3	3	0	6	4	4
2685	8 Mar 26	09:23:00	1	0	0	0	0	0	1	6	2	4	2	7	13	4	6	8	2	4	0	3	3	0	3	1	2	2	0	2	3	2	3	0	4	3	5	0	0	6	4
2686	8 Mar 26	09:24:00	1	0	0	0	0	0	1	2	2	5	0	0	5	4	11	7	2	5	0	4	9	3	11	0	0	2	2	2	0	1	1	0	5	0	4	1	3	4	7
2687	8 Mar 26	09:25:00	1	0	0	0	0	0	1	5	3	7	0	0	4	7	7	6	3	0	0	3	2	4	11	0	1	3	2	5	0	1	0	0	3	4	8	3	1	2	5
2688	8 Mar 26	09:26:00	1	0	0	0	0	0	1	7	3	5	3	2	11	4	8	4	2	1	0	2	6	3	1	3	4	4	3	5	3	1	9	0	3	3	4	3	4	8	0
2689	8 Mar 26	09:27:00	1	0	0	0	0	0	1	4	3	4	3	0	6	5	6	8	0	2	1	5	7	8	4	4	2	3	1	6	9	8	2	0	4	5	3	2	4	6	6
2690	8 Mar 26	09:28:00	1	0	0	0	0	0	1	7	6	6	1	3	6	5	1	9	1	3	2	1	5	0	6	0	7	1	0	5	4	9	0	3	4	3	5	3	7	3	3
2691	8 Mar 26	09:29:00	1	0	0	0	0	0	1	7	6	7	1	1	7	8	2	8	3	8	0	4	6	2	3	0	3	0	0	3	5	2	3	3	6	0	9	0	12	0	3
2692	8 Mar 26	09:30:00	1	0	0	0	0	0	1	5	3	5	3	3	11	2	5	5	2	4	0	4	7	3	2	0	4	0	2	3	4	0	0	7	4	2	7	0	7	0	5
2693	8 Mar 26	09:31:00	1	0	0	0	0	0	1	1	3	3	4	0	7	0	8	3	6	6	0	6	3	6	8	0	5	0	0	5	0	0	0	6	4	6	4	2	7	0	4
2694	8 Mar 26	09:32:00	1	0	0	0	0	0	1	4	5	4	0	2	5	0	8	5	3	11	3	0	6	2	5	0	4	0	0	5	0	0	0	2	5	1	11	3	3	0	1
2695	8 Mar 26	09:33:00	1	0	0	0	0	0	1	4	8	4	4	3	6	3	5	2	2	10	0	0	2	6	0	0	0	3	0	2	0	0	2	4	4	8	4	0	5	0	3
2696	8 Mar 26	09:34:00	1	0	0	0	0	0	1	8	1	2	0	2	10	1	9	3	4	9	2	1	3	4	5	0	8	1	1	0	5	0	4	3	5	4	8	0	4	0	4
2697	8 Mar 26	09:35:00	1	0	0	0	0	0	1	10	5	3	0	1	15	0	8	4	0	4	0	2	10	2	6	0	10	0	0	3	0	4	6	1	4	2	5	3	4	0	8
2698	8 Mar 26	09:36:00	1	0	0	0	0	0	1	5	5	8	0	1	4	0	10	11	2	8	0	3	7	4	4	0	3	0	0	0	0	6	3	4	3	1	3	0	6	0	7
2699	8 Mar 26	09:37:00	1	0	0	0	0	0	1	6	5	5	3	2	8	1	6	10	3	4	0	5	5	2	4	5	6	5	0	0	0	3	0	3	5	5	7	0	4	0	3
2700	8 Mar 26	09:38:00	1	0	0	0	0	0	1	9	8	8	1	0	6	3	8	5	2	5	0	1	6	0	6	2	5	3	0	0	0	8	4	4	6	4	8	0	1	1	0
2701	8 Mar 26	09:39:00	1	0	0	0	0	0	1	4	3	5	1	0	6	1	1	3	2	5	4	3	4	0	4	3	9	0	2	0	0	10	3	5	1	3	5	0	0	5	4
2702	8 Mar 26	09:40:00	1	0	0	0	0	0	1	4	5	6	1	0	4	4	5	2	2	5	10	8	11	2	5	2	1	0	4	0	1	3	1	4	1	5	2	0	0	6	6
2703	8 Mar 26	09:41:00	1	0	0	0	0	0	1	4	0	1	2	0	6	3	9	7	2	5	6	2	6	3	4	0	1	0	3	1	6	1	2	2	2	1	2	1	3	6	2
2704	8 Mar 26	09:42:00	1	0	0	0	0	0	1	8	4	7	5	2	14	4	5	7	0	6	9	2	5	5	10	0	5	2	1	3	0	1	1	0	4	5	10	0	1	4	9
2705	8 Mar 26	09:43:00	1	0	0	0	0	0	1	6	4	6	2	4	14	5	5	10	7	5	3	5	3	3	2	2	6	0	1	6	0	2	4	8	2	6	2	2	3	2	7
2706	8 Mar 26	09:44:00	1	0	0	0	0	0	1	5	4	9	2	3	14	3	9	8	2	7	8	2	6	5	2	0	4	0	2	4	0	0	2	5	2	2	2	0	0	3	4
2707	8 Mar 26	09:45:00	1	0	0	0	0	0	1	0	0	5	5	2	12	4	6	7	1	2	6	3	6	7	3	0	2	0	1	3	3	0	0	5	0	3	7	0	1	6	12
2708	8 Mar 26	09:46:00	1	0	0	0	0	0	1	5	2	8	1	3	6	4	7	10	2	6	11	2	3	8	9	4	2	0	0	1	0	4	0	6	4	1	8	0	5	5	5
2709	8 Mar 26	09:47:00	1	0	0	0	0	0	1	7	4	9	1	3	9	7	3	3	2	7	8	1	6	11	7	0	3	0	1	4	3	2	0	4	6	1	11	0	2	2	5
2710	8 Mar 26	09:48:00	1	0	0	0	0	0	1	6	7	11	2	0	4	5	7	14	3	3	8	5	6	6	0	0	1	8	1	1	0	5	0	4	4	2	13	0	9	0	2
2711	8 Mar 26	09:49:00	1	0	0	0	0	0	1	4	5	3	0	0	8	5	7	6	2	8	9	1	5	2	11	7	0	0	1	1	2	1	6	6	5	5	5	0	7	0	5
2712	8 Mar 26	09:50:00	1	0	0	0	0	0	1	7	5	6	3	0	15	2	6	9	4	5	8	1	8	0	4	0	6	3	1	4	2	3	5	5	3	0	5	0	2	0	2
2713	8 Mar 26	09:51:00	1	0	0	0	0	0	1	5	4	5	3	0	13	2	3	6	2	5	9	4	7	5	13	0	3	2	2	4	0	7	5	8	8	2	3	0	0	4	3
2714	8 Mar 26	09:52:00	1	0	0	0	0	0	1	7	4	9	1	2	6	1	7	7	1	6	5	2	3	3	3	0	4	0	4	3	2	2	0	3	4	5	1	0	0	2	1
2715	8 Mar 26	09:53:00	1	0	0	0	0	0	1	4	6	5	6	0	8	6	2	6	3	4	8	4	8	5	7	0	2	2	2	1	0	1	6	3	4	2	1	0	4	5	5
2716	8 Mar 26	09:54:00	1	0	0	0	0	0	1	4	7	6	0	2	9	7	6	10	4	4	6	6	6	4	2	0	1	0	0	0	0	1	1	7	5	6	1	0	6	1	6
2717	8 Mar 26	09:55:00	1	0	0	0	0	0	1	5	3	6	5	3	9	5	10	7	2	7	5	1	11	3	2	5	0	3	0	6	4	0	5	2	2	5	0	0	4	2	4
2718	8 Mar 26	09:56:00	1	0	0	0	0	0	1	9	6	6	5	1	3	5	13	11	5	5	8	2	4	6	7	2	0	0	3	2	0	0	5	2	3	11	3	0	10	2	4
2719	8 Mar 26	09:57:00	1	0	0	0	0	0	1	6	3	7	2	7	4	3	8	10	3	4	6	3	8	10	4	0	4	2	0	7	0	0	0	8	4	3	0	0	4	1	4
2720	8 Mar 26	09:58:00	1	0	0	0	0	0	1	2	2	4	0	0	12	5	8	8	1	5	5	0	8	4	5	0	3	0	0	4	0	0	0	7	8	6	0	0	2	0	3
2721	8 Mar 26	09:59:00	1	0	0	0	0	0	1	1	4	5	4	8	16	1	0	6	4	10	9	0	7	4	4	2	7	0	1	0	0	0	0	6	3	3	3	0	2	0	5
2722	8 Mar 26	10:00:00	1	0	0	0	0	0	1	0	3	9	5	5	20	0	8	7	4	9	4	3	4	0	4	1	1	4	1	3	0	0	2	4	1	8	4	0	0	0	0
2723	8 Mar 26	10:01:00	1	0	0	0	0	0	1	6	4	6	2	0	12	10	8	7	1	7	8	0	7	4	2	1	6	5	0	0	3	3	3	0	3	1	4	0	1	9	2
2724	8 Mar 26	10:02:00	1	0	0	0	0	0	1	2	6	8	1	0	4	0	8	7	3	8	11	2	9	5	11	1	5	1	1	0	2	2	0	0	4	2	3	1	2	5	8
2725	8 Mar 26	10:03:00	1	0	0	0	0	0	1	6	3	3	1	1	5	2	8	11	3	5	11	3	7	4	6	7	1	0	2	1	0	5	0	0	4	5	1	0	2	4	5
2726	8 Mar 26	10:04:00	1	0	0	0	0	0	1	5	2	3	2	2	11	4	11	8	5	6	7	1	6	0	4	0	4	0	2	1	0	2	6	0	3	4	3	0	2	5	4
2727	8 Mar 26	10:05:00	1	0	0	0	0	0	1	3	0	5	0	4	7	6	1	4	2	6	7	5	9	5	3	1	8	2	3	1	0	3	3	0	3	2	0	3	3	0	4
2728	8 Mar 26	10:06:00	1	0	0	0	0	0	1	5	2	8	3	3	6	2	6	12	5	4	7	0	12	7	1	0	5	0	0	2	0	6	4	0	3	7	0	2	1	1	1
2729	8 Mar 26	10:07:00	1	0	0	0	0	0	1	7	3	4	4	3	20	6	7	9	0	6	7	3	5	8	7	0	2	4	0	3	0	0	4	0	5	0	2	1	7	3	2
2730	8 Mar 26	10:08:00	1	0	0	0	0	0	1	4	5	8	1	4	10	3	7	6	2	6	1	4	5	7	7	0	5	0	0	8	0	0	8	0	1	13	1	0	9	1	7
2731	8 Mar 26	10:09:00	1	0	0	0	0	0	1	6	5	6	4	3	6	1	8	10	1	8	6	3	9	0	5	0	0	2	2	0	4	6	2	0	2	5	0	0	15	4	5
2732	8 Mar 26	10:10:00	1	0	0	0	0	0	1	5	5	7	1	0	12	4	8	4	3	10	9	3	7	3	6	0	0	0	0	0	8	6	2	0	3	1	2	0	10	3	3
2733	8 Mar 26	10:11:00	1	0	0	0	0	0	1	4	2	8	1	2	12	4	4	4	2	13	9	3	6	9	4	3	3	3	0	0	4	4	1	2	1	5	3	0	17	4	2
2734	8 Mar 26	10:12:00	1	0	0	0	0	0	1	6	8	11	6	3	6	8	9	7	4	6	6	1	6	5	6	3	0	5	1	0	0	0	1	3	6	4	2	0	11	3	3
2735	8 Mar 26	10:13:00	1	0	0	0	0	0	1	8	4	5	4	0	6	5	8	9	3	13	8	6	8	4	5	1	0	6	0	1	4	7	1	1	7	1	2	0	11	6	8
2736	8 Mar 26	10:14:00	1	0	0	0	0	0	1	6	3	0	0	0	10	7	8	8	2	9	8	3	9	7	5	0	1	5	0	3	4	3	0	1	1	0	0	0	5	6	3
2737	8 Mar 26	10:15:00	1	0	0	0	0	0	1	4	4	11	5	1	9	10	8	7	5	6	12	4	7	4	9	0	3	0	6	0	0	0	0	1	3	4	4	0	3	0	3
2738	8 Mar 26	10:16:00	1	0	0	0	0	0	1	6	3	5	0	1	1	7	8	12	2	2	10	5	3	3	4	2	2	0	1	3	0	4	0	0	3	3	4	0	0	4	4
2739	8 Mar 26	10:17:00	1	0	0	0	0	0	1	2	5	6	5	1	10	4	8	6	3	8	5	5	5	2	4	1	4	0	0	2	2	3	0	0	2	4	2	0	3	0	7
2740	8 Mar 26	10:18:00	1	0	0	0	0	0	1	7	5	7	2	2	10	1	3	11	2	8	8	1	6	4	5	0	0	6	0	4	2	5	0	0	2	2	4	0	5	0	5
2741	8 Mar 26	10:19:00	1	0	0	0	0	0	1	11	3	7	2	2	8	4	12	5	2	9	3	3	4	3	4	0	1	0	0	3	1	9	14	1	3	1	5	0	0	2	6
2742	8 Mar 26	10:20:00	1	0	0	0	0	0	1	7	5	2	1	2	16	4	3	6	4	11	4	3	6	2	2	0	0	2	1	7	0	3	3	1	5	0	5	0	2	4	3
2743	8 Mar 26	10:21:00	1	0	0	0	0	0	1	3	4	10	0	1	8	4	8	5	2	5	10	4	7	1	6	1	2	0	3	6	0	6	3	0	1	8	4	0	1	3	5
2744	8 Mar 26	10:22:00	1	0	0	0	0	0	1	5	3	5	0	0	9	8	10	7	2	6	9	3	5	6	6	1	5	0	3	3	0	5	2	3	4	6	5	5	4	15	2
2745	8 Mar 26	10:23:00	1	0	0	0	0	0	1	6	8	6	6	0	13	3	7	7	4	5	7	0	5	4	5	2	3	0	7	4	0	2	7	2	2	0	3	0	7	10	1
2746	8 Mar 26	10:24:00	1	0	0	0	0	0	1	5	2	5	3	3	7	7	4	8	3	6	5	4	5	7	3	0	3	5	2	1	0	2	1	3	3	4	2	0	15	3	5
2747	8 Mar 26	10:25:00	1	0	0	0	0	0	1	6	2	7	2	1	8	5	7	5	2	11	7	1	7	5	7	4	4	7	0	6	0	2	6	0	4	3	0	0	7	2	12
2748	8 Mar 26	10:26:00	1	0	0	0	0	0	1	1	4	7	3	1	11	6	11	7	2	2	8	0	7	0	3	0	4	0	0	3	5	9	0	0	3	1	2	1	5	7	3
2749	8 Mar 26	10:27:00	1	0	0	0	0	0	0	5	3	2	3	4	6	4	2	3	3	10	8	3	3	5	3	0	5	1	1	7	1	5	0	2	4	2	4	7	9	1	1
2750	8 Mar 26	10:28:00	1	0	0	0	0	0	0	6	0	7	4	6	7	0	8	1	6	10	12	2	3	9	2	0	3	0	0	9	4	4	1	5	4	2	2	0	8	0	6
2751	8 Mar 26	10:29:00	1	0	0	0	0	0	0	6	0	4	2	0	12	0	6	2	0	7	8	2	0	12	4	0	3	3	2	5	3	2	3	2	6	2	0	0	4	4	5
2752	8 Mar 26	10:30:00	1	0	0	0	0	0	0	7	7	4	0	3	15	0	10	7	4	10	8	3	3	4	5	0	4	0	9	10	0	0	1	4	5	4	0	0	5	1	3
2753	8 Mar 26	10:31:00	1	0	0	0	0	0	0	4	7	7	0	5	11	1	2	6	2	11	11	2	4	13	4	0	3	2	0	5	0	2	0	5	5	0	0	0	7	0	4
2754	8 Mar 26	10:32:00	1	0	0	0	0	0	0	3	5	4	1	4	7	3	7	0	0	9	10	2	10	9	7	0	2	0	9	7	0	1	1	12	3	0	0	0	3	0	3
2755	8 Mar 26	10:33:00	1	0	0	0	0	0	0	3	0	4	1	3	3	5	7	2	4	8	8	1	4	9	4	0	3	0	2	4	0	1	0	4	3	0	0	0	0	0	1
2756	8 Mar 26	10:34:00	1	0	0	0	0	0	0	4	5	1	0	2	6	7	8	2	4	8	6	2	0	10	2	0	4	0	0	3	0	5	3	4	7	0	0	0	0	0	5
2757	8 Mar 26	10:35:00	1	0	0	0	0	0	0	6	5	6	1	3	8	3	7	6	2	10	10	0	10	8	0	0	2	0	0	1	0	2	2	4	4	0	0	0	0	0	2
2758	8 Mar 26	10:36:00	1	0	0	0	0	0	0	6	1	6	1	5	10	0	2	5	2	9	4	2	3	9	7	0	4	0	0	8	0	4	3	0	6	0	0	0	0	0	0
2759	8 Mar 26	10:37:00	1	0	0	0	0	0	0	1	3	6	1	2	8	2	9	1	4	9	8	2	7	7	3	0	4	0	0	1	0	6	0	0	0	0	0	0	0	0	0
2760	8 Mar 26	10:38:00	1	0	0	0	0	0	0	4	6	3	1	2	10	3	2	6	2	12	7	1	0	8	1	0	5	0	0	0	0	4	4	2	0	0	0	0	0	0	0
2761	8 Mar 26	10:39:00	1	0	0	0	0	0	0	4	2	5	3	1	8	1	4	3	2	8	4	4	8	5	3	0	3	0	0	0	0	3	1	0	0	0	0	0	0	0	0
2762	8 Mar 26	10:40:00	1	0	0	0	0	0	0	9	5	5	0	0	12	0	6	4	2	9	9	1	8	6	2	0	2	0	0	0	0	6	0	5	0	0	1	0	0	0	0
2763	8 Mar 26	10:41:00	1	0	0	0	0	0	0	5	4	4	0	0	11	0	7	5	0	7	5	1	3	3	10	0	4	0	0	0	0	2	0	2	0	0	0	0	0	0	0
2764	8 Mar 26	10:42:00	1	0	0	0	0	0	0	5	6	5	0	0	10	2	7	3	2	8	5	5	7	1	21	0	3	0	0	0	0	0	0	0	0	0	3	0	0	0	0
2765	8 Mar 26	10:43:00	1	0	0	0	0	0	0	4	0	4	0	0	6	0	8	1	1	8	9	5	4	6	2	0	1	0	0	0	0	0	0	0	0	0	0	0	3	0	0
2766	8 Mar 26	10:44:00	1	0	0	0	0	0	0	1	0	1	0	0	7	0	8	2	0	9	4	4	0	4	0	0	0	0	0	1	0	0	0	0	0	0	1	0	0	0	0
2767	8 Mar 26	10:45:00	1	0	0	0	0	0	0	3	0	6	1	0	13	0	7	5	0	9	7	3	2	0	0	0	0	0	2	1	0	0	0	0	0	0	0	0	4	0	0
2768	8 Mar 26	10:46:00	1	0	0	0	0	0	0	2	0	5	1	0	7	1	2	4	1	9	8	2	2	0	0	0	3	0	0	0	0	0	0	0	0	0	0	0	0	0	0
2769	8 Mar 26	10:47:00	1	0	0	0	0	0	0	6	2	6	0	0	9	0	4	0	0	6	3	4	3	2	0	0	5	0	0	0	0	0	0	0	0	0	0	0	0	0	0
2770	8 Mar 26	10:48:00	1	0	0	0	0	0	0	4	0	8	0	0	2	0	4	0	1	7	12	3	3	1	0	0	0	0	0	0	0	0	0	0	0	0	0	0	0	0	0
2771	8 Mar 26	10:49:00	1	0	0	0	0	0	0	5	0	4	0	0	6	1	1	5	1	7	6	2	4	7	0	0	0	0	0	0	0	0	0	0	0	0	0	0	0	0	0
2772	8 Mar 26	10:50:00	1	0	0	0	0	0	0	2	0	6	0	0	7	0	6	2	0	0	10	0	0	20	0	0	0	0	0	0	0	0	0	0	0	0	0	0	0	0	0
2773	8 Mar 26	10:51:00	1	0	0	0	0	0	0	5	0	6	0	0	7	0	10	5	0	0	5	4	0	4	0	0	0	0	0	0	0	0	0	0	0	0	0	0	2	0	0
2774	8 Mar 26	10:52:00	1	0	0	0	0	0	0	6	0	0	0	0	7	0	7	0	3	3	4	2	0	5	0	0	0	0	0	0	0	0	0	0	0	0	0	0	0	0	0
2775	8 Mar 26	10:53:00	1	0	0	0	0	0	0	4	0	0	0	0	10	0	8	7	0	0	2	2	0	0	0	0	0	0	0	0	0	0	0	0	0	0	0	0	0	0	0
2776	8 Mar 26	10:54:00	1	0	0	0	0	0	0	6	0	1	0	0	7	0	12	6	0	0	0	2	0	0	0	0	0	0	0	0	0	0	0	0	0	0	0	0	0	0	0
2777	8 Mar 26	10:55:00	1	0	0	0	0	0	0	4	0	0	0	0	9	2	8	3	0	6	0	3	0	1	0	0	6	0	0	0	0	0	0	0	0	0	0	0	0	0	0
2778	8 Mar 26	10:56:00	1	0	0	0	0	0	0	6	0	1	0	0	8	0	8	1	1	6	0	6	0	4	2	0	0	0	0	0	0	0	0	1	0	0	0	0	0	0	0
2779	8 Mar 26	10:57:00	1	0	0	0	0	0	0	3	0	2	0	0	11	0	9	0	0	4	0	0	0	0	1	0	2	0	0	0	0	0	0	0	0	0	0	0	0	0	0
2780	8 Mar 26	10:58:00	1	0	0	0	0	0	0	4	0	1	0	0	3	0	8	0	2	7	0	4	0	0	0	0	1	0	0	0	0	0	0	0	0	0	0	0	0	0	0
2781	8 Mar 26	10:59:00	1	0	0	0	0	0	0	5	0	0	0	0	9	2	6	0	0	6	0	3	0	1	0	0	0	0	0	0	0	0	0	0	0	0	0	0	3	0	0
2782	8 Mar 26	11:00:00	1	0	0	0	0	0	0	5	0	0	0	0	11	4	7	0	0	3	0	1	0	6	0	0	0	0	0	0	0	0	0	0	0	0	0	0	6	0	0
2783	8 Mar 26	11:01:00	1	0	0	0	0	0	0	2	0	0	0	0	8	0	11	0	0	0	0	0	0	2	0	0	0	0	0	0	0	0	0	0	0	0	0	0	2	0	0
2784	8 Mar 26	11:02:00	1	0	0	0	0	0	0	1	0	0	0	0	9	0	5	0	0	0	0	3	0	0	0	0	2	0	0	0	0	0	0	0	0	0	0	0	0	0	0
2785	8 Mar 26	11:03:00	1	0	0	0	0	0	0	4	0	0	0	0	6	3	8	0	0	0	0	3	0	2	2	0	0	0	0	0	0	0	0	0	0	0	0	0	1	0	0
2786	8 Mar 26	11:04:00	1	0	0	0	0	0	0	9	0	0	0	0	10	0	5	0	0	0	0	3	0	0	0	0	0	0	0	0	0	0	0	0	0	0	0	0	1	0	0
2787	8 Mar 26	11:05:00	1	0	0	0	0	0	0	6	0	1	0	0	9	3	7	0	0	0	0	0	0	0	0	0	2	0	0	0	0	0	0	0	0	0	0	0	0	0	0
2788	8 Mar 26	11:06:00	1	0	0	0	0	0	0	6	0	0	0	0	10	0	5	0	0	0	0	0	0	0	0	0	1	0	0	0	0	0	0	0	0	0	0	0	0	0	0
2789	8 Mar 26	11:07:00	1	0	0	0	0	0	0	6	0	5	0	0	8	0	3	0	0	0	0	0	2	0	0	0	4	0	0	0	0	0	0	0	0	0	0	0	0	0	0
2790	8 Mar 26	11:08:00	1	0	0	0	0	0	0	5	0	0	0	0	9	0	4	0	0	0	0	0	0	0	0	0	4	0	0	0	0	0	0	0	0	0	0	0	0	0	0
2791	8 Mar 26	11:09:00	1	0	0	0	0	0	0	1	0	1	0	0	11	0	10	0	0	0	0	0	0	0	0	0	0	0	0	0	0	0	0	0	0	0	0	0	0	0	0
2792	8 Mar 26	11:10:00	1	0	0	0	0	0	0	8	0	3	0	0	9	0	6	0	0	0	0	0	0	0	2	0	2	0	0	0	0	0	0	0	0	0	0	0	0	0	0
2793	8 Mar 26	11:11:00	1	0	0	0	0	0	0	5	0	0	0	0	3	0	2	0	0	0	0	0	0	0	4	0	4	0	0	0	0	0	0	0	0	0	0	0	0	0	0
2794	8 Mar 26	11:12:00	1	0	0	0	0	0	0	0	0	0	0	0	8	0	7	0	0	0	0	0	0	0	0	0	2	0	0	0	0	0	0	0	0	0	0	0	0	0	0
2795	8 Mar 26	11:13:00	1	0	0	0	0	0	0	4	0	0	0	0	5	0	6	0	1	0	0	0	0	0	0	0	4	0	0	0	0	0	0	0	0	0	0	0	10	0	0
2796	8 Mar 26	11:14:00	1	0	0	0	0	0	0	3	0	0	0	0	8	1	6	0	0	0	0	0	0	0	3	0	7	0	0	0	0	0	0	0	0	0	0	0	0	0	0
2797	8 Mar 26	11:15:00	1	0	0	0	0	0	0	4	0	2	0	0	11	1	8	1	0	0	0	0	0	0	1	0	4	0	2	0	0	2	0	1	0	0	0	0	1	0	0
