21	2 Mar 26	10:19:00	50	0	0	0	0	0	0	0	0	0	0	0	0	0	0	0	0	0	0	0	0	0	0	0	0	0	0	0	0	0	0	0	0	0	0	0	0	0	0
22	2 Mar 26	10:20:00	50	0	0	0	0	0	0	0	0	0	0	0	0	0	0	0	0	0	0	0	0	0	0	0	0	0	0	0	0	0	0	0	0	0	0	0	0	0	0
23	2 Mar 26	10:21:00	50	0	0	0	0	0	0	0	0	0	0	0	0	0	0	0	0	0	0	0	0	0	0	0	0	0	0	0	0	0	0	0	0	0	0	0	0	0	0
24	2 Mar 26	10:22:00	1	0	0	0	0	0	1	2	7	13	17	0	9	14	11	13	3	10	8	5	2	15	9	10	2	4	9	12	10	15	14	14	5	17	15	9	11	0	10
25	2 Mar 26	10:23:00	1	0	0	0	0	0	0	2	1	14	8	0	4	2	10	6	5	9	0	0	0	0	5	2	9	5	4	8	4	6	0	2	4	9	6	1	13	3	7
26	2 Mar 26	10:24:00	1	0	0	0	0	0	0	6	1	4	7	0	9	3	8	4	8	7	6	2	5	3	4	5	8	6	2	11	4	7	7	0	0	7	7	5	10	1	9
27	2 Mar 26	10:25:00	1	0	0	0	0	0	0	5	2	6	7	0	8	1	9	8	12	10	8	5	7	12	12	4	4	6	2	6	4	10	0	2	1	2	12	7	10	0	6
28	2 Mar 26	10:26:00	1	0	0	0	0	0	0	10	2	11	5	0	9	1	10	13	11	10	9	4	10	10	8	3	6	7	7	9	9	7	7	3	2	3	3	4	5	10	12
29	2 Mar 26	10:27:00	1	0	0	0	0	0	0	15	0	6	7	0	11	2	4	8	13	5	5	4	4	10	8	7	6	7	7	9	2	14	10	0	3	1	11	9	8	0	7
30	2 Mar 26	10:28:00	1	0	0	0	0	0	0	11	0	8	6	0	10	0	9	15	10	11	11	5	8	10	8	4	9	12	4	11	4	5	7	9	0	4	8	9	9	1	7
31	2 Mar 26	10:29:00	1	0	0	0	0	0	0	10	4	13	6	0	6	9	7	9	15	11	10	7	9	8	9	1	4	9	9	6	7	6	8	0	14	1	8	8	7	1	5
32	2 Mar 26	10:30:00	1	0	0	0	0	0	0	6	0	11	2	0	11	4	11	2	8	9	6	6	8	12	6	3	6	5	2	10	6	12	10	6	2	6	8	4	8	0	7
33	2 Mar 26	10:31:00	1	0	0	0	0	0	0	13	2	11	6	0	10	3	9	2	11	5	3	10	8	12	11	3	9	3	5	10	4	15	5	9	1	2	5	7	6	3	8
34	2 Mar 26	10:32:00	1	0	0	0	0	0	0	9	9	8	8	0	7	6	12	4	14	6	10	11	8	12	12	13	5	6	6	10	7	8	9	4	2	8	8	7	4	0	3
35	2 Mar 26	10:33:00	1	0	0	0	0	0	0	13	2	16	9	0	7	2	3	9	6	9	9	7	6	12	9	5	0	6	3	10	7	10	8	4	2	4	5	9	13	2	6
36	2 Mar 26	10:34:00	1	0	0	0	0	0	0	12	4	10	9	0	10	8	8	6	9	9	7	9	6	11	12	7	2	8	5	11	7	6	8	0	4	2	9	9	7	0	8
37	2 Mar 26	10:35:00	1	0	0	0	0	0	0	11	4	8	5	0	6	4	7	8	9	7	8	2	9	12	7	5	6	8	4	12	5	6	10	8	5	1	11	11	9	0	8
38	2 Mar 26	10:36:00	1	0	0	0	0	0	0	11	11	12	5	0	3	9	8	6	10	9	8	8	7	8	9	8	10	5	5	8	2	4	7	4	5	6	5	8	8	0	11
39	2 Mar 26	10:37:00	1	0	0	0	0	0	0	13	9	5	6	0	6	7	5	6	11	6	9	3	3	5	8	8	9	7	8	7	2	6	9	12	5	9	7	8	7	0	11
40	2 Mar 26	10:38:00	1	0	0	0	0	0	0	9	8	14	8	0	6	7	8	11	12	4	11	4	6	2	7	5	7	5	4	13	2	11	9	7	4	6	8	9	6	0	8
41	2 Mar 26	10:39:00	1	0	0	0	0	0	0	10	0	10	11	0	5	11	8	9	9	6	11	4	8	11	12	12	9	7	6	10	2	9	3	4	5	13	12	0	8	0	9
42	2 Mar 26	10:40:00	1	0	0	0	0	0	0	11	2	15	10	0	10	7	11	8	5	10	7	3	5	11	9	10	3	3	6	4	6	6	8	0	6	6	10	3	5	0	11
43	2 Mar 26	10:41:00	1	0	0	0	0	0	0	9	5	14	7	0	9	7	8	11	11	5	8	1	9	11	7	1	9	6	3	15	6	9	8	2	3	5	11	3	7	0	5
44	2 Mar 26	10:42:00	1	0	0	0	0	0	0	10	6	8	8	0	8	5	8	7	8	8	5	1	4	9	8	8	10	8	2	14	3	5	4	8	3	1	8	7	10	0	10
45	2 Mar 26	10:43:00	1	0	0	0	0	0	0	8	8	4	7	0	6	7	6	11	9	4	11	1	10	1	9	7	7	6	4	8	4	5	5	12	3	0	7	9	10	0	6
46	2 Mar 26	10:44:00	1	0	0	0	0	0	0	9	4	5	5	0	7	7	7	11	14	11	8	0	9	0	7	7	5	4	2	9	2	6	12	4	4	8	8	10	15	0	4
47	2 Mar 26	10:45:00	1	0	0	0	0	0	0	9	6	10	8	0	13	5	6	5	10	16	5	1	5	0	14	13	7	6	2	4	0	5	3	7	5	9	5	5	9	0	10
48	2 Mar 26	10:46:00	1	0	0	0	0	0	0	10	8	12	9	0	6	5	8	8	11	12	6	7	8	1	7	7	5	3	4	8	5	4	4	4	1	5	0	8	3	0	12
49	2 Mar 26	10:47:00	1	0	0	0	0	0	0	9	10	11	10	0	8	4	8	9	10	10	8	4	7	6	5	3	7	8	5	9	3	4	0	8	7	5	5	4	6	0	7
50	2 Mar 26	10:48:00	1	0	0	0	0	0	0	13	5	15	5	0	8	3	11	9	8	9	8	6	6	0	6	5	10	3	5	0	5	6	9	0	0	2	7	4	4	0	9
51	2 Mar 26	10:49:00	1	0	0	0	0	0	0	5	6	9	6	0	9	6	0	4	11	9	14	2	5	12	6	10	11	4	2	7	5	7	9	5	0	5	3	6	9	0	6
52	2 Mar 26	10:50:00	1	0	0	0	0	0	0	9	2	8	5	0	7	4	2	10	9	12	8	4	8	5	5	5	8	8	3	11	7	7	7	2	6	1	7	5	6	0	5
53	2 Mar 26	10:51:00	1	0	0	0	0	0	0	10	10	9	3	0	10	6	4	8	8	5	6	3	6	0	6	6	8	6	6	12	5	5	3	3	3	7	5	8	12	0	5
54	2 Mar 26	10:52:00	1	0	0	0	0	0	0	8	8	12	1	0	6	5	6	6	9	4	9	2	7	1	4	6	7	7	4	10	5	7	11	4	7	0	9	8	3	0	7
55	2 Mar 26	10:53:00	1	0	0	0	0	0	0	7	6	7	2	0	6	7	4	14	7	7	9	4	6	0	14	3	8	3	2	9	3	4	2	7	2	0	6	8	3	0	3
56	2 Mar 26	10:54:00	1	0	0	0	0	0	0	7	8	8	5	0	6	1	6	6	11	8	10	2	4	0	8	4	2	6	4	8	5	7	8	9	3	3	5	5	9	0	11
57	2 Mar 26	10:55:00	1	0	0	0	0	0	0	9	12	10	8	0	5	6	2	9	11	7	9	5	5	0	11	3	2	5	4	8	1	5	6	10	7	7	5	7	6	0	8
58	2 Mar 26	10:56:00	1	0	0	0	0	0	0	7	9	6	6	0	5	5	3	8	4	10	11	5	9	0	7	0	5	2	2	9	2	5	4	15	8	10	5	6	4	0	3
59	2 Mar 26	10:57:00	1	0	0	0	0	0	0	7	6	4	6	0	8	7	7	6	8	7	11	4	6	0	7	5	9	9	1	15	2	2	3	7	5	0	5	2	9	0	7
60	2 Mar 26	10:58:00	1	0	0	0	0	0	0	6	9	7	7	0	8	7	5	4	9	6	9	5	5	0	9	0	4	6	1	4	3	1	7	7	1	0	5	9	11	0	0
61	2 Mar 26	10:59:00	1	0	0	0	0	0	0	9	5	5	6	0	6	7	4	12	10	6	9	3	8	0	6	0	9	8	2	15	2	1	5	4	3	0	3	7	7	0	0
62	2 Mar 26	11:00:00	1	0	0	0	0	0	0	4	7	2	2	0	9	8	8	11	10	6	7	2	9	0	9	7	10	2	3	8	5	12	6	10	10	0	7	4	6	0	1
63	2 Mar 26	11:01:00	1	0	0	0	0	0	0	8	8	12	10	0	7	7	5	5	9	5	4	5	2	0	12	2	5	6	0	10	4	4	0	13	2	0	4	7	5	0	4
64	2 Mar 26	11:02:00	1	0	0	0	0	0	0	10	5	4	2	0	6	5	5	11	8	4	12	2	3	0	8	0	3	6	3	9	3	3	0	21	5	0	8	6	6	0	4
65	2 Mar 26	11:03:00	1	0	0	0	0	0	0	7	8	2	5	0	4	7	5	3	7	3	1	2	5	0	8	5	2	4	8	6	5	10	0	14	2	0	1	3	5	0	10
66	2 Mar 26	11:04:00	1	0	0	0	0	0	0	7	5	2	1	0	8	6	5	6	7	1	8	4	8	0	6	8	4	4	3	6	6	4	0	6	7	1	8	6	10	0	10
67	2 Mar 26	11:05:00	1	0	0	0	0	0	0	12	8	9	0	0	6	3	3	7	5	3	10	3	7	0	7	5	6	6	3	4	4	5	2	9	4	0	6	8	9	0	4
68	2 Mar 26	11:06:00	1	0	0	0	0	0	0	13	7	3	0	0	5	2	7	7	4	0	8	4	9	0	4	3	6	4	5	11	7	7	0	7	0	0	4	6	8	0	4
69	2 Mar 26	11:07:00	1	0	0	0	0	0	0	7	9	7	0	0	5	6	5	14	8	1	5	3	8	0	9	7	3	5	2	6	4	7	0	1	7	7	3	5	5	0	7
70	2 Mar 26	11:08:00	1	0	0	0	0	0	0	7	9	6	3	0	4	2	7	14	8	11	9	2	10	0	9	1	8	2	5	0	3	0	0	2	1	6	4	11	5	0	2
71	2 Mar 26	11:09:00	1	0	0	0	0	0	0	5	7	5	1	0	7	3	8	12	5	2	8	4	9	0	7	3	7	8	2	4	5	4	0	10	2	6	3	5	6	0	3
72	2 Mar 26	11:10:00	1	0	0	0	0	0	0	8	7	9	2	0	7	6	4	12	9	6	7	5	6	0	8	0	8	2	5	14	0	1	0	6	4	4	3	10	5	0	2
73	2 Mar 26	11:11:00	1	0	0	0	0	0	0	10	9	6	0	0	7	8	2	6	12	4	10	4	5	0	9	0	6	5	5	6	2	0	0	8	0	0	6	4	8	0	2
74	2 Mar 26	11:12:00	1	0	0	0	0	0	0	8	6	3	0	0	0	2	3	7	9	5	10	0	5	0	6	2	3	5	2	8	0	4	0	6	2	0	4	7	5	0	11
75	2 Mar 26	11:13:00	1	0	0	0	0	0	0	5	7	6	1	0	6	3	6	6	7	7	10	2	3	0	10	2	9	4	3	8	2	4	0	6	6	10	7	5	5	0	5
76	2 Mar 26	11:14:00	1	0	0	0	0	0	0	7	8	3	2	0	10	2	2	11	7	3	8	0	8	0	4	0	6	4	3	3	2	1	2	13	11	1	4	8	10	0	4
77	2 Mar 26	11:15:00	1	0	0	0	0	0	0	7	5	0	0	0	5	5	0	5	2	2	12	1	6	0	4	0	1	5	3	3	3	3	2	7	2	0	9	6	5	0	6
78	2 Mar 26	11:16:00	1	0	0	0	0	0	0	8	7	0	0	0	4	0	2	7	8	0	8	0	5	0	6	0	5	13	4	4	4	3	1	3	4	0	2	7	5	0	9
79	2 Mar 26	11:17:00	1	0	0	0	0	0	0	8	10	0	0	0	5	3	5	8	6	0	8	3	7	0	3	7	3	8	0	9	4	4	7	8	0	3	8	6	5	0	7
80	2 Mar 26	11:18:00	1	0	0	0	0	0	0	8	7	0	0	0	7	4	0	11	6	0	8	3	6	4	6	1	2	2	5	8	3	5	5	12	4	4	4	8	8	0	0
81	2 Mar 26	11:19:00	1	0	0	0	0	0	0	7	3	0	0	0	7	4	5	7	11	0	7	2	6	12	7	0	3	5	7	11	5	1	7	2	5	7	6	10	3	0	7
82	2 Mar 26	11:20:00	1	0	0	0	0	0	0	8	4	0	0	0	4	1	3	15	2	0	4	1	8	2	8	0	0	4	5	11	2	6	2	0	2	9	4	8	7	0	7
83	2 Mar 26	11:21:00	1	0	0	0	0	0	0	6	7	0	0	0	10	1	0	8	7	0	9	2	4	4	6	0	5	7	4	8	3	3	8	0	2	8	1	4	6	0	5
84	2 Mar 26	11:22:00	1	0	0	0	0	0	0	9	7	0	0	0	8	7	3	9	5	0	8	0	4	0	8	5	0	6	5	9	3	9	4	0	4	8	0	7	11	0	4
85	2 Mar 26	11:23:00	1	0	0	0	0	0	0	8	6	0	0	0	5	4	0	8	6	0	10	3	6	0	5	0	0	6	4	6	2	5	8	0	6	4	4	5	6	0	8
86	2 Mar 26	11:24:00	1	0	0	0	0	0	0	2	6	0	0	0	2	2	0	11	10	0	8	0	9	0	6	0	6	7	2	9	4	1	3	0	3	0	6	7	8	0	4
87	2 Mar 26	11:25:00	1	0	0	0	0	0	0	7	5	0	3	0	2	3	0	8	7	0	7	0	5	0	5	0	5	9	2	11	5	3	7	0	2	0	6	10	4	0	4
88	2 Mar 26	11:26:00	1	0	0	0	0	0	0	17	6	0	0	0	3	4	0	3	7	0	8	0	9	0	5	3	4	3	2	8	4	8	3	1	5	0	6	7	8	0	6
89	2 Mar 26	11:27:00	1	0	0	0	0	0	0	7	4	0	0	0	7	0	0	9	2	0	7	5	9	0	7	8	5	6	1	8	3	2	3	2	3	0	7	6	7	0	10
90	2 Mar 26	11:28:00	1	0	0	0	0	0	0	10	9	0	0	0	7	0	0	10	8	0	6	5	1	0	6	9	8	4	3	1	0	7	0	1	3	0	7	5	7	0	5
91	2 Mar 26	11:29:00	1	0	0	0	0	0	0	10	5	0	0	0	6	2	0	8	8	0	5	2	7	0	8	9	9	7	4	6	0	4	0	2	4	0	6	4	3	0	5
92	2 Mar 26	11:30:00	1	0	0	0	0	0	0	5	3	0	0	0	1	0	0	9	7	0	5	5	8	11	3	6	7	1	3	5	4	6	2	0	0	0	4	5	8	0	4
93	2 Mar 26	11:31:00	1	0	0	0	0	0	0	9	8	0	2	0	0	5	0	10	7	0	6	2	5	11	2	4	0	4	4	8	2	4	2	3	0	0	5	6	8	0	4
94	2 Mar 26	11:32:00	1	0	0	0	0	0	0	17	7	0	0	0	7	1	0	3	5	0	6	2	5	9	5	10	2	5	3	8	4	2	0	3	7	0	5	7	9	0	0
95	2 Mar 26	11:33:00	1	0	0	0	0	0	0	10	7	0	0	0	6	2	0	9	5	0	8	0	2	3	11	4	4	2	7	8	0	3	0	0	2	0	3	9	8	0	5
96	2 Mar 26	11:34:00	1	0	0	0	0	0	0	9	6	0	0	0	0	0	4	1	2	0	7	1	3	3	6	5	2	8	1	3	5	6	0	0	0	8	3	5	6	0	7
97	2 Mar 26	11:35:00	1	0	0	0	0	0	0	5	4	0	0	0	7	3	3	0	5	0	7	4	2	0	2	9	3	5	6	8	6	1	9	0	0	9	2	8	8	0	3
98	2 Mar 26	11:36:00	1	0	0	0	0	0	0	6	5	0	0	0	7	0	0	0	5	0	7	4	4	2	6	0	6	6	2	7	8	3	0	0	0	0	9	7	2	0	2
99	2 Mar 26	11:37:00	1	0	0	0	0	0	0	5	6	0	0	0	7	0	0	2	2	0	6	0	6	0	7	3	5	4	4	9	5	2	3	0	4	9	3	1	5	0	4
100	2 Mar 26	11:38:00	1	0	0	0	0	0	0	7	8	0	0	0	8	0	0	2	5	0	9	0	10	0	5	4	5	2	3	6	5	2	4	0	8	7	7	6	10	0	6
101	2 Mar 26	11:39:00	1	0	0	0	0	0	0	8	13	0	0	0	5	1	0	0	6	0	6	0	7	0	4	3	7	5	4	17	4	6	0	0	2	3	11	7	8	0	10
102	2 Mar 26	11:40:00	1	0	0	0	0	0	0	7	4	0	1	0	3	0	0	0	3	0	6	0	6	0	5	2	4	7	1	6	6	3	3	0	0	4	5	5	8	0	4
103	2 Mar 26	11:41:00	1	0	0	0	0	0	0	6	8	0	2	0	6	0	0	0	3	0	5	0	5	0	10	3	5	6	0	1	3	1	0	0	0	6	4	4	5	0	12
104	2 Mar 26	11:42:00	1	0	0	0	0	0	0	5	8	0	0	0	6	0	0	0	7	0	4	0	7	0	6	6	6	7	3	5	2	0	0	0	0	2	4	10	1	0	2
105	2 Mar 26	11:43:00	1	0	0	0	0	0	0	6	6	0	0	0	3	1	0	0	8	0	6	0	14	0	4	12	2	3	3	2	0	3	3	0	0	6	6	6	5	0	7
106	2 Mar 26	11:44:00	1	0	0	0	0	0	0	7	7	0	0	0	4	2	0	0	2	0	9	0	6	0	8	3	4	2	5	8	0	1	0	0	0	5	7	10	4	0	4
107	2 Mar 26	11:45:00	1	0	0	0	0	0	0	13	5	0	0	0	7	0	0	0	5	0	7	0	7	9	6	6	6	2	3	1	5	1	1	0	0	8	4	8	4	0	1
108	2 Mar 26	11:46:00	1	0	0	0	0	0	0	12	9	0	0	0	3	1	0	0	2	0	8	0	7	6	3	4	6	5	3	3	4	4	2	0	0	3	2	3	7	0	5
109	2 Mar 26	11:47:00	1	0	0	0	0	0	0	6	6	0	0	0	4	0	0	0	0	0	9	0	7	6	7	4	6	4	3	7	1	4	2	0	0	0	8	5	3	0	3
110	2 Mar 26	11:48:00	1	0	0	0	0	0	0	7	5	0	0	0	5	0	0	0	0	0	0	0	5	1	9	0	10	6	1	0	1	2	0	0	0	6	10	7	7	0	3
111	2 Mar 26	11:49:00	1	0	0	0	0	0	0	7	8	0	0	0	0	0	0	0	0	0	2	0	8	2	4	6	4	4	7	0	0	5	0	0	0	5	3	2	4	0	4
112	2 Mar 26	11:50:00	1	0	0	0	0	0	0	8	6	0	0	0	0	0	0	0	0	0	6	0	4	10	7	4	7	1	5	1	5	0	0	0	0	0	5	7	8	0	6
113	2 Mar 26	11:51:00	1	0	0	0	0	0	0	9	9	0	0	0	0	1	0	0	0	0	5	0	4	1	4	4	3	10	2	2	5	6	0	0	0	6	7	7	2	0	3
114	2 Mar 26	11:52:00	1	0	0	0	0	0	0	6	8	0	0	0	4	4	0	0	0	0	6	0	3	5	9	0	12	2	5	0	2	5	0	0	0	1	5	6	6	0	7
115	2 Mar 26	11:53:00	1	0	0	0	0	0	0	5	4	0	0	0	2	3	0	0	0	0	3	0	4	2	4	1	4	4	5	0	1	5	0	0	0	8	6	6	5	0	4
116	2 Mar 26	11:54:00	1	0	0	0	0	0	0	7	8	0	0	0	3	1	0	0	0	0	6	0	1	2	4	3	5	5	3	0	2	5	0	0	0	5	5	9	3	0	2
117	2 Mar 26	11:55:00	1	0	0	0	0	0	0	13	8	0	0	0	3	0	6	0	0	0	5	0	2	0	5	8	4	3	6	0	2	3	0	0	0	4	2	11	5	0	3
118	2 Mar 26	11:56:00	1	0	0	0	0	0	0	5	8	0	0	0	3	0	0	0	0	0	4	0	7	0	6	5	5	7	3	0	6	4	0	0	0	3	4	7	7	0	1
119	2 Mar 26	11:57:00	1	0	0	0	0	0	0	8	5	0	0	0	5	10	7	0	3	0	6	0	5	0	7	1	0	6	4	0	1	4	0	0	0	5	2	8	0	0	8
120	2 Mar 26	11:58:00	1	0	0	0	0	0	0	11	6	0	0	0	2	6	4	0	9	0	6	0	12	0	4	4	0	5	7	0	5	6	0	0	0	1	6	6	5	0	1
121	2 Mar 26	11:59:00	1	0	0	0	0	0	0	9	10	0	0	0	1	7	0	0	1	0	6	0	3	0	4	5	5	7	1	0	2	5	0	0	0	0	6	3	7	0	4
122	2 Mar 26	12:00:00	1	0	0	0	0	0	0	7	7	0	0	0	8	7	0	0	3	0	5	0	8	0	6	0	7	6	3	0	3	5	0	0	0	3	5	3	8	0	3
123	2 Mar 26	12:01:00	1	0	0	0	0	0	0	11	6	0	0	0	3	3	0	0	2	0	8	0	5	0	5	0	8	2	4	0	4	5	0	0	0	1	7	1	8	0	16
124	2 Mar 26	12:02:00	1	0	0	0	0	0	0	8	7	0	0	0	3	4	0	0	0	0	5	0	5	0	3	0	8	6	4	3	2	3	0	0	0	7	10	6	3	0	8
125	2 Mar 26	12:03:00	1	0	0	0	0	0	0	8	5	0	0	0	5	6	0	0	0	0	6	0	6	1	7	0	6	3	2	2	1	3	0	0	0	0	4	8	5	0	7
126	2 Mar 26	12:04:00	1	0	0	0	0	0	0	6	7	0	0	0	4	5	0	0	0	0	0	0	5	11	4	1	6	3	1	0	3	0	0	0	0	4	6	10	6	0	6
127	2 Mar 26	12:05:00	1	0	0	0	0	0	0	5	8	0	0	0	0	7	0	0	0	0	4	0	6	5	6	4	2	4	3	0	4	3	0	0	0	0	3	9	2	0	5
128	2 Mar 26	12:06:00	1	0	0	0	0	0	0	5	6	0	0	0	0	8	0	0	0	0	6	0	6	4	5	3	2	9	3	0	2	7	0	0	0	5	3	4	9	0	7
129	2 Mar 26	12:07:00	1	0	0	0	0	0	0	9	4	0	0	0	1	5	0	0	0	0	6	0	0	0	5	0	9	4	2	2	0	7	0	0	0	4	7	3	6	0	0
130	2 Mar 26	12:08:00	1	0	0	0	0	0	0	10	8	0	0	0	2	7	0	0	0	0	0	0	0	0	6	6	6	3	4	2	2	0	0	0	0	2	6	5	3	0	6
131	2 Mar 26	12:09:00	1	0	0	0	0	0	0	4	8	0	0	0	3	9	0	0	0	0	0	0	0	2	5	0	1	7	1	4	6	0	0	0	0	8	7	8	12	0	9
132	2 Mar 26	12:10:00	1	0	0	0	0	0	0	7	3	0	0	0	0	3	0	0	0	0	6	0	3	0	0	2	5	6	1	0	4	0	0	0	0	1	5	2	5	0	8
133	2 Mar 26	12:11:00	1	0	0	0	0	0	0	4	8	0	0	0	0	4	0	0	1	0	4	0	6	0	0	2	6	3	6	5	1	3	0	0	0	7	5	0	5	0	8
134	2 Mar 26	12:12:00	1	0	0	0	0	0	0	9	9	0	0	0	0	7	0	0	2	0	7	0	4	0	0	5	3	4	4	1	0	5	3	0	0	4	6	5	8	0	4
135	2 Mar 26	12:13:00	1	0	0	0	0	0	0	6	7	0	0	0	3	8	0	0	1	0	7	0	8	4	2	2	6	2	2	3	2	3	5	0	0	0	5	6	9	0	7
136	2 Mar 26	12:14:00	1	0	0	0	0	0	0	8	11	0	0	0	0	4	0	0	0	0	6	0	7	1	1	8	5	2	1	0	3	4	5	0	0	4	7	9	4	0	2
137	2 Mar 26	12:15:00	1	0	0	0	0	0	0	6	8	0	0	0	0	6	0	0	0	0	4	0	4	3	6	2	2	2	1	0	1	6	0	0	0	5	0	8	11	0	4
138	2 Mar 26	12:16:00	1	0	0	0	0	0	0	11	8	0	0	0	0	5	0	0	3	0	6	0	7	0	1	0	5	6	1	0	3	0	0	0	0	0	1	6	5	0	5
139	2 Mar 26	12:17:00	1	0	0	0	0	0	0	6	7	0	0	0	0	6	0	0	1	0	7	0	5	0	0	7	4	5	2	0	4	7	0	0	0	2	2	3	5	0	7
140	2 Mar 26	12:18:00	1	0	0	0	0	0	0	8	7	0	1	0	0	9	0	0	0	0	4	0	4	0	0	14	8	4	3	0	1	3	4	0	0	2	3	3	4	0	1
141	2 Mar 26	12:19:00	1	0	0	0	0	0	0	6	6	0	1	0	0	2	0	0	0	0	8	0	4	0	2	4	5	5	2	0	2	6	7	0	0	3	7	7	11	0	1
142	2 Mar 26	12:20:00	1	0	0	0	0	0	0	4	7	0	6	0	0	0	0	0	3	0	7	0	3	0	0	0	3	6	8	0	4	1	3	0	0	6	8	9	7	0	2
143	2 Mar 26	12:21:00	1	0	0	0	0	0	0	2	8	0	0	0	4	5	0	0	0	0	7	0	7	0	1	2	4	4	1	0	1	5	5	0	0	2	5	4	5	0	0
144	2 Mar 26	12:22:00	1	0	0	0	0	0	0	10	5	0	0	0	0	4	0	0	1	0	6	0	4	0	0	6	5	2	1	0	6	0	0	0	0	8	6	5	4	0	0
145	2 Mar 26	12:23:00	1	0	0	0	0	0	0	7	6	0	2	0	0	8	0	0	4	0	6	0	6	0	1	4	3	4	7	0	2	0	0	0	0	7	6	6	3	0	3
146	2 Mar 26	12:24:00	1	0	0	0	0	0	0	6	7	0	1	0	0	1	0	0	0	0	2	0	2	4	4	3	5	6	3	0	2	0	0	0	0	8	5	3	5	0	2
147	2 Mar 26	12:25:00	1	0	0	0	0	0	0	9	8	0	0	0	0	4	0	0	2	0	3	0	0	5	10	1	7	4	2	0	1	0	0	0	0	12	5	5	5	0	1
148	2 Mar 26	12:26:00	1	0	0	0	0	0	0	5	6	0	0	0	0	3	0	0	0	0	0	0	4	4	3	3	1	2	0	10	1	0	0	0	0	7	4	3	2	0	2
149	2 Mar 26	12:27:00	1	0	0	0	0	0	0	7	7	0	0	0	0	6	0	0	2	0	0	0	7	5	0	6	10	1	0	0	3	0	0	0	0	10	3	7	6	0	9
150	2 Mar 26	12:28:00	1	0	0	0	0	0	0	8	3	0	0	0	0	4	0	0	6	0	0	0	5	2	2	8	9	4	1	0	1	0	0	0	0	10	6	0	8	0	3
151	2 Mar 26	12:29:00	1	0	0	0	0	0	0	7	6	0	0	0	0	5	3	0	5	0	0	0	6	0	0	4	4	0	1	0	0	0	0	0	0	4	2	0	8	0	5
152	2 Mar 26	12:30:00	1	0	0	0	0	0	0	7	7	0	0	0	0	7	1	0	5	6	0	0	3	0	0	10	6	3	5	0	0	0	0	0	0	8	3	0	6	0	4
153	2 Mar 26	12:31:00	1	0	0	0	0	0	0	5	6	0	0	0	0	5	5	0	4	6	0	0	4	0	0	4	6	2	1	0	3	0	0	0	0	8	6	0	8	0	0
154	2 Mar 26	12:32:00	1	0	0	0	0	0	0	4	5	0	0	0	0	7	2	0	6	8	0	0	6	0	0	4	4	6	1	0	0	0	0	0	0	9	6	0	7	0	0
155	2 Mar 26	12:33:00	1	0	0	0	0	0	0	2	8	0	2	0	0	3	3	0	3	12	0	0	4	0	0	2	8	5	0	0	0	0	0	0	0	10	2	0	4	0	0
156	2 Mar 26	12:34:00	1	0	0	0	0	0	0	6	7	0	0	0	0	6	6	0	9	5	0	0	3	0	0	7	6	6	3	0	3	0	0	0	0	7	4	0	8	0	0
157	2 Mar 26	12:35:00	1	0	0	0	0	0	0	6	4	0	4	0	0	6	0	0	3	4	0	0	7	0	0	3	3	4	1	0	2	0	0	0	0	5	4	0	6	0	0
158	2 Mar 26	12:36:00	1	0	0	0	0	0	0	9	7	0	4	0	0	4	1	0	4	2	1	0	0	2	0	1	7	3	2	0	2	0	0	0	0	6	2	0	2	0	2
159	2 Mar 26	12:37:00	1	0	0	0	0	0	0	7	7	0	0	0	0	4	9	0	3	0	3	0	0	0	0	6	6	5	2	0	0	0	0	0	0	9	4	0	13	0	0
160	2 Mar 26	12:38:00	1	0	0	0	0	0	0	5	5	0	7	0	0	2	6	0	7	8	4	0	0	0	0	4	2	5	1	0	0	0	0	0	0	7	8	0	5	0	0
161	2 Mar 26	12:39:00	1	0	0	0	0	0	0	6	8	0	2	0	0	4	5	0	7	5	9	0	0	0	0	5	4	7	3	0	0	0	0	0	0	7	8	0	9	0	0
162	2 Mar 26	12:40:00	1	0	0	0	0	0	0	6	6	0	0	0	0	4	5	0	6	1	8	0	4	0	0	6	3	1	4	0	0	0	0	0	0	11	0	0	11	0	0
163	2 Mar 26	12:41:00	1	0	0	0	0	0	0	6	7	0	0	0	0	8	9	0	5	11	7	0	2	0	0	7	7	5	4	0	0	0	0	0	0	7	8	0	9	0	0
164	2 Mar 26	12:42:00	1	0	0	0	0	0	0	9	7	0	0	0	0	3	3	0	4	7	8	0	0	2	0	9	0	2	4	0	0	0	0	0	0	8	8	0	6	0	0
165	2 Mar 26	12:43:00	1	0	0	0	0	0	0	6	6	0	0	0	0	3	2	0	0	7	7	0	0	0	0	8	0	6	0	0	0	0	0	0	0	7	0	0	1	0	0
166	2 Mar 26	12:44:00	1	0	0	0	0	0	0	8	8	0	0	0	0	3	3	0	6	6	10	0	6	0	0	3	3	0	2	0	0	0	0	0	0	7	0	0	6	0	0
167	2 Mar 26	12:45:00	1	0	0	0	0	0	0	6	5	0	0	0	0	3	5	0	8	6	8	0	6	0	0	7	0	4	1	2	1	0	0	0	0	9	4	0	6	0	0
168	2 Mar 26	12:46:00	1	0	0	0	0	0	0	4	9	0	2	0	2	4	6	0	7	6	9	0	6	0	0	7	0	7	3	0	0	0	0	0	0	4	4	0	6	0	0
169	2 Mar 26	12:47:00	1	0	0	0	0	0	0	7	6	0	1	0	1	5	3	0	6	10	6	0	7	0	0	6	0	0	2	0	3	0	3	0	0	6	10	0	3	0	0
170	2 Mar 26	12:48:00	1	0	0	0	0	0	0	9	0	0	0	0	0	5	4	0	3	8	5	0	7	0	0	6	7	6	3	0	0	0	5	0	0	1	5	0	6	0	0
171	2 Mar 26	12:49:00	1	0	0	0	0	0	0	8	6	0	0	0	0	3	1	0	5	7	5	0	4	0	0	4	3	4	4	0	0	0	3	0	0	6	7	0	4	0	0
172	2 Mar 26	12:50:00	1	0	0	0	0	0	0	7	7	0	0	0	3	6	2	0	5	7	8	0	5	0	0	3	2	1	4	0	2	0	0	0	15	8	6	0	8	0	0
173	2 Mar 26	12:51:00	1	0	0	0	0	0	0	4	7	0	0	0	0	7	4	0	5	8	9	0	9	0	0	0	6	5	4	0	2	0	1	0	10	3	4	0	6	0	0
174	2 Mar 26	12:52:00	1	0	0	0	0	0	0	5	9	0	0	0	3	3	6	0	7	5	9	0	4	0	0	3	0	1	1	0	0	0	5	0	5	4	1	0	7	0	0
175	2 Mar 26	12:53:00	1	0	0	0	0	0	0	8	9	0	1	0	4	3	7	0	2	7	6	0	4	0	0	0	8	0	6	0	2	0	6	0	2	2	4	0	8	0	0
176	2 Mar 26	12:54:00	1	0	0	0	0	0	0	9	5	0	1	0	0	6	4	0	2	6	8	0	1	0	0	6	1	4	4	0	8	0	2	0	0	4	4	0	8	0	0
177	2 Mar 26	12:55:00	1	0	0	0	0	0	0	5	4	0	2	0	0	2	6	0	4	4	9	0	4	0	0	0	8	3	3	9	3	0	6	0	2	8	3	0	9	0	0
178	2 Mar 26	12:56:00	1	0	0	0	0	0	0	5	5	0	2	0	2	3	4	0	4	7	7	0	10	0	0	0	2	7	3	0	3	0	0	0	0	5	2	0	8	0	0
179	2 Mar 26	12:57:00	1	0	0	0	0	0	0	5	6	0	3	0	2	5	5	0	7	5	7	0	5	0	0	0	4	3	0	0	2	0	0	0	9	5	0	0	6	0	0
180	2 Mar 26	12:58:00	1	0	0	0	0	0	0	6	8	0	0	0	0	5	7	0	3	0	8	0	7	0	0	0	5	3	0	2	0	0	0	0	7	6	0	0	7	0	0
181	2 Mar 26	12:59:00	1	0	0	0	0	0	0	4	6	0	2	0	4	7	3	0	4	0	8	0	0	0	0	3	4	3	0	0	0	0	0	0	1	10	1	0	7	0	0
182	2 Mar 26	13:00:00	1	0	0	0	0	0	0	5	7	0	0	0	2	5	5	0	4	0	5	0	8	0	3	3	6	7	3	0	0	0	0	0	0	6	0	0	8	0	9
183	2 Mar 26	13:01:00	1	0	0	0	0	0	0	7	5	0	0	0	3	7	3	0	7	0	7	0	3	6	1	2	3	2	2	0	2	0	0	0	0	7	0	0	8	0	9
184	2 Mar 26	13:02:00	1	0	0	0	0	0	0	8	9	0	0	0	0	6	5	0	4	0	6	0	0	4	10	6	3	1	2	0	3	0	0	0	0	4	0	0	7	0	9
185	2 Mar 26	13:03:00	1	0	0	0	0	0	0	7	6	0	0	0	3	5	5	0	2	0	6	0	0	4	6	4	4	2	5	0	0	0	0	0	2	4	0	0	7	0	7
186	2 Mar 26	13:04:00	1	0	0	0	0	0	0	10	6	0	0	0	0	6	1	0	4	0	6	0	1	3	6	0	4	0	2	0	0	0	0	0	2	2	0	0	9	0	4
187	2 Mar 26	13:05:00	1	0	0	0	0	0	0	9	5	0	0	0	0	3	2	0	6	0	4	0	0	0	5	3	0	1	2	0	0	0	0	0	0	8	0	0	7	0	5
188	2 Mar 26	13:06:00	1	0	0	0	0	0	0	10	9	0	0	0	3	7	9	3	6	0	7	0	0	3	5	0	5	2	1	0	0	0	0	0	2	9	0	0	6	0	5
189	2 Mar 26	13:07:00	1	0	0	0	0	0	0	7	2	0	0	0	3	7	8	2	7	0	5	0	0	2	6	5	5	5	1	0	0	0	0	0	2	9	0	0	6	0	3
190	2 Mar 26	13:08:00	1	0	0	0	0	0	0	7	6	0	0	0	0	4	7	0	7	0	8	0	0	0	1	0	6	3	0	0	0	0	4	0	0	5	0	0	4	1	6
191	2 Mar 26	13:09:00	1	0	0	0	0	0	0	7	6	0	0	0	0	5	7	0	6	0	7	0	0	0	5	0	4	5	2	0	2	0	3	0	0	8	0	0	3	0	4
192	2 Mar 26	13:10:00	1	0	0	0	0	0	0	5	2	0	0	0	6	2	3	0	7	0	8	0	0	0	6	0	3	1	0	0	3	0	0	0	0	8	0	0	5	0	4
193	2 Mar 26	13:11:00	1	0	0	0	0	0	0	6	5	0	1	0	8	2	4	0	6	0	8	1	0	0	8	0	7	0	1	0	4	0	0	0	0	3	4	0	5	0	5
194	2 Mar 26	13:12:00	1	0	0	0	0	0	0	6	8	0	1	0	8	5	5	0	3	0	8	0	0	0	8	0	3	3	2	0	2	0	0	0	0	5	0	0	6	0	3
195	2 Mar 26	13:13:00	1	0	0	0	0	0	0	8	2	0	0	0	8	3	5	0	3	0	8	1	0	0	8	1	7	5	2	0	0	0	0	0	0	10	0	0	4	0	7
196	2 Mar 26	13:14:00	1	0	0	0	0	0	0	7	6	0	0	0	6	4	7	0	4	0	7	1	0	0	6	1	8	0	4	0	0	0	0	0	0	10	0	0	6	0	0
197	2 Mar 26	13:15:00	1	0	0	0	0	0	0	8	6	0	0	0	9	4	8	0	10	0	8	0	0	0	9	2	2	8	4	0	0	0	0	0	0	3	0	0	8	0	6
198	2 Mar 26	13:16:00	1	0	0	0	0	0	0	6	5	0	0	0	6	7	4	0	2	0	8	1	0	0	7	0	1	3	0	0	0	0	5	0	0	5	0	0	6	0	5
199	2 Mar 26	13:17:00	1	0	0	0	0	0	0	9	6	0	0	0	6	10	5	0	7	0	9	0	0	0	4	5	0	0	4	0	0	0	0	0	0	0	0	0	5	0	8
200	2 Mar 26	13:18:00	1	0	0	0	0	0	0	7	6	0	0	0	6	5	7	0	9	0	7	0	0	0	5	2	0	3	0	2	0	0	0	0	0	0	0	0	5	0	7
201	2 Mar 26	13:19:00	1	0	0	0	0	0	0	10	5	0	0	0	4	8	6	0	5	0	9	0	0	0	6	5	4	2	4	0	0	0	0	0	0	0	0	0	2	0	4
202	2 Mar 26	13:20:00	1	0	0	0	0	0	0	8	4	0	0	0	2	3	3	0	0	0	8	0	0	0	7	0	4	1	1	0	0	0	0	0	0	0	0	0	4	0	4
203	2 Mar 26	13:21:00	1	0	0	0	0	0	0	5	7	0	0	0	7	2	0	0	4	0	9	0	2	0	4	0	3	1	1	0	0	0	0	0	0	0	0	0	7	0	5
204	2 Mar 26	13:22:00	1	0	0	0	0	0	0	8	6	0	0	0	7	2	0	0	5	2	9	0	0	0	8	0	3	6	4	0	0	0	0	0	0	0	0	0	9	0	7
205	2 Mar 26	13:23:00	1	0	0	0	0	0	0	10	4	0	0	0	6	7	0	0	6	0	8	0	0	5	4	0	3	2	0	0	0	0	0	0	0	12	0	0	4	0	4
206	2 Mar 26	13:24:00	1	0	0	0	0	0	0	9	2	0	1	0	5	8	1	0	4	0	9	0	0	3	4	0	4	4	3	0	0	0	0	0	0	4	0	0	6	0	4
207	2 Mar 26	13:25:00	1	0	0	0	0	0	0	7	5	0	1	0	5	3	0	0	7	0	9	0	0	4	5	0	4	0	1	0	0	0	0	0	0	17	0	0	8	0	2
208	2 Mar 26	13:26:00	1	0	0	0	0	0	0	4	5	0	0	0	1	4	2	0	5	0	7	0	0	0	6	0	7	6	0	0	0	0	0	0	0	6	0	0	0	0	5
209	2 Mar 26	13:27:00	1	0	0	0	0	0	0	7	9	0	0	0	5	0	6	0	3	0	9	0	0	0	4	0	5	4	6	0	0	0	2	0	0	0	0	0	7	0	5
210	2 Mar 26	13:28:00	1	0	0	0	0	0	0	7	4	0	0	0	4	5	6	0	2	0	6	0	0	0	4	0	4	3	6	0	0	0	3	0	0	0	0	0	2	0	0
211	2 Mar 26	13:29:00	1	0	0	0	0	0	0	9	7	0	0	0	5	4	5	0	6	4	6	0	0	0	5	1	5	2	0	0	0	0	3	0	0	0	0	0	8	0	0
212	2 Mar 26	13:30:00	1	0	0	0	0	0	0	0	5	0	0	0	1	5	2	0	9	0	4	0	0	0	3	0	2	3	7	0	0	0	5	0	0	1	0	0	2	0	0
213	2 Mar 26	13:31:00	1	0	0	0	0	0	0	1	5	0	0	0	0	4	5	0	4	12	8	0	0	0	5	0	0	3	0	0	0	0	5	0	0	9	0	0	0	0	0
214	2 Mar 26	13:32:00	1	0	0	0	0	0	0	5	5	0	0	0	5	3	5	0	0	8	4	0	0	0	1	0	0	5	5	0	0	0	6	0	0	0	0	0	2	0	5
215	2 Mar 26	13:33:00	1	0	0	0	0	0	0	6	5	0	0	0	7	0	5	0	4	8	9	0	0	0	8	1	0	5	3	0	0	0	3	0	0	0	0	0	3	0	3
216	2 Mar 26	13:34:00	1	0	0	0	0	0	0	7	5	0	0	0	8	6	4	0	5	3	7	0	0	0	5	2	3	6	3	0	0	0	5	0	0	0	0	0	3	0	6
217	2 Mar 26	13:35:00	1	0	0	0	0	0	0	6	4	0	0	0	6	2	3	0	4	2	6	0	0	2	2	0	4	3	2	0	0	0	3	0	0	0	0	0	6	0	4
218	2 Mar 26	13:36:00	1	0	0	0	0	0	0	8	4	0	0	0	7	0	3	0	3	0	8	0	0	0	5	0	7	2	2	0	0	0	0	0	0	9	0	0	6	0	0
219	2 Mar 26	13:37:00	1	0	0	0	0	0	0	7	4	0	0	0	5	2	0	0	0	0	8	0	0	0	5	0	6	1	0	3	0	0	0	0	0	3	0	0	4	0	0
220	2 Mar 26	13:38:00	1	0	0	0	0	0	0	8	1	0	0	0	4	0	4	0	0	0	9	0	0	0	2	0	6	5	2	2	0	0	0	0	0	5	0	0	5	0	0
221	2 Mar 26	13:39:00	1	0	0	0	0	0	0	8	3	0	0	0	2	0	1	0	0	0	6	0	0	0	4	0	4	0	4	4	0	0	2	0	0	2	0	0	12	0	0
222	2 Mar 26	13:40:00	1	0	0	0	0	0	0	6	8	0	3	0	2	0	5	0	0	0	3	0	0	0	9	0	6	0	7	2	0	0	4	0	0	0	0	0	4	0	1
223	2 Mar 26	13:41:00	1	0	0	0	0	0	0	8	7	0	2	0	6	0	2	0	0	0	8	0	0	0	4	0	6	4	4	0	0	0	5	0	0	0	0	0	3	0	1
224	2 Mar 26	13:42:00	1	0	0	0	0	0	0	4	7	0	2	0	4	0	0	0	4	0	8	0	0	0	5	0	5	4	2	0	0	0	6	0	0	0	0	0	5	0	0
225	2 Mar 26	13:43:00	1	0	0	0	0	0	0	9	7	0	1	0	3	0	0	0	0	4	8	0	0	0	8	0	4	0	2	1	0	0	0	0	0	2	0	0	6	0	0
226	2 Mar 26	13:44:00	1	0	0	0	0	0	0	5	6	0	2	0	7	0	0	0	0	1	8	0	0	0	1	0	4	3	4	0	0	0	0	0	0	5	0	0	4	0	0
227	2 Mar 26	13:45:00	1	0	0	0	0	0	0	6	7	0	0	0	5	0	0	0	3	12	9	0	0	6	2	0	0	2	0	0	0	0	3	0	0	2	0	0	8	0	0
228	2 Mar 26	13:46:00	1	0	0	0	0	0	0	6	8	0	0	0	4	0	2	0	3	6	8	0	0	6	6	0	7	3	0	0	0	0	0	0	0	2	0	0	7	0	0
229	2 Mar 26	13:47:00	1	0	0	0	0	0	0	6	4	0	3	0	0	0	6	0	3	8	8	0	4	8	2	0	5	5	0	0	0	0	0	0	0	6	0	0	7	0	0
230	2 Mar 26	13:48:00	1	0	0	0	0	0	0	4	6	0	6	0	0	0	4	0	3	3	8	0	4	8	4	0	4	5	0	0	0	0	0	0	0	4	0	0	2	0	0
231	2 Mar 26	13:49:00	1	0	0	0	0	0	0	4	4	0	8	0	4	0	6	0	4	5	8	0	3	7	6	2	2	2	4	0	0	0	0	0	0	8	0	0	8	0	0
232	2 Mar 26	13:50:00	1	0	0	0	0	0	0	6	5	0	7	0	6	0	2	0	6	0	8	0	4	7	5	1	0	4	0	0	0	0	0	0	0	2	0	0	6	0	0
233	2 Mar 26	13:51:00	1	0	0	0	0	0	0	5	4	0	6	0	2	0	2	0	5	0	11	0	1	10	6	2	1	3	4	0	0	0	0	0	0	7	0	0	8	0	0
234	2 Mar 26	13:52:00	1	0	0	0	0	0	0	12	8	0	9	0	0	0	3	0	0	2	9	0	4	6	7	0	6	2	2	0	0	0	3	0	0	7	0	0	5	0	0
235	2 Mar 26	13:53:00	1	0	0	0	0	0	0	5	8	0	8	0	3	0	4	0	2	9	9	0	5	8	3	8	6	0	0	0	0	0	0	0	0	3	6	0	10	0	2
236	2 Mar 26	13:54:00	1	0	0	0	0	0	0	7	5	0	4	0	4	0	2	0	4	7	11	0	5	0	4	6	2	0	1	0	0	0	7	0	0	2	3	0	11	0	6
237	2 Mar 26	13:55:00	1	0	0	0	0	0	0	5	6	0	10	0	7	2	2	0	6	3	8	0	7	0	6	1	0	3	0	0	0	0	0	0	0	7	2	0	5	0	7
238	2 Mar 26	13:56:00	1	0	0	0	0	0	0	7	7	0	7	0	7	0	0	0	0	7	8	0	8	0	8	4	0	0	4	1	0	0	0	0	0	6	0	0	3	0	8
239	2 Mar 26	13:57:00	1	0	0	0	0	0	0	5	1	0	10	0	5	0	0	0	2	5	8	0	5	4	5	0	3	3	3	0	0	0	2	0	0	6	0	0	7	0	4
240	2 Mar 26	13:58:00	1	0	0	0	0	0	0	4	4	0	9	0	3	0	2	0	0	8	7	0	5	0	5	4	3	0	4	2	0	0	1	0	0	0	0	0	8	0	2
241	2 Mar 26	13:59:00	1	0	0	0	0	0	0	7	6	0	5	0	0	0	2	0	7	11	7	0	4	0	4	0	3	4	0	0	0	0	0	0	0	4	0	0	10	0	0
242	2 Mar 26	14:00:00	1	0	0	0	0	0	0	1	6	0	8	0	0	0	3	4	1	11	5	0	7	0	5	0	2	3	0	0	0	0	0	0	0	7	0	0	9	0	2
243	2 Mar 26	14:01:00	1	0	0	0	0	0	0	4	5	0	7	0	0	0	4	6	0	9	6	0	6	0	2	2	4	4	0	0	0	0	0	0	0	7	0	0	6	0	1
244	2 Mar 26	14:02:00	1	0	0	0	0	0	0	4	8	0	4	0	0	0	2	0	0	9	7	0	8	0	5	9	6	3	1	0	0	0	0	0	0	5	0	0	7	0	2
245	2 Mar 26	14:03:00	1	0	0	0	0	0	0	5	7	0	5	0	4	0	0	2	0	6	3	0	4	0	6	4	5	0	0	0	1	2	0	0	7	4	0	0	8	0	0
246	2 Mar 26	14:04:00	1	0	0	0	0	0	0	4	5	0	6	0	6	0	0	7	0	8	5	0	3	0	2	5	3	0	0	0	0	0	0	0	36	8	0	0	9	0	0
247	2 Mar 26	14:05:00	1	0	0	0	0	0	0	10	4	0	4	0	0	0	2	9	0	7	7	0	8	0	4	5	7	0	2	0	4	0	0	0	7	9	0	0	5	0	0
248	2 Mar 26	14:06:00	1	0	0	0	0	0	0	8	8	0	5	0	4	0	2	15	0	7	3	0	5	0	4	7	2	0	0	0	0	0	0	0	2	9	0	0	6	0	0
249	2 Mar 26	14:07:00	1	0	0	0	0	0	0	11	4	0	3	0	4	0	2	6	0	10	3	0	2	0	8	5	0	3	3	0	0	0	0	0	2	10	0	0	14	0	0
250	2 Mar 26	14:08:00	1	0	0	0	0	0	0	5	6	0	8	0	5	0	3	4	0	13	7	0	7	0	5	8	5	8	3	0	0	0	0	0	0	8	0	0	2	0	0
251	2 Mar 26	14:09:00	1	0	0	0	0	0	0	8	4	0	4	0	2	0	3	7	0	8	6	0	5	0	3	4	4	6	1	2	0	13	0	0	0	6	0	0	0	0	0
252	2 Mar 26	14:10:00	1	0	0	0	0	0	0	8	6	0	7	0	3	0	4	4	0	4	8	0	7	0	4	4	4	0	1	5	0	1	0	0	3	5	0	0	5	0	0
253	2 Mar 26	14:11:00	1	0	0	0	0	0	0	8	2	0	6	0	11	0	1	7	0	6	11	0	5	0	6	5	7	2	3	0	0	0	0	0	0	2	0	0	3	0	0
254	2 Mar 26	14:12:00	1	0	0	0	0	0	0	6	6	0	9	0	11	0	2	5	0	8	5	0	6	0	5	6	2	4	3	0	0	2	3	0	3	4	0	0	5	0	0
255	2 Mar 26	14:13:00	1	0	0	0	0	0	0	5	5	0	10	0	4	0	0	8	0	4	5	0	6	0	7	7	4	0	2	0	0	2	3	0	0	10	0	0	3	0	0
256	2 Mar 26	14:14:00	1	0	0	0	0	0	0	6	7	0	10	0	7	0	0	9	0	4	3	0	7	0	5	6	7	0	2	0	0	0	0	0	1	9	0	0	3	0	0
257	2 Mar 26	14:15:00	1	0	0	0	0	0	0	1	6	0	4	0	4	0	0	7	0	2	5	0	7	0	7	8	3	3	0	0	0	1	0	0	2	2	0	0	6	0	0
258	2 Mar 26	14:16:00	1	0	0	0	0	0	0	0	4	0	5	0	5	0	4	5	0	9	7	0	8	0	4	0	3	0	2	0	0	1	0	0	2	0	0	0	3	0	0
259	2 Mar 26	14:17:00	1	0	0	0	0	0	0	6	4	0	6	0	7	0	2	10	0	7	9	0	4	0	4	2	3	0	2	0	0	0	0	0	10	6	1	0	5	0	0
260	2 Mar 26	14:18:00	1	0	0	0	0	0	0	2	5	0	6	0	4	0	3	6	0	6	7	0	7	0	3	2	7	0	2	0	0	0	0	0	0	0	0	0	6	0	0
261	2 Mar 26	14:19:00	1	0	0	0	0	0	0	6	4	0	6	0	3	0	2	7	0	6	8	0	4	0	4	6	6	0	0	0	0	1	0	0	0	0	0	0	6	0	0
262	2 Mar 26	14:20:00	1	0	0	0	0	0	0	6	4	0	4	0	0	0	5	8	0	8	6	0	1	0	8	7	6	2	3	0	0	0	0	0	0	7	3	0	8	0	0
263	2 Mar 26	14:21:00	1	0	0	0	0	0	0	7	5	0	7	0	0	0	2	5	0	8	7	0	4	0	2	3	4	0	4	0	0	3	0	0	0	6	0	0	7	0	0
264	2 Mar 26	14:22:00	1	0	0	0	0	0	0	3	7	0	4	0	0	0	2	8	0	6	6	0	5	0	7	2	4	3	2	0	0	0	0	0	0	9	0	0	14	0	0
265	2 Mar 26	14:23:00	1	0	0	0	0	0	0	5	9	0	9	0	4	0	2	9	0	4	8	0	6	0	3	3	1	3	2	0	0	0	0	0	0	9	0	0	6	0	0
266	2 Mar 26	14:24:00	1	0	0	0	0	0	0	6	8	0	7	0	3	0	3	4	0	1	7	0	6	0	6	4	0	0	2	0	0	0	0	0	0	9	0	0	7	0	0
267	2 Mar 26	14:25:00	1	0	0	0	0	0	0	8	5	0	6	0	1	0	7	8	0	9	8	0	2	0	3	7	5	0	2	0	0	0	0	0	0	4	0	0	7	0	0
268	2 Mar 26	14:26:00	1	0	0	0	0	0	0	7	4	0	8	0	5	0	1	8	0	6	6	0	3	0	6	2	0	0	4	0	0	0	0	0	0	6	0	0	5	0	0
269	2 Mar 26	14:27:00	1	0	0	0	0	0	0	4	4	0	6	0	7	0	1	7	0	4	8	0	3	0	4	4	5	0	1	0	0	0	0	0	0	9	0	0	4	0	0
270	2 Mar 26	14:28:00	1	0	0	0	0	0	0	6	2	0	6	0	2	0	0	8	0	4	1	0	5	0	0	6	4	0	3	0	0	0	0	0	0	3	0	0	5	0	0
271	2 Mar 26	14:29:00	1	0	0	0	0	0	0	9	2	0	6	0	0	0	0	7	0	5	5	0	7	0	10	4	0	0	0	0	0	0	0	0	0	8	0	0	7	0	0
272	2 Mar 26	14:30:00	1	0	0	0	0	0	0	7	3	0	7	0	0	0	0	7	2	7	10	0	7	0	4	2	7	0	3	0	0	0	0	0	0	6	0	0	6	0	0
273	2 Mar 26	14:31:00	1	0	0	0	0	0	0	3	7	0	8	0	0	0	0	7	2	3	5	0	4	0	5	4	6	0	0	0	0	0	0	0	0	6	0	0	4	0	0
274	2 Mar 26	14:32:00	1	0	0	0	0	0	0	10	6	0	9	0	0	0	0	6	0	3	5	0	2	0	0	0	2	0	3	0	0	0	0	0	0	4	0	0	5	0	0
275	2 Mar 26	14:33:00	1	0	0	0	0	0	0	5	6	0	7	0	0	0	0	6	0	11	7	0	3	0	0	1	2	0	1	0	0	0	0	0	0	1	0	0	6	0	0
276	2 Mar 26	14:34:00	1	0	0	0	0	0	0	3	8	0	5	0	0	0	0	7	1	9	10	0	3	0	4	0	4	0	2	0	0	0	0	0	0	3	0	0	6	0	0
277	2 Mar 26	14:35:00	1	0	0	0	0	0	0	1	8	0	8	0	0	0	2	5	3	6	6	0	3	0	6	2	6	0	0	0	0	0	0	0	0	0	0	0	3	0	0
278	2 Mar 26	14:36:00	1	0	0	0	0	0	0	0	8	0	8	0	2	0	3	4	4	7	10	0	3	0	3	2	7	0	2	0	0	0	0	0	0	4	0	0	8	0	0
279	2 Mar 26	14:37:00	1	0	0	0	0	0	0	0	6	0	5	0	6	0	3	7	6	8	6	0	4	0	4	2	8	0	2	0	0	0	0	0	0	11	0	0	6	0	0
280	2 Mar 26	14:38:00	1	0	0	0	0	0	0	0	2	0	5	0	0	0	0	6	4	5	9	0	4	0	0	0	7	0	1	0	0	0	0	0	0	9	0	0	2	0	0
281	2 Mar 26	14:39:00	1	0	0	0	0	0	0	0	8	0	6	0	6	0	0	6	4	3	9	0	5	0	0	0	6	0	2	0	0	0	0	0	0	8	0	0	10	0	0
282	2 Mar 26	14:40:00	1	0	0	0	0	0	0	0	3	0	9	0	0	0	0	5	10	6	7	0	2	0	0	3	1	0	0	0	0	0	0	0	0	7	0	0	2	0	0
283	2 Mar 26	14:41:00	1	0	0	0	0	0	0	2	2	0	5	0	0	0	0	9	4	2	6	0	1	2	4	1	8	0	0	1	0	0	0	0	0	5	0	0	4	0	0
284	2 Mar 26	14:42:00	1	0	0	0	0	0	0	7	8	0	8	0	0	0	0	4	6	0	8	0	0	5	2	0	0	0	2	0	0	0	0	0	0	3	0	0	7	0	0
285	2 Mar 26	14:43:00	1	0	0	0	0	0	0	8	4	0	7	0	0	0	0	8	7	0	6	0	1	1	0	0	1	0	1	0	0	0	0	0	0	6	0	0	5	0	0
286	2 Mar 26	14:44:00	1	0	0	0	0	0	0	6	2	0	3	0	0	0	0	10	2	3	7	0	1	9	0	4	3	0	1	0	0	0	0	0	0	10	0	0	4	0	0
287	2 Mar 26	14:45:00	1	0	0	0	0	0	0	11	3	0	4	0	0	0	0	10	6	1	7	0	3	5	0	2	6	0	3	0	0	0	0	0	0	9	0	0	6	0	0
288	2 Mar 26	14:46:00	1	0	0	0	0	0	0	8	7	0	8	0	0	0	0	8	7	0	6	0	2	2	0	1	5	0	1	0	0	0	0	0	0	9	0	0	7	0	0
289	2 Mar 26	14:47:00	1	0	0	0	0	0	0	6	4	0	10	0	0	0	0	10	6	0	5	0	7	0	0	5	4	0	3	0	0	0	0	0	0	8	0	0	2	0	0
290	2 Mar 26	14:48:00	1	0	0	0	0	0	0	4	6	0	5	0	0	0	0	7	4	0	8	0	4	0	0	2	5	2	3	0	0	0	0	0	0	2	0	0	9	0	0
291	2 Mar 26	14:49:00	1	0	0	0	0	0	0	9	7	0	6	0	0	0	0	4	4	0	9	0	0	0	0	4	5	3	3	0	0	0	0	0	0	6	0	0	5	0	0
292	2 Mar 26	14:50:00	1	0	0	0	0	0	0	1	6	0	5	0	0	0	0	6	5	2	7	0	0	3	0	2	5	5	4	0	0	0	0	0	0	0	0	0	7	0	0
293	2 Mar 26	14:51:00	1	0	0	0	0	0	0	4	2	0	11	0	0	0	0	6	7	0	9	0	0	8	0	9	3	0	1	0	0	0	0	0	0	4	3	0	4	0	0
294	2 Mar 26	14:52:00	1	0	0	0	0	0	0	5	5	0	11	0	0	0	0	6	6	0	7	0	2	0	0	6	0	0	5	0	0	0	0	0	0	7	0	0	3	0	0
295	2 Mar 26	14:53:00	1	0	0	0	0	0	0	7	4	0	8	0	0	0	0	6	5	0	5	0	4	3	0	5	0	0	0	0	0	0	0	0	0	6	2	0	7	0	0
296	2 Mar 26	14:54:00	1	0	0	0	0	0	0	5	7	0	3	0	0	0	0	13	5	0	6	0	3	6	0	0	0	0	0	0	0	0	0	0	0	9	1	0	3	0	0
297	2 Mar 26	14:55:00	1	0	0	0	0	0	0	1	5	0	7	0	0	0	0	9	5	0	6	0	4	0	0	2	7	0	0	0	0	0	0	0	0	4	0	0	7	0	0
298	2 Mar 26	14:56:00	1	0	0	0	0	0	0	7	7	0	6	0	0	0	0	6	4	0	6	0	5	0	0	3	2	0	5	0	0	0	0	0	0	3	0	0	6	0	0
299	2 Mar 26	14:57:00	1	0	0	0	0	0	0	8	8	0	6	0	0	0	0	6	2	0	5	0	3	11	0	0	5	0	3	0	0	0	0	0	0	6	0	0	6	0	0
300	2 Mar 26	14:58:00	1	0	0	0	0	0	0	6	5	0	8	0	0	0	0	6	6	0	3	0	0	5	0	10	7	0	2	0	0	0	0	0	0	0	0	0	5	0	0
301	2 Mar 26	14:59:00	1	0	0	0	0	0	0	7	7	0	7	0	0	0	0	8	5	0	6	0	0	1	0	5	2	0	4	0	0	1	0	0	0	0	0	0	3	0	0
302	2 Mar 26	15:00:00	1	0	0	0	0	0	0	3	4	0	6	0	0	0	0	8	8	0	8	0	0	6	0	3	0	0	2	0	0	0	0	0	0	3	0	0	3	0	0
303	2 Mar 26	15:01:00	1	0	0	0	0	0	0	4	5	0	6	0	0	0	0	7	7	0	5	0	3	7	0	0	5	0	3	0	0	0	0	0	0	0	0	0	10	0	0
304	2 Mar 26	15:02:00	1	0	0	0	0	0	0	6	3	0	0	0	0	0	0	5	7	0	4	0	2	9	0	0	4	0	4	0	0	0	0	0	0	0	0	0	3	0	0
305	2 Mar 26	15:03:00	1	0	0	0	0	0	0	2	4	0	10	0	0	0	0	3	6	0	3	0	7	6	0	5	4	0	3	5	0	0	0	0	0	0	0	0	3	0	0
306	2 Mar 26	15:04:00	1	0	0	0	0	0	0	6	1	0	6	0	0	0	0	9	8	0	5	0	4	0	0	4	6	0	3	0	0	0	0	0	0	0	0	0	1	0	0
307	2 Mar 26	15:05:00	1	0	0	0	0	0	0	10	6	0	8	0	0	0	0	11	6	0	0	0	6	0	0	4	4	0	1	0	0	0	0	0	0	0	0	0	5	0	0
308	2 Mar 26	15:06:00	1	0	0	0	0	0	0	6	7	0	9	0	0	0	0	7	4	0	7	0	4	0	0	10	5	0	4	0	0	0	0	0	0	0	0	0	7	0	1
309	2 Mar 26	15:07:00	1	0	0	0	0	0	0	8	4	0	11	0	0	0	0	8	2	0	5	0	2	0	0	3	1	0	0	2	0	0	0	6	0	1	0	0	4	0	7
310	2 Mar 26	15:08:00	1	0	0	0	0	0	0	6	0	0	9	0	0	0	0	6	4	0	8	0	0	0	0	4	0	0	0	6	0	0	0	8	0	1	0	0	4	0	1
311	2 Mar 26	15:09:00	1	0	0	0	0	0	0	6	0	0	5	0	0	0	0	7	4	0	6	0	5	0	0	5	4	0	2	0	0	0	0	12	0	4	0	0	7	0	1
312	2 Mar 26	15:10:00	1	0	0	0	0	0	0	8	2	0	2	0	0	0	0	8	6	0	8	0	5	0	0	0	6	0	2	0	0	0	0	9	0	5	0	0	4	0	8
313	2 Mar 26	15:11:00	1	0	0	0	0	0	0	7	5	0	6	0	0	0	0	6	5	0	6	0	2	0	0	1	5	0	7	0	0	0	0	12	4	3	0	0	6	0	3
314	2 Mar 26	15:12:00	1	0	0	0	0	0	0	3	7	0	4	0	0	0	0	5	8	0	7	0	0	0	0	1	5	0	2	0	0	0	0	16	7	0	0	0	4	0	7
315	2 Mar 26	15:13:00	1	0	0	0	0	0	0	4	6	0	6	0	0	0	0	8	7	0	6	0	0	0	0	0	4	0	4	0	0	0	0	13	0	0	0	0	6	0	2
316	2 Mar 26	15:14:00	1	0	0	0	0	0	0	8	5	0	4	0	0	0	0	6	3	0	5	0	5	0	0	1	0	0	3	0	0	0	0	12	0	0	0	0	5	0	3
317	2 Mar 26	15:15:00	1	0	0	0	0	0	0	8	7	0	5	0	0	0	0	5	5	0	7	0	1	0	0	2	0	0	3	0	0	0	1	12	0	0	0	0	3	0	0
318	2 Mar 26	15:16:00	1	0	0	0	0	0	0	7	6	0	6	0	0	0	0	7	4	0	6	0	6	0	0	4	0	7	5	0	0	0	3	9	0	0	1	0	9	0	0
319	2 Mar 26	15:17:00	1	0	0	0	0	0	0	8	3	0	4	0	0	0	0	3	6	0	8	0	6	0	0	2	7	5	5	0	0	0	0	5	0	0	2	0	5	0	0
320	2 Mar 26	15:18:00	1	0	0	0	0	0	0	4	7	0	7	0	0	0	0	8	6	0	7	0	4	0	0	2	6	0	4	0	0	0	0	7	0	2	0	0	5	0	0
321	2 Mar 26	15:19:00	1	0	0	0	0	0	0	0	7	0	1	0	0	0	0	2	6	0	6	0	6	0	0	1	6	2	1	0	0	0	0	7	0	3	3	0	5	0	0
322	2 Mar 26	15:20:00	1	0	0	0	0	0	0	0	2	0	8	0	0	0	0	4	5	0	5	0	6	0	0	2	5	2	1	0	0	0	2	7	0	7	0	0	6	0	0
323	2 Mar 26	15:21:00	1	0	0	0	0	0	0	0	6	0	7	0	21	0	0	6	0	0	7	0	4	0	0	0	4	2	2	0	0	0	4	9	0	8	0	0	7	0	0
324	2 Mar 26	15:22:00	1	0	0	0	0	0	0	0	8	0	9	0	1	0	0	5	4	0	5	0	6	0	0	0	0	0	1	0	0	0	3	8	0	8	0	0	9	0	0
325	2 Mar 26	15:23:00	1	0	0	0	0	0	0	0	6	0	4	0	3	0	0	4	6	4	8	0	10	0	0	0	0	0	1	0	0	0	3	9	0	5	0	0	7	0	0
326	2 Mar 26	15:24:00	1	0	0	0	0	0	0	0	4	0	7	0	0	0	0	4	7	1	7	0	3	0	0	0	0	0	1	0	0	0	0	8	0	8	0	0	5	0	0
327	2 Mar 26	15:25:00	1	0	0	0	0	0	0	0	7	0	7	0	0	0	0	0	0	4	7	0	6	0	0	0	3	0	2	0	0	0	0	12	0	0	0	0	9	0	0
328	2 Mar 26	15:26:00	1	0	0	0	0	0	0	0	8	0	7	0	0	0	0	0	4	0	5	0	3	0	0	0	1	0	2	0	0	0	0	11	0	5	0	0	7	0	0
329	2 Mar 26	15:27:00	1	0	0	0	0	0	0	0	8	0	7	0	0	0	0	0	1	3	8	0	3	0	0	0	5	0	3	0	0	0	2	6	0	3	0	0	6	0	0
330	2 Mar 26	15:28:00	1	0	0	0	0	0	0	0	4	0	9	0	0	0	0	2	4	2	8	0	1	0	0	0	5	0	3	0	0	0	0	7	0	6	0	0	6	0	0
331	2 Mar 26	15:29:00	1	0	0	0	0	0	0	0	6	0	5	0	0	0	0	4	7	0	7	0	6	0	0	0	5	0	2	0	0	0	1	8	0	6	0	0	6	0	0
332	2 Mar 26	15:30:00	1	0	0	0	0	0	0	0	5	0	2	0	0	0	0	6	7	0	1	0	3	0	0	0	2	0	5	0	0	0	6	13	0	2	0	0	5	0	0
333	2 Mar 26	15:31:00	1	0	0	0	0	0	0	0	5	0	7	0	0	0	2	5	5	0	4	0	8	0	0	0	3	0	1	0	0	0	8	8	0	0	2	0	4	0	0
334	2 Mar 26	15:32:00	1	0	0	0	0	0	0	0	2	0	2	0	0	0	7	9	6	0	8	0	3	0	0	0	3	0	1	0	0	0	2	7	0	7	0	0	3	0	0
335	2 Mar 26	15:33:00	1	0	0	0	0	0	0	0	0	0	9	0	0	0	7	9	9	0	8	0	1	0	0	0	1	0	2	0	0	0	4	1	0	4	1	0	5	0	0
336	2 Mar 26	15:34:00	1	0	0	0	0	0	0	0	3	0	4	0	0	0	5	6	7	0	5	0	0	0	0	0	2	0	1	0	0	0	5	9	0	5	1	0	6	0	0
337	2 Mar 26	15:35:00	1	0	0	0	0	0	0	0	4	0	6	0	0	0	1	6	2	0	8	0	0	0	0	0	3	0	0	0	0	0	7	0	0	6	1	0	8	0	0
338	2 Mar 26	15:36:00	1	0	0	0	0	0	0	0	6	0	5	0	0	0	5	6	3	0	8	0	0	0	0	0	1	0	4	0	0	0	6	1	0	6	0	0	5	0	0
339	2 Mar 26	15:37:00	1	0	0	0	0	0	0	0	6	0	7	0	0	0	4	0	2	0	8	2	5	0	0	1	7	0	3	0	0	0	1	1	0	4	1	0	6	0	0
340	2 Mar 26	15:38:00	1	0	0	0	0	0	0	0	7	0	10	0	0	0	5	7	0	0	7	3	0	0	0	6	7	0	1	0	0	0	1	0	0	7	0	0	3	0	0
341	2 Mar 26	15:39:00	1	0	0	0	0	0	0	0	7	0	5	0	0	0	0	5	0	0	9	0	4	0	0	0	3	0	0	0	0	0	0	3	0	3	0	0	6	0	1
342	2 Mar 26	15:40:00	1	0	0	0	0	0	0	0	6	0	0	0	0	0	6	2	0	0	10	8	9	0	0	0	4	0	3	0	0	0	0	4	0	0	1	0	6	0	0
343	2 Mar 26	15:41:00	1	0	0	0	0	0	0	0	5	0	8	0	0	0	6	3	0	0	7	0	7	0	0	0	6	0	0	0	0	0	0	4	0	0	0	0	5	0	0
344	2 Mar 26	15:42:00	1	0	0	0	0	0	0	0	6	0	6	0	0	0	2	5	0	0	7	0	5	0	0	0	5	0	5	0	0	0	0	11	0	6	6	0	4	0	0
345	2 Mar 26	15:43:00	1	0	0	0	0	0	0	0	4	0	1	0	0	0	0	5	0	6	8	0	7	0	0	0	2	0	0	0	0	0	0	9	0	6	0	0	12	0	0
346	2 Mar 26	15:44:00	1	0	0	0	0	0	0	0	12	0	2	0	0	0	3	2	0	5	5	0	6	0	0	0	3	0	0	0	0	0	3	6	0	0	0	0	6	0	0
347	2 Mar 26	15:45:00	1	0	0	0	0	0	0	0	0	0	5	0	0	0	4	5	0	0	7	0	0	0	0	0	5	0	5	0	0	0	2	6	0	0	0	0	6	0	0
348	2 Mar 26	15:46:00	1	0	0	0	0	0	0	0	2	0	1	0	0	0	2	7	4	1	8	0	0	0	0	0	2	0	2	0	0	0	0	7	0	3	0	0	1	0	0
349	2 Mar 26	15:47:00	1	0	0	0	0	0	0	0	4	0	7	0	2	0	2	5	3	4	7	0	2	0	0	0	4	0	4	0	0	0	0	11	0	4	0	0	1	0	0
350	2 Mar 26	15:48:00	1	0	0	0	0	0	0	0	6	0	4	0	3	0	0	4	4	0	7	0	0	0	0	0	4	0	2	0	0	0	0	8	0	3	0	0	3	0	0
351	2 Mar 26	15:49:00	1	0	0	0	0	0	0	0	3	0	5	0	6	0	3	7	4	0	3	0	0	2	0	0	2	0	0	0	0	0	3	5	0	3	0	0	1	0	0
352	2 Mar 26	15:50:00	1	0	0	0	0	0	0	0	6	0	4	0	10	0	3	6	0	0	7	0	0	5	0	0	3	0	1	0	0	0	2	4	0	2	0	0	2	0	0
353	2 Mar 26	15:51:00	1	0	0	0	0	0	0	0	7	0	0	0	7	0	3	2	4	0	1	0	0	0	0	0	7	0	4	0	0	0	8	0	0	8	0	0	6	0	0
354	2 Mar 26	15:52:00	1	0	0	0	0	0	0	0	8	0	0	0	8	0	2	2	6	0	2	0	0	0	0	0	7	0	4	0	0	0	7	5	0	0	0	0	3	0	0
355	2 Mar 26	15:53:00	1	0	0	0	0	0	0	0	0	0	8	0	6	0	0	6	3	0	5	0	0	0	0	0	8	0	2	2	0	0	0	7	0	5	0	0	3	0	0
356	2 Mar 26	15:54:00	1	0	0	0	0	0	0	0	0	0	5	0	6	0	0	6	0	0	0	0	0	0	0	0	10	0	1	0	0	0	0	7	0	1	0	0	10	0	0
357	2 Mar 26	15:55:00	1	0	0	0	0	0	0	0	2	0	4	0	2	0	0	7	0	0	4	0	0	4	0	0	9	2	2	2	0	0	0	6	0	2	0	0	5	0	0
358	2 Mar 26	15:56:00	1	0	0	0	0	0	0	0	6	0	3	0	4	0	0	5	3	0	8	0	0	8	0	0	7	0	2	2	0	0	0	0	0	8	0	0	6	0	0
359	2 Mar 26	15:57:00	1	0	0	0	0	0	0	0	1	0	0	0	9	2	6	1	5	0	4	0	0	12	0	0	2	0	4	2	0	0	0	0	1	0	0	0	8	0	0
360	2 Mar 26	15:58:00	1	0	0	0	0	0	0	0	0	0	0	0	26	0	6	4	2	0	2	0	3	10	0	0	3	0	1	1	0	0	9	0	0	0	0	0	4	0	1
361	2 Mar 26	15:59:00	1	0	0	0	0	0	0	0	0	0	0	0	20	0	4	5	0	0	3	0	0	10	0	0	8	0	1	4	0	0	6	6	4	3	0	0	5	0	0
362	2 Mar 26	16:00:00	1	0	0	0	0	0	0	0	0	0	7	0	11	0	0	2	0	0	4	0	0	8	0	0	6	0	0	3	0	0	3	7	7	1	0	0	6	0	4
363	2 Mar 26	16:01:00	1	0	0	0	0	0	0	0	0	0	4	0	15	0	0	1	0	0	5	0	0	10	0	0	10	0	1	1	0	0	6	5	0	6	0	0	4	0	0
364	2 Mar 26	16:02:00	1	0	0	0	0	0	0	0	0	0	0	0	18	0	0	3	0	0	8	0	0	3	0	0	4	0	1	3	5	0	3	8	0	0	0	0	9	0	0
365	2 Mar 26	16:03:00	1	0	0	0	0	0	0	0	0	0	0	0	11	3	0	3	2	0	7	0	1	0	0	0	3	1	4	0	5	0	5	0	4	0	0	0	8	0	0
366	2 Mar 26	16:04:00	1	0	0	0	0	0	0	0	0	0	3	0	20	1	1	6	3	0	7	0	1	7	0	0	3	0	0	0	2	0	2	3	5	0	0	0	4	0	0
367	2 Mar 26	16:05:00	1	0	0	0	0	0	0	0	0	0	0	0	12	4	1	5	4	0	4	0	0	11	0	0	0	0	0	0	1	0	1	0	1	4	0	0	5	0	0
368	2 Mar 26	16:06:00	1	0	0	0	0	0	0	0	0	0	0	0	14	5	4	3	6	0	7	0	0	10	0	0	1	0	3	0	4	0	3	0	0	0	0	0	7	0	0
369	2 Mar 26	16:07:00	1	0	0	0	0	0	0	0	0	0	0	0	13	3	3	3	4	0	5	0	0	8	0	0	3	0	4	0	0	0	4	0	0	1	0	0	1	0	0
370	2 Mar 26	16:08:00	1	0	0	0	0	0	0	0	0	0	0	0	13	2	3	4	5	0	4	0	0	10	0	0	1	0	3	0	3	0	0	0	0	6	0	0	3	0	0
371	2 Mar 26	16:09:00	1	0	0	0	0	0	0	0	0	0	3	0	9	2	3	8	6	0	7	0	3	8	0	0	3	0	0	0	0	0	0	0	0	2	0	0	10	0	0
372	2 Mar 26	16:10:00	1	0	0	0	0	0	0	0	0	0	9	0	15	0	2	5	2	0	7	0	0	11	0	0	3	0	2	0	0	0	0	0	3	0	0	0	5	0	0
373	2 Mar 26	16:11:00	1	0	0	0	0	0	0	0	0	0	4	0	7	0	0	3	6	0	4	0	1	10	0	0	3	0	1	0	0	0	0	3	0	3	0	0	7	0	3
374	2 Mar 26	16:12:00	1	0	0	0	0	0	0	0	0	0	4	0	14	9	0	8	6	0	3	0	1	6	0	0	2	0	3	0	0	0	0	3	0	1	0	0	5	0	0
375	2 Mar 26	16:13:00	1	0	0	0	0	0	0	0	0	0	3	0	10	15	0	8	0	0	0	0	0	11	0	0	7	0	5	1	0	0	0	0	0	2	0	0	5	0	0
376	2 Mar 26	16:14:00	1	0	0	0	0	0	0	0	0	0	4	0	6	0	0	1	0	0	1	0	0	11	0	0	1	0	5	0	0	0	0	0	0	4	0	0	7	0	0
377	2 Mar 26	16:15:00	1	0	0	0	0	0	0	0	0	0	3	0	8	0	0	0	0	0	2	0	0	10	0	0	3	0	3	0	0	0	0	0	0	5	0	0	2	0	0
378	2 Mar 26	16:16:00	1	0	0	0	0	0	0	0	0	0	3	0	11	0	0	5	6	0	0	0	0	9	0	0	3	0	2	0	0	0	0	0	0	5	0	0	5	0	0
379	2 Mar 26	16:17:00	1	0	0	0	0	0	0	0	0	0	2	0	7	0	0	3	5	0	0	0	0	9	0	0	2	0	1	0	0	0	0	1	0	11	0	0	8	0	0
380	2 Mar 26	16:18:00	1	0	0	0	0	0	0	0	0	0	3	0	11	0	0	6	6	0	0	0	0	6	0	0	7	0	4	0	0	0	0	7	0	0	0	0	6	0	0
381	2 Mar 26	16:19:00	1	0	0	0	0	0	0	0	0	0	3	0	11	1	4	7	4	0	0	0	0	9	0	0	1	0	2	0	0	0	0	0	0	0	0	0	6	0	0
382	2 Mar 26	16:20:00	1	0	0	0	0	0	0	0	0	0	4	0	5	0	6	0	6	0	0	0	0	7	0	0	0	1	1	0	0	0	0	5	0	2	0	0	6	0	0
383	2 Mar 26	16:21:00	1	0	0	0	0	0	0	0	0	0	9	0	3	0	4	5	8	0	0	0	0	11	0	0	0	2	4	0	0	0	0	21	0	8	0	0	8	0	0
384	2 Mar 26	16:22:00	1	0	0	0	0	0	0	0	0	0	1	0	9	0	6	0	4	0	0	0	0	10	0	0	0	0	4	0	0	0	0	2	0	6	0	0	5	0	0
385	2 Mar 26	16:23:00	1	0	0	0	0	0	0	0	0	0	6	0	5	0	2	2	2	0	0	0	0	7	0	0	0	0	2	0	0	0	0	0	0	0	0	2	3	0	2
386	2 Mar 26	16:24:00	1	0	0	0	0	0	0	0	0	0	6	0	6	0	3	2	2	0	1	0	0	7	0	0	1	0	1	0	0	0	0	0	0	6	0	10	3	0	0
387	2 Mar 26	16:25:00	1	0	0	0	0	0	0	0	0	0	2	0	5	0	3	0	2	0	0	0	0	10	0	0	6	0	0	0	0	0	0	0	0	2	0	0	11	0	0
388	2 Mar 26	16:26:00	1	0	0	0	0	0	0	0	0	0	6	0	7	0	5	0	8	0	0	0	0	5	0	0	5	0	2	0	0	0	0	0	0	8	0	0	10	0	0
389	2 Mar 26	16:27:00	1	0	0	0	0	0	0	2	0	0	7	0	4	0	2	0	7	2	0	0	0	8	0	0	2	0	0	0	0	0	0	0	0	4	0	0	6	0	0
390	2 Mar 26	16:28:00	1	0	0	0	0	0	0	0	0	0	7	0	3	0	0	0	7	1	0	0	0	7	0	0	6	6	0	0	0	0	0	0	0	4	0	0	6	0	0
391	2 Mar 26	16:29:00	1	0	0	0	0	0	0	0	0	0	7	0	7	0	0	0	1	5	0	0	0	7	0	0	3	11	0	0	0	0	0	0	0	4	0	0	4	0	0
392	2 Mar 26	16:30:00	1	0	0	0	0	0	0	0	0	0	4	0	3	0	0	0	5	4	0	0	0	6	0	0	0	7	0	0	0	0	0	0	0	6	0	0	2	0	0
393	2 Mar 26	16:31:00	1	0	0	0	0	0	0	5	0	0	9	0	6	0	0	0	4	10	0	0	0	7	0	0	0	1	1	0	0	0	0	0	0	5	0	0	3	0	0
394	2 Mar 26	16:32:00	1	0	0	0	0	0	0	1	0	0	4	0	6	0	0	0	9	6	0	0	0	3	0	0	0	14	2	0	0	0	0	0	0	4	0	0	4	0	0
395	2 Mar 26	16:33:00	1	0	0	0	0	0	0	2	0	0	3	0	12	0	0	0	4	5	0	0	0	0	0	0	0	13	4	0	0	0	0	0	0	6	0	0	4	0	0
396	2 Mar 26	16:34:00	1	0	0	0	0	0	0	7	0	0	6	0	9	0	0	0	2	3	0	0	0	0	0	0	0	12	0	0	0	0	0	10	0	8	0	0	5	0	0
397	2 Mar 26	16:35:00	1	0	0	0	0	0	0	14	0	0	1	0	8	0	0	0	0	2	0	0	0	0	0	0	0	0	4	0	0	0	0	0	0	6	0	0	5	0	0
398	2 Mar 26	16:36:00	1	0	0	0	0	0	0	1	0	0	0	0	7	0	0	0	2	2	0	0	0	0	0	0	0	0	2	0	0	0	0	0	0	5	0	1	5	0	1
399	2 Mar 26	16:37:00	1	0	0	0	0	0	0	1	0	0	0	0	9	0	0	0	0	4	0	0	0	0	0	0	0	0	2	0	0	0	0	0	0	4	0	0	10	0	6
400	2 Mar 26	16:38:00	1	0	0	0	0	0	0	0	0	0	6	0	8	0	0	0	0	6	0	0	0	0	0	0	0	1	2	0	0	0	0	0	0	6	0	1	8	0	8
401	2 Mar 26	16:39:00	1	0	0	0	0	0	0	0	0	0	5	0	2	0	0	0	0	9	0	0	0	0	0	0	0	0	1	0	0	0	0	0	0	5	0	1	7	0	5
402	2 Mar 26	16:40:00	1	0	0	0	0	0	0	3	0	0	5	0	8	0	0	0	0	4	0	0	0	0	0	0	4	0	0	0	0	0	0	0	0	3	5	0	9	0	9
403	2 Mar 26	16:41:00	1	0	0	0	0	0	0	0	0	0	3	0	5	0	0	0	0	4	0	0	0	0	0	0	3	0	0	0	0	0	0	0	0	0	1	0	8	0	0
404	2 Mar 26	16:42:00	1	0	0	0	0	0	0	0	0	0	6	0	3	0	0	0	0	2	0	0	0	0	0	0	3	0	7	0	0	0	0	0	0	0	5	0	3	0	7
405	2 Mar 26	16:43:00	1	0	0	0	0	0	0	0	0	0	6	0	7	0	0	0	0	0	0	0	0	0	0	0	0	0	4	0	0	0	0	0	0	0	2	0	5	0	3
406	2 Mar 26	16:44:00	1	0	0	0	0	0	0	0	0	0	5	0	7	0	0	0	0	1	2	0	0	0	0	0	12	1	4	0	0	0	0	0	0	3	3	0	2	0	5
407	2 Mar 26	16:45:00	1	0	0	0	0	0	0	0	0	0	0	0	5	0	0	0	0	0	1	0	0	0	0	0	8	1	0	0	0	0	0	0	0	4	3	0	10	0	6
408	2 Mar 26	16:46:00	1	0	0	0	0	0	0	2	0	0	0	0	6	0	0	0	0	5	1	0	0	0	0	0	0	0	3	0	0	0	0	0	0	2	2	0	5	0	4
409	2 Mar 26	16:47:00	1	0	0	0	0	0	0	4	0	0	0	0	7	0	0	0	0	0	0	0	0	0	0	0	3	0	4	0	0	0	0	0	0	0	0	0	9	0	8
410	2 Mar 26	16:48:00	1	0	0	0	0	0	0	0	0	0	0	0	3	0	0	0	2	0	0	0	0	0	0	0	5	5	4	5	0	0	0	0	0	1	6	0	4	0	9
411	2 Mar 26	16:49:00	1	0	0	0	0	0	0	1	0	0	0	0	9	0	0	0	3	0	0	0	0	0	0	0	7	0	1	13	0	0	0	0	0	9	11	0	4	0	7
412	2 Mar 26	16:50:00	1	0	0	0	0	0	0	0	0	0	0	0	5	0	0	0	1	0	0	0	3	0	3	0	1	0	0	4	0	0	0	0	0	0	9	4	4	0	5
413	2 Mar 26	16:51:00	1	0	0	0	0	0	0	0	0	0	0	0	5	0	0	0	2	6	0	0	5	0	0	0	3	0	0	4	0	0	0	0	0	0	10	0	3	0	3
414	2 Mar 26	16:52:00	1	0	0	0	0	0	0	0	0	0	0	0	0	0	0	0	5	0	0	0	4	0	1	0	0	0	3	12	0	0	0	0	0	0	2	0	0	0	2
415	2 Mar 26	16:53:00	1	0	0	0	0	0	0	0	0	0	0	0	6	0	0	0	4	0	0	0	0	0	4	0	0	0	0	9	0	0	0	0	0	0	8	0	0	0	5
416	2 Mar 26	16:54:00	1	0	0	0	0	0	0	0	0	0	0	0	5	0	0	0	4	0	0	0	6	0	0	0	0	0	0	13	0	0	0	0	0	3	7	0	0	0	8
417	2 Mar 26	16:55:00	1	0	0	0	0	0	0	0	0	0	0	0	4	0	0	0	2	0	0	0	5	0	3	0	0	0	3	8	0	0	0	0	0	0	7	0	7	0	4
418	2 Mar 26	16:56:00	1	0	0	0	0	0	0	0	0	0	0	0	7	0	0	0	2	1	0	0	8	0	0	0	0	1	0	9	0	0	0	0	0	0	5	0	9	2	9
419	2 Mar 26	16:57:00	1	0	0	0	0	0	0	0	0	0	0	0	2	0	0	0	4	1	0	0	6	0	0	0	0	3	2	22	0	0	0	0	0	0	3	0	7	0	4
420	2 Mar 26	16:58:00	1	0	0	0	0	0	0	0	0	0	0	0	8	0	0	0	2	0	0	0	5	0	0	0	0	0	0	10	0	0	0	0	4	5	6	0	6	0	3
421	2 Mar 26	16:59:00	1	0	0	0	0	0	0	0	0	0	0	0	3	0	0	0	0	0	0	0	4	0	0	0	0	0	0	9	0	0	0	0	4	2	6	0	5	0	3
422	2 Mar 26	17:00:00	1	0	0	0	0	0	0	0	0	0	0	0	3	0	0	0	0	0	1	0	6	0	0	0	0	3	0	11	0	0	0	0	1	3	7	0	7	0	9
423	2 Mar 26	17:01:00	1	0	0	0	0	0	0	0	0	0	0	0	7	0	0	0	0	7	5	0	2	0	0	0	0	0	2	15	2	0	0	0	1	6	1	0	7	0	6
424	2 Mar 26	17:02:00	1	0	0	0	0	0	0	0	0	0	0	0	5	0	0	0	0	4	4	0	3	0	0	0	0	0	4	11	0	0	0	0	0	3	5	0	2	0	6
425	2 Mar 26	17:03:00	1	0	0	0	0	0	0	0	0	0	0	0	0	0	1	0	0	5	6	0	4	0	0	0	0	0	0	14	0	0	0	0	0	7	5	0	5	0	5
426	2 Mar 26	17:04:00	1	0	0	0	0	0	0	0	1	0	0	0	3	0	3	0	0	0	7	0	8	0	0	0	0	0	2	15	0	0	0	1	0	0	2	0	5	0	7
427	2 Mar 26	17:05:00	1	0	0	0	0	0	0	0	0	0	0	0	7	0	9	0	0	0	6	0	4	0	0	0	0	0	2	10	0	0	0	7	0	1	4	0	0	0	3
428	2 Mar 26	17:06:00	1	0	0	0	0	0	0	0	0	0	0	0	7	0	7	0	0	0	8	0	5	0	0	0	0	0	1	7	0	0	0	16	0	1	4	0	2	0	4
429	2 Mar 26	17:07:00	1	0	0	0	0	0	0	0	3	0	0	0	8	0	9	0	0	0	7	0	6	0	0	0	0	0	0	13	0	0	0	1	0	2	3	0	6	0	4
430	2 Mar 26	17:08:00	1	0	0	0	0	0	0	0	0	0	0	0	3	0	2	0	0	0	5	0	6	0	0	0	0	0	0	4	0	0	0	2	0	7	6	0	2	0	2
431	2 Mar 26	17:09:00	1	0	0	0	0	0	0	0	5	0	0	0	2	0	5	0	0	0	7	0	2	0	0	0	0	0	0	7	0	0	0	2	0	5	4	0	1	0	3
432	2 Mar 26	17:10:00	1	0	0	0	0	0	0	0	3	0	0	0	7	0	0	0	0	0	7	0	4	0	0	0	0	0	2	10	0	0	0	4	0	7	6	0	3	0	5
433	2 Mar 26	17:11:00	1	0	0	0	0	0	0	0	0	0	0	0	6	0	0	0	0	0	9	0	3	0	0	0	0	0	2	8	0	0	0	2	0	6	4	0	1	0	7
434	2 Mar 26	17:12:00	1	0	0	0	0	0	0	0	0	0	0	0	1	0	0	0	0	0	9	0	3	0	0	0	0	0	5	10	0	0	0	3	0	7	0	0	3	0	6
435	2 Mar 26	17:13:00	1	0	0	0	0	0	0	5	3	0	0	0	0	0	0	0	0	0	5	0	1	0	0	0	0	0	4	5	0	0	0	2	0	1	8	0	3	0	2
436	2 Mar 26	17:14:00	1	0	0	0	0	0	0	6	4	0	0	0	3	0	0	0	0	0	8	0	5	0	0	0	0	0	3	9	0	0	0	0	0	9	3	0	5	0	2
437	2 Mar 26	17:15:00	1	0	0	0	0	0	0	1	0	0	0	0	4	0	0	0	0	0	6	0	6	0	0	0	0	0	5	4	0	0	0	0	0	7	4	0	5	0	6
438	2 Mar 26	17:16:00	1	0	0	0	0	0	0	0	0	0	0	0	7	0	0	0	0	0	7	0	5	0	0	0	0	0	0	5	0	0	0	0	0	5	5	0	3	0	0
439	2 Mar 26	17:17:00	1	0	0	0	0	0	0	6	0	0	0	0	3	0	0	0	0	0	8	0	1	0	0	0	0	0	1	8	0	0	0	0	0	2	4	0	2	0	4
440	2 Mar 26	17:18:00	1	0	0	0	0	0	0	5	0	0	0	0	0	0	0	0	0	0	7	0	2	0	0	0	4	0	2	9	3	0	0	0	0	0	1	0	0	0	0
441	2 Mar 26	17:19:00	1	0	0	0	0	0	0	0	0	0	0	0	0	0	0	0	0	0	7	0	3	0	0	0	2	0	2	9	2	0	0	0	0	0	2	0	8	0	0
442	2 Mar 26	17:20:00	1	0	0	0	0	0	0	0	0	0	0	0	4	0	1	0	0	0	5	0	5	2	0	0	4	0	1	7	0	0	0	0	0	0	7	0	2	0	0
443	2 Mar 26	17:21:00	1	0	0	0	0	0	0	0	0	0	0	0	0	1	1	0	0	0	8	0	4	0	0	0	3	0	1	8	5	0	0	0	0	2	5	0	6	0	0
444	2 Mar 26	17:22:00	1	0	0	0	0	0	0	0	0	0	0	0	2	0	0	0	0	0	5	0	0	0	0	0	7	0	3	9	0	0	0	0	0	0	4	0	0	0	0
445	2 Mar 26	17:23:00	1	0	0	0	0	0	0	2	0	0	0	0	5	0	0	0	0	0	9	0	1	0	0	3	5	0	0	9	0	0	0	0	0	0	3	0	3	0	0
446	2 Mar 26	17:24:00	1	0	0	0	0	0	0	0	0	0	0	0	6	0	0	0	0	0	7	0	9	0	0	6	5	0	4	6	1	0	0	0	0	0	0	0	4	0	0
447	2 Mar 26	17:25:00	1	0	0	0	0	0	0	0	0	0	0	0	2	1	0	0	0	0	9	0	0	0	0	2	6	0	3	14	0	0	0	0	0	0	3	0	1	0	0
448	2 Mar 26	17:26:00	1	0	0	0	0	0	0	0	0	0	0	0	0	3	0	0	0	0	5	0	0	0	0	0	6	0	0	4	0	0	0	0	0	0	2	0	3	0	0
449	2 Mar 26	17:27:00	1	0	0	0	0	0	0	2	0	0	0	0	0	4	0	0	0	0	8	0	0	0	0	0	3	0	2	5	0	0	0	0	0	0	7	0	6	0	0
450	2 Mar 26	17:28:00	1	0	0	0	0	0	0	2	0	0	0	0	2	0	0	0	0	0	3	0	3	0	0	2	2	0	1	2	0	0	0	0	0	0	4	1	4	0	0
451	2 Mar 26	17:29:00	1	0	0	0	0	0	0	3	0	0	0	0	4	1	0	0	0	1	7	0	2	0	0	7	6	0	1	10	0	0	0	0	0	0	0	1	1	0	0
452	2 Mar 26	17:30:00	1	0	0	0	0	0	0	0	0	0	0	0	1	2	0	0	0	2	6	0	0	0	0	5	2	0	2	5	0	0	0	0	0	4	4	0	6	0	0
453	2 Mar 26	17:31:00	1	0	0	0	0	0	0	0	0	0	0	0	5	0	0	0	0	0	7	0	2	0	0	5	6	0	2	5	0	0	0	0	0	4	3	0	2	0	2
454	2 Mar 26	17:32:00	1	0	0	0	0	0	0	0	0	0	0	0	4	0	0	0	0	2	7	0	10	0	0	2	5	0	4	10	0	0	0	0	0	5	2	0	0	0	3
455	2 Mar 26	17:33:00	1	0	0	0	0	0	0	0	0	0	0	0	3	0	0	0	0	3	4	0	4	0	0	9	3	0	3	6	0	0	0	0	0	6	0	0	7	0	4
456	2 Mar 26	17:34:00	1	0	0	0	0	0	0	0	0	0	0	0	3	0	0	0	0	1	3	0	7	0	0	6	4	0	1	10	0	0	0	0	0	2	1	0	4	0	7
457	2 Mar 26	17:35:00	1	0	0	0	0	0	0	0	0	0	0	0	2	4	0	0	0	2	5	0	1	0	0	4	8	0	3	6	0	0	0	0	0	0	8	0	0	0	3
458	2 Mar 26	17:36:00	1	0	0	0	0	0	0	0	0	0	0	0	5	2	0	0	0	3	6	0	1	0	0	1	2	0	0	8	0	0	0	0	0	2	7	0	4	0	6
459	2 Mar 26	17:37:00	1	0	0	0	0	0	0	0	0	0	0	0	2	0	0	0	0	0	4	0	1	0	0	10	0	0	3	10	0	0	0	0	0	4	1	0	0	0	2
460	2 Mar 26	17:38:00	1	0	0	0	0	0	0	0	0	0	0	0	14	0	0	0	0	0	4	0	4	0	0	4	0	8	1	10	0	0	0	0	0	0	15	0	0	0	1
461	2 Mar 26	17:39:00	1	0	0	0	0	0	0	0	0	0	0	0	9	0	0	0	0	2	6	0	5	0	0	6	0	0	2	10	0	0	0	0	0	0	6	0	1	0	0
462	2 Mar 26	17:40:00	1	0	0	0	0	0	0	0	0	0	0	0	1	0	0	0	0	4	6	0	5	0	0	1	0	0	0	6	0	0	0	0	0	0	3	0	0	0	0
463	2 Mar 26	17:41:00	1	0	0	0	0	0	0	0	0	0	0	0	3	0	0	0	0	0	8	0	3	0	0	1	2	2	3	6	0	0	0	0	0	0	4	0	1	0	0
464	2 Mar 26	17:42:00	1	0	0	0	0	0	0	0	0	0	0	0	0	0	0	0	0	0	8	0	3	0	0	4	5	0	0	5	0	0	0	0	0	1	2	0	0	0	0
465	2 Mar 26	17:43:00	1	0	0	0	0	0	0	0	0	0	0	0	0	0	0	0	0	0	8	0	2	4	0	0	8	0	0	6	0	0	0	0	0	6	0	0	0	0	1
466	2 Mar 26	17:44:00	1	0	0	0	0	0	0	0	0	0	0	0	0	0	0	0	0	0	8	0	2	8	0	2	0	0	0	6	0	0	0	0	0	4	0	0	1	0	2
467	2 Mar 26	17:45:00	1	0	0	0	0	0	0	0	0	0	0	0	0	0	0	0	0	0	7	0	4	4	0	3	4	0	3	7	0	0	0	0	6	7	0	0	4	0	0
468	2 Mar 26	17:46:00	1	0	0	0	0	0	0	2	0	0	0	0	0	0	0	0	0	0	10	0	0	6	0	1	0	0	2	7	0	0	0	0	0	5	2	0	4	0	0
469	2 Mar 26	17:47:00	1	0	0	0	0	0	0	5	0	0	0	0	0	0	0	0	0	0	10	0	0	6	0	4	4	0	3	10	0	0	0	0	1	2	0	0	7	0	0
470	2 Mar 26	17:48:00	1	0	0	0	0	0	0	1	0	0	0	0	0	0	0	0	0	0	7	0	0	8	0	0	0	0	3	7	0	0	0	2	0	0	0	0	7	0	2
471	2 Mar 26	17:49:00	1	0	0	0	0	0	0	0	0	0	0	0	0	0	0	0	0	0	6	0	0	7	0	0	0	0	7	5	0	0	0	5	0	0	2	0	3	0	2
472	2 Mar 26	17:50:00	1	0	0	0	0	0	0	0	0	0	0	0	0	0	0	0	0	0	6	0	0	2	0	0	4	0	3	7	0	0	0	9	0	0	1	0	2	0	3
473	2 Mar 26	17:51:00	1	0	0	0	0	0	0	0	0	0	0	0	0	0	0	0	0	0	4	0	0	0	0	6	4	0	2	11	3	0	0	5	0	0	0	0	1	0	0
474	2 Mar 26	17:52:00	1	0	0	0	0	0	0	0	0	0	0	0	0	0	0	0	0	0	7	0	0	7	0	1	2	0	2	8	2	0	0	4	0	0	3	0	10	0	0
475	2 Mar 26	17:53:00	1	0	0	0	0	0	0	0	0	0	0	0	0	0	0	0	0	0	6	0	0	6	0	1	0	0	0	8	3	0	0	14	0	0	0	1	2	0	0
476	2 Mar 26	17:54:00	1	0	0	0	0	0	0	0	0	0	0	0	0	0	0	0	0	0	10	0	0	5	0	5	0	0	1	10	0	0	0	3	0	0	0	0	2	0	0
477	2 Mar 26	17:55:00	1	0	0	0	0	0	0	0	0	0	0	0	0	0	0	0	0	0	8	0	0	9	0	4	0	0	2	8	6	0	0	5	0	3	0	0	2	0	0
478	2 Mar 26	17:56:00	1	0	0	0	0	0	0	0	0	0	0	0	0	0	0	0	0	0	7	0	0	4	0	2	0	0	0	2	3	0	0	1	0	0	0	0	8	0	0
479	2 Mar 26	17:57:00	1	0	0	0	0	0	0	0	0	0	0	0	0	0	0	0	0	0	4	0	0	9	0	4	0	0	0	5	2	0	0	1	0	0	0	0	2	0	0
480	2 Mar 26	17:58:00	1	0	0	0	0	0	0	0	0	0	0	0	0	0	0	0	0	0	0	0	0	11	0	5	0	0	0	6	1	0	0	1	0	0	0	0	1	0	0
481	2 Mar 26	17:59:00	1	0	0	0	0	0	0	0	0	0	0	0	0	0	0	0	0	0	6	0	0	1	0	0	0	0	1	9	4	0	0	5	0	0	0	0	5	0	0
482	2 Mar 26	18:00:00	1	0	0	0	0	0	0	0	0	0	0	0	0	0	0	0	0	0	8	0	0	0	0	0	0	0	4	5	1	0	0	0	0	0	0	0	4	0	0
483	2 Mar 26	18:01:00	1	0	0	0	0	0	0	0	0	0	0	0	0	0	0	0	0	0	10	0	0	2	0	0	0	0	1	7	4	0	0	0	0	0	0	0	8	0	0
484	2 Mar 26	18:02:00	1	0	0	0	0	0	0	1	0	0	0	0	0	0	0	0	0	0	6	0	0	0	0	2	0	0	2	6	6	0	0	0	0	0	0	0	8	0	0
485	2 Mar 26	18:03:00	1	0	0	0	0	0	0	3	0	0	0	0	0	0	0	0	0	0	7	0	0	0	0	2	0	0	0	2	3	0	0	1	0	2	0	0	0	0	0
486	2 Mar 26	18:04:00	1	0	0	0	0	0	0	5	0	0	0	0	0	0	0	0	0	0	8	0	0	0	0	3	0	0	0	5	5	0	0	0	0	7	0	0	4	0	0
487	2 Mar 26	18:05:00	1	0	0	0	0	0	0	4	0	0	0	0	0	0	0	0	0	0	8	0	0	0	0	4	0	0	3	5	4	0	0	0	0	1	5	0	0	0	0
488	2 Mar 26	18:06:00	1	0	0	0	0	0	0	6	0	0	0	0	0	0	0	0	0	0	7	0	0	0	0	3	8	0	0	6	3	0	0	0	0	2	0	0	1	0	0
489	2 Mar 26	18:07:00	1	0	0	0	0	0	0	0	0	0	0	0	0	0	0	0	0	7	9	0	0	0	0	1	5	0	0	7	3	0	0	0	0	0	2	0	3	0	0
490	2 Mar 26	18:08:00	1	0	0	0	0	0	0	0	0	0	0	0	0	0	0	8	0	5	14	0	0	0	0	4	3	0	1	8	3	0	0	0	0	0	0	0	0	0	0
491	2 Mar 26	18:09:00	1	0	0	0	0	0	0	0	0	0	0	0	3	0	0	3	0	0	2	0	0	0	0	1	0	0	0	7	1	0	0	0	0	0	0	0	0	0	0
492	2 Mar 26	18:10:00	1	0	0	0	0	0	0	0	0	0	0	0	4	0	0	8	0	0	5	0	0	0	0	2	3	0	0	8	3	0	0	0	0	1	0	0	0	0	0
493	2 Mar 26	18:11:00	1	0	0	0	0	0	0	4	0	0	0	0	4	0	0	6	0	0	6	0	0	0	0	1	0	0	3	8	5	0	0	0	0	3	0	0	0	0	0
494	2 Mar 26	18:12:00	1	0	0	0	0	0	0	2	0	0	0	0	0	0	0	6	0	0	10	0	0	0	0	0	3	0	1	6	6	0	0	0	0	1	0	0	5	0	0
495	2 Mar 26	18:13:00	1	0	0	0	0	0	0	0	0	0	0	0	4	0	0	5	0	0	12	0	0	0	0	2	3	0	0	4	2	0	0	0	0	0	0	0	4	0	0
496	2 Mar 26	18:14:00	1	0	0	0	0	0	0	5	0	0	0	0	8	0	2	8	0	0	6	0	0	0	0	0	4	0	1	10	3	0	0	0	0	0	0	0	0	0	0
497	2 Mar 26	18:15:00	1	0	0	0	0	0	0	10	0	0	0	0	4	0	2	13	0	0	2	0	0	0	0	1	6	0	3	6	4	0	0	0	0	0	0	0	0	0	0
498	2 Mar 26	18:16:00	1	0	0	0	0	0	0	7	0	0	0	0	7	0	1	4	0	0	0	0	0	0	0	0	4	0	0	6	5	0	0	0	0	0	0	0	0	0	0
499	2 Mar 26	18:17:00	1	0	0	0	0	0	0	8	0	0	0	0	5	0	0	5	0	0	1	0	0	0	0	0	1	0	0	2	3	0	0	0	0	0	0	0	0	0	0
500	2 Mar 26	18:18:00	1	0	0	0	0	0	0	3	0	0	0	0	4	0	0	6	0	0	5	0	0	0	0	1	1	0	0	2	2	0	0	0	0	0	0	0	0	0	0
501	2 Mar 26	18:19:00	1	0	0	0	0	0	0	2	0	0	0	0	3	0	3	7	0	0	4	0	0	0	0	0	4	0	2	4	2	0	0	0	0	2	0	0	1	0	0
502	2 Mar 26	18:20:00	1	0	0	0	0	0	0	9	0	0	0	0	2	0	0	6	0	0	7	0	0	0	0	0	4	0	0	8	4	0	0	0	0	0	0	0	0	0	0
503	2 Mar 26	18:21:00	1	0	0	0	0	0	0	5	0	0	0	0	1	0	0	11	0	0	6	0	0	0	0	0	5	0	2	5	3	0	0	0	0	0	0	0	0	0	0
504	2 Mar 26	18:22:00	1	0	0	0	0	0	0	7	0	0	0	0	3	0	0	8	0	0	6	0	0	0	0	0	4	0	1	9	1	0	0	0	0	0	1	0	3	0	0
505	2 Mar 26	18:23:00	1	0	0	0	0	0	0	5	0	0	0	0	0	0	0	7	0	0	6	0	0	0	0	0	6	0	1	6	0	0	0	0	0	0	0	0	1	0	0
506	2 Mar 26	18:24:00	1	0	0	0	0	0	0	9	0	0	0	0	0	0	0	6	0	0	8	0	0	0	0	0	6	0	1	9	3	0	0	0	0	0	3	0	2	0	0
507	2 Mar 26	18:25:00	1	0	0	0	0	0	0	5	0	0	0	0	0	0	0	9	0	0	4	0	0	0	0	0	3	0	1	7	4	0	0	0	0	0	0	0	4	0	0
508	2 Mar 26	18:26:00	1	0	0	0	0	0	0	7	0	0	0	0	0	0	2	3	0	0	9	0	0	0	0	0	3	0	1	4	4	0	0	4	0	0	3	0	2	0	0
509	2 Mar 26	18:27:00	1	0	0	0	0	0	0	8	0	0	0	0	0	0	0	8	2	0	10	0	0	0	0	0	2	0	2	3	0	0	0	4	0	0	1	0	0	0	0
510	2 Mar 26	18:28:00	1	0	0	0	0	0	0	6	0	0	0	0	0	0	0	7	1	0	8	0	0	0	0	0	0	0	2	8	5	0	0	5	0	0	2	0	2	0	0
511	2 Mar 26	18:29:00	1	0	0	0	0	0	0	11	0	0	5	0	0	0	4	3	1	0	6	0	0	0	0	0	4	0	3	7	2	0	0	2	0	1	1	0	0	0	0
512	2 Mar 26	18:30:00	1	0	0	0	0	0	0	6	0	0	0	0	0	2	0	4	2	0	4	0	0	0	0	0	3	0	3	6	2	0	0	1	0	4	0	0	2	0	0
513	2 Mar 26	18:31:00	1	0	0	0	0	0	0	9	0	0	0	0	0	0	2	6	5	0	5	0	0	0	0	0	10	0	0	0	3	0	0	0	0	0	0	0	0	0	0
514	2 Mar 26	18:32:00	1	0	0	0	0	0	0	9	0	0	1	0	0	1	2	4	1	0	6	0	0	0	0	0	2	0	0	3	4	0	0	0	0	2	0	0	0	0	0
515	2 Mar 26	18:33:00	1	0	0	0	0	0	0	11	0	0	0	0	0	0	0	5	2	0	4	0	4	0	0	0	0	0	0	9	4	0	0	0	0	0	0	0	0	0	0
516	2 Mar 26	18:34:00	1	0	0	0	0	0	0	6	0	0	0	0	0	1	0	6	5	0	0	0	0	0	0	0	0	0	0	5	3	0	0	0	0	5	0	0	0	0	0
517	2 Mar 26	18:35:00	1	0	0	0	0	0	0	7	2	0	0	0	0	2	3	4	4	0	4	0	6	0	0	0	0	0	0	5	4	0	0	0	0	2	0	4	0	0	0
518	2 Mar 26	18:36:00	1	0	0	0	0	0	0	7	9	0	0	0	0	2	3	4	10	0	1	0	5	0	0	0	0	0	0	6	3	0	0	0	2	0	0	0	0	0	0
519	2 Mar 26	18:37:00	1	0	0	0	0	0	0	6	7	0	0	0	0	0	2	6	6	0	2	0	3	0	0	0	0	0	2	6	4	0	0	0	5	0	0	0	4	0	0
520	2 Mar 26	18:38:00	1	0	0	0	0	0	0	12	3	0	0	0	0	0	2	4	4	0	2	0	7	0	0	0	0	0	4	4	2	0	2	0	5	0	0	0	2	0	0
521	2 Mar 26	18:39:00	1	0	0	0	0	0	0	7	4	0	0	0	0	0	0	6	6	0	5	0	3	0	0	0	0	0	0	6	4	0	0	0	0	0	0	0	4	0	0
522	2 Mar 26	18:40:00	1	0	0	0	0	0	0	10	3	0	5	0	0	1	0	5	4	0	9	0	1	0	0	0	0	0	0	7	3	0	0	0	3	0	0	0	7	0	0
523	2 Mar 26	18:41:00	1	0	0	0	0	0	0	9	7	0	7	0	0	0	0	5	4	0	8	0	4	0	0	0	0	0	0	2	1	0	2	0	0	0	0	0	1	0	0
524	2 Mar 26	18:42:00	1	0	0	0	0	0	0	8	3	0	5	0	0	0	0	5	4	0	7	0	3	0	0	0	0	0	2	6	2	0	2	0	0	0	0	0	3	0	0
525	2 Mar 26	18:43:00	1	0	0	0	0	0	0	11	4	0	4	0	0	0	0	5	6	0	3	0	3	0	0	0	0	0	0	4	2	0	0	0	0	0	0	0	9	0	0
526	2 Mar 26	18:44:00	1	0	0	0	0	0	0	6	5	0	3	0	0	1	0	5	6	0	0	0	1	0	0	0	0	0	0	6	0	0	0	0	0	5	0	0	4	0	0
527	2 Mar 26	18:45:00	1	0	0	0	0	0	0	10	5	0	7	0	0	2	0	8	4	0	2	0	5	0	0	0	0	0	0	8	0	0	0	0	0	0	0	0	2	0	0
528	2 Mar 26	18:46:00	1	0	0	0	0	0	0	4	7	0	5	0	0	1	0	3	3	0	0	0	2	0	0	0	0	0	3	4	0	0	0	0	0	0	0	0	2	0	0
529	2 Mar 26	18:47:00	1	0	0	0	0	0	0	11	4	0	4	0	0	1	0	2	6	0	0	0	2	0	0	0	0	0	1	5	0	0	0	0	0	0	0	0	0	0	0
530	2 Mar 26	18:48:00	1	0	0	0	0	0	0	9	6	0	4	0	0	4	0	9	6	0	0	0	2	0	0	0	0	0	4	9	0	0	0	0	0	1	0	0	0	0	0
531	2 Mar 26	18:49:00	1	0	0	0	0	0	0	7	3	0	8	0	0	0	0	6	5	0	0	0	3	0	2	0	0	0	0	7	0	0	0	0	0	0	0	0	0	0	0
532	2 Mar 26	18:50:00	1	0	0	0	0	0	0	6	6	0	6	0	0	0	0	7	8	0	0	0	4	0	3	0	0	0	4	2	0	0	0	0	0	5	0	0	0	0	0
533	2 Mar 26	18:51:00	1	0	0	0	0	0	0	8	4	0	7	0	0	0	0	4	7	0	0	0	0	1	0	0	0	0	2	6	0	0	0	0	0	3	0	0	0	0	0
534	2 Mar 26	18:52:00	1	0	0	0	0	0	0	9	5	0	8	0	0	0	0	9	3	0	0	0	0	1	7	0	0	0	3	3	0	0	0	0	0	1	0	0	0	0	0
535	2 Mar 26	18:53:00	1	0	0	0	0	0	0	7	9	0	3	0	0	0	0	7	2	0	0	0	0	7	3	0	0	0	0	4	4	0	0	0	0	10	0	0	2	0	0
536	2 Mar 26	18:54:00	1	0	0	0	0	0	0	6	7	0	5	0	0	0	0	6	2	0	0	0	3	0	0	0	0	0	0	12	0	0	0	0	0	3	0	0	1	0	0
537	2 Mar 26	18:55:00	1	0	0	0	0	0	0	6	7	0	10	0	0	0	0	2	0	0	0	0	5	0	3	0	0	0	0	8	4	0	0	0	0	3	0	0	2	0	0
538	2 Mar 26	18:56:00	1	0	0	0	0	0	0	4	4	0	7	0	0	0	0	0	3	0	0	0	4	0	4	0	0	0	0	8	4	0	0	7	0	2	0	0	0	0	0
539	2 Mar 26	18:57:00	1	0	0	0	0	0	0	9	6	0	6	0	0	0	0	4	2	0	0	0	2	0	3	0	0	0	0	9	5	0	0	2	0	0	0	0	2	0	0
540	2 Mar 26	18:58:00	1	0	0	0	0	0	0	12	6	0	7	0	0	0	0	0	2	0	0	0	2	0	6	0	0	0	0	3	3	0	0	1	0	0	0	3	5	0	0
541	2 Mar 26	18:59:00	1	0	0	0	0	0	0	8	9	0	5	0	0	0	0	0	4	0	0	0	1	0	4	0	0	0	0	2	0	0	0	7	0	0	0	0	9	0	0
542	2 Mar 26	19:00:00	1	0	0	0	0	0	0	7	6	0	6	0	7	0	0	0	4	0	0	0	0	0	7	0	0	0	0	7	0	0	0	3	0	0	0	0	11	0	0
543	2 Mar 26	19:01:00	1	0	0	0	0	0	0	4	6	0	7	0	56	0	0	0	2	0	0	0	3	0	5	0	0	0	4	7	0	0	0	0	0	0	0	0	8	0	0
544	2 Mar 26	19:02:00	1	0	0	0	0	0	0	8	7	0	7	0	20	0	0	0	0	0	0	0	4	0	7	0	0	0	0	6	0	0	0	0	0	6	0	0	4	0	0
545	2 Mar 26	19:03:00	1	0	0	0	0	0	0	3	5	0	4	0	3	0	0	0	0	0	0	0	2	0	4	0	0	0	3	7	0	0	0	0	0	4	0	0	8	0	0
546	2 Mar 26	19:04:00	1	0	0	0	0	0	0	6	8	0	8	0	5	0	0	0	0	0	0	0	4	0	2	0	0	0	0	5	0	0	0	0	0	2	0	0	14	0	0
547	2 Mar 26	19:05:00	1	0	0	0	0	0	0	8	3	0	1	0	5	0	0	0	0	0	0	0	9	0	5	0	0	0	0	5	0	0	0	0	0	0	0	0	5	0	0
548	2 Mar 26	19:06:00	1	0	0	0	0	0	0	9	9	0	7	0	2	0	0	0	2	0	0	0	2	0	6	0	0	0	0	5	1	0	0	0	0	0	0	0	2	0	0
549	2 Mar 26	19:07:00	1	0	0	0	0	0	0	7	3	0	8	0	3	0	0	0	4	0	0	0	0	0	7	0	0	0	0	1	0	0	0	3	0	0	0	0	4	0	0
550	2 Mar 26	19:08:00	1	0	0	0	0	0	0	9	5	0	10	0	1	0	0	0	5	0	0	0	4	0	6	0	0	0	0	0	0	0	0	10	0	0	0	0	8	0	0
551	2 Mar 26	19:09:00	1	0	0	0	0	0	0	5	6	0	4	0	7	0	0	0	4	0	0	0	5	0	3	0	0	0	0	1	0	0	0	3	0	3	0	0	4	0	0
552	2 Mar 26	19:10:00	1	0	0	0	0	0	0	7	8	0	1	0	6	0	0	0	7	0	0	0	4	0	2	0	0	0	2	0	0	0	0	9	0	9	0	0	6	0	0
553	2 Mar 26	19:11:00	1	0	0	0	0	0	0	4	7	0	5	0	4	0	0	0	4	0	0	0	4	0	2	0	0	0	1	1	0	0	0	9	0	4	0	0	10	0	0
554	2 Mar 26	19:12:00	1	0	0	0	0	0	0	2	9	0	8	0	4	0	0	0	1	0	0	0	5	0	2	0	0	0	1	6	0	0	0	5	0	5	0	0	8	0	0
555	2 Mar 26	19:13:00	1	0	0	0	0	0	0	1	6	0	4	0	3	0	0	0	1	0	0	0	6	0	3	0	0	0	4	10	0	0	0	3	0	0	0	0	8	0	0
556	2 Mar 26	19:14:00	1	0	0	0	0	0	0	12	6	0	2	0	3	0	0	0	2	0	0	0	3	0	1	0	0	0	2	1	0	0	0	9	0	0	0	0	8	0	0
557	2 Mar 26	19:15:00	1	0	0	0	0	0	0	12	8	0	4	0	0	0	0	0	2	0	0	0	3	0	4	0	0	0	0	8	0	0	0	6	0	0	0	0	13	0	0
558	2 Mar 26	19:16:00	1	0	0	0	0	0	0	4	5	0	7	0	0	0	0	0	0	0	0	0	6	0	0	0	0	0	0	5	0	0	0	5	0	0	0	0	7	0	0
559	2 Mar 26	19:17:00	1	0	0	0	0	0	0	11	6	0	8	0	0	0	0	0	0	0	0	0	0	0	2	0	0	0	2	8	0	0	0	4	0	0	0	0	6	0	0
560	2 Mar 26	19:18:00	1	0	0	0	0	0	0	11	5	0	8	0	0	0	0	0	6	0	0	0	0	0	0	0	0	0	3	6	0	0	0	3	0	0	0	0	6	0	0
561	2 Mar 26	19:19:00	1	0	0	0	0	0	0	7	5	0	4	0	0	0	0	0	7	0	0	0	0	0	2	0	0	0	0	7	0	0	0	1	0	5	0	0	8	0	0
562	2 Mar 26	19:20:00	1	0	0	0	0	0	0	4	7	0	6	0	0	0	0	0	4	0	0	0	1	0	2	0	0	0	0	2	0	0	0	0	0	0	0	0	2	0	0
563	2 Mar 26	19:21:00	1	0	0	0	0	0	0	8	7	0	3	0	0	0	0	0	0	0	0	0	6	8	5	0	0	0	0	5	0	0	0	0	0	2	0	0	8	0	0
564	2 Mar 26	19:22:00	1	0	0	0	0	0	0	5	5	0	6	0	0	0	0	0	0	0	0	0	5	6	5	0	0	0	0	5	0	0	0	0	0	6	0	0	3	0	0
565	2 Mar 26	19:23:00	1	0	0	0	0	0	0	2	5	0	2	0	9	0	0	0	2	0	0	0	3	0	2	0	0	0	0	2	0	0	0	0	0	6	0	0	9	0	0
566	2 Mar 26	19:24:00	1	0	0	0	0	0	0	5	6	0	9	0	5	0	0	0	1	0	0	0	3	0	3	0	0	0	0	8	0	0	0	0	0	0	0	0	4	0	0
567	2 Mar 26	19:25:00	1	0	0	0	0	0	0	10	2	0	9	0	0	0	0	0	6	0	0	0	4	0	2	0	0	0	0	7	0	0	0	0	0	2	0	0	5	0	2
568	2 Mar 26	19:26:00	1	0	0	0	0	0	0	4	6	0	6	0	0	0	0	0	5	0	0	0	5	0	4	0	0	0	0	6	0	0	0	0	0	2	0	0	7	0	0
569	2 Mar 26	19:27:00	1	0	0	0	0	0	0	3	3	0	7	0	0	0	0	0	7	0	0	0	3	0	4	0	0	0	0	1	0	0	0	0	0	0	1	0	5	0	1
570	2 Mar 26	19:28:00	1	0	0	0	0	0	0	3	7	0	4	0	0	0	0	0	0	0	0	0	6	0	3	0	0	0	0	7	0	0	0	0	0	0	2	0	4	0	5
571	2 Mar 26	19:29:00	1	0	0	0	0	0	0	3	6	0	8	0	0	0	0	0	0	0	0	0	4	0	11	0	0	0	0	7	0	0	0	0	0	0	0	0	7	0	3
572	2 Mar 26	19:30:00	1	0	0	0	0	0	0	3	6	0	4	0	0	0	0	0	0	0	0	0	8	0	3	0	0	0	0	7	0	0	0	0	0	6	0	0	10	0	6
573	2 Mar 26	19:31:00	1	0	0	0	0	0	0	0	6	0	4	0	0	0	0	0	0	0	0	0	5	0	3	0	0	0	0	5	0	0	0	0	0	5	0	0	9	0	2
574	2 Mar 26	19:32:00	1	0	0	0	0	0	0	2	8	0	6	0	0	0	0	0	0	0	0	0	0	0	4	0	0	0	0	8	3	0	0	0	0	0	0	0	8	0	3
575	2 Mar 26	19:33:00	1	0	0	0	0	0	0	5	6	0	6	0	0	0	0	0	2	0	0	0	5	0	0	0	0	0	0	5	2	0	0	0	0	1	0	0	5	0	1
576	2 Mar 26	19:34:00	1	0	0	0	0	0	0	6	6	0	5	0	0	0	0	0	8	0	0	0	0	0	4	0	0	0	0	9	0	0	0	0	0	2	0	0	13	0	5
577	2 Mar 26	19:35:00	1	0	0	0	0	0	0	3	4	0	8	0	0	0	0	0	5	0	0	0	0	0	4	0	0	0	0	5	0	0	0	0	0	4	0	0	3	0	5
578	2 Mar 26	19:36:00	1	0	0	0	0	0	0	4	6	0	5	0	0	0	0	0	5	0	0	0	0	0	4	0	0	0	0	5	0	0	0	0	0	0	0	0	8	0	8
579	2 Mar 26	19:37:00	1	0	0	0	0	0	0	2	6	0	1	0	0	0	0	0	9	0	0	0	3	0	2	0	0	0	0	6	0	0	0	0	0	0	0	0	4	0	0
580	2 Mar 26	19:38:00	1	0	0	0	0	0	0	2	7	0	7	0	0	0	0	0	4	0	0	0	2	0	0	0	0	0	0	2	0	0	0	0	0	0	0	0	9	0	2
581	2 Mar 26	19:39:00	1	0	0	0	0	0	0	3	2	1	1	0	0	0	0	0	5	0	0	0	3	0	4	0	0	0	0	1	0	0	0	0	0	0	0	0	7	0	0
582	2 Mar 26	19:40:00	1	0	0	0	0	0	0	8	7	0	5	0	0	0	0	0	1	0	0	0	6	0	3	0	0	0	0	6	0	0	0	0	0	0	0	0	4	0	0
583	2 Mar 26	19:41:00	1	0	0	0	0	0	0	5	5	0	8	0	0	0	0	0	4	0	0	0	5	0	8	0	0	0	0	6	0	0	0	0	0	0	0	0	4	0	0
584	2 Mar 26	19:42:00	1	0	0	0	0	0	0	7	5	2	7	0	0	0	0	3	2	0	3	0	0	0	2	0	0	0	0	2	0	0	0	0	0	5	0	0	4	0	0
585	2 Mar 26	19:43:00	1	0	0	0	0	0	0	0	6	12	6	0	0	0	0	4	5	0	6	0	0	0	1	0	0	0	0	5	0	0	0	0	0	4	0	0	2	0	0
586	2 Mar 26	19:44:00	1	0	0	0	0	0	0	2	7	6	4	0	0	0	0	5	6	0	8	0	5	6	1	0	0	0	0	10	0	0	0	0	0	4	0	0	2	0	0
587	2 Mar 26	19:45:00	1	0	0	0	0	0	0	8	6	8	8	0	0	0	0	4	6	0	4	0	0	13	3	0	0	0	0	3	0	0	0	0	0	2	0	0	2	0	1
588	2 Mar 26	19:46:00	1	0	0	0	0	0	0	8	5	4	8	0	0	0	0	3	5	0	3	0	0	6	5	0	0	0	0	8	0	0	0	0	0	0	0	0	9	0	0
589	2 Mar 26	19:47:00	1	0	0	0	0	0	0	9	6	11	3	0	0	0	0	8	3	0	5	0	0	7	0	0	0	0	0	6	0	0	0	0	0	2	0	0	6	0	0
590	2 Mar 26	19:48:00	1	0	0	0	0	0	0	3	2	13	6	0	0	0	0	9	3	0	7	0	7	9	1	0	0	0	0	3	0	0	0	0	0	0	0	0	6	0	0
591	2 Mar 26	19:49:00	1	0	0	0	0	0	0	5	4	7	6	0	0	0	0	7	6	0	6	0	4	9	4	0	3	0	0	3	0	0	0	0	0	0	0	0	3	0	0
592	2 Mar 26	19:50:00	1	0	0	0	0	0	0	6	5	3	7	0	0	0	0	3	8	0	11	0	0	10	3	0	4	0	0	0	0	0	0	0	0	0	0	0	7	0	0
593	2 Mar 26	19:51:00	1	0	0	0	0	0	0	5	7	3	6	0	0	1	0	6	3	0	4	0	5	9	2	0	2	0	0	0	0	0	0	0	0	3	0	0	7	0	0
594	2 Mar 26	19:52:00	1	0	0	0	0	0	0	5	8	9	4	0	0	2	0	4	6	0	6	0	2	10	3	0	6	0	0	8	0	0	0	0	1	1	0	0	7	0	0
595	2 Mar 26	19:53:00	1	0	0	0	0	0	0	6	8	9	3	0	0	0	2	4	0	0	6	0	5	10	2	0	0	0	0	2	0	0	0	0	1	4	0	0	3	0	0
596	2 Mar 26	19:54:00	1	0	0	0	0	0	0	5	4	5	6	0	0	0	0	4	3	0	5	0	1	6	0	0	0	0	0	3	0	0	0	0	0	0	0	0	5	0	0
597	2 Mar 26	19:55:00	1	0	0	0	0	0	0	7	6	9	3	0	0	0	1	5	5	0	4	0	6	7	0	0	0	0	0	6	0	0	0	0	0	3	0	0	4	0	0
598	2 Mar 26	19:56:00	1	0	0	0	0	0	0	5	8	8	2	0	0	0	1	2	4	0	5	0	2	8	2	0	0	0	0	5	0	0	0	0	0	0	0	0	5	0	0
599	2 Mar 26	19:57:00	1	0	0	0	0	0	0	5	7	6	5	0	0	0	7	7	5	0	5	0	0	10	2	0	0	0	0	6	0	0	0	0	0	3	0	0	4	0	0
600	2 Mar 26	19:58:00	1	0	0	0	0	0	0	4	6	7	7	0	0	0	0	8	5	0	6	0	0	9	4	0	0	0	0	9	0	0	0	0	0	0	0	0	9	0	0
601	2 Mar 26	19:59:00	1	0	0	0	0	0	0	6	3	8	4	0	4	0	5	6	4	0	5	0	0	6	1	0	0	0	0	10	0	0	0	0	0	0	0	0	6	0	0
602	2 Mar 26	20:00:00	1	0	0	0	0	0	0	3	5	2	8	0	8	0	2	0	0	0	17	0	3	7	3	0	0	0	0	6	0	0	0	0	0	0	0	0	3	0	0
603	2 Mar 26	20:01:00	1	0	0	0	0	0	0	8	7	3	6	0	5	0	1	4	2	0	2	0	0	10	1	0	0	0	0	3	0	0	0	0	0	0	0	0	1	0	0
604	2 Mar 26	20:02:00	1	0	0	0	0	0	0	8	4	3	2	0	4	0	3	6	0	0	0	0	0	14	2	0	0	0	0	8	0	0	0	0	0	0	0	0	7	0	0
605	2 Mar 26	20:03:00	1	0	0	0	0	0	0	6	5	2	7	0	0	0	2	7	0	0	7	0	2	11	0	0	7	0	0	6	0	0	0	0	0	0	0	0	6	0	0
606	2 Mar 26	20:04:00	1	0	0	0	0	0	0	7	3	0	3	0	4	0	5	3	0	0	8	0	2	10	3	0	2	0	0	5	0	0	0	0	0	0	0	0	9	0	0
607	2 Mar 26	20:05:00	1	0	0	0	0	0	0	8	5	6	7	0	4	0	1	0	2	0	6	0	4	13	2	0	3	0	0	1	0	0	0	0	0	0	0	0	4	0	2
608	2 Mar 26	20:06:00	1	0	0	0	0	0	0	2	7	3	9	0	4	0	0	0	2	0	8	0	3	8	5	0	3	0	0	0	0	0	0	0	0	5	0	0	10	0	4
609	2 Mar 26	20:07:00	1	0	0	0	0	0	0	0	6	4	6	0	4	0	1	2	2	0	3	0	0	9	4	0	4	0	0	1	0	0	0	0	0	2	0	0	7	0	0
610	2 Mar 26	20:08:00	1	0	0	0	0	0	0	6	2	2	8	0	4	0	2	2	4	0	7	0	5	9	1	0	6	0	0	1	0	2	0	1	0	3	0	0	5	0	1
611	2 Mar 26	20:09:00	1	0	0	0	0	0	0	11	7	2	5	0	4	0	3	4	3	0	6	0	4	10	3	0	6	0	0	5	0	0	0	5	0	0	0	0	9	0	5
612	2 Mar 26	20:10:00	1	0	0	0	0	0	0	6	3	4	6	0	7	0	3	4	6	0	3	0	5	9	0	0	5	0	0	0	0	0	0	5	0	0	0	0	8	0	0
613	2 Mar 26	20:11:00	1	0	0	0	0	0	0	9	4	3	9	0	6	0	2	0	4	0	6	0	2	9	0	0	8	0	0	0	0	6	0	6	0	1	0	0	5	0	5
614	2 Mar 26	20:12:00	1	0	0	0	0	0	0	7	4	0	5	0	5	0	2	5	0	0	8	0	1	9	2	0	8	0	0	0	0	6	0	1	0	1	0	0	7	0	3
615	2 Mar 26	20:13:00	1	0	0	0	0	0	0	5	4	1	6	0	6	0	0	0	0	0	9	0	3	10	7	0	4	0	0	3	0	5	0	4	0	0	0	0	4	0	1
616	2 Mar 26	20:14:00	1	0	0	0	0	0	0	8	3	3	4	0	5	0	4	1	3	0	8	0	3	5	5	0	5	0	0	6	0	6	0	2	0	0	0	0	7	0	1
617	2 Mar 26	20:15:00	1	0	0	0	0	0	0	5	5	5	6	0	0	0	4	0	0	0	9	0	6	7	4	0	9	0	0	9	0	4	0	3	0	0	0	0	4	0	8
618	2 Mar 26	20:16:00	1	0	0	0	0	0	0	8	3	5	8	0	0	0	2	0	0	0	8	0	3	5	5	0	4	0	0	6	0	9	0	8	0	0	0	0	8	0	2
619	2 Mar 26	20:17:00	1	0	0	0	0	0	0	6	3	1	5	0	5	0	5	0	0	0	9	0	5	10	5	0	3	5	0	8	0	2	0	12	0	0	0	0	6	0	4
620	2 Mar 26	20:18:00	1	0	0	0	0	0	0	8	9	4	0	0	0	0	3	0	0	0	5	0	0	9	0	0	1	0	0	4	0	7	0	2	0	2	0	0	6	0	2
621	2 Mar 26	20:19:00	1	0	0	0	0	0	0	5	5	0	3	0	7	0	7	0	6	0	9	0	1	11	0	0	6	0	0	10	0	4	0	1	0	5	0	0	7	0	0
622	2 Mar 26	20:20:00	1	0	0	0	0	0	0	3	6	3	1	0	4	0	3	0	0	0	6	0	1	8	5	0	6	0	0	2	0	7	0	0	0	2	0	0	9	0	0
623	2 Mar 26	20:21:00	1	0	0	0	0	0	0	4	8	3	7	0	3	0	2	0	5	0	8	0	15	9	3	0	8	6	0	3	0	8	0	4	0	4	0	0	6	0	0
624	2 Mar 26	20:22:00	1	0	0	0	0	0	0	12	4	0	1	0	2	0	0	0	5	0	10	0	7	4	2	0	2	3	0	7	0	4	0	8	0	1	0	0	5	0	0
625	2 Mar 26	20:23:00	1	0	0	0	0	0	0	7	6	0	0	0	0	0	0	0	5	0	5	0	4	8	3	0	1	3	0	5	0	0	0	6	0	0	0	0	5	0	0
626	2 Mar 26	20:24:00	1	0	0	0	0	0	0	5	6	0	5	0	0	0	0	0	3	0	9	0	7	7	5	0	5	3	0	11	0	2	0	6	3	0	0	0	0	0	0
627	2 Mar 26	20:25:00	1	0	0	0	0	0	0	6	4	0	3	0	0	0	0	0	1	0	4	0	0	8	5	0	7	3	0	9	0	1	0	8	0	0	0	0	12	0	0
628	2 Mar 26	20:26:00	1	0	0	0	0	0	0	6	4	0	10	0	2	1	0	0	1	0	6	0	0	6	4	0	4	3	0	7	0	4	0	8	0	0	0	0	6	0	0
629	2 Mar 26	20:27:00	1	0	0	0	0	0	0	5	4	0	5	0	5	1	0	0	8	0	8	0	5	8	3	0	5	2	0	4	0	4	5	7	0	0	0	0	0	0	0
630	2 Mar 26	20:28:00	1	0	0	0	0	0	0	0	6	0	5	0	8	5	1	0	6	0	1	0	2	10	3	0	3	0	0	5	0	1	0	5	0	0	0	0	11	0	0
631	2 Mar 26	20:29:00	1	0	0	0	0	0	0	2	7	7	5	0	7	0	4	0	2	0	0	0	3	9	2	0	0	5	0	1	0	3	0	2	0	0	0	0	6	0	0
632	2 Mar 26	20:30:00	1	0	0	0	0	0	0	0	4	3	8	0	6	9	0	0	7	0	1	0	8	9	0	0	3	4	0	3	0	6	0	4	0	0	0	0	4	0	0
633	2 Mar 26	20:31:00	1	0	0	0	0	0	0	0	5	2	5	0	4	2	2	0	4	0	6	0	4	10	2	0	5	5	0	0	0	6	0	5	0	2	0	0	5	0	0
634	2 Mar 26	20:32:00	1	0	0	0	0	0	0	0	1	0	5	0	4	1	2	0	6	0	9	0	3	8	4	0	3	2	0	7	0	6	0	9	0	9	1	0	7	0	0
635	2 Mar 26	20:33:00	1	0	0	0	0	0	0	0	6	0	8	0	6	6	4	0	2	0	8	0	7	10	4	0	6	4	0	6	0	3	0	3	0	0	3	0	6	0	0
636	2 Mar 26	20:34:00	1	0	0	0	0	0	0	0	5	0	8	0	2	2	5	0	0	0	5	0	2	11	4	0	4	3	0	9	0	3	0	13	0	6	6	0	4	0	0
637	2 Mar 26	20:35:00	1	0	0	0	0	0	0	0	6	0	5	0	5	4	0	0	5	0	5	0	6	7	2	0	3	2	0	3	0	6	0	3	0	0	3	0	6	0	0
638	2 Mar 26	20:36:00	1	0	0	0	0	0	0	0	3	0	9	0	0	2	0	0	3	0	3	0	0	10	1	0	0	3	0	1	0	3	0	0	0	0	5	0	1	0	0
639	2 Mar 26	20:37:00	1	0	0	0	0	0	0	0	4	0	6	0	3	7	0	0	4	0	4	0	0	8	3	0	0	4	0	5	0	9	0	6	3	0	3	0	3	0	0
640	2 Mar 26	20:38:00	1	0	0	0	0	0	0	0	7	0	6	0	3	2	0	0	4	0	8	0	4	10	1	0	3	3	0	2	0	4	0	0	4	0	1	4	8	0	0
641	2 Mar 26	20:39:00	1	0	0	0	0	0	0	0	4	0	9	0	0	5	2	0	5	0	5	0	0	8	4	0	3	4	0	7	2	3	0	9	2	0	3	5	3	0	0
642	2 Mar 26	20:40:00	1	0	0	0	0	0	0	0	6	0	7	0	0	4	3	0	5	0	7	0	4	8	0	0	0	3	0	9	0	3	0	2	1	0	6	4	5	0	0
643	2 Mar 26	20:41:00	1	0	0	0	0	0	0	0	6	0	6	0	0	5	1	0	0	0	7	0	4	8	0	0	1	5	0	8	0	0	0	5	3	0	5	6	1	0	0
644	2 Mar 26	20:42:00	1	0	0	0	0	0	0	0	7	0	7	0	0	4	6	0	4	0	2	0	6	8	0	0	4	5	0	5	0	5	0	8	2	0	1	6	7	0	0
645	2 Mar 26	20:43:00	1	0	0	0	0	0	0	0	6	0	5	0	0	5	4	0	4	0	3	0	6	9	2	0	4	2	0	9	0	6	0	4	0	0	4	5	8	0	1
646	2 Mar 26	20:44:00	1	0	0	0	0	0	0	0	6	0	4	0	0	5	1	0	6	0	6	0	4	11	0	0	6	5	0	8	0	4	0	5	0	0	0	10	6	0	4
647	2 Mar 26	20:45:00	1	0	0	0	0	0	0	0	6	0	7	0	0	9	0	0	2	0	4	0	9	8	6	0	3	6	0	4	0	2	0	7	0	0	1	8	1	0	4
648	2 Mar 26	20:46:00	1	0	0	0	0	0	0	0	4	0	10	0	0	9	0	0	4	0	8	0	6	9	4	0	7	2	0	5	0	0	0	0	0	0	0	11	9	0	0
649	2 Mar 26	20:47:00	1	0	0	0	0	0	0	0	9	0	6	0	0	5	0	0	4	0	6	0	7	7	5	2	7	3	0	4	0	6	0	0	0	0	0	8	6	0	6
650	2 Mar 26	20:48:00	1	0	0	0	0	0	0	0	6	0	7	0	0	4	1	0	4	0	1	0	2	5	5	5	6	5	0	2	0	3	0	0	0	0	0	9	5	0	7
651	2 Mar 26	20:49:00	1	0	0	0	0	0	0	0	10	0	6	0	0	0	1	0	2	0	3	0	5	8	4	4	6	4	0	9	0	1	0	0	0	4	0	8	2	0	4
652	2 Mar 26	20:50:00	1	0	0	0	0	0	0	0	7	0	3	0	0	9	0	0	6	0	0	0	2	10	4	5	3	4	0	4	0	1	0	0	0	4	0	4	7	0	3
653	2 Mar 26	20:51:00	1	0	0	0	0	0	0	0	7	0	7	0	0	6	0	0	2	0	0	0	2	10	5	4	7	0	0	9	0	3	0	0	0	1	0	6	1	0	0
654	2 Mar 26	20:52:00	1	0	0	0	0	0	0	0	4	0	8	0	0	5	0	0	0	0	0	0	2	6	4	1	6	0	0	7	0	0	0	0	0	0	1	8	8	0	1
655	2 Mar 26	20:53:00	1	0	0	0	0	0	0	0	9	0	5	0	0	3	0	0	5	0	0	0	4	10	4	2	8	6	0	5	0	4	0	0	0	0	0	7	7	0	0
656	2 Mar 26	20:54:00	1	0	0	0	0	0	0	0	2	0	10	0	0	6	0	0	7	0	0	0	0	8	2	3	7	4	0	2	0	1	0	0	0	0	0	2	5	0	0
657	2 Mar 26	20:55:00	1	0	0	0	0	0	0	0	6	0	6	0	0	2	0	0	4	0	0	0	1	9	0	0	7	2	0	4	0	5	0	0	0	0	0	7	5	0	0
658	2 Mar 26	20:56:00	1	0	0	0	0	0	0	0	7	0	3	0	0	7	0	0	2	0	0	0	1	12	2	4	5	1	0	6	0	1	0	0	0	0	0	6	3	0	0
659	2 Mar 26	20:57:00	1	0	0	0	0	0	0	0	4	0	7	0	0	8	0	0	2	0	0	0	5	9	0	0	3	2	0	2	0	4	0	0	0	0	0	9	0	0	0
660	2 Mar 26	20:58:00	1	0	0	0	0	0	0	0	4	0	5	0	0	5	0	0	3	0	0	0	3	9	3	2	7	3	0	6	0	4	0	0	0	8	5	3	5	0	0
661	2 Mar 26	20:59:00	1	0	0	0	0	0	0	0	3	0	7	0	3	5	0	0	2	0	3	0	0	4	5	4	4	3	0	7	0	6	0	0	0	3	7	8	2	0	6
662	2 Mar 26	21:00:00	1	0	0	0	0	0	0	0	8	0	3	0	4	3	0	0	2	0	3	0	0	10	1	6	6	0	0	8	0	5	0	0	0	3	9	8	2	0	7
663	2 Mar 26	21:01:00	1	0	0	0	0	0	0	0	7	0	8	0	4	6	0	0	4	0	7	0	3	3	5	1	6	0	0	4	0	7	0	0	0	0	7	4	5	0	4
664	2 Mar 26	21:02:00	1	0	0	0	0	0	0	0	5	0	6	0	2	4	0	0	5	0	7	0	0	2	4	4	4	0	0	5	0	2	0	0	0	2	7	4	4	0	2
665	2 Mar 26	21:03:00	1	0	0	0	0	0	0	0	7	0	4	0	5	3	0	0	0	0	4	0	4	12	0	2	6	0	0	5	0	2	0	0	0	0	10	4	2	0	2
666	2 Mar 26	21:04:00	1	0	0	0	0	0	0	0	2	0	7	0	2	5	0	2	1	0	7	0	1	6	4	0	4	0	0	5	0	5	0	0	0	0	8	4	5	0	0
667	2 Mar 26	21:05:00	1	0	0	0	0	0	0	0	6	0	9	0	0	8	0	4	4	0	3	0	6	8	6	1	5	5	0	5	0	4	0	0	0	1	8	7	7	0	0
668	2 Mar 26	21:06:00	1	0	0	0	0	0	0	0	9	0	8	0	4	5	0	5	2	0	6	0	2	8	0	0	8	4	0	4	0	4	0	0	0	3	6	7	7	0	0
669	2 Mar 26	21:07:00	1	0	0	0	0	0	0	0	4	0	5	0	4	8	0	5	3	0	5	0	6	7	2	4	1	4	0	7	0	8	0	0	0	4	4	3	5	0	3
670	2 Mar 26	21:08:00	1	0	0	0	0	0	0	0	9	0	10	0	2	5	0	5	5	0	8	0	3	10	2	0	1	3	0	6	0	9	0	0	0	5	4	7	5	0	2
671	2 Mar 26	21:09:00	1	0	0	0	0	0	0	0	5	0	9	0	4	8	0	6	3	0	7	0	1	8	4	0	5	1	0	5	0	10	0	0	0	0	4	6	6	0	5
672	2 Mar 26	21:10:00	1	0	0	0	0	0	0	0	3	0	6	0	0	6	0	4	7	0	10	0	4	10	4	1	2	2	0	6	0	4	0	0	0	0	5	8	4	0	0
673	2 Mar 26	21:11:00	1	0	0	0	0	0	0	0	6	0	4	0	0	7	0	10	4	0	10	0	6	10	2	3	0	2	0	5	0	5	0	0	0	0	6	8	5	0	5
674	2 Mar 26	21:12:00	1	0	0	0	0	0	0	0	4	0	5	0	3	7	0	3	8	0	6	0	6	8	2	4	0	0	0	6	0	3	0	0	0	0	6	5	4	0	3
675	2 Mar 26	21:13:00	1	0	0	0	0	0	0	0	4	0	4	0	7	3	0	2	4	0	8	0	9	11	4	3	0	0	0	6	0	6	0	0	0	0	0	8	9	0	2
676	2 Mar 26	21:14:00	1	0	0	0	0	0	0	0	7	0	5	0	4	8	0	6	5	0	9	0	4	11	4	15	0	4	0	9	0	6	0	0	0	2	4	10	6	0	5
677	2 Mar 26	21:15:00	1	0	0	0	0	0	0	0	6	0	8	0	8	4	0	6	8	0	9	0	6	11	2	0	0	2	0	8	0	5	0	0	0	6	2	8	10	0	2
678	2 Mar 26	21:16:00	1	0	0	0	0	0	0	0	6	0	7	0	3	5	0	4	0	0	7	0	8	8	3	4	0	5	0	7	0	3	0	0	0	1	0	3	5	0	1
679	2 Mar 26	21:17:00	1	0	0	0	0	0	0	0	5	0	8	0	3	4	0	6	6	0	8	0	6	10	4	2	0	10	0	6	0	6	0	3	0	7	3	8	4	0	2
680	2 Mar 26	21:18:00	1	0	0	0	0	0	0	0	2	0	11	0	3	7	0	4	0	0	10	0	6	8	2	1	5	4	8	7	0	9	0	9	0	4	4	3	7	0	3
681	2 Mar 26	21:19:00	1	0	0	0	0	0	0	0	5	0	1	0	10	4	0	6	2	0	9	0	3	5	2	6	4	2	2	8	0	1	0	3	0	0	4	5	3	0	5
682	2 Mar 26	21:20:00	1	0	0	0	0	0	0	0	4	0	12	0	4	8	0	8	2	0	8	0	4	7	7	4	6	4	3	7	0	4	0	0	0	0	6	7	4	0	3
683	2 Mar 26	21:21:00	1	0	0	0	0	0	0	0	4	0	4	0	1	6	0	6	4	0	8	0	7	8	6	1	6	3	5	6	0	6	0	6	0	10	7	7	4	0	7
684	2 Mar 26	21:22:00	1	0	0	0	0	0	0	0	4	0	5	0	2	7	0	7	4	0	8	0	2	10	4	2	6	6	5	7	0	1	0	1	0	7	11	5	7	0	4
685	2 Mar 26	21:23:00	1	0	0	0	0	0	0	0	4	0	6	0	4	9	0	5	7	0	5	0	2	7	6	5	3	2	7	3	0	3	0	0	0	3	3	9	7	0	6
686	2 Mar 26	21:24:00	1	0	0	0	0	0	0	0	3	0	6	0	0	1	0	6	7	2	5	0	3	6	6	5	0	1	3	6	0	6	0	3	0	0	3	4	9	0	1
687	2 Mar 26	21:25:00	1	0	0	0	0	0	0	0	6	0	6	0	2	6	0	10	6	0	4	0	5	10	4	0	0	3	3	9	0	3	0	8	0	6	4	6	5	0	2
688	2 Mar 26	21:26:00	1	0	0	0	0	0	0	0	4	0	6	0	7	3	0	6	7	1	5	0	3	11	5	2	0	4	4	10	0	1	0	9	0	2	1	14	7	0	1
689	2 Mar 26	21:27:00	1	0	0	0	0	0	0	0	4	0	4	0	3	8	0	8	9	12	7	0	5	7	4	4	0	3	2	4	0	4	0	2	0	0	5	12	4	0	3
690	2 Mar 26	21:28:00	1	0	0	0	0	0	1	0	10	1	10	0	2	7	0	2	6	14	7	0	6	8	5	2	1	4	5	3	0	2	0	1	0	0	8	7	3	0	7
691	2 Mar 26	21:29:00	1	0	0	0	0	0	1	0	3	11	11	0	19	10	4	1	7	14	3	8	14	17	7	6	5	8	4	8	0	9	0	2	3	0	5	11	7	0	6
692	2 Mar 26	21:30:00	1	0	0	0	0	0	1	4	3	10	7	0	10	7	5	7	7	14	2	6	9	12	15	0	3	6	8	2	0	4	0	4	1	1	0	11	2	0	13
693	2 Mar 26	21:31:00	1	0	0	0	0	0	1	10	3	5	12	0	9	6	7	11	10	16	6	11	7	14	4	7	2	2	12	8	4	10	0	6	1	5	7	5	18	0	9
694	2 Mar 26	21:32:00	1	0	0	0	0	0	1	9	2	15	18	0	10	3	1	10	9	19	4	2	6	11	11	4	8	0	7	3	6	9	5	6	2	0	5	12	11	3	5
695	2 Mar 26	21:33:00	1	0	0	0	0	0	1	12	6	12	7	0	12	6	2	9	8	21	6	8	2	15	6	10	7	5	7	2	7	8	1	8	5	0	3	11	0	3	9
696	2 Mar 26	21:34:00	1	0	0	0	0	0	1	7	10	12	11	0	5	4	0	11	11	14	10	5	4	11	9	9	5	9	8	5	3	9	0	3	0	3	2	8	5	2	8
697	2 Mar 26	21:35:00	1	0	0	0	0	0	1	5	7	6	5	0	9	10	5	5	10	13	5	5	5	10	6	2	6	0	5	10	5	13	6	4	3	6	9	11	11	0	11
698	2 Mar 26	21:36:00	1	0	0	0	0	0	1	9	6	7	7	0	7	9	2	11	10	19	5	9	7	16	9	2	6	5	6	7	6	7	7	6	4	7	11	7	8	0	11
699	2 Mar 26	21:37:00	1	0	0	0	0	0	1	21	6	8	6	0	9	7	4	4	10	8	6	7	3	5	5	0	5	2	7	7	6	6	7	4	3	0	7	1	7	0	7
700	2 Mar 26	21:38:00	1	0	0	0	0	0	1	6	7	9	11	0	10	4	2	7	13	9	7	4	10	8	4	6	8	4	3	9	5	7	6	1	3	4	7	4	7	0	5
701	2 Mar 26	21:39:00	1	0	0	0	0	0	1	6	7	11	7	0	4	9	3	3	8	8	7	0	16	16	4	4	7	6	3	4	2	5	3	8	0	2	4	5	9	0	5
702	2 Mar 26	21:40:00	1	0	0	0	0	0	1	6	10	16	9	0	10	5	0	7	6	15	11	2	10	16	4	3	4	4	1	9	7	10	4	7	0	0	7	4	6	0	5
703	2 Mar 26	21:41:00	1	0	0	0	0	0	1	9	7	11	9	0	6	6	5	4	10	9	6	1	13	15	3	5	10	6	3	0	3	10	8	6	4	0	3	6	7	0	3
704	2 Mar 26	21:42:00	1	0	0	0	0	0	1	9	3	10	13	0	6	7	1	6	11	15	7	3	10	8	4	5	5	4	3	9	4	8	4	7	0	1	5	7	8	5	3
705	2 Mar 26	21:43:00	1	0	0	0	0	0	1	5	9	13	8	0	8	2	3	12	8	9	2	0	8	10	2	3	3	6	2	8	5	3	8	3	0	2	6	11	7	0	4
706	2 Mar 26	21:44:00	1	0	0	0	0	0	1	10	4	8	9	0	5	6	5	7	9	13	4	4	7	9	6	5	7	4	2	6	3	13	5	5	0	9	10	13	17	0	5
707	2 Mar 26	21:45:00	1	0	0	0	0	0	1	6	0	8	11	0	5	7	5	5	12	6	3	3	2	8	2	2	6	1	3	7	4	8	7	5	0	9	17	5	8	0	5
708	2 Mar 26	21:46:00	1	0	0	0	0	0	1	11	8	11	3	0	3	9	1	2	7	10	5	5	2	18	2	5	5	0	6	3	6	5	5	6	3	7	1	1	8	0	7
709	2 Mar 26	21:47:00	1	0	0	0	0	0	1	4	4	9	1	0	6	4	5	5	7	11	9	2	6	5	2	4	3	2	2	0	6	7	2	3	1	5	3	4	11	6	6
710	2 Mar 26	21:48:00	1	0	0	0	0	0	1	11	5	9	6	0	7	10	2	6	6	8	2	2	4	9	2	4	2	4	3	2	8	6	4	12	5	4	2	4	15	0	6
711	2 Mar 26	21:49:00	1	0	0	0	0	0	1	9	6	13	7	0	4	10	0	0	5	12	6	6	5	7	5	0	0	0	2	13	1	8	0	5	6	4	5	1	7	0	6
712	2 Mar 26	21:50:00	1	0	0	0	0	0	1	10	10	6	4	0	5	6	2	7	6	13	4	3	6	6	8	3	4	0	9	10	4	6	0	5	3	8	7	12	12	3	3
713	2 Mar 26	21:51:00	1	0	0	0	0	0	1	4	8	6	13	0	5	7	1	5	9	12	5	3	3	8	5	5	0	0	2	8	8	10	4	4	1	4	0	6	7	3	10
714	2 Mar 26	21:52:00	1	0	0	0	0	0	1	4	7	10	8	0	4	7	7	4	8	9	8	9	4	8	5	2	2	0	6	3	3	7	5	1	4	9	5	3	4	0	7
715	2 Mar 26	21:53:00	1	0	0	0	0	0	1	8	6	0	5	0	9	4	2	5	9	9	1	4	8	5	5	0	1	0	1	0	3	10	4	5	5	5	6	12	6	4	2
716	2 Mar 26	21:54:00	1	0	0	0	0	0	1	11	6	10	14	0	8	10	2	3	10	12	3	5	5	11	3	2	7	7	1	4	6	11	4	8	5	8	2	9	4	3	2
717	2 Mar 26	21:55:00	1	0	0	0	0	0	1	10	7	9	8	0	6	5	4	6	4	10	5	5	5	9	5	4	5	2	8	6	3	7	0	5	2	5	6	11	6	0	6
718	2 Mar 26	21:56:00	1	0	0	0	0	0	1	5	0	5	8	0	10	10	4	10	13	4	6	3	5	14	8	0	5	0	4	19	6	9	0	4	1	7	6	6	4	4	0
719	2 Mar 26	21:57:00	1	0	0	0	0	0	1	8	0	9	2	0	5	7	3	6	9	10	8	2	5	5	3	3	4	0	6	12	7	8	0	3	4	2	12	10	11	3	7
720	2 Mar 26	21:58:00	1	0	0	0	0	0	1	10	0	7	9	0	7	8	0	2	6	10	7	6	4	5	4	1	7	0	0	4	9	4	0	8	4	5	5	12	9	0	1
721	2 Mar 26	21:59:00	1	0	0	0	0	0	1	9	3	6	4	0	4	1	0	3	9	6	6	0	4	6	7	1	5	0	3	7	6	5	0	14	2	0	8	5	11	0	7
722	2 Mar 26	22:00:00	1	0	0	0	0	0	1	12	2	10	2	0	0	2	4	6	11	9	8	6	4	10	3	4	1	2	2	3	3	6	0	12	4	5	6	5	10	0	8
723	2 Mar 26	22:01:00	1	0	0	0	0	0	1	7	8	11	6	0	9	6	0	7	7	6	3	4	6	12	12	3	1	5	0	2	3	4	0	4	5	0	3	7	11	3	1
724	2 Mar 26	22:02:00	1	0	0	0	0	0	1	10	4	12	6	0	10	7	0	3	5	5	9	2	4	8	5	3	4	5	1	0	3	10	0	0	5	0	4	6	10	0	4
725	2 Mar 26	22:03:00	1	0	0	0	0	0	1	9	4	4	7	0	1	10	0	5	8	8	7	2	4	8	5	2	1	2	2	3	4	7	0	0	0	0	4	10	16	0	3
726	2 Mar 26	22:04:00	1	0	0	0	0	0	1	7	4	3	5	0	3	7	0	8	2	8	3	4	7	8	4	6	9	2	4	10	5	5	3	2	0	3	6	6	8	0	3
727	2 Mar 26	22:05:00	1	0	0	0	0	0	1	10	7	1	2	0	1	6	0	5	10	10	2	3	2	16	0	1	5	2	3	3	0	6	3	2	1	0	4	2	7	2	4
728	2 Mar 26	22:06:00	1	0	0	0	0	0	1	12	6	0	9	0	3	4	0	2	5	4	4	0	9	7	0	2	5	0	1	6	7	8	6	0	2	1	3	4	5	3	4
729	2 Mar 26	22:07:00	1	0	0	0	0	0	1	10	5	0	2	0	7	3	0	4	6	10	5	3	7	7	0	0	5	0	5	16	5	4	5	1	0	7	5	5	2	2	3
730	2 Mar 26	22:08:00	1	0	0	0	0	0	1	5	2	6	10	0	6	5	0	2	9	17	6	4	5	3	4	3	5	0	0	17	7	6	2	3	0	6	7	6	11	0	6
731	2 Mar 26	22:09:00	1	0	0	0	0	0	1	6	0	8	5	0	9	10	0	4	10	12	2	1	7	13	6	3	4	0	4	9	1	5	3	2	0	6	8	10	11	2	5
732	2 Mar 26	22:10:00	1	0	0	0	0	0	1	16	2	1	9	0	4	1	0	4	9	7	5	1	8	3	0	0	1	0	2	7	6	5	2	4	0	2	6	3	9	4	5
733	2 Mar 26	22:11:00	1	0	0	0	0	0	1	7	2	7	4	0	2	3	0	2	6	5	6	7	5	2	7	2	4	0	3	7	6	5	3	4	0	4	9	4	9	0	8
734	2 Mar 26	22:12:00	1	0	0	0	0	0	1	6	6	2	2	0	4	6	0	8	8	7	4	1	3	8	4	0	3	5	6	15	4	5	4	4	0	6	2	11	13	2	7
735	2 Mar 26	22:13:00	1	0	0	0	0	0	1	10	4	6	7	0	3	9	0	7	9	5	6	1	8	10	2	0	4	0	0	6	0	9	6	4	0	6	5	6	7	2	3
736	2 Mar 26	22:14:00	1	0	0	0	0	0	1	9	9	5	2	0	5	4	0	8	9	4	4	4	4	12	7	0	6	0	3	6	6	8	2	5	0	7	9	7	8	0	10
737	2 Mar 26	22:15:00	1	0	0	0	0	0	1	8	3	3	11	0	6	5	0	7	0	11	3	7	4	12	0	3	7	0	0	5	3	8	4	0	0	9	2	5	6	2	0
738	2 Mar 26	22:16:00	1	0	0	0	0	0	1	9	4	6	2	0	1	4	0	6	5	5	5	2	5	7	2	4	6	0	0	4	6	5	5	4	4	5	8	4	6	1	4
739	2 Mar 26	22:17:00	1	0	0	0	0	0	1	7	4	4	2	0	3	7	6	6	5	10	6	4	1	3	3	5	5	0	9	15	4	4	0	2	4	0	6	6	9	4	1
740	2 Mar 26	22:18:00	1	0	0	0	0	0	1	9	2	8	6	0	12	6	2	6	5	13	3	2	2	5	6	0	0	0	4	5	5	8	2	2	5	1	4	7	10	0	2
741	2 Mar 26	22:19:00	1	0	0	0	0	0	1	6	1	3	2	0	12	7	0	5	8	11	4	3	2	10	4	1	1	0	2	13	0	4	2	1	1	5	4	8	7	0	4
742	2 Mar 26	22:20:00	1	0	0	0	0	0	1	5	2	4	0	0	6	6	4	6	9	3	2	4	3	9	2	6	4	0	6	8	0	7	2	1	2	0	4	6	12	0	7
743	2 Mar 26	22:21:00	1	0	0	0	0	0	1	5	5	4	2	0	0	2	0	4	8	7	3	0	9	12	3	5	3	0	0	7	0	8	3	5	0	9	4	5	8	0	10
744	2 Mar 26	22:22:00	1	0	0	0	0	0	1	5	6	8	10	0	0	6	3	2	7	3	4	0	3	9	4	0	7	0	1	9	6	5	5	2	0	2	7	9	4	0	4
745	2 Mar 26	22:23:00	1	0	0	0	0	0	1	14	4	7	3	0	0	6	0	3	10	3	3	0	13	4	8	4	8	0	4	6	0	4	1	2	3	5	4	6	3	0	5
746	2 Mar 26	22:24:00	1	0	0	0	0	0	1	7	5	4	3	0	3	3	0	6	11	11	4	2	6	1	3	2	5	0	3	7	3	6	3	0	2	5	6	4	3	0	4
747	2 Mar 26	22:25:00	1	0	0	0	0	0	1	13	5	9	4	0	1	9	0	8	9	6	3	1	6	6	6	2	3	0	5	1	4	8	0	2	4	3	6	3	6	0	5
748	2 Mar 26	22:26:00	1	0	0	0	0	0	1	6	6	11	1	0	10	5	6	4	5	6	0	3	5	7	2	0	7	0	0	2	2	18	0	1	0	2	1	7	7	0	5
749	2 Mar 26	22:27:00	1	0	0	0	0	0	1	16	4	12	4	0	3	6	0	0	7	7	4	2	6	8	2	0	5	0	0	11	2	2	0	7	0	4	3	7	8	0	2
750	2 Mar 26	22:28:00	1	0	0	0	0	0	1	10	5	0	2	0	6	9	0	2	8	3	12	6	4	15	1	0	7	0	6	4	0	6	0	5	0	4	8	6	7	2	1
751	2 Mar 26	22:29:00	1	0	0	0	0	0	1	6	6	2	4	0	0	8	3	3	5	8	8	1	6	9	1	1	7	0	5	11	0	9	1	4	1	7	5	3	10	0	6
752	2 Mar 26	22:30:00	1	0	0	0	0	0	1	12	2	0	1	0	3	8	0	7	6	9	4	0	7	6	0	0	3	0	2	6	4	9	3	7	0	4	6	7	12	3	2
753	2 Mar 26	22:31:00	1	0	0	0	0	0	1	7	0	0	4	0	3	6	1	2	4	3	2	0	6	8	3	0	3	0	2	7	4	4	2	0	4	3	0	5	8	0	1
754	2 Mar 26	22:32:00	1	0	0	0	0	0	1	7	2	3	4	0	10	9	6	4	4	13	2	4	3	0	1	1	3	0	1	4	3	8	0	6	0	6	9	7	6	3	3
755	2 Mar 26	22:33:00	1	0	0	0	0	0	1	13	4	0	3	0	3	6	0	9	6	8	2	0	0	6	2	6	3	0	5	10	5	4	2	2	0	3	0	5	10	0	8
756	2 Mar 26	22:34:00	1	0	0	0	0	0	1	5	2	0	1	0	6	3	0	3	9	4	6	3	10	6	4	5	3	0	1	11	8	2	6	3	0	6	2	3	5	3	7
757	2 Mar 26	22:35:00	1	0	0	0	0	0	1	7	5	3	1	0	6	0	0	0	7	11	4	3	4	10	0	3	5	0	1	9	6	6	3	4	0	6	2	2	10	2	0
758	2 Mar 26	22:36:00	1	0	0	0	0	0	1	6	6	2	2	0	6	6	3	4	5	11	0	0	9	12	0	4	0	0	0	9	9	5	4	2	0	0	6	6	5	0	0
759	2 Mar 26	22:37:00	1	0	0	0	0	0	1	8	5	3	6	0	3	1	2	1	5	8	2	0	6	7	0	3	7	1	4	7	5	5	5	2	0	2	0	5	3	0	7
760	2 Mar 26	22:38:00	1	0	0	0	0	0	1	6	6	3	5	0	1	8	1	0	7	7	3	3	5	9	1	2	3	0	0	10	2	3	0	3	0	5	7	5	6	0	7
761	2 Mar 26	22:39:00	1	0	0	0	0	0	1	14	3	5	1	0	4	5	0	6	4	6	1	2	4	10	6	5	7	0	0	7	0	5	0	11	0	7	5	6	4	0	4
762	2 Mar 26	22:40:00	1	0	0	0	0	0	1	4	6	2	0	0	5	8	0	5	3	7	1	3	2	10	0	3	0	0	5	9	3	2	0	4	0	7	6	6	7	0	1
763	2 Mar 26	22:41:00	1	0	0	0	0	0	1	8	4	6	1	0	0	2	5	3	8	10	1	6	8	5	3	2	4	0	3	6	3	4	0	4	0	2	3	4	8	0	12
764	2 Mar 26	22:42:00	1	0	0	0	0	0	1	8	3	3	3	0	4	4	1	4	9	9	0	4	5	0	0	3	6	0	0	4	1	7	0	3	0	5	5	12	10	0	3
765	2 Mar 26	22:43:00	1	0	0	0	0	0	1	10	3	1	3	0	3	3	0	0	6	3	4	2	6	0	0	0	6	0	1	4	3	5	0	0	0	3	9	3	8	0	6
766	2 Mar 26	22:44:00	1	0	0	0	0	0	1	8	6	5	2	0	5	3	0	4	7	4	0	3	2	13	0	3	2	0	3	2	6	10	2	0	0	4	5	4	9	0	6
767	2 Mar 26	22:45:00	1	0	0	0	0	0	1	11	3	2	2	0	5	0	0	2	3	6	2	0	0	3	3	2	6	0	1	3	0	6	2	5	0	0	4	5	3	0	3
768	2 Mar 26	22:46:00	1	0	0	0	0	0	1	19	0	9	1	0	0	2	0	3	5	11	3	2	2	7	0	3	3	0	1	1	0	3	3	4	3	3	3	9	4	0	8
769	2 Mar 26	22:47:00	1	0	0	0	0	0	1	4	4	6	3	0	2	3	0	0	4	4	2	2	3	8	3	4	5	0	0	4	0	7	1	2	2	5	4	2	16	0	0
770	2 Mar 26	22:48:00	1	0	0	0	0	0	1	8	3	4	3	0	4	4	2	0	7	9	3	0	6	12	0	2	7	3	3	7	5	2	1	0	2	1	6	11	9	0	0
771	2 Mar 26	22:49:00	1	0	0	0	0	0	1	10	3	7	3	0	3	9	3	0	2	6	3	0	6	9	0	0	7	0	3	7	3	3	0	5	0	1	5	7	10	0	5
772	2 Mar 26	22:50:00	1	0	0	0	0	0	1	11	2	10	3	0	5	5	2	0	4	3	0	0	1	2	0	0	4	0	4	8	4	7	0	3	0	9	4	6	4	0	7
773	2 Mar 26	22:51:00	1	0	0	0	0	0	1	6	4	5	0	0	1	10	1	0	3	10	2	0	2	3	0	0	3	0	4	5	7	3	0	1	0	4	10	6	3	0	6
774	2 Mar 26	22:52:00	1	0	0	0	0	0	1	6	3	2	1	0	2	4	0	2	5	7	5	0	6	7	3	4	6	0	2	11	7	3	2	3	0	9	5	4	5	6	10
775	2 Mar 26	22:53:00	1	0	0	0	0	0	1	8	3	0	1	0	3	5	0	1	8	0	4	3	4	14	2	0	4	0	3	5	5	3	0	0	0	1	3	1	9	1	0
776	2 Mar 26	22:54:00	1	0	0	0	0	0	1	6	5	0	1	0	7	5	0	0	1	6	4	2	2	11	2	1	6	0	4	3	5	4	2	0	0	10	6	9	16	0	1
777	2 Mar 26	22:55:00	1	0	0	0	0	0	1	9	3	0	2	0	0	8	0	3	6	8	4	0	3	12	1	2	5	0	6	2	4	7	4	7	0	2	6	6	8	4	6
778	2 Mar 26	22:56:00	1	0	0	0	0	0	1	6	2	0	7	0	0	5	0	2	4	8	0	1	2	0	0	0	0	0	1	8	1	2	1	7	0	4	4	5	6	3	3
779	2 Mar 26	22:57:00	1	0	0	0	0	0	1	9	4	0	2	0	3	0	0	0	8	6	5	4	7	2	4	3	1	0	0	4	7	3	0	5	0	4	3	5	8	0	1
780	2 Mar 26	22:58:00	1	0	0	0	0	0	1	6	2	0	5	0	5	0	0	2	3	4	3	0	6	3	5	0	1	0	1	4	4	8	3	2	0	4	4	5	8	0	5
781	2 Mar 26	22:59:00	1	0	0	0	0	0	1	5	4	0	0	0	2	0	0	0	2	2	1	7	7	10	0	0	6	0	3	5	6	4	5	0	0	2	1	6	5	0	6
782	2 Mar 26	23:00:00	1	0	0	0	0	0	1	8	4	0	0	0	2	1	0	0	6	3	7	3	4	12	0	0	3	0	0	4	4	3	2	0	0	5	2	6	8	0	1
783	2 Mar 26	23:01:00	1	0	0	0	0	0	1	9	5	0	5	0	0	3	0	3	2	8	2	4	4	10	3	2	8	0	0	6	6	6	0	0	0	2	2	10	0	0	5
784	2 Mar 26	23:02:00	1	0	0	0	0	0	1	8	1	0	1	0	0	7	0	0	6	6	5	2	0	8	0	4	4	0	1	3	3	2	3	0	0	0	8	5	7	0	0
785	2 Mar 26	23:03:00	1	0	0	0	0	0	1	10	4	0	2	0	0	4	0	0	4	8	3	6	2	9	2	0	5	0	4	1	5	4	0	3	0	5	3	4	13	0	0
786	2 Mar 26	23:04:00	1	0	0	0	0	0	1	4	4	0	1	0	0	3	0	0	6	7	8	0	1	6	0	0	4	0	4	3	5	5	0	1	0	3	6	4	5	0	0
787	2 Mar 26	23:05:00	1	0	0	0	0	0	1	11	6	0	3	0	0	8	0	0	6	5	3	2	1	13	2	0	1	0	1	7	1	6	0	0	0	0	3	7	7	0	5
788	2 Mar 26	23:06:00	1	0	0	0	0	0	1	1	5	0	2	0	0	7	0	0	8	11	6	3	0	14	2	3	3	0	1	11	4	5	0	0	0	4	4	8	9	0	7
789	2 Mar 26	23:07:00	1	0	0	0	0	0	1	4	1	0	0	0	0	2	0	0	4	7	3	0	2	4	0	2	4	0	0	2	5	4	0	0	1	2	8	5	4	0	8
790	2 Mar 26	23:08:00	1	0	0	0	0	0	1	6	0	0	2	0	0	4	0	0	6	4	1	0	2	6	0	4	5	0	0	7	3	5	0	0	1	3	3	8	3	0	1
791	2 Mar 26	23:09:00	1	0	0	0	0	0	1	9	4	0	2	0	2	8	0	0	3	3	5	1	4	5	0	2	2	0	3	7	0	3	0	0	0	4	3	7	2	0	6
792	2 Mar 26	23:10:00	1	0	0	0	0	0	1	12	2	8	6	0	6	5	0	0	5	7	2	0	4	7	2	4	1	0	3	7	0	8	0	5	0	0	4	7	3	0	0
793	2 Mar 26	23:11:00	1	0	0	0	0	0	1	15	3	0	0	0	3	3	3	0	5	11	0	3	3	8	0	2	4	0	1	5	4	7	5	1	0	0	5	4	7	0	1
794	2 Mar 26	23:12:00	1	0	0	0	0	0	1	10	6	3	1	0	3	0	0	0	2	10	7	0	2	14	4	2	1	0	0	4	5	2	2	0	0	0	3	9	4	0	7
795	2 Mar 26	23:13:00	1	0	0	0	0	0	1	7	5	7	1	0	3	4	0	3	5	2	3	0	6	5	1	0	2	0	0	6	5	3	0	1	0	0	1	12	11	0	3
796	2 Mar 26	23:14:00	1	0	0	0	0	0	1	15	2	3	0	0	0	1	0	3	4	5	3	0	7	8	2	3	2	0	5	7	2	2	0	6	0	0	5	6	6	0	2
797	2 Mar 26	23:15:00	1	0	0	0	0	0	1	14	1	2	0	0	5	0	0	0	4	0	2	2	1	12	0	2	2	0	6	7	0	2	0	0	0	0	0	7	9	0	3
798	2 Mar 26	23:16:00	1	0	0	0	0	0	1	13	0	2	0	0	3	4	0	0	5	0	2	0	1	4	1	0	5	0	3	3	3	4	0	0	0	0	5	6	5	0	3
799	2 Mar 26	23:17:00	1	0	0	0	0	0	1	3	0	0	1	0	0	9	0	0	5	0	3	3	8	5	3	2	6	0	5	8	2	5	0	5	0	1	2	4	3	0	4
800	2 Mar 26	23:18:00	1	0	0	0	0	0	1	7	4	4	3	0	0	3	0	0	5	0	3	1	6	4	0	3	3	0	4	15	6	7	3	4	0	2	0	7	6	4	3
801	2 Mar 26	23:19:00	1	0	0	0	0	0	1	9	3	0	5	0	2	2	0	0	7	0	6	0	2	0	0	0	6	0	4	8	5	10	1	7	0	8	4	5	4	0	4
802	2 Mar 26	23:20:00	1	0	0	0	0	0	1	5	4	0	5	0	3	1	0	0	5	4	5	3	8	0	0	2	1	0	0	2	3	10	3	5	0	5	5	2	6	0	3
803	2 Mar 26	23:21:00	1	0	0	0	0	0	1	4	4	0	2	0	0	0	0	0	5	6	7	2	9	0	0	1	2	0	0	5	5	7	3	4	0	9	1	5	2	0	2
804	2 Mar 26	23:22:00	1	0	0	0	0	0	1	8	4	0	8	0	0	4	0	0	7	6	5	2	7	0	0	2	2	0	3	4	0	6	0	3	0	8	3	5	8	0	3
805	2 Mar 26	23:23:00	1	0	0	0	0	0	1	2	3	0	4	0	0	3	0	0	5	0	4	0	1	16	0	1	5	0	1	9	1	2	0	0	0	7	2	4	10	0	4
806	2 Mar 26	23:24:00	1	0	0	0	0	0	1	6	8	0	2	0	0	5	0	0	5	7	2	3	4	7	0	5	0	0	7	0	3	3	0	1	0	5	3	0	12	3	5
807	2 Mar 26	23:25:00	1	0	0	0	0	0	1	3	3	0	0	0	0	5	0	0	4	7	3	3	6	10	0	0	0	0	3	0	4	6	0	3	0	4	9	4	0	0	4
808	2 Mar 26	23:26:00	1	0	0	0	0	0	1	7	2	0	1	0	0	7	0	0	7	6	3	0	0	8	0	0	0	0	2	0	0	4	0	0	0	3	1	4	10	0	1
809	2 Mar 26	23:27:00	1	0	0	0	0	0	1	4	3	0	0	0	9	6	0	0	5	5	6	0	0	4	0	0	7	0	1	7	3	16	0	0	0	6	1	9	5	0	1
810	2 Mar 26	23:28:00	1	0	0	0	0	0	1	0	5	4	0	0	1	12	1	0	2	12	2	0	3	10	0	1	8	4	3	3	3	5	0	0	0	0	4	5	14	0	8
811	2 Mar 26	23:29:00	1	0	0	0	0	0	1	4	1	0	0	0	2	2	2	0	0	6	4	0	3	0	0	2	6	0	1	7	7	4	0	0	0	4	6	6	7	0	10
812	2 Mar 26	23:30:00	1	0	0	0	0	0	1	0	5	0	0	0	0	3	3	0	2	7	4	0	2	6	0	3	4	4	3	7	3	3	0	0	0	2	0	4	0	0	8
813	2 Mar 26	23:31:00	1	0	0	0	0	0	1	0	1	0	0	0	0	7	0	0	5	0	2	0	4	4	0	0	0	0	0	10	4	4	0	3	0	3	4	4	7	0	10
814	2 Mar 26	23:32:00	1	0	0	0	0	0	1	0	0	0	2	0	2	2	0	0	5	8	3	0	10	1	0	1	5	0	2	8	5	6	0	3	0	5	2	5	6	0	2
815	2 Mar 26	23:33:00	1	0	0	0	0	0	1	0	0	0	0	0	5	4	0	0	3	6	0	4	7	5	0	2	3	0	3	10	1	3	0	0	0	3	2	0	4	0	9
816	2 Mar 26	23:34:00	1	0	0	0	0	0	1	0	0	0	6	0	0	3	0	0	5	1	3	0	0	9	3	0	4	0	0	13	3	7	0	3	0	3	3	4	7	0	7
817	2 Mar 26	23:35:00	1	0	0	0	0	0	1	0	0	0	2	0	0	3	0	0	5	12	2	0	0	4	0	0	3	0	0	3	5	4	0	1	0	6	0	5	14	0	3
818	2 Mar 26	23:36:00	1	0	0	0	0	0	1	0	0	0	1	0	0	4	0	0	4	8	1	1	0	7	0	1	0	0	0	4	3	3	6	4	4	9	0	7	5	0	2
819	2 Mar 26	23:37:00	1	0	0	0	0	0	1	0	0	0	6	0	0	4	0	0	5	7	0	4	1	5	0	0	0	0	4	4	0	2	2	5	5	7	3	3	5	0	3
820	2 Mar 26	23:38:00	1	0	0	0	0	0	1	0	0	0	2	0	0	7	0	0	6	5	0	2	2	11	0	3	0	0	0	3	4	5	0	0	0	7	0	5	7	0	0
821	2 Mar 26	23:39:00	1	0	0	0	0	0	1	0	0	0	2	0	0	5	0	0	7	2	1	0	0	7	0	0	4	0	0	7	2	4	0	0	0	6	10	4	8	0	2
822	2 Mar 26	23:40:00	1	0	0	0	0	0	1	0	0	0	1	0	0	2	0	0	5	0	0	0	2	3	0	4	2	0	0	8	1	3	0	0	0	3	1	7	4	0	0
823	2 Mar 26	23:41:00	1	0	0	0	0	0	1	3	0	0	4	0	0	5	0	0	6	0	0	1	0	5	0	2	3	0	0	5	2	4	0	0	0	9	4	6	7	0	1
824	2 Mar 26	23:42:00	1	0	0	0	0	0	1	2	0	0	3	0	0	5	0	0	4	6	0	0	2	1	0	0	1	0	3	6	5	5	0	4	0	0	10	4	10	0	4
825	2 Mar 26	23:43:00	1	0	0	0	0	0	1	0	0	0	2	0	0	3	0	0	4	8	0	0	1	0	0	0	5	0	5	4	7	6	0	4	0	3	3	0	4	0	9
826	2 Mar 26	23:44:00	1	0	0	0	0	0	1	2	0	0	1	0	0	5	0	0	6	6	4	0	4	5	0	0	4	0	0	4	6	4	0	6	0	6	3	10	4	0	3
827	2 Mar 26	23:45:00	1	0	0	0	0	0	1	0	0	0	3	0	7	10	0	6	0	4	0	0	2	2	0	0	5	0	0	6	3	1	0	2	0	3	3	4	12	0	9
828	2 Mar 26	23:46:00	1	0	0	0	0	0	1	0	0	0	1	0	5	2	0	0	3	5	3	1	3	0	0	0	6	0	0	6	5	6	0	6	0	3	3	3	13	0	4
829	2 Mar 26	23:47:00	1	0	0	0	0	0	1	0	0	0	0	0	7	1	1	0	5	7	7	3	0	0	0	0	1	0	1	10	4	8	0	3	0	7	0	5	10	0	3
830	2 Mar 26	23:48:00	1	0	0	0	0	0	1	0	1	0	0	0	5	5	1	0	6	2	1	0	1	0	0	0	4	4	3	7	5	3	0	2	0	0	0	4	5	0	4
831	2 Mar 26	23:49:00	1	0	0	0	0	0	1	0	19	0	0	0	4	4	0	0	9	0	0	4	0	0	0	3	5	3	1	8	3	1	0	1	0	0	0	8	11	0	0
832	2 Mar 26	23:50:00	1	0	0	0	0	0	1	0	7	0	0	0	0	7	0	0	2	0	3	1	1	0	0	0	1	0	3	10	0	0	0	2	0	4	0	1	4	0	3
833	2 Mar 26	23:51:00	1	0	0	0	0	0	1	0	0	0	0	0	2	7	0	0	7	0	3	3	4	0	0	3	3	0	0	2	2	3	0	0	0	6	0	2	2	0	4
834	2 Mar 26	23:52:00	1	0	0	0	0	0	1	0	0	0	0	0	0	6	0	0	6	0	0	1	2	0	0	3	3	0	4	7	5	5	0	0	0	3	0	4	0	0	3
835	2 Mar 26	23:53:00	1	0	0	0	0	0	1	0	0	0	5	0	7	3	0	0	6	0	0	2	4	0	0	6	3	0	0	11	4	3	0	0	3	4	0	6	3	0	1
836	2 Mar 26	23:54:00	1	0	0	0	0	0	1	0	0	0	5	0	0	3	0	0	3	0	0	0	0	0	0	3	2	0	0	11	1	3	0	0	4	4	3	4	14	0	5
837	2 Mar 26	23:55:00	1	0	0	0	0	0	1	0	0	0	4	0	3	5	0	0	5	0	1	9	2	0	0	5	3	0	3	11	3	3	0	0	4	2	3	6	9	0	3
838	2 Mar 26	23:56:00	1	0	0	0	0	0	1	0	0	0	2	0	9	5	0	0	6	0	4	0	1	7	0	0	3	0	1	10	3	6	0	0	0	0	5	6	6	0	2
839	2 Mar 26	23:57:00	1	0	0	0	0	0	1	0	1	0	3	0	0	4	0	0	5	0	0	0	1	8	0	3	5	0	7	11	3	4	0	0	0	0	1	5	1	0	4
840	2 Mar 26	23:58:00	1	0	0	0	0	0	1	0	0	0	1	0	0	2	0	0	0	0	1	0	2	7	0	2	3	0	0	3	6	7	0	0	0	3	2	6	6	0	3
841	2 Mar 26	23:59:00	1	0	0	0	0	0	1	0	0	0	1	0	0	6	0	0	0	0	4	0	1	18	0	0	1	0	3	6	4	3	0	0	1	3	4	2	4	0	7
842	3 Mar 26	00:00:00	1	0	0	0	0	0	1	0	0	0	0	0	3	4	4	0	4	4	5	0	1	5	0	3	0	0	3	7	1	2	0	0	0	6	0	7	7	4	1
843	3 Mar 26	00:01:00	1	0	0	0	0	0	1	0	0	0	2	0	7	4	1	0	0	0	1	0	0	8	0	5	5	0	1	2	3	0	0	0	0	3	0	3	4	0	4
844	3 Mar 26	00:02:00	1	0	0	0	0	0	1	0	0	0	4	0	4	8	0	0	1	6	3	0	0	7	0	2	6	0	13	9	2	2	0	0	0	5	0	7	2	0	0
845	3 Mar 26	00:03:00	1	0	0	0	0	0	1	0	0	0	0	0	4	2	1	2	1	1	1	0	2	14	3	0	2	0	4	5	3	4	0	0	0	5	0	7	0	0	5
846	3 Mar 26	00:04:00	1	0	0	0	0	0	1	0	0	0	0	0	0	4	0	2	4	2	2	0	4	10	5	2	2	0	4	12	6	6	0	0	0	2	0	5	0	0	0
847	3 Mar 26	00:05:00	1	0	0	0	0	0	1	0	0	0	1	0	0	4	0	0	7	5	3	0	0	5	0	1	3	0	2	5	6	9	0	0	0	3	0	4	0	0	1
848	3 Mar 26	00:06:00	1	0	0	0	0	0	1	0	1	0	0	0	0	2	1	0	4	0	5	0	4	0	0	0	1	0	0	4	3	4	0	0	0	3	0	0	0	0	1
849	3 Mar 26	00:07:00	1	0	0	0	0	0	1	0	1	0	0	0	0	5	1	0	4	0	3	0	0	0	0	0	4	0	0	3	2	5	0	0	0	6	5	6	0	0	5
850	3 Mar 26	00:08:00	1	0	0	0	0	0	1	0	0	0	0	0	0	5	1	0	3	3	0	0	1	1	0	0	2	0	0	10	0	2	0	0	0	2	2	1	3	0	1
851	3 Mar 26	00:09:00	1	0	0	0	0	0	1	0	0	0	0	0	0	3	1	0	5	7	1	0	4	0	0	0	5	0	0	10	4	7	0	0	0	0	5	2	4	0	4
852	3 Mar 26	00:10:00	1	0	0	0	0	0	1	0	0	0	0	0	0	5	4	0	3	3	5	0	2	0	0	6	3	0	0	9	3	1	0	8	3	3	7	0	8	0	2
853	3 Mar 26	00:11:00	1	0	0	0	0	0	1	0	0	0	0	0	0	4	2	0	2	0	3	0	0	1	0	1	3	0	0	4	3	6	0	4	2	6	2	13	9	0	2
854	3 Mar 26	00:12:00	1	0	0	0	0	0	1	0	0	0	0	0	0	6	0	0	4	0	4	0	1	4	0	0	0	0	0	8	5	2	0	0	0	7	3	6	2	0	0
855	3 Mar 26	00:13:00	1	0	0	0	0	0	1	0	0	0	0	0	0	5	0	0	2	0	5	0	2	7	0	2	0	0	0	7	3	1	0	1	0	4	2	11	3	0	5
856	3 Mar 26	00:14:00	1	0	0	0	0	0	1	0	0	0	0	0	0	3	1	0	4	0	5	0	0	14	0	0	1	0	0	4	0	2	0	3	0	3	2	11	2	0	3
857	3 Mar 26	00:15:00	1	0	0	0	0	0	1	0	1	0	0	0	0	4	2	0	4	0	6	0	1	4	0	3	8	0	0	2	0	1	0	1	0	5	1	7	0	0	0
858	3 Mar 26	00:16:00	1	0	0	0	0	0	1	2	0	0	0	0	0	0	0	0	2	0	1	0	6	2	0	1	1	0	3	1	1	2	0	0	0	5	5	3	3	0	1
859	3 Mar 26	00:17:00	1	0	0	0	0	0	1	0	0	0	0	0	0	4	0	0	0	0	0	0	0	8	0	1	3	0	4	0	3	3	2	0	0	5	3	0	3	0	3
860	3 Mar 26	00:18:00	1	0	0	0	0	0	1	2	0	0	0	0	0	6	0	0	0	0	2	0	0	6	0	0	5	0	4	0	2	2	2	4	0	4	1	2	10	0	0
861	3 Mar 26	00:19:00	1	0	0	0	0	0	1	0	1	0	2	0	0	6	0	0	3	0	3	0	0	7	0	1	0	0	2	0	6	1	0	2	0	9	5	2	5	1	6
862	3 Mar 26	00:20:00	1	0	0	0	0	0	1	0	3	0	0	0	0	3	0	0	8	0	2	0	0	11	0	5	2	0	7	0	0	2	6	0	0	7	1	1	7	0	5
863	3 Mar 26	00:21:00	1	0	0	0	0	0	1	0	0	0	0	0	0	6	0	0	5	3	5	0	1	6	0	5	2	0	6	0	3	3	4	0	0	7	2	10	3	0	2
864	3 Mar 26	00:22:00	1	0	0	0	0	0	1	0	0	0	0	0	0	3	0	1	4	5	5	0	1	5	0	7	0	0	1	0	4	7	3	0	0	2	6	6	9	0	3
865	3 Mar 26	00:23:00	1	0	0	0	0	0	1	0	0	0	0	0	0	2	0	0	2	0	2	0	9	0	0	3	2	0	0	0	5	3	6	0	0	4	0	4	6	0	0
866	3 Mar 26	00:24:00	1	0	0	0	0	0	1	2	0	0	0	0	0	0	0	0	0	0	1	0	0	2	0	0	1	0	3	2	2	2	0	0	0	1	3	8	8	2	0
867	3 Mar 26	00:25:00	1	0	0	0	0	0	1	12	0	4	0	0	0	4	0	0	4	0	2	0	2	3	0	0	6	0	0	7	3	2	0	0	0	3	4	8	3	0	0
868	3 Mar 26	00:26:00	1	0	0	0	0	0	1	0	0	22	0	0	2	4	0	0	3	1	3	0	5	0	0	0	1	0	1	5	4	3	3	0	0	1	1	5	8	0	0
869	3 Mar 26	00:27:00	1	0	0	0	0	0	1	0	0	8	0	0	2	4	0	0	7	5	0	0	10	12	0	0	6	0	0	8	2	3	0	0	0	10	0	2	9	3	1
870	3 Mar 26	00:28:00	1	0	0	0	0	0	1	0	0	0	0	0	5	2	0	0	1	4	2	0	4	2	0	0	11	0	2	6	2	5	0	0	0	3	2	4	4	0	0
871	3 Mar 26	00:29:00	1	0	0	0	0	0	1	4	0	0	0	0	4	2	0	0	5	9	0	0	0	2	0	0	1	0	3	11	5	11	0	0	0	3	4	6	6	0	3
872	3 Mar 26	00:30:00	1	0	0	0	0	0	1	7	1	0	0	0	5	3	0	0	7	9	3	0	1	3	0	0	5	0	5	5	4	5	0	0	0	7	0	0	2	0	6
873	3 Mar 26	00:31:00	1	0	0	0	0	0	1	2	0	0	0	0	2	7	0	0	5	6	7	0	9	9	0	0	2	0	2	8	4	2	0	0	0	7	2	3	7	0	7
874	3 Mar 26	00:32:00	1	0	0	0	0	0	1	3	0	0	0	0	4	10	0	0	7	11	0	0	1	3	0	0	2	0	0	5	4	2	0	0	0	10	3	2	10	0	8
875	3 Mar 26	00:33:00	1	0	0	0	0	0	1	6	0	0	0	0	3	3	0	0	7	5	0	0	2	0	0	0	11	0	0	3	7	7	0	0	0	0	1	3	8	0	1
876	3 Mar 26	00:34:00	1	0	0	0	0	0	1	7	0	0	0	0	0	3	0	0	5	3	0	0	0	0	0	0	2	0	0	8	0	4	0	0	0	2	0	7	3	0	1
877	3 Mar 26	00:35:00	1	0	0	0	0	0	1	2	0	0	1	0	2	2	0	0	5	0	0	0	0	0	0	0	3	0	4	9	5	3	0	0	0	2	2	5	4	0	2
878	3 Mar 26	00:36:00	1	0	0	0	0	0	1	0	0	0	0	0	0	2	0	0	1	8	1	0	2	0	0	6	3	0	1	8	2	5	0	0	0	9	0	1	2	0	1
879	3 Mar 26	00:37:00	1	0	0	0	0	0	1	0	0	0	0	0	0	7	0	0	2	5	7	0	5	0	0	6	1	0	3	4	4	4	0	0	0	2	0	4	12	0	11
880	3 Mar 26	00:38:00	1	0	0	0	0	0	1	0	0	0	0	0	0	3	0	0	1	0	2	0	3	0	0	5	7	0	0	3	6	9	0	0	0	0	0	4	8	4	5
881	3 Mar 26	00:39:00	1	0	0	0	0	0	1	0	0	0	0	0	0	2	0	0	1	0	0	0	0	0	0	0	0	0	2	8	3	1	0	0	0	5	2	8	2	0	0
882	3 Mar 26	00:40:00	1	0	0	0	0	0	1	0	0	4	0	0	0	6	0	0	4	0	1	0	0	0	0	0	0	0	5	1	4	7	0	0	0	5	3	0	9	0	4
883	3 Mar 26	00:41:00	1	0	0	0	0	0	1	0	0	0	1	0	0	3	0	0	3	0	4	0	0	0	0	0	4	0	3	1	0	11	0	0	0	5	3	5	8	0	2
884	3 Mar 26	00:42:00	1	0	0	0	0	0	1	0	0	0	13	0	0	4	0	0	4	0	2	0	1	0	0	5	9	0	2	2	5	4	0	0	0	7	11	2	7	2	0
885	3 Mar 26	00:43:00	1	0	0	0	0	0	1	0	0	0	0	0	0	6	0	0	4	0	0	0	6	0	0	0	0	0	2	4	2	5	0	0	0	7	8	7	0	0	0
886	3 Mar 26	00:44:00	1	0	0	0	0	0	1	0	0	0	0	0	0	2	0	0	0	0	0	0	2	7	0	0	0	0	8	3	0	5	0	0	0	5	4	6	3	0	3
887	3 Mar 26	00:45:00	1	0	0	0	0	0	1	0	0	0	5	0	0	1	0	0	2	0	4	0	6	11	0	0	2	0	0	6	2	9	0	0	0	10	3	7	1	0	6
888	3 Mar 26	00:46:00	1	0	0	0	0	0	1	0	0	0	0	0	0	1	0	0	2	0	0	0	3	11	0	2	3	0	8	4	5	2	0	0	2	4	6	10	5	0	3
889	3 Mar 26	00:47:00	1	0	0	0	0	0	1	0	0	0	0	0	0	0	0	0	3	2	0	0	2	6	0	4	1	0	2	5	3	9	0	0	2	7	9	4	5	0	5
890	3 Mar 26	00:48:00	1	0	0	0	0	0	1	0	0	0	2	0	0	0	0	0	2	0	0	0	0	12	0	3	1	2	4	2	0	7	0	0	2	5	0	2	12	0	2
891	3 Mar 26	00:49:00	1	0	0	0	0	0	1	0	0	0	0	0	0	0	0	0	0	2	0	0	0	3	0	4	5	1	4	4	3	2	0	0	2	5	0	1	8	0	6
892	3 Mar 26	00:50:00	1	0	0	0	0	0	1	0	0	0	0	0	0	0	0	0	1	0	0	0	2	0	0	0	3	0	3	4	5	7	0	0	0	5	1	7	3	0	2
893	3 Mar 26	00:51:00	1	0	0	0	0	0	1	0	0	0	0	0	0	0	0	0	1	0	0	0	0	2	0	3	5	0	0	0	0	1	0	0	0	2	3	3	8	0	0
894	3 Mar 26	00:52:00	1	0	0	0	0	0	1	0	0	0	0	0	0	0	0	0	0	0	1	0	0	8	0	6	5	0	0	3	0	4	0	0	0	0	1	3	3	0	2
895	3 Mar 26	00:53:00	1	0	0	0	0	0	1	0	0	0	2	0	0	0	0	0	0	0	0	0	0	10	0	0	6	0	0	6	0	2	4	0	0	0	0	3	9	0	0
896	3 Mar 26	00:54:00	1	0	0	0	0	0	1	0	3	0	0	0	0	2	0	0	0	0	0	0	0	4	0	4	1	0	2	10	0	2	1	0	0	0	0	1	9	0	2
897	3 Mar 26	00:55:00	1	0	0	0	0	0	1	0	0	0	0	0	0	2	0	0	0	0	0	0	0	0	0	0	4	0	2	12	0	3	3	0	0	0	0	4	12	0	5
898	3 Mar 26	00:56:00	1	0	0	0	0	0	1	0	0	0	0	0	0	3	0	0	3	0	0	0	0	0	0	2	4	0	0	4	2	2	7	0	0	0	0	5	2	0	1
899	3 Mar 26	00:57:00	1	0	0	0	0	0	1	0	2	0	0	0	0	0	0	0	1	0	0	0	0	0	0	3	0	0	0	5	8	3	2	0	2	0	0	1	2	0	0
900	3 Mar 26	00:58:00	1	0	0	0	0	0	1	0	0	0	0	0	0	0	0	0	1	0	0	0	0	0	0	0	3	0	0	8	3	0	2	0	1	0	0	3	4	0	2
901	3 Mar 26	00:59:00	1	0	0	0	0	0	1	0	0	0	0	0	0	0	0	0	8	0	0	0	0	0	0	0	2	0	0	3	3	2	3	0	0	0	0	4	8	0	4
902	3 Mar 26	01:00:00	1	0	0	0	0	0	1	0	2	0	3	0	0	0	0	0	5	0	0	0	0	0	0	0	0	0	0	3	3	5	4	0	0	0	0	2	3	0	3
903	3 Mar 26	01:01:00	1	0	0	0	0	0	1	0	0	0	0	0	0	0	0	0	4	0	0	0	2	0	0	0	4	0	0	2	3	9	3	0	0	0	0	2	9	0	2
904	3 Mar 26	01:02:00	1	0	0	0	0	0	1	0	0	0	0	0	0	0	0	0	5	0	0	0	0	0	0	0	2	0	5	1	1	5	4	0	0	0	0	6	13	0	0
905	3 Mar 26	01:03:00	1	0	0	0	0	0	1	0	0	0	0	0	6	0	0	0	2	0	0	0	0	0	0	1	1	0	0	6	4	1	4	0	0	2	0	2	1	0	1
906	3 Mar 26	01:04:00	1	0	0	0	0	0	1	0	1	0	0	0	2	0	0	0	7	0	0	0	5	0	0	0	0	0	4	3	3	3	2	0	0	0	0	6	2	0	1
907	3 Mar 26	01:05:00	1	0	0	0	0	0	1	0	0	0	0	0	1	0	0	0	2	0	0	0	4	2	0	0	1	0	0	4	1	5	1	0	0	0	4	1	0	0	0
908	3 Mar 26	01:06:00	1	0	0	0	0	0	1	0	0	0	2	0	0	0	5	0	0	0	0	0	5	7	0	7	2	0	0	0	4	3	0	0	0	3	7	2	0	0	0
909	3 Mar 26	01:07:00	1	0	0	0	0	0	1	0	2	0	0	0	3	0	0	0	0	0	0	0	3	5	0	12	1	0	7	0	6	2	0	0	0	0	1	4	0	0	3
910	3 Mar 26	01:08:00	1	0	0	0	0	0	1	0	1	0	0	0	1	0	0	0	0	0	0	0	0	3	0	0	3	0	0	0	2	2	0	0	0	0	0	2	0	0	2
911	3 Mar 26	01:09:00	1	0	0	0	0	0	1	0	5	0	0	0	8	0	0	0	0	0	0	3	0	8	0	2	1	0	0	0	1	6	0	0	0	0	3	3	0	0	5
912	3 Mar 26	01:10:00	1	0	0	0	0	0	1	0	2	0	0	0	1	0	0	0	0	0	0	1	0	13	0	0	4	0	0	0	3	2	0	0	0	6	3	3	0	0	2
913	3 Mar 26	01:11:00	1	0	0	0	0	0	1	0	3	0	3	0	0	0	0	0	0	0	0	0	2	8	0	2	1	0	0	0	3	3	0	0	0	6	3	5	0	0	1
914	3 Mar 26	01:12:00	1	0	0	0	0	0	1	0	12	0	0	0	6	0	0	0	0	0	0	0	1	1	0	0	0	1	1	0	3	1	0	0	0	1	0	4	0	2	0
915	3 Mar 26	01:13:00	1	0	0	0	0	0	1	0	2	0	0	0	3	0	0	0	0	0	0	0	2	0	0	1	0	0	0	0	6	0	1	0	0	0	3	3	0	0	0
916	3 Mar 26	01:14:00	1	0	0	0	0	0	1	0	0	0	0	0	0	0	0	0	0	2	0	0	0	0	0	0	1	0	0	0	5	1	5	0	0	0	6	3	0	0	0
917	3 Mar 26	01:15:00	1	0	0	0	0	0	1	0	0	0	1	0	0	0	1	0	0	0	0	3	0	0	0	0	4	0	0	0	2	2	3	0	0	4	5	2	11	0	2
918	3 Mar 26	01:16:00	1	0	0	0	0	0	1	0	0	0	0	0	0	0	0	0	0	0	0	0	0	0	0	0	3	0	0	5	5	0	2	0	0	6	4	0	6	1	7
919	3 Mar 26	01:17:00	1	0	0	0	0	0	1	0	0	0	0	0	0	0	0	0	0	0	0	0	0	0	0	0	0	0	0	6	4	0	0	0	0	5	4	3	2	0	3
920	3 Mar 26	01:18:00	1	0	0	0	0	0	1	0	0	0	0	0	4	0	0	0	0	2	0	0	0	0	0	0	5	0	0	5	4	0	0	0	0	7	0	3	3	0	1
921	3 Mar 26	01:19:00	1	0	0	0	0	0	1	0	0	0	1	0	7	0	0	0	0	8	0	0	0	0	0	0	4	0	0	5	3	0	0	0	0	9	0	2	5	0	5
922	3 Mar 26	01:20:00	1	0	0	0	0	0	1	0	0	0	0	0	4	0	3	0	0	6	0	0	4	4	0	0	0	0	0	8	5	0	0	0	0	5	0	4	10	2	1
923	3 Mar 26	01:21:00	1	0	0	0	0	0	1	0	0	0	0	0	0	0	2	0	0	4	0	0	2	9	0	1	1	0	0	5	3	0	2	0	0	7	0	6	9	0	1
924	3 Mar 26	01:22:00	1	0	0	0	0	0	1	0	0	0	0	0	0	0	0	0	0	5	0	0	0	6	0	0	5	0	0	10	3	2	3	0	0	6	0	4	3	0	7
925	3 Mar 26	01:23:00	1	0	0	0	0	0	1	0	0	0	0	0	0	0	0	0	0	0	0	0	2	4	0	0	1	0	0	3	0	3	0	0	0	5	0	4	8	0	7
926	3 Mar 26	01:24:00	1	0	0	0	0	0	1	0	0	0	0	0	0	0	1	0	0	0	0	0	1	10	0	0	5	0	0	0	0	2	0	0	0	3	0	5	11	0	0
927	3 Mar 26	01:25:00	1	0	0	0	0	0	1	0	0	0	0	0	0	0	1	0	0	0	0	0	4	6	0	0	0	0	0	0	0	0	1	0	0	4	0	2	4	0	1
928	3 Mar 26	01:26:00	1	0	0	0	0	0	1	0	0	0	6	0	0	0	0	0	0	0	0	0	2	6	0	0	5	0	1	0	4	2	8	0	0	0	0	1	0	0	0
929	3 Mar 26	01:27:00	1	0	0	0	0	0	1	0	0	0	0	0	0	0	0	1	0	0	0	0	0	4	0	0	3	0	0	1	4	0	7	0	0	3	0	2	3	2	0
930	3 Mar 26	01:28:00	1	0	0	0	0	0	1	0	0	0	0	0	0	0	0	0	0	0	0	0	2	8	0	0	4	0	0	6	7	1	4	0	0	0	0	4	6	0	0
931	3 Mar 26	01:29:00	1	0	0	0	0	0	1	0	0	0	0	0	0	0	0	0	0	0	0	0	4	9	0	0	1	0	0	5	3	1	0	0	0	6	0	3	5	1	0
932	3 Mar 26	01:30:00	1	0	0	0	0	0	1	0	0	0	0	0	0	0	3	0	0	0	0	0	3	8	0	0	4	0	0	11	3	0	3	0	0	10	0	0	10	0	0
933	3 Mar 26	01:31:00	1	0	0	0	0	0	1	0	0	0	0	0	0	0	2	0	0	0	0	0	0	0	0	1	2	0	0	5	4	0	0	0	0	3	0	4	5	0	0
934	3 Mar 26	01:32:00	1	0	0	0	0	0	1	0	0	0	0	0	0	2	2	0	0	0	0	0	6	0	0	6	0	0	0	5	4	0	0	0	0	5	0	3	9	0	0
935	3 Mar 26	01:33:00	1	0	0	0	0	0	1	0	0	0	0	0	0	7	0	0	0	0	0	0	4	0	0	1	3	0	0	1	1	0	0	0	0	6	0	3	10	0	0
936	3 Mar 26	01:34:00	1	0	0	0	0	0	1	0	0	0	0	0	0	3	0	0	0	0	0	0	0	4	0	3	0	0	0	3	2	0	0	0	0	4	0	3	6	0	0
937	3 Mar 26	01:35:00	1	0	0	0	0	0	1	0	0	0	0	0	0	0	0	0	0	0	0	0	0	4	0	4	0	0	4	0	4	0	0	0	0	5	0	0	4	0	2
938	3 Mar 26	01:36:00	1	0	0	0	0	0	1	0	0	0	0	0	0	0	0	0	0	0	0	0	0	2	0	6	0	0	2	0	2	0	0	0	0	6	0	0	6	0	2
939	3 Mar 26	01:37:00	1	0	0	0	0	0	1	0	0	0	1	0	0	0	0	0	0	0	0	0	5	13	0	2	0	0	4	0	4	0	0	0	0	1	0	8	1	0	3
940	3 Mar 26	01:38:00	1	0	0	0	0	0	1	0	0	0	0	0	0	0	0	0	0	0	0	0	1	1	0	0	1	0	1	0	3	0	0	0	0	6	0	0	6	0	3
941	3 Mar 26	01:39:00	1	0	0	0	0	0	1	0	0	0	0	0	0	0	0	0	0	0	0	0	0	12	0	1	3	0	1	0	4	4	0	0	0	4	0	7	2	0	8
942	3 Mar 26	01:40:00	1	0	0	0	0	0	1	0	0	0	0	0	0	0	0	0	0	0	0	0	2	6	0	0	0	0	0	0	2	5	0	0	0	7	0	5	4	0	0
943	3 Mar 26	01:41:00	1	0	0	0	0	0	1	0	0	0	0	0	0	0	0	0	0	0	0	0	0	0	0	0	4	0	0	0	1	0	0	0	0	3	0	3	5	0	5
944	3 Mar 26	01:42:00	1	0	0	0	0	0	1	0	0	0	0	0	0	0	0	0	0	0	0	0	0	0	0	1	3	0	0	0	4	11	0	0	0	4	2	3	4	0	4
945	3 Mar 26	01:43:00	1	0	0	0	0	0	1	0	0	0	0	0	0	0	0	0	0	0	0	0	0	1	0	2	0	0	0	0	3	7	0	0	0	4	2	5	3	0	0
946	3 Mar 26	01:44:00	1	0	0	0	0	0	1	0	0	0	0	0	0	0	0	0	0	0	0	0	0	0	0	2	0	0	0	0	0	10	0	0	0	5	4	5	2	0	0
947	3 Mar 26	01:45:00	1	0	0	0	0	0	1	0	0	0	0	0	0	0	0	0	0	0	0	0	0	0	0	3	0	0	0	5	7	0	0	0	0	5	2	0	6	0	3
948	3 Mar 26	01:46:00	1	0	0	0	0	0	1	0	0	0	5	0	0	0	0	0	0	0	0	0	0	0	0	0	0	0	0	4	1	7	0	0	0	8	3	2	6	0	7
949	3 Mar 26	01:47:00	1	0	0	0	0	0	1	0	0	0	0	0	0	0	0	0	0	0	0	0	0	0	0	0	0	0	1	4	6	5	0	0	0	3	3	5	3	0	1
950	3 Mar 26	01:48:00	1	0	0	0	0	0	1	0	0	0	0	0	0	0	0	0	0	0	0	0	0	0	0	4	0	0	0	3	4	0	0	0	0	2	3	0	3	0	2
951	3 Mar 26	01:49:00	1	0	0	0	0	0	1	0	0	0	0	0	0	0	0	0	0	0	0	0	0	0	0	2	0	0	5	6	2	0	0	0	0	0	0	3	1	0	4
952	3 Mar 26	01:50:00	1	0	0	0	0	0	1	0	0	0	0	0	0	0	0	0	0	0	0	0	0	0	0	1	0	0	2	4	1	0	0	0	0	3	2	2	1	0	0
953	3 Mar 26	01:51:00	1	0	0	0	0	0	1	0	0	0	1	0	0	0	0	0	0	0	0	0	0	0	0	1	0	0	0	3	5	0	0	0	0	0	2	3	5	0	0
954	3 Mar 26	01:52:00	1	0	0	0	0	0	1	0	0	0	0	0	0	0	0	0	0	0	4	0	0	0	0	4	0	0	0	4	1	0	0	0	0	0	7	0	4	0	0
955	3 Mar 26	01:53:00	1	0	0	0	0	0	1	0	0	0	0	0	0	0	0	0	0	0	0	0	0	0	1	1	2	0	0	2	5	0	0	0	0	0	1	2	5	0	1
956	3 Mar 26	01:54:00	1	0	0	0	0	0	1	0	0	0	1	0	0	0	0	0	0	0	0	5	0	0	2	2	1	0	0	0	3	0	0	0	0	0	0	2	0	0	1
957	3 Mar 26	01:55:00	1	0	0	0	0	0	1	0	0	0	10	0	0	0	0	0	0	0	0	0	0	9	2	0	2	0	0	0	4	0	0	0	0	3	2	0	1	0	1
958	3 Mar 26	01:56:00	1	0	0	0	0	0	1	0	0	0	0	0	0	0	0	0	0	0	0	0	2	5	6	0	4	0	1	0	0	0	0	0	0	0	1	3	0	0	8
959	3 Mar 26	01:57:00	1	0	0	0	0	0	1	0	0	0	0	0	0	0	0	0	0	0	0	0	1	9	0	0	3	0	0	0	4	2	0	0	0	0	4	11	8	0	1
960	3 Mar 26	01:58:00	1	0	0	0	0	0	1	0	0	0	0	0	0	0	0	0	0	0	0	0	10	9	0	0	3	0	6	0	0	1	0	0	0	0	0	6	9	0	2
961	3 Mar 26	01:59:00	1	0	0	0	0	0	1	0	0	0	0	0	0	0	0	0	0	0	0	0	0	4	0	0	1	0	2	0	0	5	0	0	0	0	0	2	5	0	0
962	3 Mar 26	02:00:00	1	0	0	0	0	0	1	0	0	0	0	0	0	0	0	0	0	0	0	0	0	7	0	0	1	0	0	6	0	4	0	0	0	6	1	8	9	0	0
963	3 Mar 26	02:01:00	1	0	0	0	0	0	1	0	0	0	0	0	0	0	0	0	1	0	0	0	1	9	4	2	2	0	0	6	5	2	0	0	0	4	2	3	7	0	5
964	3 Mar 26	02:02:00	1	0	0	0	0	0	1	0	0	0	0	0	0	0	0	0	0	0	0	0	4	7	4	2	0	0	0	3	5	1	0	0	0	6	1	3	5	0	2
965	3 Mar 26	02:03:00	1	0	0	0	0	0	1	0	0	0	0	0	0	0	0	0	0	0	0	0	4	5	0	0	2	0	0	1	0	2	0	0	0	10	2	5	5	0	2
966	3 Mar 26	02:04:00	1	0	0	0	0	0	1	0	0	0	0	0	0	0	0	0	0	0	0	0	0	4	0	0	7	0	0	0	0	0	0	0	0	8	3	6	2	0	1
967	3 Mar 26	02:05:00	1	0	0	0	0	0	1	0	0	0	0	0	1	0	0	0	0	0	2	0	3	0	2	0	5	0	0	0	0	0	0	0	0	4	3	3	7	1	1
968	3 Mar 26	02:06:00	1	0	0	0	0	0	1	0	5	0	0	0	0	0	0	0	0	0	0	0	4	0	2	0	6	0	0	0	0	0	0	0	0	5	0	5	5	1	3
969	3 Mar 26	02:07:00	1	0	0	0	0	0	1	0	0	0	0	0	0	0	0	0	0	0	2	0	4	0	0	0	2	0	0	0	2	0	0	0	0	7	0	1	2	0	0
970	3 Mar 26	02:08:00	1	0	0	0	0	0	1	0	0	0	0	0	5	0	0	0	0	0	0	0	0	0	0	0	1	0	0	0	5	0	0	0	0	4	0	3	0	0	4
971	3 Mar 26	02:09:00	1	0	0	0	0	0	1	0	0	0	0	0	0	0	0	0	0	0	0	0	0	0	0	0	0	0	0	0	2	0	0	0	4	1	1	4	0	0	0
972	3 Mar 26	02:10:00	1	0	0	0	0	0	1	0	0	0	0	0	0	0	0	0	0	0	0	0	0	0	0	0	2	0	0	0	0	0	0	0	3	4	0	0	0	3	0
973	3 Mar 26	02:11:00	1	0	0	0	0	0	1	0	0	0	0	0	0	0	0	0	0	0	0	0	0	0	0	0	0	0	0	0	1	0	0	0	0	5	0	0	0	5	0
974	3 Mar 26	02:12:00	1	0	0	0	0	0	1	0	0	0	0	0	0	0	0	0	0	0	0	0	0	0	0	0	0	0	0	0	1	0	0	0	0	1	0	4	0	0	2
975	3 Mar 26	02:13:00	1	0	0	0	0	0	1	0	0	0	0	0	0	0	0	0	0	0	0	0	0	0	0	1	0	0	0	0	4	0	0	0	0	8	0	0	0	0	0
976	3 Mar 26	02:14:00	1	0	0	0	0	0	1	0	0	0	0	0	7	0	0	0	0	0	0	0	0	0	0	5	0	0	0	0	0	2	0	0	0	3	0	6	0	0	0
977	3 Mar 26	02:15:00	1	0	0	0	0	0	1	0	0	0	0	0	3	0	0	0	4	0	0	0	0	9	1	2	0	0	0	0	0	0	0	0	0	4	0	4	0	0	0
978	3 Mar 26	02:16:00	1	0	0	0	0	0	1	0	0	0	0	0	0	0	0	0	0	0	0	0	0	6	3	2	0	0	0	0	3	5	0	0	0	6	0	1	0	0	1
979	3 Mar 26	02:17:00	1	0	0	0	0	0	1	0	0	0	0	0	0	0	0	0	1	0	0	0	0	9	0	0	0	0	0	0	0	7	0	0	4	10	0	3	0	0	2
980	3 Mar 26	02:18:00	1	0	0	0	0	0	1	0	0	0	0	0	0	0	0	0	6	0	0	0	7	4	0	5	0	0	0	0	6	5	0	0	0	2	0	1	0	0	2
981	3 Mar 26	02:19:00	1	0	0	0	0	0	1	0	0	0	0	0	0	0	0	0	0	0	0	0	0	12	0	2	0	0	0	0	0	0	0	6	7	5	0	6	7	0	1
982	3 Mar 26	02:20:00	1	0	0	0	0	0	1	0	0	0	0	0	0	0	0	0	0	0	2	0	0	5	0	2	3	0	0	0	0	0	0	0	0	3	0	4	3	0	2
983	3 Mar 26	02:21:00	1	0	0	0	0	0	1	0	0	0	0	0	0	0	0	0	0	0	3	0	4	2	0	0	5	0	0	0	0	0	1	0	0	6	0	3	11	0	0
984	3 Mar 26	02:22:00	1	0	0	0	0	0	1	0	0	0	0	0	0	0	0	0	0	0	0	0	1	10	0	0	0	0	0	0	7	0	1	0	0	3	0	3	4	0	4
985	3 Mar 26	02:23:00	1	0	0	0	0	0	1	0	0	0	0	0	0	0	0	0	0	0	2	0	2	1	3	0	3	0	0	0	3	0	5	2	0	2	0	3	3	0	3
986	3 Mar 26	02:24:00	1	0	0	0	0	0	1	0	0	0	2	0	0	2	0	0	0	0	1	0	0	9	0	0	1	0	0	0	2	0	0	0	0	5	0	9	10	0	2
987	3 Mar 26	02:25:00	1	0	0	0	0	0	1	0	0	0	0	0	0	2	0	0	0	0	0	0	0	2	0	0	2	0	0	0	6	0	2	3	3	3	0	2	9	0	0
988	3 Mar 26	02:26:00	1	0	0	0	0	0	1	0	0	0	0	0	0	4	2	0	0	0	2	0	0	0	0	3	4	0	0	0	4	0	1	2	0	0	3	4	2	0	0
989	3 Mar 26	02:27:00	1	0	0	0	0	0	1	0	0	0	0	0	0	0	0	0	0	0	7	0	0	0	0	0	1	0	0	0	1	0	2	2	1	2	1	4	0	0	0
990	3 Mar 26	02:28:00	1	0	0	0	0	0	1	0	0	0	0	0	0	0	0	0	0	0	8	0	0	0	1	0	0	0	0	0	1	0	4	3	2	2	5	0	1	0	0
991	3 Mar 26	02:29:00	1	0	0	0	0	0	1	0	0	0	0	0	0	0	0	0	0	0	0	0	0	0	3	0	0	0	0	0	5	0	6	3	2	4	0	2	0	0	0
992	3 Mar 26	02:30:00	1	0	0	0	0	0	1	0	0	0	0	0	0	0	0	0	0	0	0	0	0	0	0	0	1	0	0	0	5	0	3	4	0	3	1	2	1	0	0
993	3 Mar 26	02:31:00	1	0	0	0	0	0	1	0	0	0	3	0	2	0	0	0	0	0	5	0	0	0	0	0	0	0	0	0	5	0	1	4	0	6	0	2	2	0	0
994	3 Mar 26	02:32:00	1	0	0	0	0	0	1	0	0	0	0	0	0	0	0	0	0	0	6	0	0	0	0	2	2	0	0	0	3	0	4	3	0	4	4	5	0	0	0
995	3 Mar 26	02:33:00	1	0	0	0	0	0	1	0	0	0	0	0	0	0	0	0	0	0	1	0	0	0	0	3	0	0	0	0	3	0	4	4	0	6	2	11	0	0	0
996	3 Mar 26	02:34:00	1	0	0	0	0	0	1	0	0	0	0	0	0	0	0	0	0	0	6	0	0	0	0	1	0	0	0	0	3	0	4	4	0	3	2	9	0	0	5
997	3 Mar 26	02:35:00	1	0	0	0	0	0	1	0	0	0	0	0	0	0	0	0	0	0	0	0	0	0	0	1	1	0	0	0	4	0	5	0	0	0	5	2	0	0	3
998	3 Mar 26	02:36:00	1	0	0	0	0	0	1	0	0	0	0	0	0	0	0	0	0	0	0	0	0	0	0	2	2	0	0	0	4	0	3	0	0	3	5	5	0	5	2
999	3 Mar 26	02:37:00	1	0	0	0	0	0	1	0	0	0	1	0	0	0	7	0	0	0	0	0	0	0	0	4	0	0	0	0	5	0	7	0	0	1	5	0	1	3	4
1000	3 Mar 26	02:38:00	1	0	0	0	0	0	1	0	0	0	7	0	0	0	2	0	0	0	0	0	0	0	0	0	0	0	0	0	0	7	4	0	5	2	0	0	2	0	7
1001	3 Mar 26	02:39:00	1	0	0	0	0	0	1	0	0	0	0	0	6	0	0	0	0	0	0	0	0	0	0	0	0	0	0	0	3	0	0	0	0	5	0	0	12	0	3
1002	3 Mar 26	02:40:00	1	0	0	0	0	0	1	0	0	0	0	0	6	0	0	0	0	0	0	0	0	0	0	0	1	0	0	0	3	2	0	0	0	3	2	0	5	2	0
1003	3 Mar 26	02:41:00	1	0	0	0	0	0	1	0	0	0	0	0	3	0	0	0	0	0	0	0	0	0	0	1	4	0	0	0	0	2	0	0	0	10	2	5	8	0	0
1004	3 Mar 26	02:42:00	1	0	0	0	0	0	1	0	1	0	4	0	1	0	0	0	0	0	0	0	0	0	0	0	2	0	0	0	0	0	0	0	0	6	0	1	7	0	0
1005	3 Mar 26	02:43:00	1	0	0	0	0	0	1	0	2	0	0	0	3	0	0	0	0	0	0	0	0	0	0	0	3	0	0	0	5	0	0	0	0	6	0	0	0	0	1
1006	3 Mar 26	02:44:00	1	0	0	0	0	0	1	0	0	0	0	0	0	0	0	0	0	0	0	0	0	7	0	3	2	0	0	0	3	0	0	0	0	5	0	0	2	0	1
1007	3 Mar 26	02:45:00	1	0	0	0	0	0	1	0	0	0	0	0	1	0	0	0	0	0	0	0	0	8	0	0	10	0	0	0	0	0	0	0	0	0	0	8	6	0	0
1008	3 Mar 26	02:46:00	1	0	0	0	0	0	1	0	0	0	0	0	6	0	0	0	0	0	0	0	0	8	0	5	2	0	0	0	0	0	0	0	0	1	0	0	12	0	0
1009	3 Mar 26	02:47:00	1	0	0	0	0	0	1	0	0	0	0	0	3	0	0	0	0	0	0	0	0	3	0	0	0	0	0	0	0	0	0	0	0	7	0	4	5	0	1
1010	3 Mar 26	02:48:00	1	0	0	0	0	0	1	0	0	0	5	0	2	0	0	0	0	0	0	0	0	2	0	0	0	0	0	0	0	0	0	0	0	8	2	0	4	0	0
1011	3 Mar 26	02:49:00	1	0	0	0	0	0	1	0	0	0	0	0	5	0	0	0	0	0	0	0	0	7	0	1	0	0	0	0	0	0	0	0	0	7	13	4	2	0	0
1012	3 Mar 26	02:50:00	1	0	0	0	0	0	1	0	0	0	0	0	1	0	0	0	0	0	0	0	0	6	0	1	0	0	1	0	0	0	0	0	0	2	1	6	16	0	0
1013	3 Mar 26	02:51:00	1	0	0	0	0	0	1	0	0	0	0	0	3	0	0	0	0	0	0	0	0	4	0	2	0	0	1	0	0	0	0	0	0	0	5	3	3	0	0
1014	3 Mar 26	02:52:00	1	0	0	0	0	0	1	0	0	0	0	0	0	0	0	0	0	0	0	0	0	3	0	0	0	0	4	0	0	0	0	0	0	0	3	0	7	0	0
1015	3 Mar 26	02:53:00	1	0	0	0	0	0	1	0	0	0	3	0	0	0	0	0	0	0	0	0	0	2	0	0	0	0	4	0	0	0	0	0	0	0	2	2	2	0	0
1016	3 Mar 26	02:54:00	1	0	0	0	0	0	1	0	0	0	0	0	0	0	0	0	0	0	0	0	0	1	0	0	0	0	0	0	3	0	0	0	0	0	4	6	5	0	0
1017	3 Mar 26	02:55:00	1	0	0	0	0	0	1	0	0	0	0	0	0	0	0	0	0	0	0	0	0	0	0	0	0	0	0	0	4	0	0	0	0	2	2	2	7	0	0
1018	3 Mar 26	02:56:00	1	0	0	0	0	0	1	0	0	0	0	0	0	0	0	0	0	0	0	0	0	0	0	0	0	0	0	0	2	0	0	0	0	2	2	0	3	0	0
1019	3 Mar 26	02:57:00	1	0	0	0	0	0	1	0	0	0	0	0	0	0	0	0	0	0	0	0	0	0	0	1	0	0	0	0	3	0	0	0	0	3	0	3	4	0	0
1020	3 Mar 26	02:58:00	1	0	0	0	0	0	1	0	0	0	0	0	0	0	0	0	0	0	0	0	0	0	0	0	0	0	0	0	2	0	0	0	0	4	2	4	8	0	2
1021	3 Mar 26	02:59:00	1	0	0	0	0	0	1	0	0	0	0	0	0	0	0	0	0	0	0	0	0	0	3	0	0	0	2	0	2	2	0	0	0	10	1	1	6	0	5
1022	3 Mar 26	03:00:00	1	0	0	0	0	0	1	0	0	0	0	0	0	0	0	0	0	0	0	0	0	0	3	1	0	0	5	0	3	0	0	0	0	5	2	0	3	0	2
1023	3 Mar 26	03:01:00	1	0	0	0	0	0	1	0	0	0	0	0	0	0	0	0	0	0	0	0	0	0	2	2	1	0	0	0	3	0	0	0	0	10	4	0	0	0	5
1024	3 Mar 26	03:02:00	1	0	0	0	0	0	1	0	0	0	0	0	0	0	0	0	0	0	0	0	0	0	8	0	0	0	0	7	3	1	0	0	0	5	0	0	1	0	0
1025	3 Mar 26	03:03:00	1	0	0	0	0	0	1	0	0	0	0	0	0	0	0	0	0	0	0	0	0	0	0	1	0	0	0	7	3	0	0	0	0	5	4	5	0	0	0
1026	3 Mar 26	03:04:00	1	0	0	0	0	0	1	0	0	0	0	0	0	0	0	0	0	0	0	0	0	0	0	0	40	0	2	6	0	0	0	0	0	0	3	0	0	0	0
1027	3 Mar 26	03:05:00	1	0	0	0	0	0	1	0	0	0	0	0	0	0	0	0	0	0	0	0	0	0	0	0	0	0	0	0	0	0	0	0	0	2	1	3	0	0	0
1028	3 Mar 26	03:06:00	1	0	0	0	0	0	1	0	2	0	0	0	0	0	0	0	0	0	0	0	0	0	0	0	0	0	1	1	0	0	0	0	0	0	0	6	0	0	0
1029	3 Mar 26	03:07:00	1	0	0	0	0	0	1	0	1	0	0	0	0	0	0	0	0	0	0	0	0	0	0	0	0	0	0	2	0	0	0	0	0	4	0	9	0	0	0
1030	3 Mar 26	03:08:00	1	0	0	0	0	0	1	0	0	0	0	0	0	0	0	0	0	0	0	0	0	0	0	0	8	0	0	5	2	0	0	0	0	10	0	5	2	0	0
1031	3 Mar 26	03:09:00	1	0	0	0	0	0	1	0	2	0	0	0	0	0	0	0	0	0	3	0	0	0	0	0	10	0	0	0	2	0	0	0	0	7	3	3	9	0	0
1032	3 Mar 26	03:10:00	1	0	0	0	0	0	1	0	0	0	1	0	0	0	0	0	0	0	2	0	0	0	0	0	0	0	0	2	4	0	0	0	0	1	0	0	2	0	0
1033	3 Mar 26	03:11:00	1	0	0	0	0	0	1	0	2	0	0	0	0	0	0	0	0	0	1	0	0	0	0	4	0	0	0	4	3	0	0	0	0	4	0	0	3	0	0
1034	3 Mar 26	03:12:00	1	0	0	0	0	0	1	0	0	0	0	0	0	0	0	0	0	0	0	0	0	0	0	1	1	0	0	3	2	0	0	0	0	1	0	0	7	0	0
1035	3 Mar 26	03:13:00	1	0	0	0	0	0	1	0	1	0	0	0	0	0	0	0	0	0	0	0	0	0	0	11	0	0	0	3	0	0	2	0	0	3	0	0	5	0	0
1036	3 Mar 26	03:14:00	1	0	0	0	0	0	1	0	0	0	0	0	0	0	0	0	0	0	0	0	0	2	0	3	0	0	2	1	0	0	1	0	0	2	1	2	1	0	0
1037	3 Mar 26	03:15:00	1	0	0	0	0	0	1	0	0	0	0	0	0	0	0	0	0	0	0	0	0	8	0	2	0	0	4	3	0	0	0	0	0	7	0	0	0	0	0
1038	3 Mar 26	03:16:00	1	0	0	0	0	0	1	0	0	0	0	0	0	0	0	0	0	0	0	0	0	1	0	0	0	0	2	4	2	0	3	0	0	5	1	0	0	0	1
1039	3 Mar 26	03:17:00	1	0	0	0	0	0	1	0	0	0	0	0	0	0	0	0	0	0	0	2	0	11	0	1	0	0	5	0	1	0	6	0	0	3	0	0	0	0	4
1040	3 Mar 26	03:18:00	1	0	0	0	0	0	1	0	0	0	1	0	0	0	0	0	0	0	0	2	0	6	0	0	0	0	3	0	2	0	4	0	0	6	0	0	0	2	3
1041	3 Mar 26	03:19:00	1	0	0	0	0	0	1	0	0	0	0	0	0	0	0	0	0	0	0	2	0	5	0	0	0	0	1	0	3	0	4	0	4	7	5	8	3	0	0
1042	3 Mar 26	03:20:00	1	0	0	0	0	0	1	0	0	0	0	0	0	0	0	0	0	0	0	0	0	0	0	0	0	0	0	0	3	0	1	0	4	4	11	4	0	3	0
1043	3 Mar 26	03:21:00	1	0	0	0	0	0	1	0	1	0	0	0	0	0	0	0	0	0	0	5	0	0	0	2	0	0	5	0	0	3	9	0	5	0	9	0	0	4	0
1044	3 Mar 26	03:22:00	1	0	0	0	0	0	1	0	1	0	0	0	0	0	0	0	0	0	2	2	0	0	0	0	0	0	4	0	0	6	3	0	0	0	4	1	0	2	0
1045	3 Mar 26	03:23:00	1	0	0	0	0	0	1	0	0	0	0	0	0	0	0	0	0	0	0	0	0	0	0	0	0	0	0	0	7	0	2	0	0	4	0	5	0	1	0
1046	3 Mar 26	03:24:00	1	0	0	0	0	0	1	0	0	0	0	0	0	0	0	0	0	0	0	0	0	0	0	0	0	0	0	0	1	5	0	0	0	9	2	3	0	0	0
1047	3 Mar 26	03:25:00	1	0	0	0	0	0	1	0	0	0	10	0	0	0	0	0	0	0	0	5	0	0	0	0	0	0	0	0	1	2	0	0	0	0	0	1	0	0	0
1048	3 Mar 26	03:26:00	1	0	0	0	0	0	1	0	0	0	6	0	0	0	0	0	2	0	1	1	0	0	0	0	0	0	0	0	2	3	0	0	0	1	0	0	0	0	0
1049	3 Mar 26	03:27:00	1	0	0	0	0	0	1	0	0	0	0	0	0	0	0	0	0	0	0	4	0	0	0	0	0	0	0	0	0	2	0	0	0	3	0	0	0	0	4
1050	3 Mar 26	03:28:00	1	0	0	0	0	0	1	0	0	0	0	0	0	0	0	0	1	0	1	0	0	0	0	1	0	0	0	0	0	5	0	0	0	6	0	0	0	0	9
1051	3 Mar 26	03:29:00	1	0	0	0	0	0	1	0	0	0	0	0	0	0	0	0	2	0	0	0	0	0	0	0	0	0	0	0	0	1	0	0	0	5	0	0	3	3	6
1052	3 Mar 26	03:30:00	1	0	0	0	0	0	1	0	0	0	0	0	0	0	0	0	1	0	0	0	0	0	0	0	0	0	0	0	0	1	0	0	0	6	0	1	4	0	0
1053	3 Mar 26	03:31:00	1	0	0	0	0	0	1	0	0	0	0	0	0	0	0	0	2	0	0	0	0	0	0	0	2	0	0	0	0	0	0	0	0	10	0	1	12	7	0
1054	3 Mar 26	03:32:00	1	0	0	0	0	0	1	0	0	0	0	0	0	0	0	0	2	0	0	0	0	0	0	0	1	0	0	0	0	0	0	0	0	8	0	0	8	1	0
1055	3 Mar 26	03:33:00	1	0	0	0	0	0	1	0	0	0	0	0	0	0	0	0	2	0	0	0	0	0	0	0	0	0	0	0	0	0	0	0	0	8	0	0	10	0	0
1056	3 Mar 26	03:34:00	1	0	0	0	0	0	1	0	0	0	0	0	0	0	0	0	1	0	0	0	0	0	0	6	2	0	0	0	0	0	0	0	0	10	0	5	8	0	0
1057	3 Mar 26	03:35:00	1	0	0	0	0	0	1	0	0	0	1	0	0	0	0	0	1	0	0	0	0	0	0	1	1	0	0	0	0	0	0	0	0	6	0	0	9	0	2
1058	3 Mar 26	03:36:00	1	0	0	0	0	0	1	0	0	0	0	0	0	0	0	0	3	0	0	0	0	0	0	0	1	0	0	0	3	0	0	0	0	4	0	5	6	0	0
1059	3 Mar 26	03:37:00	1	0	0	0	0	0	1	0	0	0	0	0	0	0	0	0	4	0	0	0	0	0	0	0	0	0	0	0	2	0	0	0	0	3	0	0	7	0	3
1060	3 Mar 26	03:38:00	1	0	0	0	0	0	1	0	0	0	0	0	0	0	0	0	0	0	0	0	0	0	0	0	2	0	0	0	2	0	0	0	0	3	0	0	4	4	0
1061	3 Mar 26	03:39:00	1	0	0	0	0	0	1	0	0	0	0	0	0	0	0	0	0	0	0	0	0	0	0	2	0	0	0	0	1	0	0	0	0	4	0	2	2	0	7
1062	3 Mar 26	03:40:00	1	0	0	0	0	0	1	0	1	0	1	0	0	0	0	0	7	0	0	0	0	0	0	2	0	0	0	0	2	0	0	0	0	8	0	8	6	0	8
1063	3 Mar 26	03:41:00	1	0	0	0	0	0	1	0	0	0	0	0	0	0	0	0	3	0	0	0	0	0	1	0	0	0	0	0	2	0	0	0	2	4	0	3	11	0	4
1064	3 Mar 26	03:42:00	1	0	0	0	0	0	1	0	0	0	0	0	0	0	0	0	2	0	0	0	0	0	15	0	1	0	0	0	2	0	0	0	2	1	0	2	10	0	1
1065	3 Mar 26	03:43:00	1	0	0	0	0	0	1	0	0	0	0	0	0	0	0	0	4	0	0	0	0	0	2	0	3	0	0	0	3	0	0	0	0	3	0	0	5	0	1
1066	3 Mar 26	03:44:00	1	0	0	0	0	0	1	0	0	0	0	0	0	0	0	0	0	0	0	0	0	0	0	0	0	0	0	0	6	0	0	0	2	7	0	0	6	0	1
1067	3 Mar 26	03:45:00	1	0	0	0	0	0	1	0	0	0	0	0	0	0	0	0	8	0	0	0	0	0	1	2	2	0	0	0	0	0	0	0	0	3	0	3	1	0	0
1068	3 Mar 26	03:46:00	1	0	0	0	0	0	1	0	0	0	0	0	0	0	0	0	1	0	0	0	0	2	0	0	3	0	0	0	7	0	0	0	8	1	0	3	1	0	0
1069	3 Mar 26	03:47:00	1	0	0	0	0	0	1	0	0	0	1	0	0	0	0	0	0	0	0	0	0	4	0	0	3	0	0	0	1	0	0	0	0	7	0	0	3	0	0
1070	3 Mar 26	03:48:00	1	0	0	0	0	0	1	0	0	0	0	0	0	0	0	0	0	0	0	0	0	5	0	0	0	0	0	0	0	0	0	0	0	0	0	4	7	0	0
1071	3 Mar 26	03:49:00	1	0	0	0	0	0	1	0	2	0	0	0	0	0	0	0	3	0	0	0	0	10	0	0	0	0	0	0	0	0	0	0	3	4	0	6	1	0	0
1072	3 Mar 26	03:50:00	1	0	0	0	0	0	1	0	0	0	0	0	0	0	0	0	0	0	0	0	0	0	0	0	0	0	0	0	0	0	0	0	0	0	0	0	0	0	0
1073	3 Mar 26	03:51:00	1	0	0	0	0	0	1	0	0	0	0	0	0	0	0	0	2	0	0	0	0	0	0	0	0	0	0	0	0	0	0	0	0	0	0	3	0	0	0
1074	3 Mar 26	03:52:00	1	0	0	0	0	0	1	0	1	0	0	0	0	0	6	0	0	0	0	0	0	0	0	0	0	0	0	0	0	0	0	0	0	0	0	3	0	0	0
1075	3 Mar 26	03:53:00	1	0	0	0	0	0	1	0	0	0	0	0	0	0	0	0	1	0	0	0	0	0	0	0	0	0	0	0	0	0	0	0	0	0	0	3	0	0	1
1076	3 Mar 26	03:54:00	1	0	0	0	0	0	1	0	0	0	0	0	0	0	0	0	0	0	0	0	0	0	0	1	0	0	0	0	0	0	0	0	0	0	0	0	0	0	0
1077	3 Mar 26	03:55:00	1	0	0	0	0	0	1	0	0	0	0	0	0	0	0	0	0	0	0	0	0	0	0	0	0	0	0	0	0	0	0	0	0	0	0	4	0	0	1
1078	3 Mar 26	03:56:00	1	0	0	0	0	0	1	0	3	0	0	0	0	0	0	0	0	0	0	0	0	0	0	0	0	0	0	0	0	0	0	0	0	0	0	5	0	0	9
1079	3 Mar 26	03:57:00	1	0	0	0	0	0	1	0	3	0	0	0	0	0	0	0	0	0	0	0	0	0	0	0	0	0	0	0	0	0	0	0	0	5	0	7	0	0	0
1080	3 Mar 26	03:58:00	1	0	0	0	0	0	1	0	0	0	0	0	0	0	0	0	1	0	0	0	0	0	0	0	0	0	0	0	0	0	0	0	0	4	0	0	0	0	0
1081	3 Mar 26	03:59:00	1	0	0	0	0	0	1	0	0	0	0	0	0	0	0	0	4	0	0	0	0	0	0	0	0	0	0	0	4	0	0	0	0	5	0	3	0	0	2
1082	3 Mar 26	04:00:00	1	0	0	0	0	0	1	0	0	0	1	0	0	0	0	0	2	0	0	0	0	0	5	0	0	0	0	0	3	0	0	0	0	3	0	4	0	0	0
1083	3 Mar 26	04:01:00	1	0	0	0	0	0	1	0	0	0	0	0	0	0	1	0	2	0	0	0	0	0	0	0	1	0	0	0	1	0	0	0	0	3	0	2	2	0	0
1084	3 Mar 26	04:02:00	1	0	0	0	0	0	1	0	0	0	0	0	0	0	1	0	0	0	2	0	0	0	0	0	1	0	0	0	0	0	0	0	0	0	0	0	2	0	0
1085	3 Mar 26	04:03:00	1	0	0	0	0	0	1	0	0	0	0	0	0	0	2	0	1	0	3	0	0	0	0	0	0	0	0	0	5	0	0	0	0	0	0	2	9	0	1
1086	3 Mar 26	04:04:00	1	0	0	0	0	0	1	0	0	0	0	0	0	0	0	0	3	0	0	0	0	0	0	0	1	0	0	0	0	0	0	0	0	0	0	0	14	0	2
1087	3 Mar 26	04:05:00	1	0	0	0	0	0	1	0	0	0	0	0	0	0	0	0	2	0	0	0	0	0	0	0	0	0	0	0	3	0	0	0	0	0	0	3	9	4	2
1088	3 Mar 26	04:06:00	1	0	0	0	0	0	1	0	0	0	0	0	0	0	0	0	1	0	0	0	0	0	0	1	1	0	0	0	0	0	0	0	0	0	0	10	5	0	10
1089	3 Mar 26	04:07:00	1	0	0	0	0	0	1	0	0	0	0	0	0	0	0	0	2	0	0	0	0	0	0	7	0	0	0	0	0	0	0	0	0	5	1	1	7	0	0
1090	3 Mar 26	04:08:00	1	0	0	0	0	0	1	0	0	0	0	0	0	0	5	30	4	0	0	0	0	0	0	2	2	0	0	0	0	0	0	0	0	4	6	2	5	1	0
1091	3 Mar 26	04:09:00	1	0	0	0	0	0	1	0	1	0	0	0	0	0	5	8	3	0	0	0	0	0	0	2	0	0	0	0	0	0	0	0	0	9	2	2	6	1	0
1092	3 Mar 26	04:10:00	1	0	0	0	0	0	1	0	0	0	0	0	0	0	2	0	0	0	0	0	0	0	0	2	0	0	0	0	0	0	0	0	0	4	1	2	7	0	0
1093	3 Mar 26	04:11:00	1	0	0	0	0	0	1	0	0	0	0	0	0	0	0	0	2	0	0	0	0	0	0	0	0	0	0	0	0	0	0	0	0	7	2	1	5	2	0
1094	3 Mar 26	04:12:00	1	0	0	0	0	0	1	0	0	0	0	0	0	0	3	0	1	0	0	0	0	0	0	0	0	0	0	0	0	0	0	0	0	1	5	0	4	0	0
1095	3 Mar 26	04:13:00	1	0	0	0	0	0	1	0	0	0	1	0	0	0	5	0	0	0	0	0	0	0	0	0	0	0	0	0	0	5	0	0	0	0	4	0	7	0	0
1096	3 Mar 26	04:14:00	1	0	0	0	0	0	1	0	0	0	0	0	0	0	4	0	9	0	0	0	0	0	0	0	0	0	0	0	0	0	0	0	0	5	5	0	6	3	0
1097	3 Mar 26	04:15:00	1	0	0	0	0	0	1	0	0	0	0	0	0	0	8	0	4	0	0	0	0	0	0	0	2	0	0	0	0	0	0	0	0	4	4	0	5	0	0
1098	3 Mar 26	04:16:00	1	0	0	0	0	0	1	0	0	0	0	0	0	0	0	0	0	0	0	0	0	0	0	0	2	0	0	0	0	2	0	0	0	5	5	0	7	2	0
1099	3 Mar 26	04:17:00	1	0	0	0	0	0	1	0	0	0	0	0	0	0	4	0	0	0	0	0	0	2	0	0	3	0	0	2	0	0	0	0	0	2	2	0	13	0	0
1100	3 Mar 26	04:18:00	1	0	0	0	0	0	1	0	0	0	0	0	0	0	4	0	0	0	0	0	0	6	0	1	3	0	0	5	1	0	0	0	0	6	0	0	2	0	0
1101	3 Mar 26	04:19:00	1	0	0	0	0	0	1	0	0	0	0	0	0	0	6	0	0	0	0	0	0	7	0	0	2	0	0	5	3	0	0	0	0	4	0	0	1	0	0
1102	3 Mar 26	04:20:00	1	0	0	0	0	0	1	0	0	0	0	0	0	0	1	0	0	0	0	0	0	8	0	0	2	0	0	4	3	0	0	0	0	4	0	0	0	0	3
1103	3 Mar 26	04:21:00	1	0	0	0	0	0	1	0	7	0	0	0	0	0	5	0	0	0	0	0	0	6	0	0	0	0	0	0	3	0	0	0	0	6	0	0	0	0	2
1104	3 Mar 26	04:22:00	1	0	0	0	0	0	1	0	0	0	0	0	0	0	1	0	0	0	0	0	0	8	0	0	2	0	0	4	5	0	0	0	0	4	1	2	0	0	6
1105	3 Mar 26	04:23:00	1	0	0	0	0	0	1	0	0	0	0	0	0	0	3	1	0	0	0	0	0	2	0	0	0	0	0	1	0	0	0	0	0	5	0	2	0	0	0
1106	3 Mar 26	04:24:00	1	0	0	0	0	0	1	0	0	0	0	0	0	0	5	0	0	0	3	0	0	1	0	0	0	0	0	2	0	0	0	0	0	3	4	0	2	0	0
1107	3 Mar 26	04:25:00	1	0	0	0	0	0	1	0	0	0	2	0	0	0	2	0	0	0	5	0	0	1	0	0	0	0	0	2	0	0	0	0	0	8	0	0	10	0	0
1108	3 Mar 26	04:26:00	1	0	0	0	0	0	1	0	0	0	0	0	0	0	6	0	0	0	2	0	0	0	0	0	0	0	0	0	0	0	0	0	0	6	0	0	4	0	0
1109	3 Mar 26	04:27:00	1	0	0	0	0	0	1	0	0	0	0	0	0	0	4	0	0	0	1	0	0	0	0	0	0	0	0	2	0	0	0	0	0	1	0	0	5	0	0
1110	3 Mar 26	04:28:00	1	0	0	0	0	0	1	0	0	0	0	0	0	0	5	1	0	0	3	0	0	0	0	0	0	0	0	3	0	0	0	0	2	0	0	0	6	0	0
1111	3 Mar 26	04:29:00	1	0	0	0	0	0	1	0	0	0	0	0	0	0	6	0	0	0	2	0	0	0	0	0	0	0	0	9	0	0	0	0	2	0	0	0	2	0	0
1112	3 Mar 26	04:30:00	1	0	0	0	0	0	1	0	0	0	0	0	0	0	2	0	0	0	6	0	0	0	0	0	0	0	0	6	0	0	0	0	0	0	0	0	2	0	0
1113	3 Mar 26	04:31:00	1	0	0	0	0	0	1	0	0	0	0	0	0	0	0	0	0	0	5	0	0	0	0	0	0	0	0	1	0	0	0	0	0	0	0	0	2	0	0
1114	3 Mar 26	04:32:00	1	0	0	0	0	0	1	0	0	0	0	0	0	0	0	0	0	0	6	0	0	0	0	0	0	0	0	5	0	0	0	0	0	0	0	0	6	0	0
1115	3 Mar 26	04:33:00	1	0	0	0	0	0	1	0	0	0	0	0	0	0	0	0	0	0	0	0	0	0	0	0	0	0	0	5	0	0	0	0	0	0	0	0	2	0	0
1116	3 Mar 26	04:34:00	1	0	0	0	0	0	1	0	0	0	0	0	0	0	0	0	0	0	0	0	0	0	0	0	0	0	0	5	0	0	0	0	0	0	0	0	5	0	0
1117	3 Mar 26	04:35:00	1	0	0	0	0	0	1	0	0	0	2	0	0	0	0	0	0	0	0	0	0	0	0	0	0	0	0	0	0	0	0	0	0	0	0	0	3	0	0
1118	3 Mar 26	04:36:00	1	0	0	0	0	0	1	0	1	0	8	0	0	0	0	0	0	0	0	0	0	8	0	0	0	0	0	1	0	0	0	0	0	0	0	0	5	0	0
1119	3 Mar 26	04:37:00	1	0	0	0	0	0	1	0	0	0	0	0	0	0	0	0	0	0	0	0	0	4	0	0	0	0	0	0	0	0	0	0	0	2	0	0	7	0	0
1120	3 Mar 26	04:38:00	1	0	0	0	0	0	1	0	1	0	0	0	0	0	0	0	0	0	0	0	0	7	0	0	0	0	0	0	0	0	0	0	0	8	0	0	11	0	0
1121	3 Mar 26	04:39:00	1	0	0	0	0	0	1	0	0	0	0	0	0	0	0	0	0	0	0	0	0	7	0	0	0	0	0	0	0	0	0	0	0	5	0	0	4	0	0
1122	3 Mar 26	04:40:00	1	0	0	0	0	0	1	0	0	0	0	0	0	0	0	0	0	0	0	0	0	2	0	0	0	0	0	0	0	0	4	0	0	4	0	0	6	0	0
1123	3 Mar 26	04:41:00	1	0	0	0	0	0	1	0	2	0	0	0	0	0	0	0	0	0	0	0	0	9	0	0	0	0	0	0	0	0	0	0	0	7	0	0	0	0	0
1124	3 Mar 26	04:42:00	1	0	0	0	0	0	1	0	3	0	0	0	0	0	0	0	0	0	0	0	0	7	0	0	0	0	0	0	0	0	1	0	0	7	0	2	0	0	0
1125	3 Mar 26	04:43:00	1	0	0	0	0	0	1	0	0	0	0	0	0	0	0	0	0	0	0	0	0	11	0	0	0	0	0	0	0	0	1	0	0	4	0	3	0	0	0
1126	3 Mar 26	04:44:00	1	0	0	0	0	0	1	0	0	0	0	0	0	0	0	0	0	0	0	0	0	7	0	0	0	0	0	0	0	0	2	0	0	6	0	3	0	0	0
1127	3 Mar 26	04:45:00	1	0	0	0	0	0	1	0	0	0	0	0	0	0	0	0	0	0	0	0	0	4	0	0	0	0	0	0	0	0	3	0	0	6	0	3	0	0	0
1128	3 Mar 26	04:46:00	1	0	0	0	0	0	1	0	0	0	0	0	0	0	0	0	0	0	0	0	0	7	7	0	0	0	0	0	0	0	4	0	0	1	0	4	2	0	0
1129	3 Mar 26	04:47:00	1	0	0	0	0	0	1	0	0	0	0	0	0	0	0	0	0	0	0	0	0	4	3	0	0	0	0	0	0	0	0	0	0	5	0	2	0	3	0
1130	3 Mar 26	04:48:00	1	0	0	0	0	0	1	0	2	0	0	0	0	0	0	0	0	0	0	0	0	9	0	0	0	0	0	0	0	0	2	0	0	3	0	4	2	0	0
1131	3 Mar 26	04:49:00	1	0	0	0	0	0	1	0	3	0	0	0	0	0	0	0	0	0	0	0	0	4	0	0	0	0	0	0	0	0	2	0	0	6	0	0	4	0	0
1132	3 Mar 26	04:50:00	1	0	0	0	0	0	1	0	0	0	0	0	0	0	0	0	0	3	0	0	0	1	0	0	7	0	0	5	0	0	2	0	0	3	0	2	2	0	0
1133	3 Mar 26	04:51:00	1	0	0	0	0	0	1	0	1	0	0	0	0	0	0	0	0	0	0	0	0	6	1	0	0	0	0	7	1	0	2	0	0	4	0	0	3	0	1
1134	3 Mar 26	04:52:00	1	0	0	0	0	0	1	0	0	0	0	0	0	0	0	0	0	2	0	0	0	3	1	0	0	0	0	6	1	0	0	0	0	4	0	0	7	0	4
1135	3 Mar 26	04:53:00	1	0	0	0	0	0	1	0	0	0	0	0	0	0	0	0	0	0	0	0	0	3	2	0	10	0	0	8	5	0	0	0	0	9	0	0	6	4	2
1136	3 Mar 26	04:54:00	1	0	0	0	0	0	1	0	3	0	0	0	0	0	0	0	0	0	0	0	0	1	0	0	4	0	0	5	0	0	0	0	0	3	0	0	5	3	3
1137	3 Mar 26	04:55:00	1	0	0	0	0	0	1	0	3	0	0	0	0	0	0	0	0	1	0	0	0	0	7	0	0	0	0	1	0	0	0	0	0	0	0	0	6	0	2
1138	3 Mar 26	04:56:00	1	0	0	0	0	0	1	0	0	0	0	0	0	0	0	0	0	1	0	0	0	0	1	0	0	0	0	0	0	0	0	0	0	2	0	0	8	1	3
1139	3 Mar 26	04:57:00	1	0	0	0	0	0	1	0	0	0	0	0	0	0	0	0	0	0	0	0	0	0	0	0	0	0	0	8	0	0	0	0	0	5	0	0	2	1	4
1140	3 Mar 26	04:58:00	1	0	0	0	0	0	1	0	2	0	0	0	0	0	0	0	0	5	0	0	0	0	0	1	0	0	0	10	0	0	0	0	0	6	0	0	10	2	1
1141	3 Mar 26	04:59:00	1	0	0	0	0	0	1	0	0	0	0	0	0	0	0	0	0	5	0	0	0	0	0	0	0	0	0	3	0	0	0	0	0	4	0	0	5	0	2
1142	3 Mar 26	05:00:00	1	0	0	0	0	0	1	0	0	0	0	0	0	0	0	0	0	0	0	0	0	0	0	0	0	0	0	3	0	0	0	0	0	5	0	0	2	0	2
1143	3 Mar 26	05:01:00	1	0	0	0	0	0	1	0	0	0	0	0	0	0	0	0	0	0	0	0	0	0	0	4	0	0	0	0	0	0	0	0	0	6	0	0	0	1	0
1144	3 Mar 26	05:02:00	1	0	0	0	0	0	1	0	0	0	0	0	0	0	0	0	0	0	0	0	0	0	0	0	0	0	0	0	0	0	0	0	0	4	0	0	1	2	1
1145	3 Mar 26	05:03:00	1	0	0	0	0	0	1	0	7	0	0	0	0	0	0	0	0	0	0	0	0	0	0	1	0	0	0	0	0	0	0	0	0	3	0	0	2	0	1
1146	3 Mar 26	05:04:00	1	0	0	0	0	0	1	0	2	0	0	0	0	0	0	0	0	2	0	0	0	0	0	0	0	0	0	0	0	0	0	0	0	8	0	0	6	1	2
1147	3 Mar 26	05:05:00	1	0	0	0	0	0	1	0	0	0	0	0	0	0	0	0	0	0	0	0	0	0	0	1	0	0	0	0	0	0	0	0	0	12	0	0	3	8	6
1148	3 Mar 26	05:06:00	1	0	0	0	0	0	1	0	0	0	0	0	0	0	0	0	0	0	1	0	0	0	0	1	0	0	0	0	0	0	0	0	0	0	0	0	2	3	6
1149	3 Mar 26	05:07:00	1	0	0	0	0	0	1	0	0	0	0	0	0	0	0	0	0	0	4	0	0	0	0	2	0	0	0	0	0	0	0	0	0	6	0	0	9	2	0
1150	3 Mar 26	05:08:00	1	0	0	0	0	0	1	0	0	0	0	0	0	0	0	0	0	0	2	0	0	0	0	8	0	0	0	0	0	0	0	0	0	3	0	0	8	0	1
1151	3 Mar 26	05:09:00	1	0	0	0	0	0	1	0	0	0	0	0	0	0	0	0	0	0	2	0	0	2	0	6	0	0	0	0	0	0	0	0	0	6	3	0	2	0	3
1152	3 Mar 26	05:10:00	1	0	0	0	0	0	1	0	0	0	0	0	0	0	0	0	0	0	2	0	0	6	0	0	0	0	0	0	0	0	0	0	0	6	0	3	0	4	0
1153	3 Mar 26	05:11:00	1	0	0	0	0	0	1	0	0	0	0	0	0	0	0	0	2	0	1	0	0	5	0	0	0	0	0	0	0	0	0	1	0	1	0	4	0	0	0
1154	3 Mar 26	05:12:00	1	0	0	0	0	0	1	0	0	0	0	0	0	0	0	0	4	0	0	0	0	17	0	4	0	0	1	0	0	0	0	0	0	5	1	1	0	1	0
1155	3 Mar 26	05:13:00	1	0	0	0	0	0	1	0	10	0	0	0	0	0	0	0	1	0	0	0	0	10	0	0	0	0	1	0	0	0	0	3	0	5	2	4	0	1	0
1156	3 Mar 26	05:14:00	1	0	0	0	0	0	1	0	2	0	0	0	0	0	0	0	6	0	0	0	0	3	0	1	0	0	5	0	0	0	0	1	0	9	0	9	4	4	0
1157	3 Mar 26	05:15:00	1	0	0	0	0	0	1	0	0	0	0	0	0	0	0	0	3	0	0	0	0	2	0	0	0	0	0	0	0	0	0	3	0	5	0	0	5	2	0
1158	3 Mar 26	05:16:00	1	0	0	0	0	0	1	0	0	0	0	0	0	0	0	0	4	0	0	0	0	5	0	0	0	0	0	0	0	0	0	2	0	4	0	0	2	0	0
1159	3 Mar 26	05:17:00	1	0	0	0	0	0	1	0	0	0	0	0	0	0	0	0	4	0	0	0	0	5	0	0	0	0	0	0	0	0	0	3	0	4	0	2	3	0	0
1160	3 Mar 26	05:18:00	1	0	0	0	0	0	1	0	0	0	0	0	0	0	0	1	4	0	0	0	0	10	0	0	0	0	0	0	0	0	1	3	0	2	0	0	3	0	0
1161	3 Mar 26	05:19:00	1	0	0	0	0	0	1	0	0	0	0	0	0	0	0	0	6	0	0	0	0	14	0	1	0	0	0	0	0	0	8	2	0	3	0	3	5	3	0
1162	3 Mar 26	05:20:00	1	0	0	0	0	0	1	0	0	0	0	0	0	0	0	3	0	0	0	0	0	18	0	3	0	0	0	0	0	0	7	0	0	3	0	4	6	2	0
1163	3 Mar 26	05:21:00	1	0	0	0	0	0	1	0	0	0	0	0	0	0	0	5	2	0	0	0	0	6	0	4	0	0	0	0	0	0	4	0	0	6	0	7	6	0	0
1164	3 Mar 26	05:22:00	1	0	0	0	0	0	1	0	0	0	0	0	0	0	0	1	6	0	0	0	0	0	0	3	0	0	0	0	3	0	4	0	0	2	0	2	6	0	0
1165	3 Mar 26	05:23:00	1	0	0	0	0	0	1	0	0	0	0	0	0	0	0	0	6	0	0	0	0	0	0	2	0	0	0	1	3	1	4	0	0	3	0	10	6	0	0
1166	3 Mar 26	05:24:00	1	0	0	0	0	0	1	0	0	0	0	0	0	0	0	0	9	3	0	0	0	0	0	0	0	0	0	0	0	0	8	0	0	4	0	0	7	0	0
1167	3 Mar 26	05:25:00	1	0	0	0	0	0	1	0	0	0	0	0	0	0	0	0	3	0	0	2	0	0	0	0	0	0	0	0	0	0	3	0	0	5	0	4	2	0	0
1168	3 Mar 26	05:26:00	1	0	0	0	0	0	1	0	0	0	0	0	0	0	0	0	10	4	0	0	0	0	0	0	0	0	0	0	0	0	2	0	0	5	0	0	6	0	0
1169	3 Mar 26	05:27:00	1	0	0	0	0	0	1	0	0	0	0	0	0	0	0	0	6	3	2	0	0	0	0	0	0	0	0	0	0	0	0	0	0	0	0	0	5	0	4
1170	3 Mar 26	05:28:00	1	0	0	0	0	0	1	0	0	0	0	0	0	0	0	0	6	0	1	2	0	0	0	0	0	0	0	0	0	0	0	0	0	2	0	0	4	0	5
1171	3 Mar 26	05:29:00	1	0	0	0	0	0	1	0	0	0	0	0	0	0	0	0	6	3	0	0	0	0	0	0	0	0	0	0	0	0	0	0	0	8	0	0	5	0	6
1172	3 Mar 26	05:30:00	1	0	0	0	0	0	1	0	0	0	0	0	0	0	0	0	8	1	0	0	0	0	4	0	0	0	0	0	0	0	0	0	0	3	0	0	7	0	5
1173	3 Mar 26	05:31:00	1	0	0	0	0	0	1	0	0	0	0	0	0	0	0	0	9	3	0	0	0	0	4	0	0	0	0	0	0	0	0	0	0	8	0	1	6	0	5
1174	3 Mar 26	05:32:00	1	0	0	0	0	0	1	0	0	0	0	0	0	0	0	0	6	7	0	5	0	2	0	0	0	0	0	0	0	0	0	0	0	11	0	3	8	0	4
1175	3 Mar 26	05:33:00	1	0	0	0	0	0	1	0	0	0	0	0	0	0	0	0	4	1	0	0	0	5	3	0	0	0	0	0	0	0	0	0	0	10	0	3	3	0	4
1176	3 Mar 26	05:34:00	1	0	0	0	0	0	1	0	2	0	0	0	0	0	0	0	8	9	0	0	0	0	3	0	0	0	0	0	0	0	0	0	0	5	0	2	6	0	0
1177	3 Mar 26	05:35:00	1	0	0	0	0	0	1	0	0	0	0	0	0	0	0	0	7	4	0	0	0	0	1	0	0	0	0	0	0	0	0	0	0	5	0	0	0	0	0
1178	3 Mar 26	05:36:00	1	0	0	0	0	0	1	0	0	0	0	0	0	0	0	0	11	0	3	0	0	0	0	0	0	0	0	0	0	0	0	0	0	5	0	0	4	0	3
1179	3 Mar 26	05:37:00	1	0	0	0	0	0	1	0	0	0	0	0	0	0	0	0	6	0	4	0	0	4	0	0	0	0	0	0	0	0	0	0	0	1	0	8	11	0	1
1180	3 Mar 26	05:38:00	1	0	0	0	0	0	1	0	0	0	0	0	0	0	0	0	3	0	1	0	0	4	0	2	0	0	0	1	0	0	0	0	0	4	0	6	9	0	3
1181	3 Mar 26	05:39:00	1	0	0	0	0	0	1	0	2	0	2	0	0	0	0	0	3	0	0	0	0	5	0	2	0	1	0	12	0	0	0	3	0	4	0	0	3	0	4
1182	3 Mar 26	05:40:00	1	0	0	0	0	0	1	0	0	0	0	0	0	0	0	0	4	0	1	0	0	1	0	0	0	0	0	8	0	0	0	0	0	3	0	0	1	0	1
1183	3 Mar 26	05:41:00	1	0	0	0	0	0	1	0	0	0	0	0	0	0	0	0	3	1	0	0	0	0	0	2	0	0	0	7	3	0	0	0	0	3	0	0	2	4	3
1184	3 Mar 26	05:42:00	1	0	0	0	0	0	1	0	0	0	0	0	0	0	0	0	2	3	7	0	0	0	0	2	0	0	0	10	3	0	0	0	0	2	0	0	0	2	3
1185	3 Mar 26	05:43:00	1	0	0	0	0	0	1	0	0	0	0	0	0	0	0	0	2	4	7	0	0	0	0	5	0	0	0	10	0	0	0	0	0	0	0	0	1	0	3
1186	3 Mar 26	05:44:00	1	0	0	0	0	0	1	0	0	0	0	0	0	0	0	0	0	4	0	0	0	0	0	0	0	0	0	10	0	0	0	3	0	1	0	0	0	0	0
1187	3 Mar 26	05:45:00	1	0	0	0	0	0	1	0	2	0	0	0	0	0	0	0	3	5	2	0	0	0	0	2	0	0	0	1	0	0	0	4	0	0	0	0	0	0	2
1188	3 Mar 26	05:46:00	1	0	0	0	0	0	1	0	0	0	0	0	0	0	0	0	2	1	0	0	0	0	0	6	0	0	0	3	0	0	0	0	0	0	0	0	3	0	0
1189	3 Mar 26	05:47:00	1	0	0	0	0	0	1	0	0	0	0	0	0	0	0	0	5	3	3	0	0	0	0	0	0	10	0	3	0	0	0	1	0	0	0	0	5	0	0
1190	3 Mar 26	05:48:00	1	0	0	0	0	0	1	0	0	0	0	0	0	0	0	0	9	10	3	0	0	4	0	2	0	1	0	6	0	0	0	2	0	0	0	0	8	0	2
1191	3 Mar 26	05:49:00	1	0	0	0	0	0	1	0	0	0	0	0	0	0	0	0	8	4	5	0	0	10	0	0	4	0	0	4	0	0	0	5	0	0	0	0	8	0	8
1192	3 Mar 26	05:50:00	1	0	0	0	0	0	1	0	4	0	0	0	0	0	0	0	5	4	1	0	0	3	0	0	3	0	0	2	0	0	0	3	0	0	0	0	9	0	1
1193	3 Mar 26	05:51:00	1	0	0	0	0	0	1	0	4	0	0	0	0	0	0	0	12	0	2	0	0	6	0	0	0	0	0	3	0	0	2	5	0	0	0	0	4	0	4
1194	3 Mar 26	05:52:00	1	0	0	0	0	0	1	0	10	0	0	0	0	0	0	0	3	0	4	0	0	3	0	0	5	0	0	4	0	0	1	7	0	0	0	0	5	0	2
1195	3 Mar 26	05:53:00	1	0	0	0	0	0	1	0	7	0	0	0	0	0	0	0	8	0	0	0	0	3	0	0	1	0	0	3	0	0	0	1	0	0	0	0	0	0	0
1196	3 Mar 26	05:54:00	1	0	0	0	0	0	1	0	1	0	0	0	0	0	0	0	1	0	3	0	3	1	0	0	0	0	0	11	0	0	1	0	0	0	0	0	0	0	3
1197	3 Mar 26	05:55:00	1	0	0	0	0	0	1	0	0	0	0	0	0	0	0	0	0	0	0	0	0	0	0	3	0	0	0	11	0	2	1	4	0	0	0	0	3	0	1
1198	3 Mar 26	05:56:00	1	0	0	0	0	0	1	0	0	0	0	0	0	0	0	0	0	0	0	0	0	0	0	4	0	0	0	3	0	0	1	2	0	0	0	0	4	0	3
1199	3 Mar 26	05:57:00	1	0	0	0	0	0	1	0	3	0	0	0	0	0	0	0	2	0	0	0	0	0	0	4	0	0	0	4	4	0	2	0	0	10	0	0	5	0	0
1200	3 Mar 26	05:58:00	1	0	0	0	0	0	1	0	0	0	0	0	0	0	0	0	27	0	1	0	0	0	0	0	0	0	0	4	2	0	5	0	0	7	0	0	8	0	0
1201	3 Mar 26	05:59:00	1	0	0	0	0	0	1	0	0	0	0	0	0	0	0	0	0	0	2	0	2	0	0	0	0	1	2	0	1	0	3	0	0	7	0	0	5	0	0
1202	3 Mar 26	06:00:00	1	0	0	0	0	0	1	0	1	0	0	0	0	0	0	0	0	2	1	0	0	0	0	0	0	0	2	0	2	0	6	0	0	11	0	0	5	0	0
1203	3 Mar 26	06:01:00	1	0	0	0	0	0	1	1	4	0	1	0	0	0	0	0	0	0	3	0	0	5	0	0	0	0	0	0	1	0	5	0	1	2	0	0	10	0	0
1204	3 Mar 26	06:02:00	1	0	0	0	0	0	1	1	2	0	10	0	0	0	0	0	0	0	1	0	0	5	0	0	0	0	7	0	0	0	0	0	0	4	0	10	3	0	0
1205	3 Mar 26	06:03:00	1	0	0	0	0	0	1	2	0	0	3	0	0	0	0	0	2	0	3	0	0	5	0	0	0	0	2	0	1	0	2	0	0	0	0	6	7	0	2
1206	3 Mar 26	06:04:00	1	0	0	0	0	0	1	2	0	0	0	0	0	0	0	0	2	0	2	0	0	6	0	0	0	0	3	0	0	0	4	0	0	5	0	5	4	2	0
1207	3 Mar 26	06:05:00	1	0	0	0	0	0	1	0	0	0	0	0	0	0	0	0	4	0	1	0	0	6	0	1	0	0	2	0	0	0	2	0	0	5	0	16	5	5	0
1208	3 Mar 26	06:06:00	1	0	0	0	0	0	1	0	0	0	0	0	0	0	0	0	1	11	0	0	0	0	0	0	0	0	6	0	0	0	2	0	0	0	6	9	9	2	2
1209	3 Mar 26	06:07:00	1	0	0	0	0	0	1	2	0	0	0	0	0	0	0	0	6	4	0	0	0	3	0	0	0	4	0	0	0	0	0	0	0	10	6	3	11	0	0
1210	3 Mar 26	06:08:00	1	0	0	0	0	0	1	0	0	0	0	0	0	0	0	0	13	4	0	0	1	9	0	2	0	0	1	0	0	0	0	0	0	3	2	0	0	2	3
1211	3 Mar 26	06:09:00	1	0	0	0	0	0	1	3	0	0	0	0	0	0	0	0	6	2	2	0	0	5	0	0	0	0	0	0	8	0	0	0	0	4	3	12	5	2	0
1212	3 Mar 26	06:10:00	1	0	0	0	0	0	1	0	0	0	0	0	0	0	0	0	5	2	3	0	0	6	0	0	0	0	2	0	1	0	0	0	0	9	0	0	6	0	0
1213	3 Mar 26	06:11:00	1	0	0	0	0	0	1	2	0	0	0	0	0	3	0	0	3	0	2	0	0	0	0	1	0	0	3	0	3	0	0	0	0	7	0	0	4	0	0
1214	3 Mar 26	06:12:00	1	0	0	0	0	0	1	4	0	2	0	0	0	0	0	0	6	0	4	0	0	0	0	1	0	0	6	0	1	0	0	0	0	4	0	4	10	0	0
1215	3 Mar 26	06:13:00	1	0	0	0	0	0	1	5	0	0	4	0	0	0	0	0	6	9	4	0	0	6	0	0	0	0	1	0	2	0	0	0	0	6	0	10	4	0	0
1216	3 Mar 26	06:14:00	1	0	0	0	0	0	1	9	0	0	0	0	0	6	0	0	7	1	1	0	2	10	3	3	0	0	3	0	0	0	5	0	1	3	0	0	16	0	0
1217	3 Mar 26	06:15:00	1	0	0	0	0	0	1	8	5	0	0	0	0	2	0	0	6	2	4	0	0	5	0	1	0	0	1	0	0	0	3	0	0	3	0	0	7	0	0
1218	3 Mar 26	06:16:00	1	0	0	0	0	0	1	9	1	0	4	0	0	4	0	0	8	0	2	0	0	6	0	3	0	0	1	0	0	0	7	0	0	4	0	1	10	0	0
1219	3 Mar 26	06:17:00	1	0	0	0	0	0	1	9	7	0	3	0	0	0	0	0	2	0	0	0	0	10	2	0	0	0	2	0	0	0	0	0	1	3	0	6	6	0	0
1220	3 Mar 26	06:18:00	1	0	0	0	0	0	1	7	5	0	0	0	0	0	0	0	3	0	0	0	0	5	3	4	0	0	3	4	0	0	3	0	1	4	0	2	1	0	0
1221	3 Mar 26	06:19:00	1	0	0	0	0	0	1	7	5	0	1	0	0	0	0	0	5	0	0	0	5	1	4	5	0	3	5	5	0	2	0	0	7	8	0	2	0	0	0
1222	3 Mar 26	06:20:00	1	0	0	0	0	0	1	6	1	0	0	0	0	0	0	0	3	3	0	0	0	1	1	0	0	0	2	5	0	4	4	0	4	1	0	2	1	0	0
1223	3 Mar 26	06:21:00	1	0	0	0	0	0	1	4	1	0	0	0	0	0	0	0	4	3	0	0	0	0	0	9	0	0	4	10	0	1	0	0	3	0	0	15	0	0	0
1224	3 Mar 26	06:22:00	1	0	0	0	0	0	1	6	1	0	0	0	0	2	0	0	2	6	0	0	0	0	0	0	0	0	5	4	0	0	0	0	0	0	0	0	0	0	0
1225	3 Mar 26	06:23:00	1	0	0	0	0	0	1	14	3	0	0	0	0	3	0	0	2	1	2	0	0	0	3	7	0	2	5	3	0	0	2	0	0	0	0	3	0	0	4
1226	3 Mar 26	06:24:00	1	0	0	0	0	0	1	13	6	0	0	0	0	0	0	0	3	3	19	0	0	4	2	0	0	0	12	3	0	0	0	0	0	0	0	3	8	0	5
1227	3 Mar 26	06:25:00	1	0	0	0	0	0	1	3	4	0	0	0	0	0	0	0	4	4	11	0	0	6	1	0	4	6	2	1	0	0	0	0	0	0	0	1	5	0	5
1228	3 Mar 26	06:26:00	1	0	0	0	0	0	1	5	8	0	0	0	0	0	0	0	2	4	1	0	0	5	5	0	7	4	0	0	0	0	0	0	0	0	0	1	3	0	7
1229	3 Mar 26	06:27:00	1	0	0	0	0	0	1	5	4	0	0	0	0	0	0	0	4	0	3	0	0	10	2	0	4	6	3	0	0	0	0	0	0	0	0	3	5	0	3
1230	3 Mar 26	06:28:00	1	0	0	0	0	0	1	9	9	0	0	0	0	0	0	0	2	9	1	0	1	5	3	0	0	4	2	0	0	0	0	1	0	0	0	4	6	1	5
1231	3 Mar 26	06:29:00	1	0	0	0	0	0	1	11	4	0	1	0	0	0	1	0	4	3	1	0	2	10	6	0	2	3	4	0	0	2	0	3	0	0	0	3	5	2	2
1232	3 Mar 26	06:30:00	1	0	0	0	0	0	1	5	3	0	0	0	0	0	0	0	5	0	5	0	5	15	3	0	6	2	2	0	0	6	0	0	0	0	0	0	2	0	3
1233	3 Mar 26	06:31:00	1	0	0	0	0	0	1	6	4	0	0	0	0	0	0	0	0	0	3	2	5	0	6	0	0	5	0	0	2	1	0	2	2	1	0	0	0	4	7
1234	3 Mar 26	06:32:00	1	0	0	0	0	0	1	11	10	0	0	0	1	0	2	0	1	0	3	0	0	0	7	6	0	3	0	0	5	1	0	2	0	8	0	29	5	0	0
1235	3 Mar 26	06:33:00	1	0	0	0	0	0	1	4	7	0	0	0	3	0	1	0	2	3	1	0	0	3	6	1	0	7	0	0	0	2	0	0	0	9	0	14	5	1	0
1236	3 Mar 26	06:34:00	1	0	0	0	0	0	1	10	4	0	0	0	0	0	0	0	7	6	3	0	3	6	2	0	0	0	0	0	0	2	0	0	0	4	0	10	1	0	0
1237	3 Mar 26	06:35:00	1	0	0	0	0	0	1	6	6	0	0	0	5	0	0	0	1	3	0	2	2	4	3	0	0	6	0	0	0	0	0	7	0	10	0	5	2	1	0
1238	3 Mar 26	06:36:00	1	0	0	0	0	0	1	12	7	0	1	0	4	0	0	0	1	1	0	0	6	10	1	7	0	2	0	0	3	0	0	4	0	7	0	0	7	0	0
1239	3 Mar 26	06:37:00	1	0	0	0	0	0	1	7	4	0	0	0	1	0	0	0	1	0	0	2	3	12	5	0	0	6	0	0	3	0	0	3	1	6	0	0	10	2	0
1240	3 Mar 26	06:38:00	1	0	0	0	0	0	1	3	6	0	0	0	3	0	0	0	1	0	2	7	0	1	5	1	0	3	0	0	3	0	0	6	0	8	0	0	15	0	0
1241	3 Mar 26	06:39:00	1	0	0	0	0	0	1	4	7	0	0	0	0	0	0	0	0	0	0	0	5	0	1	3	0	3	0	0	0	0	0	1	0	8	0	0	6	2	0
1242	3 Mar 26	06:40:00	1	0	0	0	0	0	1	6	6	0	0	0	0	0	0	0	0	0	2	3	5	0	7	0	0	8	0	0	0	0	0	1	5	4	0	0	2	0	0
1243	3 Mar 26	06:41:00	1	0	0	0	0	0	1	7	11	0	0	0	1	0	0	0	0	2	1	6	0	0	2	0	0	4	0	0	0	0	0	0	0	3	0	0	7	0	0
1244	3 Mar 26	06:42:00	1	0	0	0	0	0	1	9	5	0	0	0	0	0	0	0	3	0	1	4	7	0	8	0	0	6	0	0	0	0	0	0	0	2	0	0	1	0	0
1245	3 Mar 26	06:43:00	1	0	0	0	0	0	1	5	4	0	3	0	3	0	0	0	6	0	2	10	6	6	5	0	3	5	0	0	1	0	0	0	0	2	0	0	0	0	2
1246	3 Mar 26	06:44:00	1	0	0	0	0	0	1	9	6	0	10	0	4	0	0	0	8	0	0	0	1	4	5	0	2	4	0	0	3	0	0	0	0	6	0	0	0	0	4
1247	3 Mar 26	06:45:00	1	0	0	0	0	0	1	11	5	0	0	0	4	0	0	0	4	2	1	3	7	3	3	0	8	5	0	3	1	2	0	0	0	2	0	0	0	0	0
1248	3 Mar 26	06:46:00	1	0	0	0	0	0	1	10	4	0	1	0	2	0	0	0	4	8	0	3	4	8	4	0	2	3	0	0	3	0	0	2	6	2	0	0	0	2	3
1249	3 Mar 26	06:47:00	1	0	0	0	0	0	1	8	4	0	0	0	0	0	0	0	3	2	0	3	6	7	6	0	6	2	0	0	0	0	5	1	7	4	0	0	0	0	2
1250	3 Mar 26	06:48:00	1	0	0	0	0	0	1	7	3	0	4	0	0	0	0	0	2	11	0	0	3	8	5	0	0	2	0	0	0	0	1	0	0	3	0	0	2	1	3
1251	3 Mar 26	06:49:00	1	0	0	0	0	0	1	5	7	0	4	0	3	0	0	0	4	6	0	0	0	2	6	0	5	5	0	0	0	0	0	0	0	5	0	0	8	0	0
1252	3 Mar 26	06:50:00	1	0	0	0	0	0	1	10	8	0	2	0	4	0	0	0	2	5	0	0	1	0	6	0	6	3	0	0	0	0	0	0	0	8	0	0	5	0	2
1253	3 Mar 26	06:51:00	1	0	0	0	0	0	1	12	3	0	0	0	0	0	0	0	4	2	0	0	5	0	3	4	2	3	0	0	0	0	5	0	0	3	0	0	10	0	2
1254	3 Mar 26	06:52:00	1	0	0	0	0	0	1	7	3	0	2	0	1	0	0	1	6	2	2	0	0	5	1	0	2	5	0	0	1	0	0	0	0	6	0	9	10	0	6
1255	3 Mar 26	06:53:00	1	0	0	0	0	0	1	4	4	0	1	0	0	0	0	0	4	5	0	0	3	6	3	0	3	3	0	0	2	0	0	0	0	2	0	7	8	0	1
1256	3 Mar 26	06:54:00	1	0	0	0	0	0	1	7	3	0	5	0	2	0	0	0	1	1	2	0	5	7	3	0	3	3	0	0	0	0	0	0	0	5	3	3	5	0	2
1257	3 Mar 26	06:55:00	1	0	0	0	0	0	1	4	6	0	7	0	7	0	0	0	3	1	1	0	1	4	7	2	3	6	6	0	3	0	2	1	0	7	0	7	4	0	4
1258	3 Mar 26	06:56:00	1	0	0	0	0	0	1	8	5	0	3	0	1	0	0	0	3	11	3	0	2	5	4	4	11	2	3	0	2	0	4	0	0	9	1	3	8	0	0
1259	3 Mar 26	06:57:00	1	0	0	0	0	0	1	7	2	0	1	0	2	5	0	1	2	11	2	0	0	0	2	5	3	0	2	0	2	0	0	0	0	7	0	0	3	0	3
1260	3 Mar 26	06:58:00	1	0	0	0	0	0	1	5	5	0	5	0	3	3	0	0	0	2	5	0	3	0	7	2	5	3	3	0	0	0	4	0	0	4	1	0	11	0	5
1261	3 Mar 26	06:59:00	1	0	0	0	0	0	1	6	2	0	0	0	11	2	0	1	4	9	6	0	0	6	4	0	5	0	2	0	0	0	0	4	0	4	0	0	7	0	1
1262	3 Mar 26	07:00:00	1	0	0	0	0	0	1	15	2	0	1	0	6	0	0	0	4	7	4	0	0	8	1	4	4	0	8	0	2	0	0	4	0	2	0	0	10	2	3
1263	3 Mar 26	07:01:00	1	0	0	0	0	0	1	14	6	0	6	0	5	2	0	0	4	3	1	0	0	3	2	6	1	0	3	0	2	0	0	5	0	4	0	0	4	0	1
1264	3 Mar 26	07:02:00	1	0	0	0	0	0	1	8	1	0	1	0	0	4	0	0	0	0	0	0	0	6	4	4	4	0	4	0	4	0	0	0	0	3	0	1	2	1	1
1265	3 Mar 26	07:03:00	1	0	0	0	0	0	1	0	6	0	6	0	7	2	0	5	5	5	3	0	0	7	3	2	4	0	3	0	4	0	4	0	0	2	0	0	7	0	3
1266	3 Mar 26	07:04:00	1	0	0	0	0	0	1	1	4	0	0	0	7	2	0	0	6	2	1	0	0	15	2	0	6	0	3	0	2	0	0	0	0	4	0	5	0	0	3
1267	3 Mar 26	07:05:00	1	0	0	0	0	0	1	4	1	0	3	0	4	0	0	0	6	4	0	1	2	6	1	2	0	0	5	0	2	0	4	0	4	7	0	2	0	0	0
1268	3 Mar 26	07:06:00	1	0	0	0	0	0	1	10	2	0	0	0	2	0	0	0	1	1	1	1	0	4	5	3	3	0	4	0	0	3	5	3	4	6	0	0	0	0	0
1269	3 Mar 26	07:07:00	1	0	0	0	0	0	1	2	5	0	0	0	10	6	0	3	2	2	2	6	0	0	5	4	5	0	2	0	3	0	0	1	3	6	0	4	0	0	0
1270	3 Mar 26	07:08:00	1	0	0	0	0	0	1	7	6	0	0	0	3	8	0	2	0	3	2	0	0	0	3	2	2	4	7	0	1	6	0	3	18	3	0	6	0	0	0
1271	3 Mar 26	07:09:00	1	0	0	0	0	0	1	4	4	0	1	0	7	3	0	0	0	3	1	4	0	12	0	0	5	4	3	0	0	5	4	4	11	0	0	7	0	0	0
1272	3 Mar 26	07:10:00	1	0	0	0	0	0	1	6	3	0	0	0	2	3	0	4	0	2	0	7	0	6	1	0	0	5	0	0	0	4	2	0	6	2	0	0	2	0	2
1273	3 Mar 26	07:11:00	1	0	0	0	0	0	1	4	7	0	1	0	8	5	0	0	0	3	0	1	2	5	4	0	0	5	6	0	0	5	0	4	3	2	4	0	5	0	5
1274	3 Mar 26	07:12:00	1	0	0	0	0	0	1	13	4	4	0	0	5	5	0	1	0	4	1	2	1	5	9	2	0	0	0	0	0	5	0	3	6	10	1	2	6	0	2
1275	3 Mar 26	07:13:00	1	0	0	0	0	0	1	7	7	0	0	0	2	9	0	8	0	1	10	0	0	8	1	4	0	4	4	0	0	3	1	1	0	7	0	5	7	0	0
1276	3 Mar 26	07:14:00	1	0	0	0	0	0	1	7	7	0	0	0	1	3	0	12	0	0	8	0	0	10	2	0	0	6	2	0	0	5	6	2	0	2	0	0	6	0	6
1277	3 Mar 26	07:15:00	1	0	0	0	0	0	1	5	6	0	0	0	5	3	0	7	0	2	2	0	0	7	2	2	0	3	0	0	0	5	3	0	2	3	0	4	3	0	3
1278	3 Mar 26	07:16:00	1	0	0	0	0	0	1	5	4	0	0	0	3	1	0	7	0	4	1	0	0	7	1	3	0	4	0	0	0	7	11	2	3	8	0	3	7	0	4
1279	3 Mar 26	07:17:00	1	0	0	0	0	0	1	10	3	0	0	0	3	3	3	7	0	2	0	0	1	3	3	2	0	5	2	0	0	9	0	1	2	6	0	0	7	0	1
1280	3 Mar 26	07:18:00	1	0	0	0	0	0	1	4	0	0	0	0	4	2	0	10	0	7	0	0	7	0	0	0	0	4	1	0	0	5	0	1	0	5	0	9	7	0	0
1281	3 Mar 26	07:19:00	1	0	0	0	0	0	1	9	0	0	1	0	6	8	3	4	0	5	0	0	4	14	0	0	0	2	3	0	4	3	0	3	5	0	0	1	11	0	0
1282	3 Mar 26	07:20:00	1	0	0	0	0	0	1	11	1	0	2	0	4	2	0	4	0	0	0	0	1	16	0	0	0	0	7	0	0	3	3	0	1	0	0	1	5	0	0
1283	3 Mar 26	07:21:00	1	0	0	0	0	0	1	9	2	0	6	0	7	5	1	2	0	1	3	0	3	3	0	0	0	0	5	11	2	6	3	0	4	0	0	2	7	0	0
1284	3 Mar 26	07:22:00	1	0	0	0	0	0	1	8	5	0	4	0	7	2	3	7	0	6	1	0	7	11	0	0	0	0	0	1	0	8	5	0	3	0	1	6	5	0	0
1285	3 Mar 26	07:23:00	1	0	0	0	0	0	1	9	3	0	9	0	8	6	0	3	0	4	2	0	3	2	0	0	0	0	1	5	0	4	9	4	0	6	2	4	6	1	2
1286	3 Mar 26	07:24:00	1	0	0	0	0	0	1	1	0	0	4	0	3	0	0	1	0	2	1	0	2	6	0	0	0	0	1	7	0	2	1	3	0	8	10	0	6	5	0
1287	3 Mar 26	07:25:00	1	0	0	0	0	0	1	0	0	0	6	0	3	1	0	2	0	0	1	0	3	1	0	0	0	0	3	8	0	5	2	0	0	10	0	0	6	2	0
1288	3 Mar 26	07:26:00	1	0	0	0	0	0	1	0	4	0	1	0	3	4	0	0	0	1	1	0	3	3	0	2	0	3	3	6	0	3	0	0	0	9	0	0	7	0	1
1289	3 Mar 26	07:27:00	1	0	0	0	0	0	1	0	1	0	0	0	12	2	0	4	0	0	1	0	2	4	6	1	0	5	0	8	0	5	3	0	0	8	0	0	5	0	0
1290	3 Mar 26	07:28:00	1	0	0	0	0	0	1	0	10	0	2	0	4	4	0	7	0	0	4	0	0	8	8	8	0	1	3	7	0	4	5	0	0	5	4	4	3	0	5
1291	3 Mar 26	07:29:00	1	0	0	0	0	0	1	0	2	0	0	0	3	5	0	7	0	0	1	1	0	7	3	0	0	3	0	7	0	4	0	0	0	7	3	1	4	0	2
1292	3 Mar 26	07:30:00	1	0	0	0	0	0	1	0	2	1	0	0	0	5	0	5	0	0	1	0	0	4	4	5	0	3	3	3	0	2	3	0	0	8	0	2	3	0	4
1293	3 Mar 26	07:31:00	1	0	0	0	0	0	1	0	3	0	8	0	0	2	0	1	0	0	0	0	7	6	0	1	0	4	0	8	0	2	3	0	0	12	0	5	2	0	2
1294	3 Mar 26	07:32:00	1	0	0	0	0	0	1	0	1	0	2	0	3	10	0	0	0	0	0	0	3	13	3	3	0	2	2	7	1	7	3	0	0	5	1	7	2	0	6
1295	3 Mar 26	07:33:00	1	0	0	0	0	0	1	4	6	5	0	0	9	6	0	3	0	1	1	0	5	7	2	10	0	3	2	9	2	2	4	0	0	6	2	4	1	0	2
1296	3 Mar 26	07:34:00	1	0	0	0	0	0	1	0	2	0	1	0	7	0	0	7	0	0	8	0	2	11	0	4	0	2	0	9	0	6	0	2	2	3	0	2	8	4	2
1297	3 Mar 26	07:35:00	1	0	0	0	0	0	1	3	1	1	0	0	5	9	0	4	0	0	6	0	2	6	3	3	0	1	3	8	3	4	0	0	2	1	8	0	6	4	8
1298	3 Mar 26	07:36:00	1	0	0	0	0	0	1	0	0	13	0	0	6	4	0	2	0	0	0	0	0	14	4	1	0	3	1	7	0	8	0	5	0	0	0	6	5	0	1
1299	3 Mar 26	07:37:00	1	0	0	0	0	0	1	1	0	0	1	0	1	5	0	4	5	0	0	0	0	1	3	2	0	0	2	6	0	2	0	3	4	4	3	4	12	0	0
1300	3 Mar 26	07:38:00	1	0	0	0	0	0	1	6	0	4	0	0	7	6	0	1	3	0	2	0	5	0	4	0	0	0	0	4	4	2	4	2	0	6	7	3	8	2	0
1301	3 Mar 26	07:39:00	1	0	0	0	0	0	1	2	0	3	0	0	5	4	0	0	8	0	2	0	0	4	4	0	0	0	1	3	3	5	0	2	0	5	1	3	9	3	0
1302	3 Mar 26	07:40:00	1	0	0	0	0	0	1	0	0	13	2	0	3	4	0	2	4	0	1	0	4	5	2	2	0	0	0	12	0	1	0	1	4	10	5	0	9	0	2
1303	3 Mar 26	07:41:00	1	0	0	0	0	0	1	2	0	0	0	0	0	3	0	0	5	0	0	2	1	8	2	1	0	0	0	13	1	3	4	2	0	4	5	5	7	2	7
1304	3 Mar 26	07:42:00	1	0	0	0	0	0	1	0	0	0	0	0	0	4	0	0	4	1	2	0	2	6	1	0	0	0	2	6	2	7	0	2	4	6	3	10	6	0	1
1305	3 Mar 26	07:43:00	1	0	0	0	0	0	1	4	0	0	0	0	0	1	0	4	2	0	3	0	3	0	2	0	0	0	0	12	0	6	0	2	0	4	6	3	7	0	2
1306	3 Mar 26	07:44:00	1	0	0	0	0	0	1	7	0	0	0	0	0	2	0	9	4	2	2	0	0	4	2	0	0	0	0	2	2	4	0	2	0	4	3	3	8	0	0
1307	3 Mar 26	07:45:00	1	0	0	0	0	0	1	5	0	0	0	0	0	4	0	1	4	4	5	0	0	6	3	0	0	0	6	0	0	4	2	0	2	5	3	5	9	0	6
1308	3 Mar 26	07:46:00	1	0	0	0	0	0	1	4	0	0	0	0	0	4	0	2	6	6	0	0	3	5	3	0	0	0	2	3	0	0	0	0	1	3	6	4	7	0	7
1309	3 Mar 26	07:47:00	1	0	0	0	0	0	1	12	1	0	0	0	0	3	0	2	1	0	0	0	6	3	1	0	10	0	1	0	0	0	1	2	0	3	0	0	5	0	5
1310	3 Mar 26	07:48:00	1	0	0	0	0	0	1	1	6	0	0	0	0	1	0	5	3	1	2	0	1	3	1	0	4	0	2	0	0	4	1	16	0	4	2	0	13	0	0
1311	3 Mar 26	07:49:00	1	0	0	0	0	0	1	2	5	0	0	0	0	4	5	2	3	0	3	0	2	7	0	0	3	0	1	0	3	2	0	2	0	4	0	3	16	0	0
1312	3 Mar 26	07:50:00	1	0	0	0	0	0	1	0	5	0	0	0	0	4	1	3	2	0	4	0	5	6	0	0	0	0	3	0	2	4	4	0	2	3	5	0	12	0	0
1313	3 Mar 26	07:51:00	1	0	0	0	0	0	1	3	3	0	1	0	0	2	4	3	9	0	2	1	2	5	0	0	2	0	1	0	0	0	5	0	0	4	0	0	17	0	0
1314	3 Mar 26	07:52:00	1	0	0	0	0	0	1	0	5	0	6	0	0	0	0	3	5	0	4	4	0	7	0	3	3	0	6	1	0	0	4	0	0	4	0	0	14	0	0
1315	3 Mar 26	07:53:00	1	0	0	0	0	0	1	0	6	5	0	0	3	3	0	1	1	0	5	0	0	11	0	2	3	0	2	12	0	0	3	0	1	6	0	4	7	0	0
1316	3 Mar 26	07:54:00	1	0	0	0	0	0	1	0	2	10	2	0	3	2	0	3	2	0	1	0	0	0	0	1	6	0	0	9	0	0	3	0	1	4	17	1	3	0	5
1317	3 Mar 26	07:55:00	1	0	0	0	0	0	1	0	5	0	3	0	3	0	0	3	2	1	2	2	1	0	5	2	4	0	6	7	0	0	1	0	2	7	0	0	6	0	1
1318	3 Mar 26	07:56:00	1	0	0	0	0	0	1	0	3	0	5	0	8	1	3	4	7	0	4	4	5	0	0	0	3	0	3	12	0	0	3	0	1	1	0	0	8	0	5
1319	3 Mar 26	07:57:00	1	0	0	0	0	0	1	0	9	1	5	0	3	3	0	3	3	4	9	2	4	7	1	0	7	0	0	4	0	0	1	4	0	6	1	2	9	0	9
1320	3 Mar 26	07:58:00	1	0	0	0	0	0	1	0	0	3	2	0	0	1	0	1	5	4	0	0	5	11	2	0	1	4	0	5	0	0	2	2	0	3	0	10	8	0	2
1321	3 Mar 26	07:59:00	1	0	0	0	0	0	1	0	0	3	1	0	4	2	0	0	5	4	0	0	2	7	1	0	5	2	0	0	0	0	1	1	0	5	1	1	8	0	0
1322	3 Mar 26	08:00:00	1	0	0	0	0	0	1	0	3	1	3	0	0	0	0	0	5	0	2	0	1	14	1	2	4	0	0	4	0	0	3	0	0	8	0	0	4	0	5
1323	3 Mar 26	08:01:00	1	0	0	0	0	0	1	0	7	3	2	0	9	3	0	0	0	3	0	0	1	11	0	0	2	1	0	5	0	0	0	2	0	7	1	11	7	0	6
1324	3 Mar 26	08:02:00	1	0	0	0	0	0	1	0	1	0	3	0	2	2	0	0	6	13	0	0	1	3	0	0	0	2	4	0	6	5	0	0	0	8	2	1	9	0	0
1325	3 Mar 26	08:03:00	1	0	0	0	0	0	1	0	2	0	1	0	1	5	0	7	1	3	3	1	0	2	0	0	5	7	6	6	1	7	0	0	0	2	0	2	5	0	3
1326	3 Mar 26	08:04:00	1	0	0	0	0	0	1	0	0	0	0	0	4	3	0	1	1	0	6	0	0	4	0	0	0	5	4	9	2	1	0	0	0	0	2	2	5	0	4
1327	3 Mar 26	08:05:00	1	0	0	0	0	0	1	0	0	0	0	0	0	2	0	4	1	4	1	0	2	4	0	0	2	0	1	6	1	7	0	0	0	0	1	2	6	0	1
1328	3 Mar 26	08:06:00	1	0	0	0	0	0	1	0	2	0	0	0	0	4	0	2	1	7	1	0	1	6	0	0	8	0	3	10	1	10	0	0	0	0	3	1	2	0	1
1329	3 Mar 26	08:07:00	1	0	0	0	0	0	1	0	4	0	0	0	2	6	0	8	6	1	2	0	5	8	0	0	3	0	2	4	0	10	0	0	1	0	1	3	0	0	1
1330	3 Mar 26	08:08:00	1	0	0	0	0	0	1	0	0	0	0	0	3	6	0	4	4	6	0	0	0	9	0	0	0	0	1	5	0	5	0	0	2	0	1	4	7	0	1
1331	3 Mar 26	08:09:00	1	0	0	0	0	0	1	0	2	0	1	0	3	4	0	1	6	3	5	0	0	11	0	1	4	0	0	8	2	6	0	2	2	0	2	2	4	0	2
1332	3 Mar 26	08:10:00	1	0	0	0	0	0	1	0	4	1	0	0	2	1	0	0	3	4	1	0	1	8	0	2	0	0	0	2	4	4	0	0	2	0	5	4	8	0	1
1333	3 Mar 26	08:11:00	1	0	0	0	0	0	1	0	2	2	4	0	2	0	0	1	2	3	1	3	7	7	4	10	2	0	0	5	0	2	0	3	1	1	5	0	15	0	2
1334	3 Mar 26	08:12:00	1	0	0	0	0	0	1	0	4	0	5	0	0	0	0	8	6	4	5	0	0	10	0	5	0	0	4	9	0	4	0	3	1	7	9	3	4	1	2
1335	3 Mar 26	08:13:00	1	0	0	0	0	0	1	0	1	0	2	0	2	3	0	3	0	2	10	0	0	7	0	2	2	0	0	3	3	2	0	1	3	10	5	2	7	2	0
1336	3 Mar 26	08:14:00	1	0	0	0	0	0	1	0	3	0	5	0	5	7	1	2	1	3	5	1	1	9	1	4	8	0	0	4	0	0	0	1	1	13	5	0	4	0	2
1337	3 Mar 26	08:15:00	1	0	0	0	0	0	1	0	4	3	0	0	4	4	6	2	4	0	2	1	1	5	1	0	3	0	0	10	0	0	6	5	3	8	2	0	7	1	3
1338	3 Mar 26	08:16:00	1	0	0	0	0	0	1	0	1	0	10	0	0	5	4	0	6	1	2	1	2	4	0	0	5	0	0	6	3	5	2	1	1	2	1	0	3	0	1
1339	3 Mar 26	08:17:00	1	0	0	0	0	0	1	0	0	5	1	0	0	3	3	0	5	6	2	0	3	4	2	0	1	0	2	6	2	0	0	2	0	2	2	4	5	2	0
1340	3 Mar 26	08:18:00	1	0	0	0	0	0	1	0	7	13	1	0	0	3	0	0	4	4	1	0	3	6	5	0	0	0	3	8	0	0	3	0	0	3	3	3	3	0	4
1341	3 Mar 26	08:19:00	1	0	0	0	0	0	1	0	2	6	2	0	0	3	0	1	2	5	1	0	4	8	2	0	2	0	3	9	0	1	0	0	1	5	0	2	5	0	11
1342	3 Mar 26	08:20:00	1	0	0	0	0	0	1	0	0	3	3	0	0	0	0	6	2	0	0	0	2	7	4	0	7	0	2	14	0	4	2	0	0	5	0	5	5	0	3
1343	3 Mar 26	08:21:00	1	0	0	0	0	0	1	3	0	3	2	0	0	1	0	4	4	3	4	0	0	8	0	0	7	0	2	1	2	5	1	0	0	5	0	0	4	0	4
1344	3 Mar 26	08:22:00	1	0	0	0	0	0	1	1	0	4	3	0	3	6	0	6	1	3	1	0	1	7	2	0	2	0	4	0	1	6	2	0	0	6	0	0	3	0	3
1345	3 Mar 26	08:23:00	1	0	0	0	0	0	1	11	0	4	0	0	4	2	0	3	6	3	2	11	2	9	3	0	3	0	0	0	0	4	5	0	0	2	0	2	10	0	7
1346	3 Mar 26	08:24:00	1	0	0	0	0	0	1	6	0	2	4	0	6	5	0	6	5	1	1	0	1	10	2	0	5	0	6	0	2	6	4	1	0	5	0	13	6	0	1
1347	3 Mar 26	08:25:00	1	0	0	0	0	0	1	14	0	13	4	0	5	4	0	3	4	0	3	0	3	4	4	0	5	0	2	0	3	2	5	1	0	5	0	5	7	0	5
1348	3 Mar 26	08:26:00	1	0	0	0	0	0	1	9	3	6	2	0	3	5	0	4	4	0	0	0	3	8	1	0	5	3	0	0	4	2	4	6	0	5	0	9	6	0	3
1349	3 Mar 26	08:27:00	1	0	0	0	0	0	1	3	2	11	0	0	4	8	0	2	4	1	0	0	4	4	2	2	3	5	0	0	4	4	0	2	0	5	0	4	5	0	2
1350	3 Mar 26	08:28:00	1	0	0	0	0	0	1	10	6	9	2	0	3	2	0	2	3	1	2	0	3	0	1	0	3	4	3	1	0	4	0	2	0	4	6	3	0	0	2
1351	3 Mar 26	08:29:00	1	0	0	0	0	0	1	3	5	9	10	0	2	3	0	0	4	5	1	0	0	4	1	0	6	1	0	10	4	5	0	1	0	4	0	0	4	1	1
1352	3 Mar 26	08:30:00	1	0	0	0	0	0	1	5	4	8	4	0	2	6	0	2	3	4	3	0	2	9	0	0	2	0	0	7	0	4	1	1	0	2	0	4	8	0	1
1353	3 Mar 26	08:31:00	1	0	0	0	0	0	1	3	5	14	2	0	4	2	0	3	5	2	1	0	4	9	2	0	6	0	1	8	0	6	6	3	5	6	0	9	7	2	7
1354	3 Mar 26	08:32:00	1	0	0	0	0	0	1	6	6	7	5	0	5	6	0	3	2	1	1	0	4	11	0	0	0	5	4	7	0	3	0	6	5	5	0	0	3	0	0
1355	3 Mar 26	08:33:00	1	0	0	0	0	0	1	4	2	10	7	0	0	1	0	4	4	5	6	0	2	12	1	0	3	0	4	12	0	7	4	4	3	6	0	0	16	0	4
1356	3 Mar 26	08:34:00	1	0	0	0	0	0	1	13	6	9	3	0	7	9	0	6	5	6	0	0	0	11	2	3	9	0	0	11	0	5	2	2	2	6	0	2	11	0	3
1357	3 Mar 26	08:35:00	1	0	0	0	0	0	1	14	0	9	1	0	3	5	0	1	3	3	8	0	0	9	0	0	4	0	2	9	0	4	3	2	2	5	0	0	10	2	3
1358	3 Mar 26	08:36:00	1	0	0	0	0	0	1	8	0	10	1	0	1	4	2	1	4	0	2	0	0	6	2	0	4	0	0	7	0	6	1	2	5	8	0	5	8	0	6
1359	3 Mar 26	08:37:00	1	0	0	0	0	0	1	6	3	7	0	0	3	2	2	0	4	3	4	0	1	9	2	7	3	0	4	8	0	3	3	2	8	7	0	5	12	0	5
1360	3 Mar 26	08:38:00	1	0	0	0	0	0	1	15	5	8	0	0	1	11	0	0	2	5	0	0	8	3	3	7	3	2	1	6	0	8	0	3	7	2	0	0	10	3	2
1361	3 Mar 26	08:39:00	1	0	0	0	0	0	1	9	2	7	2	0	0	1	3	0	6	6	0	0	2	4	3	2	1	3	1	11	2	3	0	4	1	5	0	0	7	2	4
1362	3 Mar 26	08:40:00	1	0	0	0	0	0	1	4	0	9	2	0	0	4	3	0	4	1	2	0	4	14	6	2	4	3	2	5	3	1	0	1	0	4	0	10	6	2	5
1363	3 Mar 26	08:41:00	1	0	0	0	0	0	1	9	5	5	3	0	0	2	5	0	1	4	6	0	0	12	1	3	0	4	2	8	1	7	0	0	0	8	0	6	10	4	4
1364	3 Mar 26	08:42:00	1	0	0	0	0	0	1	5	2	11	3	0	0	5	2	0	4	7	2	0	5	7	6	1	0	3	1	11	2	2	0	0	1	4	0	5	16	0	8
1365	3 Mar 26	08:43:00	1	0	0	0	0	0	1	11	0	2	5	0	3	5	0	0	2	5	1	0	1	7	7	0	4	3	2	6	0	0	0	0	2	8	0	6	11	0	3
1366	3 Mar 26	08:44:00	1	0	0	0	0	0	1	5	0	4	4	0	5	6	0	0	6	5	0	0	11	6	6	3	4	2	0	10	0	6	0	0	0	6	0	2	4	0	5
1367	3 Mar 26	08:45:00	1	0	0	0	0	0	1	4	2	2	2	0	4	3	0	0	5	3	0	0	1	16	3	1	4	2	0	3	0	6	0	0	4	9	3	0	6	0	3
1368	3 Mar 26	08:46:00	1	0	0	0	0	0	1	5	5	9	0	0	5	4	4	0	3	5	4	0	2	6	0	0	2	3	0	1	0	4	0	0	8	10	5	0	5	0	2
1369	3 Mar 26	08:47:00	1	0	0	0	0	0	1	10	6	0	2	0	0	4	5	0	6	0	5	0	0	11	3	0	0	6	5	7	0	2	0	0	32	2	5	2	5	0	3
1370	3 Mar 26	08:48:00	1	0	0	0	0	0	1	12	2	2	0	0	4	3	7	0	4	4	4	0	0	8	3	0	7	3	3	21	0	3	0	0	29	5	1	4	8	0	1
1371	3 Mar 26	08:49:00	1	0	0	0	0	0	1	6	2	3	3	0	3	3	2	0	6	7	5	0	5	21	5	0	3	1	1	8	0	3	3	0	0	4	3	4	8	0	1
1372	3 Mar 26	08:50:00	1	0	0	0	0	0	1	12	2	3	4	0	0	6	2	0	5	3	1	0	3	12	2	4	1	6	1	9	0	6	11	0	0	4	4	2	1	1	1
1373	3 Mar 26	08:51:00	1	0	0	0	0	0	1	8	2	6	2	0	1	5	7	0	2	2	0	0	1	9	2	2	4	5	2	8	4	4	4	0	2	7	4	0	3	4	4
1374	3 Mar 26	08:52:00	1	0	0	0	0	0	1	7	1	8	3	0	7	3	0	3	6	9	5	5	0	6	3	3	3	3	2	5	3	3	0	5	6	9	6	0	5	6	7
1375	3 Mar 26	08:53:00	1	0	0	0	0	0	1	9	1	9	4	0	5	3	0	4	3	4	2	1	0	9	0	3	6	3	1	2	6	6	3	5	0	8	3	0	12	1	3
1376	3 Mar 26	08:54:00	1	0	0	0	0	0	1	13	0	11	1	0	3	6	0	2	4	3	2	4	4	6	3	2	2	4	9	7	0	3	0	9	0	2	8	0	7	0	2
1377	3 Mar 26	08:55:00	1	0	0	0	0	0	1	11	0	11	1	0	4	8	0	4	4	4	4	0	0	4	3	2	3	0	2	5	2	6	1	2	0	3	2	0	9	0	1
1378	3 Mar 26	08:56:00	1	0	0	0	0	0	1	15	4	8	4	0	5	3	0	5	4	6	1	0	5	9	3	0	5	0	3	7	4	6	5	5	0	11	5	8	9	2	0
1379	3 Mar 26	08:57:00	1	0	0	0	0	0	1	10	3	8	1	0	5	3	0	10	1	0	3	0	5	8	2	0	2	4	2	9	1	6	3	2	0	7	3	4	4	2	5
1380	3 Mar 26	08:58:00	1	0	0	0	0	0	1	9	2	5	4	0	4	5	0	3	5	1	2	0	1	7	5	5	1	2	0	7	2	8	5	0	0	4	1	0	8	0	1
1381	3 Mar 26	08:59:00	1	0	0	0	0	0	1	4	3	14	2	0	5	4	0	3	2	8	2	0	3	13	3	3	1	2	2	9	6	6	5	0	0	9	0	0	9	0	2
1382	3 Mar 26	09:00:00	1	0	0	0	0	0	1	8	2	11	3	0	2	6	3	6	2	8	2	4	3	6	1	0	2	2	2	13	2	7	2	0	0	6	1	0	4	0	5
1383	3 Mar 26	09:01:00	1	0	0	0	0	0	1	8	3	12	5	0	0	3	1	10	2	10	1	3	4	6	9	0	8	0	4	14	2	7	3	0	0	9	9	0	6	2	5
1384	3 Mar 26	09:02:00	1	0	0	0	0	0	1	6	4	11	6	0	3	2	0	1	2	6	4	2	5	10	5	0	0	0	0	14	1	6	4	0	0	0	3	0	8	0	4
1385	3 Mar 26	09:03:00	1	0	0	0	0	0	1	2	3	2	1	0	4	9	7	7	1	9	5	1	1	6	2	4	0	0	2	10	5	5	0	0	0	1	3	1	8	2	7
1386	3 Mar 26	09:04:00	1	0	0	0	0	0	1	5	3	6	3	0	3	4	2	2	5	10	9	3	3	8	3	2	1	0	1	9	0	4	0	0	0	5	2	6	2	0	7
1387	3 Mar 26	09:05:00	1	0	0	0	0	0	1	11	0	2	0	0	3	2	1	1	2	7	0	0	4	5	7	3	1	0	5	13	1	9	5	0	0	1	5	0	14	2	2
1388	3 Mar 26	09:06:00	1	0	0	0	0	0	1	8	0	8	7	0	9	5	3	3	4	6	4	0	7	6	3	2	5	0	2	1	1	7	3	0	0	4	8	0	4	0	4
1389	3 Mar 26	09:07:00	1	0	0	0	0	0	1	8	2	4	3	0	2	7	3	1	5	5	5	0	5	16	2	6	0	0	3	2	0	9	3	2	10	6	4	0	7	2	4
1390	3 Mar 26	09:08:00	1	0	0	0	0	0	1	2	1	6	8	0	8	5	2	4	6	9	4	0	3	5	4	0	2	0	0	9	0	6	3	1	0	5	6	0	2	0	1
1391	3 Mar 26	09:09:00	1	0	0	0	0	0	1	2	7	7	2	0	1	3	0	1	3	6	5	0	5	11	3	0	2	0	2	6	2	6	2	7	0	6	1	5	4	0	7
1392	3 Mar 26	09:10:00	1	0	0	0	0	0	1	0	5	4	1	0	3	0	0	5	4	6	5	0	1	5	1	3	2	0	1	7	0	5	3	1	5	0	4	2	6	0	2
1393	3 Mar 26	09:11:00	1	0	0	0	0	0	1	5	0	6	4	0	4	7	2	3	2	2	0	0	0	6	2	3	1	0	2	6	0	9	4	5	0	4	4	3	10	0	4
1394	3 Mar 26	09:12:00	1	0	0	0	0	0	1	6	0	4	1	0	5	5	0	0	2	10	0	0	3	8	2	1	2	3	6	8	2	4	7	2	0	3	0	4	7	0	8
1395	3 Mar 26	09:13:00	1	0	0	0	0	0	1	2	0	2	5	0	1	5	0	3	7	6	2	0	0	11	2	0	0	3	1	8	2	4	6	1	0	5	5	6	7	0	2
1396	3 Mar 26	09:14:00	1	0	0	0	0	0	1	8	5	2	1	0	3	3	2	6	4	6	4	0	2	10	5	0	0	0	3	14	4	6	7	1	0	4	4	0	4	0	0
1397	3 Mar 26	09:15:00	1	0	0	0	0	0	1	13	3	4	9	0	7	8	5	3	7	8	1	0	4	10	3	5	0	0	2	13	2	6	2	3	0	4	7	4	1	0	6
1398	3 Mar 26	09:16:00	1	0	0	0	0	0	1	10	3	1	6	0	3	2	5	1	4	6	0	1	4	10	4	6	0	0	4	16	2	6	3	0	0	3	3	2	6	0	6
1399	3 Mar 26	09:17:00	1	0	0	0	0	0	1	13	3	4	2	0	3	9	2	9	11	6	1	1	4	9	0	5	0	0	3	4	4	6	5	6	0	8	0	0	9	0	3
1400	3 Mar 26	09:18:00	1	0	0	0	0	0	1	5	2	9	5	0	5	3	3	7	2	5	5	2	0	10	2	0	0	1	4	6	2	6	2	8	0	4	0	0	10	0	0
1401	3 Mar 26	09:19:00	1	0	0	0	0	0	1	7	1	6	3	0	3	6	0	3	8	2	3	2	5	9	3	2	1	1	4	6	1	11	3	6	0	4	2	0	6	0	3
1402	3 Mar 26	09:20:00	1	0	0	0	0	0	1	4	2	9	3	0	6	5	0	5	5	4	4	0	4	15	5	0	3	0	7	4	5	7	2	4	1	6	6	0	11	0	6
1403	3 Mar 26	09:21:00	1	0	0	0	0	0	1	7	1	11	1	0	8	0	0	1	6	6	5	0	1	9	3	0	3	0	6	0	4	7	6	3	1	2	5	4	6	0	1
1404	3 Mar 26	09:22:00	1	0	0	0	0	0	1	9	7	6	2	0	4	6	4	8	8	4	4	0	2	5	2	2	0	4	4	6	4	12	3	3	2	2	6	0	4	0	4
1405	3 Mar 26	09:23:00	1	0	0	0	0	0	1	10	5	2	4	0	9	7	2	2	6	4	3	6	7	11	5	5	3	7	7	4	1	6	3	4	0	7	3	5	3	0	3
1406	3 Mar 26	09:24:00	1	0	0	0	0	0	1	9	4	8	1	0	5	7	6	7	6	4	2	2	6	13	4	2	3	0	5	4	0	7	2	4	2	6	0	3	8	0	1
1407	3 Mar 26	09:25:00	1	0	0	0	0	0	1	4	5	2	6	0	6	8	0	3	3	7	6	1	0	14	2	1	4	0	1	4	3	5	5	5	6	4	4	4	4	0	5
1408	3 Mar 26	09:26:00	1	0	0	0	0	0	1	6	3	4	1	0	4	5	4	2	5	7	4	0	0	8	8	2	5	4	2	6	5	5	9	3	2	7	3	0	8	0	5
1409	3 Mar 26	09:27:00	1	0	0	0	0	0	1	7	6	1	2	0	5	8	2	0	8	14	3	0	1	5	4	10	0	2	3	7	4	7	2	5	5	10	11	0	4	2	7
1410	3 Mar 26	09:28:00	1	0	0	0	0	0	1	4	5	4	5	1	5	10	3	4	5	7	2	3	1	4	2	2	4	1	3	3	0	4	3	4	3	3	4	1	6	6	6
1411	3 Mar 26	09:29:00	1	0	0	0	0	0	0	7	4	4	2	0	5	9	8	9	4	6	7	4	3	4	3	3	2	5	6	6	1	5	6	7	7	7	2	1	9	2	7
1412	3 Mar 26	09:30:00	1	0	0	0	0	0	0	14	4	10	7	0	6	7	6	7	9	14	2	5	3	10	9	5	8	4	6	6	2	7	8	7	5	9	7	7	2	3	4
1413	3 Mar 26	09:31:00	1	0	0	0	0	0	0	14	5	12	8	0	8	2	6	15	9	10	6	2	5	11	11	5	9	7	4	7	6	8	8	5	9	10	5	5	6	2	8
1414	3 Mar 26	09:32:00	1	0	0	0	0	0	0	10	8	11	5	0	7	9	8	13	9	12	7	7	4	9	9	5	8	4	6	9	4	4	6	8	5	8	7	0	8	0	9
1415	3 Mar 26	09:33:00	1	0	0	0	0	0	0	14	11	14	8	0	5	4	7	13	6	16	7	1	5	11	8	9	8	8	5	7	6	6	7	4	6	11	2	5	4	0	8
1416	3 Mar 26	09:34:00	1	0	0	0	0	0	0	8	7	10	10	0	5	6	6	8	4	14	10	3	9	10	7	4	8	7	7	7	6	6	7	7	1	12	9	6	11	2	7
1417	3 Mar 26	09:35:00	1	0	0	0	0	0	0	7	7	14	5	0	8	8	2	9	9	9	7	3	5	12	9	5	6	6	4	10	6	6	7	7	5	9	5	0	13	0	2
1418	3 Mar 26	09:36:00	1	0	0	0	0	0	0	8	7	11	8	0	8	11	9	6	12	9	6	3	6	10	8	8	7	4	7	14	7	8	9	8	3	11	7	1	3	1	11
1419	3 Mar 26	09:37:00	1	0	0	0	0	0	0	10	7	11	4	0	4	10	4	8	7	7	8	2	7	12	9	6	7	5	4	8	4	11	7	5	4	12	4	4	6	4	6
1420	3 Mar 26	09:38:00	1	0	0	0	0	0	0	12	4	11	7	0	7	6	6	9	8	10	6	3	6	9	4	3	6	5	9	12	2	9	8	7	2	11	6	5	1	1	6
1421	3 Mar 26	09:39:00	1	0	0	0	0	0	0	8	6	11	6	0	8	7	4	9	9	9	9	3	7	12	4	3	4	7	2	4	8	11	7	9	6	8	9	8	14	0	8
1422	3 Mar 26	09:40:00	1	0	0	0	0	0	0	11	7	11	9	0	5	6	5	11	7	7	9	2	7	10	10	6	7	3	5	10	5	6	7	7	5	9	7	9	14	0	8
1423	3 Mar 26	09:41:00	1	0	0	0	0	0	0	9	8	10	7	0	5	11	5	9	6	8	10	3	2	8	4	10	8	5	2	6	6	9	9	9	6	6	5	5	4	0	7
1424	3 Mar 26	09:42:00	1	0	0	0	0	0	0	11	10	10	7	0	7	5	3	7	8	8	9	8	5	9	7	3	6	5	5	6	6	11	8	4	3	9	1	7	7	0	9
1425	3 Mar 26	09:43:00	1	0	0	0	0	0	0	8	5	10	10	0	9	3	0	9	5	11	10	5	5	8	7	10	9	7	6	8	2	10	5	4	0	9	8	4	10	0	8
1426	3 Mar 26	09:44:00	1	0	0	0	0	0	0	7	7	11	5	0	7	11	4	8	9	5	15	4	7	6	5	6	10	4	5	6	1	6	6	14	3	8	8	6	10	0	8
1427	3 Mar 26	09:45:00	1	0	0	0	0	0	0	7	4	7	16	0	11	9	6	12	8	9	10	5	7	8	3	4	7	4	4	10	2	3	5	1	3	8	6	7	4	0	10
1428	3 Mar 26	09:46:00	1	0	0	0	0	0	0	5	5	11	9	0	6	3	7	4	6	6	8	2	0	10	8	11	7	6	6	7	4	9	8	3	4	11	11	6	6	0	9
1429	3 Mar 26	09:47:00	1	0	0	0	0	0	0	8	4	10	7	0	8	6	2	9	6	7	8	7	0	7	6	3	7	5	4	12	2	8	8	8	7	10	8	4	10	0	3
1430	3 Mar 26	09:48:00	1	0	0	0	0	0	0	8	4	10	8	0	8	11	6	7	10	7	6	4	4	7	7	4	6	2	7	5	5	9	7	3	3	7	5	5	14	0	6
1431	3 Mar 26	09:49:00	1	0	0	0	0	0	0	7	8	9	9	0	3	10	6	6	9	11	9	2	5	6	5	8	9	3	6	8	3	13	8	4	3	12	10	6	5	0	0
1432	3 Mar 26	09:50:00	1	0	0	0	0	0	0	7	7	8	10	0	6	5	5	6	6	11	10	3	3	13	7	6	6	5	6	11	3	9	6	5	2	12	7	4	2	0	10
1433	3 Mar 26	09:51:00	1	0	0	0	0	0	0	12	7	8	8	0	9	0	6	8	10	12	12	5	3	7	4	4	9	2	3	10	7	8	7	1	11	1	2	4	5	0	5
1434	3 Mar 26	09:52:00	1	0	0	0	0	0	0	8	6	11	6	0	4	9	4	14	8	8	10	4	7	7	7	5	10	4	7	4	5	5	8	5	4	0	8	8	8	0	5
1435	3 Mar 26	09:53:00	1	0	0	0	0	0	0	7	5	8	7	0	4	8	6	14	8	5	10	3	5	13	6	4	5	4	4	6	2	5	11	4	3	0	6	8	8	0	5
1436	3 Mar 26	09:54:00	1	0	0	0	0	0	0	9	8	8	9	0	6	6	8	6	9	7	9	3	4	12	6	8	4	6	6	7	7	8	6	6	3	0	5	2	10	0	3
1437	3 Mar 26	09:55:00	1	0	0	0	0	0	0	7	8	11	8	0	6	8	4	8	10	9	4	4	5	7	7	2	7	3	4	5	3	9	8	6	0	0	8	9	9	0	5
1438	3 Mar 26	09:56:00	1	0	0	0	0	0	0	9	8	12	8	0	5	6	2	10	8	8	10	1	7	9	7	1	10	4	5	5	4	5	6	3	3	0	7	6	12	0	4
1439	3 Mar 26	09:57:00	1	0	0	0	0	0	0	7	6	9	12	0	4	6	6	0	9	11	10	1	5	7	7	3	10	5	5	6	5	8	5	6	4	0	11	9	8	0	6
1440	3 Mar 26	09:58:00	1	0	0	0	0	0	0	7	6	8	5	0	6	11	6	10	13	9	9	3	7	8	5	6	8	4	3	6	1	9	6	6	4	0	3	7	11	0	8
1441	3 Mar 26	09:59:00	1	0	0	0	0	0	0	8	7	4	9	0	5	7	4	7	5	8	8	5	5	8	8	4	10	6	6	11	2	9	6	4	0	0	8	3	7	0	5
1442	3 Mar 26	10:00:00	1	0	0	0	0	0	0	6	6	6	2	0	9	12	7	10	5	10	9	7	3	10	3	2	8	2	3	12	5	8	4	5	2	0	5	6	10	0	4
1443	3 Mar 26	10:01:00	1	0	0	0	0	0	0	9	6	12	5	0	7	7	8	5	6	8	9	3	6	10	4	3	5	4	6	6	5	9	7	6	9	13	5	11	6	0	8
1444	3 Mar 26	10:02:00	1	0	0	0	0	0	0	8	5	6	4	0	6	7	9	4	6	7	6	6	6	12	9	0	9	5	2	9	5	8	6	2	4	6	8	10	18	1	6
1445	3 Mar 26	10:03:00	1	0	0	0	0	0	0	8	4	10	8	0	6	7	4	6	8	7	8	4	5	6	6	1	4	5	5	5	8	6	4	4	0	10	6	9	4	0	7
1446	3 Mar 26	10:04:00	1	0	0	0	0	0	0	10	6	12	8	0	7	3	0	6	5	7	4	3	4	6	6	4	12	5	4	6	5	10	5	5	4	7	8	1	4	0	9
1447	3 Mar 26	10:05:00	1	0	0	0	0	0	0	16	6	5	12	0	4	8	0	6	8	6	7	3	5	11	7	2	8	5	5	6	4	6	5	4	3	6	0	6	3	0	4
1448	3 Mar 26	10:06:00	1	0	0	0	0	0	0	9	6	5	8	0	7	9	2	7	10	5	10	3	6	11	7	2	1	4	4	10	3	7	5	4	3	10	4	6	1	0	6
1449	3 Mar 26	10:07:00	1	0	0	0	0	0	0	8	8	7	8	0	5	8	2	7	5	6	10	1	4	11	3	2	5	3	6	4	2	8	5	5	1	11	9	2	7	0	5
1450	3 Mar 26	10:08:00	1	0	0	0	0	0	0	7	2	11	10	0	6	7	5	9	5	8	10	5	4	11	6	8	5	6	3	6	2	7	4	3	4	8	9	4	2	0	6
1451	3 Mar 26	10:09:00	1	0	0	0	0	0	0	8	5	6	3	0	7	8	1	7	7	8	9	1	5	10	4	2	11	5	3	8	2	6	7	6	2	7	3	7	10	0	7
1452	3 Mar 26	10:10:00	1	0	0	0	0	0	0	9	5	9	6	0	7	8	2	10	8	9	7	6	4	10	4	4	7	2	4	10	4	6	5	5	0	12	8	2	6	0	3
1453	3 Mar 26	10:11:00	1	0	0	0	0	0	0	8	4	10	7	0	8	4	5	11	6	7	4	2	5	6	5	3	7	4	4	11	2	9	8	6	0	6	5	11	6	0	7
1454	3 Mar 26	10:12:00	1	0	0	0	0	0	0	7	8	7	10	0	6	11	4	4	8	7	10	6	4	10	10	1	7	6	3	8	1	2	2	7	3	7	3	11	3	0	10
1455	3 Mar 26	10:13:00	1	0	0	0	0	0	0	8	6	5	4	0	6	8	5	10	11	6	10	1	4	7	9	0	6	4	5	10	2	6	6	7	6	14	5	8	8	0	7
1456	3 Mar 26	10:14:00	1	0	0	0	0	0	0	4	7	7	3	0	7	11	0	5	7	8	9	2	0	10	6	1	5	2	2	8	6	6	11	5	0	6	5	5	4	0	6
1457	3 Mar 26	10:15:00	1	0	0	0	0	0	0	11	5	11	12	0	7	9	1	6	8	6	8	4	4	8	5	4	10	6	3	9	5	9	8	4	6	3	6	2	8	0	5
1458	3 Mar 26	10:16:00	1	0	0	0	0	0	0	11	9	10	7	0	7	5	4	3	6	6	8	5	4	9	7	4	2	8	4	10	3	11	10	6	5	8	2	0	5	0	6
1459	3 Mar 26	10:17:00	1	0	0	0	0	0	0	8	4	7	6	0	5	8	6	6	9	3	8	3	6	12	5	0	7	5	7	6	2	8	6	4	1	6	3	7	11	0	2
1460	3 Mar 26	10:18:00	1	0	0	0	0	0	0	12	5	8	7	0	5	8	4	8	9	6	11	1	5	13	7	3	9	6	3	13	1	7	8	2	3	4	11	7	7	0	8
1461	3 Mar 26	10:19:00	1	0	0	0	0	0	0	9	7	7	8	0	6	7	6	2	4	8	12	2	6	6	6	2	7	4	5	8	4	5	5	4	5	5	8	7	11	0	6
1462	3 Mar 26	10:20:00	1	0	0	0	0	0	0	8	6	2	8	0	13	11	2	11	9	9	12	5	3	9	9	4	6	6	4	11	3	9	5	10	0	7	13	3	8	0	5
1463	3 Mar 26	10:21:00	1	0	0	0	0	0	0	9	8	5	8	0	3	9	5	8	7	9	10	5	2	4	8	8	7	3	3	9	8	9	6	5	0	7	8	2	10	0	7
1464	3 Mar 26	10:22:00	1	0	0	0	0	0	0	8	8	5	7	0	8	9	8	4	10	10	10	0	5	0	6	3	5	4	5	13	4	3	6	6	6	8	6	5	10	0	8
1465	3 Mar 26	10:23:00	1	0	0	0	0	0	0	8	8	4	7	0	6	7	9	8	5	5	7	1	8	0	5	7	10	5	2	6	6	7	2	5	3	10	6	4	8	0	8
1466	3 Mar 26	10:24:00	1	0	0	0	0	0	0	12	3	7	9	0	5	7	7	5	8	6	8	3	2	0	4	2	6	3	4	10	4	7	7	4	4	11	7	5	5	0	4
1467	3 Mar 26	10:25:00	1	0	0	0	0	0	0	10	2	6	8	0	8	8	2	5	10	10	7	1	0	0	8	2	7	4	9	5	7	5	5	3	7	14	5	11	10	0	7
1468	3 Mar 26	10:26:00	1	0	0	0	0	0	0	7	7	5	9	0	5	13	1	7	5	8	12	4	4	0	10	6	6	7	5	9	3	10	3	5	2	12	5	6	9	0	8
1469	3 Mar 26	10:27:00	1	0	0	0	0	0	0	13	9	5	11	0	9	9	0	6	9	4	6	2	2	0	5	4	7	6	6	9	5	5	3	7	3	10	7	1	5	0	8
1470	3 Mar 26	10:28:00	1	0	0	0	0	0	0	11	6	6	9	0	8	8	5	6	9	6	8	6	7	0	9	0	12	5	4	9	3	6	3	4	0	10	4	5	5	0	5
1471	3 Mar 26	10:29:00	1	0	0	0	0	0	0	11	5	5	7	0	6	7	6	8	6	3	8	5	4	0	5	5	3	5	5	15	5	5	5	5	0	13	5	6	10	0	7
1472	3 Mar 26	10:30:00	1	0	0	0	0	0	0	6	6	7	10	0	5	4	5	2	8	5	9	0	6	0	6	6	6	4	6	5	5	4	8	6	3	11	8	0	3	0	3
1473	3 Mar 26	10:31:00	1	0	0	0	0	0	0	7	8	6	8	0	8	8	0	4	6	8	9	1	5	0	4	3	8	7	3	7	4	7	6	7	0	11	9	3	6	0	4
1474	3 Mar 26	10:32:00	1	0	0	0	0	0	0	9	5	6	12	0	6	4	5	3	10	4	8	0	5	0	7	4	7	5	4	9	1	9	5	0	6	11	6	4	9	0	5
1475	3 Mar 26	10:33:00	1	0	0	0	0	0	0	9	4	9	9	0	7	5	5	5	6	9	9	2	5	0	9	5	11	8	4	7	2	9	4	4	7	8	4	3	12	0	2
1476	3 Mar 26	10:34:00	1	0	0	0	0	0	0	10	6	2	9	0	8	10	7	6	3	6	10	4	8	0	8	3	5	2	6	8	0	7	5	6	3	9	7	4	2	0	9
1477	3 Mar 26	10:35:00	1	0	0	0	0	0	0	6	9	10	8	0	8	10	4	6	6	5	4	2	7	0	8	5	5	7	4	9	2	5	5	2	3	2	8	0	9	0	3
1478	3 Mar 26	10:36:00	1	0	0	0	0	0	0	7	3	6	10	0	4	8	7	8	8	7	10	3	6	0	5	3	9	5	6	8	2	6	4	9	24	8	8	0	6	0	5
1479	3 Mar 26	10:37:00	1	0	0	0	0	0	0	12	8	5	6	0	6	14	4	7	6	4	7	4	8	0	7	0	9	4	3	7	3	12	4	4	12	8	9	2	5	0	10
1480	3 Mar 26	10:38:00	1	0	0	0	0	0	0	9	2	5	10	0	5	5	7	9	8	5	15	1	9	0	4	4	10	4	7	11	3	11	3	6	3	8	3	5	6	0	5
1481	3 Mar 26	10:39:00	1	0	0	0	0	0	0	7	8	2	8	0	5	13	2	6	7	5	9	3	5	0	5	3	6	5	4	10	3	5	7	4	5	10	6	1	8	0	8
1482	3 Mar 26	10:40:00	1	0	0	0	0	0	0	8	8	0	7	0	6	12	2	9	5	2	10	4	5	0	9	2	8	5	6	7	5	9	4	8	3	11	8	1	5	0	8
1483	3 Mar 26	10:41:00	1	0	0	0	0	0	0	10	3	10	8	0	7	9	2	5	6	4	9	3	9	0	5	5	9	4	3	9	2	10	1	6	0	11	10	15	6	0	5
1484	3 Mar 26	10:42:00	1	0	0	0	0	0	0	8	7	7	4	0	7	7	3	8	7	6	5	2	5	0	8	2	7	6	2	7	2	9	5	5	3	11	5	2	4	0	6
1485	3 Mar 26	10:43:00	1	0	0	0	0	0	0	14	7	0	11	0	8	10	4	7	8	6	7	2	4	0	10	3	9	7	4	8	0	9	3	3	2	10	8	6	6	0	7
1486	3 Mar 26	10:44:00	1	0	0	0	0	0	0	7	4	2	4	0	9	8	2	7	8	6	6	3	0	0	9	1	2	3	3	9	5	8	8	5	4	7	6	7	6	0	10
1487	3 Mar 26	10:45:00	1	0	0	0	0	0	0	10	6	3	6	0	9	6	0	7	8	6	7	6	6	0	9	6	11	4	5	4	2	4	5	7	1	7	4	5	3	0	5
1488	3 Mar 26	10:46:00	1	0	0	0	0	0	0	5	4	6	7	0	7	6	0	6	8	4	8	5	3	0	2	2	8	5	1	13	3	6	7	5	1	7	8	4	5	0	3
1489	3 Mar 26	10:47:00	1	0	0	0	0	0	0	7	3	9	6	0	6	7	2	3	6	7	9	3	2	0	10	4	6	7	3	19	1	8	4	4	3	9	8	3	3	0	6
1490	3 Mar 26	10:48:00	1	0	0	0	0	0	0	13	4	4	8	0	9	5	8	4	8	6	7	5	6	0	2	4	8	6	1	8	5	5	3	6	3	3	9	4	4	0	7
1491	3 Mar 26	10:49:00	1	0	0	0	0	0	0	9	7	7	9	0	7	8	6	7	8	6	8	2	5	0	9	0	7	2	6	7	6	2	4	6	0	10	5	7	5	0	6
1492	3 Mar 26	10:50:00	1	0	0	0	0	0	0	8	7	2	6	0	3	10	8	2	9	4	8	0	2	0	8	9	7	4	5	15	5	10	1	6	4	11	5	5	6	0	3
1493	3 Mar 26	10:51:00	1	0	0	0	0	0	0	8	8	5	8	0	6	11	4	5	9	6	10	0	3	0	7	1	6	3	3	4	1	8	2	6	1	9	10	8	8	0	5
1494	3 Mar 26	10:52:00	1	0	0	0	0	0	0	9	6	6	4	0	7	8	6	3	6	5	9	1	7	0	6	0	6	4	6	9	0	5	4	4	3	6	6	7	4	0	3
1495	3 Mar 26	10:53:00	1	0	0	0	0	0	0	9	6	0	4	0	8	4	1	6	4	3	9	4	5	0	7	2	7	3	7	15	10	9	3	7	8	7	6	7	9	0	6
1496	3 Mar 26	10:54:00	1	0	0	0	0	0	0	9	8	0	6	0	5	5	0	8	9	4	10	4	0	0	8	1	4	3	3	9	1	7	1	7	0	6	6	2	7	0	8
1497	3 Mar 26	10:55:00	1	0	0	0	0	0	0	7	5	2	8	0	6	6	0	8	6	4	9	5	3	0	5	8	8	6	4	12	6	5	8	4	4	6	8	0	6	0	5
1498	3 Mar 26	10:56:00	1	0	0	0	0	0	0	7	5	0	4	0	4	10	0	6	6	6	10	4	0	0	8	7	3	3	4	7	3	6	7	3	5	8	4	9	9	0	5
1499	3 Mar 26	10:57:00	1	0	0	0	0	0	0	7	7	0	3	0	5	5	4	2	6	2	13	6	3	0	5	6	4	4	2	8	0	6	6	3	4	4	10	8	0	0	6
1500	3 Mar 26	10:58:00	1	0	0	0	0	0	0	5	6	0	9	0	8	8	3	6	7	5	8	2	7	0	8	0	7	3	5	8	3	6	3	2	0	10	5	3	9	0	7
1501	3 Mar 26	10:59:00	1	0	0	0	0	0	0	11	8	0	10	0	8	5	0	8	10	4	10	7	3	0	6	2	5	6	6	8	0	9	8	6	5	9	5	14	9	0	5
1502	3 Mar 26	11:00:00	1	0	0	0	0	0	0	10	6	0	6	0	6	3	2	6	8	7	10	2	5	0	7	4	6	4	4	8	1	10	6	6	2	10	7	6	9	0	4
1503	3 Mar 26	11:01:00	1	0	0	0	0	0	0	6	5	0	6	0	6	7	4	9	6	9	9	1	0	0	7	0	2	6	7	4	1	4	7	4	0	9	9	1	2	0	4
1504	3 Mar 26	11:02:00	1	0	0	0	0	0	0	7	8	0	6	0	5	7	0	8	6	5	7	3	6	0	6	3	5	3	3	8	3	5	6	2	2	6	8	8	2	0	6
1505	3 Mar 26	11:03:00	1	0	0	0	0	0	0	8	2	0	7	0	8	9	0	5	1	5	6	4	4	0	5	0	8	5	5	10	3	9	7	3	2	12	6	8	2	0	7
1506	3 Mar 26	11:04:00	1	0	0	0	0	0	0	7	9	0	8	0	7	4	0	8	6	6	6	4	2	0	7	3	10	3	5	7	0	2	4	1	0	9	4	3	5	0	4
1507	3 Mar 26	11:05:00	1	0	0	0	0	0	0	8	9	0	7	0	6	8	2	3	9	1	5	0	0	0	5	3	2	1	2	9	3	6	6	5	2	6	7	7	4	0	8
1508	3 Mar 26	11:06:00	1	0	0	0	0	0	0	8	12	0	10	0	7	5	1	8	8	4	9	0	0	0	2	0	7	4	6	7	0	5	6	4	2	11	5	9	5	0	5
1509	3 Mar 26	11:07:00	1	0	0	0	0	0	0	9	7	0	7	0	6	8	3	7	6	2	7	0	4	0	0	4	6	1	8	9	0	7	8	8	0	3	5	2	5	0	4
1510	3 Mar 26	11:08:00	1	0	0	0	0	0	0	7	6	0	9	0	3	8	2	7	5	3	11	0	7	0	5	6	9	3	4	11	4	6	4	4	5	8	5	8	4	0	5
1511	3 Mar 26	11:09:00	1	0	0	0	0	0	0	10	8	0	6	0	5	5	0	6	5	1	5	3	9	0	2	6	7	5	7	4	5	4	5	3	2	4	7	1	5	0	6
1512	3 Mar 26	11:10:00	1	0	0	0	0	0	0	9	8	0	5	0	6	9	0	6	3	0	8	3	3	0	4	4	8	0	3	8	3	5	3	2	0	5	6	0	11	0	7
1513	3 Mar 26	11:11:00	1	0	0	0	0	0	0	7	7	0	6	0	7	4	0	5	0	0	10	5	0	0	5	0	5	6	5	9	2	6	3	5	0	9	12	1	3	0	7
1514	3 Mar 26	11:12:00	1	0	0	0	0	0	0	7	9	0	1	0	5	9	0	7	4	0	9	0	4	0	7	0	6	3	6	7	1	8	3	2	3	3	6	8	2	0	3
1515	3 Mar 26	11:13:00	1	0	0	0	0	0	0	9	7	0	9	0	8	5	0	7	2	0	6	0	1	0	4	4	5	2	2	5	0	7	3	3	7	4	3	6	4	0	5
1516	3 Mar 26	11:14:00	1	0	0	0	0	0	0	7	7	0	8	0	7	10	7	5	0	0	7	3	7	0	4	4	4	3	4	2	0	4	9	4	3	8	6	4	6	0	3
1517	3 Mar 26	11:15:00	1	0	0	0	0	0	0	5	5	0	6	0	6	6	4	6	0	0	15	7	2	0	5	4	5	2	3	3	0	6	5	4	3	9	8	0	9	0	7
1518	3 Mar 26	11:16:00	1	0	0	0	0	0	0	7	5	0	1	0	5	3	1	1	0	0	6	0	3	0	9	4	0	5	2	3	0	0	2	5	2	10	9	0	8	0	8
1519	3 Mar 26	11:17:00	1	0	0	0	0	0	0	7	10	0	10	0	5	3	0	2	1	0	8	0	0	0	3	4	9	6	2	5	0	1	1	0	6	7	6	0	6	0	5
1520	3 Mar 26	11:18:00	1	0	0	0	0	0	0	12	6	0	8	0	6	3	0	7	3	1	3	0	2	0	6	3	5	3	3	7	1	0	4	5	5	7	7	0	3	0	1
1521	3 Mar 26	11:19:00	1	0	0	0	0	0	0	9	7	0	10	0	9	2	0	2	4	0	5	1	5	0	2	2	8	4	3	4	1	0	5	3	4	7	8	0	11	0	2
1522	3 Mar 26	11:20:00	1	0	0	0	0	0	0	8	6	0	3	0	10	1	5	1	5	0	7	4	2	0	7	3	8	5	2	6	0	0	5	10	4	10	5	0	11	0	4
1523	3 Mar 26	11:21:00	1	0	0	0	0	0	0	9	6	0	5	0	4	6	2	1	4	0	8	5	1	0	8	1	7	2	1	7	0	0	4	8	5	7	6	3	12	0	6
1524	3 Mar 26	11:22:00	1	0	0	0	0	0	0	9	7	0	6	0	5	7	0	11	3	0	8	0	1	0	6	5	5	0	4	3	0	0	6	5	5	8	6	0	6	0	5
1525	3 Mar 26	11:23:00	1	0	0	0	0	0	0	10	7	0	3	0	5	7	0	6	4	0	8	0	3	0	7	0	3	6	3	5	0	0	9	2	2	8	7	1	4	0	7
1526	3 Mar 26	11:24:00	1	0	0	0	0	0	0	6	6	0	4	0	6	1	0	12	0	0	7	0	1	0	5	3	0	4	1	1	0	0	4	3	0	13	2	0	10	0	6
1527	3 Mar 26	11:25:00	1	0	0	0	0	0	0	9	8	0	4	0	7	6	0	6	0	0	7	0	0	0	5	7	7	4	2	9	0	0	3	0	0	11	4	0	5	0	4
1528	3 Mar 26	11:26:00	1	0	0	0	0	0	0	9	5	0	4	0	4	1	0	7	0	0	5	0	0	0	7	1	9	5	2	7	0	0	4	1	0	9	7	3	1	0	10
1529	3 Mar 26	11:27:00	1	0	0	0	0	0	0	4	7	0	7	0	6	0	0	7	0	0	5	0	0	0	4	4	1	6	0	9	0	0	5	1	2	9	7	0	6	0	8
1530	3 Mar 26	11:28:00	1	0	0	0	0	0	0	5	3	0	3	0	7	4	0	6	0	0	2	0	2	0	6	0	4	5	4	9	0	0	3	4	4	12	9	0	5	0	4
1531	3 Mar 26	11:29:00	1	0	0	0	0	0	0	9	10	0	7	0	9	0	0	5	1	0	8	0	0	0	7	3	4	3	8	5	0	0	4	4	0	7	11	0	6	0	3
1532	3 Mar 26	11:30:00	1	0	0	0	0	0	0	9	6	0	5	0	6	0	0	7	0	0	2	0	2	0	3	3	4	2	4	4	1	0	3	6	0	4	5	0	4	0	1
1533	3 Mar 26	11:31:00	1	0	0	0	0	0	0	6	9	0	5	0	7	5	0	10	0	0	3	0	1	0	3	6	6	1	5	9	2	0	0	1	3	4	4	0	5	0	1
1534	3 Mar 26	11:32:00	1	0	0	0	0	0	0	6	3	0	6	0	7	9	0	6	0	0	7	0	0	0	5	1	3	0	4	6	0	0	2	1	4	10	3	0	8	0	3
1535	3 Mar 26	11:33:00	1	0	0	0	0	0	0	10	3	0	5	0	4	7	0	8	0	0	8	0	0	0	6	5	6	4	5	8	0	0	1	3	0	5	5	0	2	0	7
1536	3 Mar 26	11:34:00	1	0	0	0	0	0	0	7	6	0	7	0	7	4	0	3	0	0	6	0	2	0	6	0	5	8	2	6	1	0	8	5	3	10	3	0	0	0	4
1537	3 Mar 26	11:35:00	1	0	0	0	0	0	0	4	8	0	8	0	9	3	3	5	1	0	6	0	2	0	9	7	6	2	5	9	0	0	3	5	5	9	5	0	5	0	3
1538	3 Mar 26	11:36:00	1	0	0	0	0	0	0	9	4	0	4	0	5	7	2	5	0	0	8	0	0	0	8	4	5	1	6	9	1	0	3	10	0	8	6	0	2	0	7
1539	3 Mar 26	11:37:00	1	0	0	0	0	0	0	10	4	0	5	0	7	0	4	3	0	0	11	0	0	0	1	5	2	5	8	6	0	0	3	2	3	3	3	0	6	0	7
1540	3 Mar 26	11:38:00	1	0	0	0	0	0	0	9	6	0	4	0	5	0	0	6	0	0	9	0	0	0	2	2	2	4	4	7	0	0	4	6	0	9	2	0	6	0	9
1541	3 Mar 26	11:39:00	1	0	0	0	0	0	0	8	6	0	4	0	11	0	0	6	0	0	11	0	0	0	5	4	8	6	4	5	0	0	6	4	2	5	2	0	5	0	2
1542	3 Mar 26	11:40:00	1	0	0	0	0	0	0	8	4	0	6	0	5	4	0	7	0	0	6	0	0	0	5	0	1	3	2	7	0	0	4	3	4	5	7	0	4	0	3
1543	3 Mar 26	11:41:00	1	0	0	0	0	0	0	7	6	0	2	0	5	1	0	2	0	0	9	0	0	0	4	0	0	3	3	1	0	0	4	6	0	7	8	0	2	0	1
1544	3 Mar 26	11:42:00	1	0	0	0	0	0	0	4	7	1	3	0	4	0	0	0	0	0	8	0	0	0	3	0	4	1	6	6	0	0	3	4	0	8	7	0	2	0	2
1545	3 Mar 26	11:43:00	1	0	0	0	0	0	0	10	5	4	6	0	4	0	0	0	3	0	5	0	0	0	6	2	3	7	0	7	0	0	6	4	4	5	7	0	1	0	0
1546	3 Mar 26	11:44:00	1	0	0	0	0	0	0	7	5	0	7	0	0	0	0	0	7	0	3	0	0	0	6	3	4	2	3	9	0	0	2	2	0	3	8	0	0	0	2
1547	3 Mar 26	11:45:00	1	0	0	0	0	0	0	5	7	6	6	0	6	3	0	2	0	0	6	0	0	0	3	2	4	0	0	7	0	0	2	5	3	1	8	0	3	0	5
1548	3 Mar 26	11:46:00	1	0	0	0	0	0	0	4	5	0	6	0	5	4	0	7	1	0	1	0	0	0	7	7	6	5	2	8	0	0	3	2	0	2	6	0	3	0	8
1549	3 Mar 26	11:47:00	1	0	0	0	0	0	0	0	6	0	4	0	9	4	0	10	3	0	4	0	0	0	5	0	6	4	7	5	0	0	1	4	6	8	2	0	2	0	7
1550	3 Mar 26	11:48:00	1	0	0	0	0	0	0	0	4	0	4	0	10	3	0	9	0	0	8	0	0	0	3	2	0	3	3	7	0	0	3	3	2	9	6	0	4	0	4
1551	3 Mar 26	11:49:00	1	0	0	0	0	0	0	0	5	0	3	0	5	5	0	8	2	0	10	0	0	0	13	3	2	0	3	6	0	0	3	3	2	10	6	0	6	0	6
1552	3 Mar 26	11:50:00	1	0	0	0	0	0	0	0	8	0	0	0	5	18	0	5	0	0	11	0	0	0	4	1	5	4	4	8	0	0	4	1	0	4	5	0	6	0	8
1553	3 Mar 26	11:51:00	1	0	0	0	0	0	0	0	6	0	3	0	8	13	0	3	1	0	12	0	0	0	3	0	2	3	2	8	0	0	4	0	0	6	7	0	4	0	8
1554	3 Mar 26	11:52:00	1	0	0	0	0	0	0	0	10	0	6	0	8	1	0	4	1	0	10	0	0	0	7	3	2	3	4	6	0	0	3	3	0	3	4	0	1	0	5
1555	3 Mar 26	11:53:00	1	0	0	0	0	0	0	0	6	0	5	0	6	0	0	4	0	0	10	0	0	0	6	1	0	0	3	5	0	0	3	2	4	1	8	0	10	0	6
1556	3 Mar 26	11:54:00	1	0	0	0	0	0	0	0	6	0	4	0	7	0	0	2	1	0	8	0	0	0	5	1	5	2	5	5	2	0	6	6	0	8	6	0	8	0	1
1557	3 Mar 26	11:55:00	1	0	0	0	0	0	0	0	3	0	0	0	3	0	0	6	2	0	10	0	0	0	7	8	3	3	7	6	0	0	2	2	4	4	8	0	7	0	3
1558	3 Mar 26	11:56:00	1	0	0	0	0	0	0	1	6	0	0	0	3	0	0	4	1	0	7	0	0	0	7	2	2	1	3	6	0	0	2	2	0	0	7	0	3	0	0
1559	3 Mar 26	11:57:00	1	0	0	0	0	0	0	0	7	0	0	0	6	0	0	5	1	0	4	0	0	0	7	6	2	4	3	7	0	0	5	0	0	5	9	0	6	0	5
1560	3 Mar 26	11:58:00	1	0	0	0	0	0	0	0	5	0	0	0	9	0	0	3	0	0	10	0	0	0	3	0	4	3	0	10	0	0	3	6	4	3	4	4	9	0	2
1561	3 Mar 26	11:59:00	1	0	0	0	0	0	0	0	4	0	0	0	5	0	0	4	5	0	6	0	0	0	5	0	3	2	5	6	0	0	1	0	2	4	0	1	4	0	5
1562	3 Mar 26	12:00:00	1	0	0	0	0	0	0	0	7	0	0	0	5	7	0	2	1	0	9	0	0	0	7	0	4	0	1	3	0	2	2	1	3	9	4	0	2	0	5
1563	3 Mar 26	12:01:00	1	0	0	0	0	0	0	0	5	0	0	0	0	3	0	4	1	0	10	0	0	0	6	0	2	3	5	9	0	4	9	0	3	9	5	0	6	0	1
1564	3 Mar 26	12:02:00	1	0	0	0	0	0	0	0	5	0	0	0	2	0	0	4	1	0	4	0	0	0	6	0	4	5	1	4	0	0	2	0	5	7	3	0	7	0	3
1565	3 Mar 26	12:03:00	1	0	0	0	0	0	0	0	8	0	0	0	6	2	0	2	4	0	4	0	0	0	5	0	4	2	4	7	0	2	6	0	1	5	4	0	6	0	8
1566	3 Mar 26	12:04:00	1	0	0	0	0	0	0	0	6	0	0	0	6	2	0	1	3	0	8	0	0	0	5	0	7	0	1	10	0	0	2	0	8	8	3	0	4	0	4
1567	3 Mar 26	12:05:00	1	0	0	0	0	0	0	0	6	0	0	0	5	0	0	4	1	0	6	0	0	0	5	0	5	8	3	6	0	0	4	0	5	7	5	0	5	0	0
1568	3 Mar 26	12:06:00	1	0	0	0	0	0	0	0	5	0	0	0	7	0	0	2	5	0	5	0	0	0	2	0	2	2	5	7	3	0	5	0	1	9	5	0	2	0	2
1569	3 Mar 26	12:07:00	1	0	0	0	0	0	0	0	7	0	1	0	6	0	0	3	0	0	4	0	0	0	6	1	3	4	4	6	4	0	5	0	3	7	1	0	0	0	5
1570	3 Mar 26	12:08:00	1	0	0	0	0	0	0	0	1	0	0	0	5	0	0	2	0	0	8	0	0	0	6	2	2	2	5	10	5	0	1	1	0	2	4	0	3	0	7
1571	3 Mar 26	12:09:00	1	0	0	0	0	0	0	0	7	0	1	0	9	0	0	1	0	0	4	0	0	0	2	2	1	4	5	9	4	0	1	0	3	7	7	0	6	0	5
1572	3 Mar 26	12:10:00	1	0	0	0	0	0	0	0	3	0	0	0	2	0	0	0	0	0	6	0	0	0	4	3	6	4	4	7	3	0	0	0	1	7	4	0	7	0	3
1573	3 Mar 26	12:11:00	1	0	0	0	0	0	0	0	7	0	0	0	6	0	0	0	0	0	7	0	0	0	3	3	0	0	3	6	4	0	0	8	0	8	4	0	7	0	7
1574	3 Mar 26	12:12:00	1	0	0	0	0	0	0	0	5	0	0	0	6	0	0	0	0	0	6	0	0	0	2	0	0	1	0	7	6	0	0	5	0	2	4	0	4	0	1
1575	3 Mar 26	12:13:00	1	0	0	0	0	0	0	0	7	0	0	0	4	0	0	0	0	0	4	0	0	0	3	2	2	4	3	3	0	0	0	2	0	0	5	0	0	0	3
1576	3 Mar 26	12:14:00	1	0	0	0	0	0	0	0	5	0	0	0	0	0	0	0	0	0	13	0	0	0	1	3	2	1	3	7	3	0	0	1	0	2	6	0	0	0	1
1577	3 Mar 26	12:15:00	1	0	0	0	0	0	0	0	9	0	1	0	0	0	0	0	0	0	6	0	0	0	4	0	4	5	3	5	2	0	0	3	0	7	1	0	2	0	0
1578	3 Mar 26	12:16:00	1	0	0	0	0	0	0	0	3	0	0	0	0	0	0	0	0	0	9	0	0	0	5	0	0	2	2	7	0	0	0	4	0	7	5	0	5	0	1
1579	3 Mar 26	12:17:00	1	0	0	0	0	0	0	0	6	0	0	0	2	0	0	0	0	0	7	0	0	0	6	0	0	5	5	6	3	2	0	3	0	5	8	0	2	0	0
1580	3 Mar 26	12:18:00	1	0	0	0	0	0	0	0	6	1	0	0	2	0	0	0	0	0	9	0	0	0	1	0	0	2	1	4	1	1	0	3	0	2	6	0	0	0	0
1581	3 Mar 26	12:19:00	1	0	0	0	0	0	0	0	4	0	0	0	0	0	0	0	0	0	1	0	0	0	4	0	3	4	4	5	4	0	0	0	0	0	4	0	1	0	2
1582	3 Mar 26	12:20:00	1	0	0	0	0	0	0	0	5	0	0	0	0	0	0	0	0	0	4	0	0	0	3	0	3	2	0	6	5	0	0	0	0	0	3	0	1	0	7
1583	3 Mar 26	12:21:00	1	0	0	0	0	0	0	0	4	0	0	0	3	0	0	0	0	0	4	0	0	0	4	0	3	4	0	6	4	0	0	2	0	4	5	0	4	1	4
1584	3 Mar 26	12:22:00	1	0	0	0	0	0	0	0	7	0	1	0	0	0	0	0	0	0	6	0	0	0	3	0	6	6	0	9	1	0	0	0	0	1	7	0	7	0	2
1585	3 Mar 26	12:23:00	1	0	0	0	0	0	0	0	5	0	0	0	0	1	0	0	0	0	4	0	0	0	3	0	3	5	1	7	4	0	0	0	0	2	3	0	3	0	3
1586	3 Mar 26	12:24:00	1	0	0	0	0	0	0	0	4	0	0	0	0	0	0	0	0	0	0	0	0	0	3	0	1	5	2	5	4	0	0	0	0	7	2	0	4	0	1
1587	3 Mar 26	12:25:00	1	0	0	0	0	0	0	0	8	0	1	0	0	0	0	0	0	0	8	0	3	0	0	0	1	6	4	5	0	0	0	0	1	10	4	0	3	0	0
1588	3 Mar 26	12:26:00	1	0	0	0	0	0	0	0	9	0	0	0	1	0	0	0	0	0	11	0	0	0	2	0	0	4	5	6	0	0	0	0	0	3	4	0	6	0	0
1589	3 Mar 26	12:27:00	1	0	0	0	0	0	0	0	6	0	0	0	1	0	7	0	0	0	10	0	2	0	2	0	0	2	5	8	0	0	0	4	0	0	9	0	6	0	1
1590	3 Mar 26	12:28:00	1	0	0	0	0	0	0	0	3	0	0	0	2	0	1	0	0	0	1	0	2	0	0	0	1	2	5	14	0	0	0	2	0	5	5	0	4	0	1
1591	3 Mar 26	12:29:00	1	0	0	0	0	0	0	0	4	0	0	0	0	2	0	0	3	0	8	0	0	0	0	0	1	5	2	8	0	0	0	3	0	7	8	0	3	0	1
1592	3 Mar 26	12:30:00	1	0	0	0	0	0	0	1	7	0	1	0	0	0	0	0	0	0	10	0	0	0	0	0	5	4	2	5	0	0	0	4	0	5	8	0	3	0	2
1593	3 Mar 26	12:31:00	1	0	0	0	0	0	0	3	7	0	0	0	0	0	0	0	1	0	9	0	0	0	0	0	3	2	1	7	0	0	0	1	0	7	2	0	4	0	2
1594	3 Mar 26	12:32:00	1	0	0	0	0	0	0	3	6	0	0	0	0	0	0	0	5	0	5	0	0	0	0	0	3	2	1	2	0	0	0	1	0	6	8	0	5	0	4
1595	3 Mar 26	12:33:00	1	0	0	0	0	0	0	8	6	0	0	0	0	0	0	0	3	0	5	0	0	0	0	0	0	1	2	4	0	0	4	0	0	9	5	0	5	0	2
1596	3 Mar 26	12:34:00	1	0	0	0	0	0	0	5	4	0	0	0	0	0	0	0	2	0	1	0	0	0	0	0	1	0	6	2	0	0	2	0	0	2	5	0	3	0	2
1597	3 Mar 26	12:35:00	1	0	0	0	0	0	0	3	5	0	0	0	0	0	0	0	0	0	0	0	0	0	0	0	5	1	3	5	0	0	2	0	0	0	8	0	0	0	3
1598	3 Mar 26	12:36:00	1	0	0	0	0	0	0	0	6	0	0	0	0	0	0	0	0	0	0	0	0	0	0	0	0	3	3	9	0	0	0	0	0	0	6	0	1	0	1
1599	3 Mar 26	12:37:00	1	0	0	0	0	0	0	0	4	0	0	0	0	3	0	0	0	0	0	0	0	0	0	0	0	7	2	6	0	0	0	1	0	12	3	0	7	0	3
1600	3 Mar 26	12:38:00	1	0	0	0	0	0	0	1	5	0	2	0	0	2	0	0	1	0	0	0	0	0	0	0	2	2	1	6	1	0	0	2	0	1	9	0	4	0	5
1601	3 Mar 26	12:39:00	1	0	0	0	0	0	0	0	6	0	0	0	0	2	0	0	1	0	0	0	0	0	0	0	3	6	1	5	0	0	0	4	0	5	3	0	7	0	2
1602	3 Mar 26	12:40:00	1	0	0	0	0	0	0	0	4	0	0	0	0	1	0	0	2	0	0	0	0	0	0	0	5	3	4	9	0	0	0	2	0	2	4	0	5	0	6
1603	3 Mar 26	12:41:00	1	0	0	0	0	0	0	0	2	0	0	0	0	2	0	2	3	0	0	0	0	0	0	0	7	4	2	4	0	0	0	3	0	1	5	0	4	0	6
1604	3 Mar 26	12:42:00	1	0	0	0	0	0	0	2	5	0	0	0	0	3	0	0	0	0	0	0	0	0	0	0	0	4	0	5	0	0	0	2	13	6	0	0	5	0	3
1605	3 Mar 26	12:43:00	1	0	0	0	0	0	0	1	5	0	0	0	0	0	0	0	4	0	0	0	0	0	0	0	1	2	0	4	0	0	0	4	0	4	10	0	4	0	12
1606	3 Mar 26	12:44:00	1	0	0	0	0	0	0	0	5	0	0	0	0	0	0	0	6	0	0	0	0	0	0	0	0	1	0	3	0	0	0	0	0	4	3	0	8	0	6
1607	3 Mar 26	12:45:00	1	0	0	0	0	0	0	0	7	0	0	0	0	0	0	0	1	0	0	0	0	0	0	0	4	1	0	5	0	0	0	0	0	5	5	0	3	0	3
1608	3 Mar 26	12:46:00	1	0	0	0	0	0	0	0	3	0	0	0	0	0	0	0	4	0	0	0	4	0	0	0	2	2	0	6	0	0	0	0	0	5	1	0	3	0	1
1609	3 Mar 26	12:47:00	1	0	0	0	0	0	0	1	5	0	1	0	0	0	0	0	6	0	2	0	0	0	0	0	6	1	4	2	0	0	0	0	0	5	5	0	3	0	2
1610	3 Mar 26	12:48:00	1	0	0	0	0	0	0	5	6	0	0	0	0	4	0	0	1	0	0	0	0	0	0	0	7	0	0	0	0	0	0	0	0	10	5	0	2	0	1
1611	3 Mar 26	12:49:00	1	0	0	0	0	0	0	0	4	0	0	0	0	1	0	0	0	0	6	0	0	0	0	0	4	2	6	0	0	0	0	0	0	10	4	0	6	0	0
1612	3 Mar 26	12:50:00	1	0	0	0	0	0	0	0	4	0	0	0	0	0	0	0	0	0	4	0	0	0	0	0	4	2	2	0	0	0	0	0	0	6	7	0	3	0	0
1613	3 Mar 26	12:51:00	1	0	0	0	0	0	0	0	5	0	0	0	0	1	0	0	2	0	5	0	0	0	0	0	2	2	3	0	0	0	0	0	0	0	6	0	5	0	0
1614	3 Mar 26	12:52:00	1	0	0	0	0	0	0	0	2	0	0	0	0	2	0	0	1	0	6	0	0	0	0	0	1	4	0	1	0	0	0	0	0	0	1	0	2	0	0
1615	3 Mar 26	12:53:00	1	0	0	0	0	0	0	0	5	0	0	0	0	4	0	0	2	0	2	0	0	0	0	0	3	5	2	2	0	0	0	0	0	4	4	0	4	0	0
1616	3 Mar 26	12:54:00	1	0	0	0	0	0	0	4	3	0	0	0	0	0	0	0	3	0	2	0	0	0	0	0	0	2	6	8	0	0	0	0	0	0	2	0	5	0	2
1617	3 Mar 26	12:55:00	1	0	0	0	0	0	0	1	3	0	0	0	0	2	0	3	0	0	0	0	0	0	0	0	6	6	2	9	0	0	0	0	0	1	7	0	7	0	2
1618	3 Mar 26	12:56:00	1	0	0	0	0	0	0	0	6	0	0	0	0	2	0	0	0	0	2	0	0	0	0	0	1	1	3	5	0	0	0	0	0	6	3	0	2	0	1
1619	3 Mar 26	12:57:00	1	0	0	0	0	0	0	0	6	0	0	0	0	0	0	0	0	0	5	0	0	0	0	0	1	5	2	5	0	0	0	0	0	4	3	0	3	0	6
1620	3 Mar 26	12:58:00	1	0	0	0	0	0	0	0	7	0	0	0	0	0	0	0	0	0	0	0	0	0	0	0	1	1	3	6	0	0	0	0	0	0	3	0	3	0	7
1621	3 Mar 26	12:59:00	1	0	0	0	0	0	0	0	5	0	0	0	0	0	0	0	4	0	0	0	0	0	0	0	0	3	1	4	0	0	0	0	0	0	2	0	7	0	1
1622	3 Mar 26	13:00:00	1	0	0	0	0	0	0	1	6	0	0	0	0	0	0	4	1	0	0	0	0	0	0	0	2	2	2	5	0	0	0	0	0	4	1	0	8	0	7
1623	3 Mar 26	13:01:00	1	0	0	0	0	0	0	12	5	0	0	0	0	0	0	4	0	0	0	0	0	0	0	0	7	3	0	6	0	0	0	0	0	4	1	0	7	0	6
1624	3 Mar 26	13:02:00	1	0	0	0	0	0	0	0	6	0	0	0	0	0	0	0	0	0	0	0	0	0	0	0	4	0	0	8	0	0	0	0	0	2	4	0	6	0	8
1625	3 Mar 26	13:03:00	1	0	0	0	0	0	0	0	7	0	0	0	0	2	0	1	1	0	0	0	0	0	0	0	4	0	5	6	0	0	0	0	0	4	4	0	2	0	5
1626	3 Mar 26	13:04:00	1	0	0	0	0	0	0	0	8	0	0	0	0	0	0	1	0	0	1	0	0	0	0	0	3	0	3	8	0	0	0	0	0	7	1	0	7	0	5
1627	3 Mar 26	13:05:00	1	0	0	0	0	0	0	0	5	0	1	0	0	0	0	2	0	0	0	0	0	0	0	0	3	0	1	2	0	0	0	0	0	5	7	0	9	0	5
1628	3 Mar 26	13:06:00	1	0	0	0	0	0	0	0	3	0	0	0	0	1	0	0	2	0	1	0	0	0	0	0	2	0	0	5	0	0	0	0	0	3	7	0	2	0	4
1629	3 Mar 26	13:07:00	1	0	0	0	0	0	0	0	4	0	0	0	0	0	0	0	5	0	0	0	0	0	0	0	1	0	7	4	0	0	0	0	0	3	4	0	1	0	1
1630	3 Mar 26	13:08:00	1	0	0	0	0	0	0	0	7	0	0	0	0	0	0	0	6	0	0	0	0	0	0	0	3	0	2	6	0	0	1	0	0	0	7	0	4	0	0
1631	3 Mar 26	13:09:00	1	0	0	0	0	0	0	0	7	0	0	0	0	0	0	2	2	0	0	0	0	0	0	0	4	3	4	5	0	0	2	0	0	6	5	0	8	0	2
1632	3 Mar 26	13:10:00	1	0	0	0	0	0	0	0	4	0	0	0	0	0	0	0	4	0	0	0	0	0	0	0	3	0	3	5	0	0	0	0	0	0	6	0	4	0	0
1633	3 Mar 26	13:11:00	1	0	0	0	0	0	0	0	9	0	0	0	0	0	0	0	3	0	0	0	0	0	0	0	2	5	3	7	0	0	0	0	0	0	6	0	7	0	1
1634	3 Mar 26	13:12:00	1	0	0	0	0	0	0	0	4	0	1	0	0	0	0	0	6	0	0	0	0	0	0	0	6	6	0	7	0	0	0	0	0	0	3	0	6	0	2
1635	3 Mar 26	13:13:00	1	0	0	0	0	0	0	4	14	0	0	0	0	0	0	0	6	0	0	0	0	0	0	0	1	6	0	4	0	0	0	0	0	0	4	0	6	0	0
1636	3 Mar 26	13:14:00	1	0	0	0	0	0	0	6	8	0	0	0	0	0	0	0	2	0	0	0	0	0	0	1	3	2	3	6	0	0	4	4	0	0	3	0	10	0	0
1637	3 Mar 26	13:15:00	1	0	0	0	0	0	0	0	8	0	0	0	0	0	0	0	6	0	3	0	0	0	0	0	0	1	4	8	0	0	0	2	0	0	7	0	7	0	0
1638	3 Mar 26	13:16:00	1	0	0	0	0	0	0	0	0	0	0	0	0	0	0	0	4	0	0	0	0	0	0	0	0	2	0	3	0	0	2	5	0	0	2	0	3	0	1
1639	3 Mar 26	13:17:00	1	0	0	0	0	0	0	0	7	0	0	0	0	0	0	0	5	0	0	0	0	0	0	3	0	3	3	5	0	0	4	3	0	0	4	0	8	0	0
1640	3 Mar 26	13:18:00	1	0	0	0	0	0	0	3	2	0	0	0	0	0	0	0	0	0	0	0	0	0	0	0	0	0	3	4	0	0	2	1	0	0	4	0	3	0	0
1641	3 Mar 26	13:19:00	1	0	0	0	0	0	0	8	3	0	0	0	0	0	0	0	1	0	0	0	0	0	0	0	3	2	3	4	0	0	3	2	0	0	4	0	3	0	0
1642	3 Mar 26	13:20:00	1	0	0	0	0	0	0	2	4	2	0	0	0	0	0	0	1	0	0	0	0	0	0	0	5	0	2	3	0	0	2	4	4	0	6	0	8	0	0
1643	3 Mar 26	13:21:00	1	0	0	0	0	0	0	3	9	0	0	0	0	0	0	0	0	0	0	0	0	0	0	0	6	4	5	2	0	0	2	3	2	0	5	0	1	0	0
1644	3 Mar 26	13:22:00	1	0	0	0	0	0	0	0	8	0	0	0	0	0	0	0	3	0	0	0	0	0	0	0	3	3	0	0	0	0	8	1	0	3	7	0	5	0	0
1645	3 Mar 26	13:23:00	1	0	0	0	0	0	0	0	5	6	0	0	0	0	0	0	1	0	0	0	0	0	0	3	6	0	0	0	0	0	4	4	0	0	7	0	4	0	0
1646	3 Mar 26	13:24:00	1	0	0	0	0	0	0	8	6	2	0	0	0	0	0	0	0	0	0	0	0	0	0	1	3	0	0	1	0	0	6	3	1	0	5	0	8	0	0
1647	3 Mar 26	13:25:00	1	0	0	0	0	0	0	0	5	0	0	0	0	0	0	0	4	0	0	0	0	0	0	3	1	7	1	5	0	0	3	2	10	1	0	0	4	0	0
1648	3 Mar 26	13:26:00	1	0	0	0	0	0	0	0	6	6	1	0	0	0	0	0	3	0	0	0	0	0	0	0	1	2	2	4	0	0	6	6	6	0	1	0	3	0	1
1649	3 Mar 26	13:27:00	1	0	0	0	0	0	0	0	5	0	0	0	0	0	0	0	6	0	0	0	0	0	0	0	3	3	3	12	0	0	3	1	1	0	0	0	5	0	7
1650	3 Mar 26	13:28:00	1	0	0	0	0	0	0	0	7	0	0	0	0	0	0	0	1	0	0	0	0	0	0	0	3	0	6	5	0	0	2	1	0	0	2	0	8	0	8
1651	3 Mar 26	13:29:00	1	0	0	0	0	0	0	0	3	0	0	0	0	0	0	0	0	0	0	0	0	0	0	0	2	3	4	6	0	0	0	1	0	2	2	0	2	0	6
1652	3 Mar 26	13:30:00	1	0	0	0	0	0	0	3	6	0	0	0	0	0	0	0	0	0	0	0	0	0	0	0	9	0	3	3	0	0	0	0	0	2	0	0	8	0	2
1653	3 Mar 26	13:31:00	1	0	0	0	0	0	0	0	6	2	0	0	0	0	0	0	0	0	0	0	0	0	0	0	3	0	0	7	0	0	0	0	0	8	2	1	3	0	2
1654	3 Mar 26	13:32:00	1	0	0	0	0	0	0	0	7	4	0	0	0	0	0	0	1	0	0	0	1	0	0	0	4	1	0	10	0	0	0	0	0	8	8	0	11	0	0
1655	3 Mar 26	13:33:00	1	0	0	0	0	0	0	0	3	7	0	0	0	0	0	0	0	0	0	0	3	0	0	0	9	2	4	5	0	0	0	0	0	8	6	0	3	0	0
1656	3 Mar 26	13:34:00	1	0	0	0	0	0	0	12	1	0	0	0	14	0	0	1	0	0	0	0	0	0	0	0	2	1	8	7	0	0	0	0	0	8	6	0	6	0	0
1657	3 Mar 26	13:35:00	1	0	0	0	0	0	0	4	5	0	0	0	1	0	0	4	0	0	0	0	0	0	0	0	5	2	4	1	0	0	0	0	0	4	2	0	2	0	2
1658	3 Mar 26	13:36:00	1	0	0	0	0	0	0	7	2	0	0	0	4	0	0	0	0	0	0	0	1	0	0	0	2	2	3	4	0	0	0	0	0	8	7	0	0	0	0
1659	3 Mar 26	13:37:00	1	0	0	0	0	0	0	1	7	0	0	0	6	0	0	0	0	0	0	0	4	0	0	0	2	1	0	6	0	0	0	0	0	7	4	0	0	0	1
1660	3 Mar 26	13:38:00	1	0	0	0	0	0	0	0	6	0	0	0	6	0	0	0	0	0	0	0	0	0	0	0	0	2	3	0	0	0	0	0	0	7	3	0	3	0	5
1661	3 Mar 26	13:39:00	1	0	0	0	0	0	0	7	6	0	0	0	0	0	0	0	0	0	0	0	0	0	0	0	0	4	2	0	0	0	0	0	0	7	0	0	6	0	7
1662	3 Mar 26	13:40:00	1	0	0	0	0	0	0	4	2	0	0	0	4	2	0	0	0	0	0	0	0	0	0	0	4	4	0	0	0	0	0	0	0	7	1	0	3	0	3
1663	3 Mar 26	13:41:00	1	0	0	0	0	0	0	1	5	0	0	0	3	1	0	0	0	1	0	0	0	0	0	0	3	4	4	0	0	0	0	0	0	3	1	0	4	0	2
1664	3 Mar 26	13:42:00	1	0	0	0	0	0	0	0	6	0	0	0	3	0	0	0	0	1	3	0	0	0	0	0	2	1	3	0	0	0	0	0	0	6	5	0	5	0	4
1665	3 Mar 26	13:43:00	1	0	0	0	0	0	0	4	5	0	0	0	10	0	0	0	0	0	0	0	0	0	0	0	1	2	3	0	0	0	0	0	0	6	0	0	0	0	1
1666	3 Mar 26	13:44:00	1	0	0	0	0	0	0	2	6	0	0	0	0	0	0	0	0	0	0	0	0	0	0	2	2	0	4	0	0	0	0	0	0	2	0	0	0	0	0
1667	3 Mar 26	13:45:00	1	0	0	0	0	0	0	0	5	0	0	0	2	0	0	0	0	0	0	0	0	0	0	0	0	1	2	0	0	0	0	0	0	4	1	0	2	0	3
1668	3 Mar 26	13:46:00	1	0	0	0	0	0	0	1	6	0	0	0	2	0	0	0	0	0	0	0	0	0	0	0	0	4	4	3	0	0	0	0	0	5	3	0	0	0	1
1669	3 Mar 26	13:47:00	1	0	0	0	0	0	0	0	6	0	0	0	4	0	0	0	0	0	0	0	1	0	0	0	5	4	3	4	0	0	0	5	0	6	4	0	1	0	6
1670	3 Mar 26	13:48:00	1	0	0	0	0	0	0	5	8	0	0	0	7	0	0	2	0	0	0	0	0	0	0	0	3	3	3	5	0	0	0	1	0	8	3	0	4	0	0
1671	3 Mar 26	13:49:00	1	0	0	0	0	0	0	0	6	0	0	0	2	0	0	2	0	0	0	0	0	0	0	0	5	2	0	4	0	0	0	10	0	11	3	0	1	0	2
1672	3 Mar 26	13:50:00	1	0	0	0	0	0	0	2	4	0	0	0	0	0	0	1	2	0	0	0	2	0	0	2	5	3	1	3	0	0	0	4	0	4	4	0	3	0	1
1673	3 Mar 26	13:51:00	1	0	0	0	0	0	0	0	5	0	0	0	3	0	0	5	4	0	0	0	0	0	0	0	6	3	3	3	0	0	0	0	0	7	1	0	6	0	0
1674	3 Mar 26	13:52:00	1	0	0	0	0	0	0	5	7	0	0	0	3	0	0	0	3	0	0	0	1	0	0	0	5	4	1	1	0	0	0	6	0	8	6	0	6	0	0
1675	3 Mar 26	13:53:00	1	0	0	0	0	0	0	5	7	0	0	0	0	0	0	0	0	0	0	0	0	0	0	0	5	1	2	5	0	0	0	0	0	6	2	0	6	0	1
1676	3 Mar 26	13:54:00	1	0	0	0	0	0	0	5	4	0	0	0	2	0	0	0	1	0	0	0	0	0	0	0	3	1	2	6	0	0	0	0	0	3	3	0	5	0	0
1677	3 Mar 26	13:55:00	1	0	0	0	0	0	0	1	3	0	0	0	3	0	0	0	8	0	0	0	0	0	0	0	5	3	3	6	0	0	0	1	0	0	4	0	9	0	2
1678	3 Mar 26	13:56:00	1	0	0	0	0	0	0	0	11	0	0	0	2	0	0	0	7	1	0	0	0	0	0	0	1	3	3	2	0	0	0	1	0	0	10	0	6	0	2
1679	3 Mar 26	13:57:00	1	0	0	0	0	0	0	1	3	0	0	0	1	0	0	0	2	0	0	0	0	0	0	2	1	3	2	6	0	0	0	0	0	0	2	0	2	0	3
1680	3 Mar 26	13:58:00	1	0	0	0	0	0	0	2	4	0	0	0	0	0	0	0	5	0	0	0	1	0	0	2	0	1	1	10	0	0	0	0	0	0	1	0	3	0	4
1681	3 Mar 26	13:59:00	1	0	0	0	0	0	0	0	2	0	0	0	0	0	6	0	1	1	0	0	0	0	0	4	0	0	4	6	0	0	0	0	0	0	5	0	3	0	2
1682	3 Mar 26	14:00:00	1	0	0	0	0	0	0	5	5	0	0	0	0	0	2	0	6	0	0	0	0	0	0	0	0	2	2	5	0	0	0	0	0	2	2	0	1	0	1
1683	3 Mar 26	14:01:00	1	0	0	0	0	0	0	4	4	0	0	0	2	0	2	0	4	0	0	0	0	0	0	0	2	2	1	6	0	0	0	0	0	8	2	0	4	0	4
1684	3 Mar 26	14:02:00	1	0	0	0	0	0	0	6	6	0	0	0	0	0	3	0	5	0	0	0	0	0	0	3	3	0	0	5	0	0	0	0	0	7	0	0	2	0	3
1685	3 Mar 26	14:03:00	1	0	0	0	0	0	0	0	6	0	0	0	0	0	1	0	2	0	0	0	0	0	0	0	2	0	0	7	0	0	0	0	0	1	0	0	1	0	0
1686	3 Mar 26	14:04:00	1	0	0	0	0	0	0	0	5	0	0	0	0	0	2	0	7	19	0	0	0	0	0	1	3	0	2	7	0	0	0	0	0	6	0	0	3	0	0
1687	3 Mar 26	14:05:00	1	0	0	0	0	0	0	2	3	0	0	0	0	0	0	0	6	1	0	0	0	0	0	4	1	1	0	8	0	0	0	0	0	6	0	0	0	0	4
1688	3 Mar 26	14:06:00	1	0	0	0	0	0	0	1	4	0	0	0	0	0	0	0	7	1	0	0	0	0	0	3	8	0	3	4	0	0	0	0	0	3	3	0	0	0	1
1689	3 Mar 26	14:07:00	1	0	0	0	0	0	0	3	5	0	0	0	0	0	0	0	7	2	0	0	0	0	0	1	3	0	2	6	0	0	0	0	0	2	2	0	1	0	3
1690	3 Mar 26	14:08:00	1	0	0	0	0	0	0	4	4	0	0	0	7	0	0	0	4	0	0	0	0	0	0	0	3	0	3	6	0	0	0	0	0	0	3	0	1	0	0
1691	3 Mar 26	14:09:00	1	0	0	0	0	0	0	1	7	0	0	0	3	0	0	0	4	0	0	0	0	0	0	0	7	0	5	9	0	0	0	0	0	0	4	0	0	0	0
1692	3 Mar 26	14:10:00	1	0	0	0	0	0	0	0	7	0	0	0	4	0	0	0	3	0	0	0	0	0	0	2	0	0	2	5	0	0	0	0	0	0	5	0	0	0	0
1693	3 Mar 26	14:11:00	1	0	0	0	0	0	0	0	4	0	0	0	0	0	0	0	4	9	0	0	0	0	0	0	2	0	0	5	0	0	0	0	0	0	1	0	0	0	0
1694	3 Mar 26	14:12:00	1	0	0	0	0	0	0	0	6	0	0	0	0	0	0	0	8	0	0	0	0	0	0	3	0	0	0	2	0	0	0	0	0	0	3	0	4	0	0
1695	3 Mar 26	14:13:00	1	0	0	0	0	0	0	0	7	0	0	0	0	0	4	0	6	8	0	0	0	0	0	8	1	0	0	9	0	0	0	0	1	4	1	0	4	0	0
1696	3 Mar 26	14:14:00	1	0	0	0	0	0	0	1	6	0	0	0	0	0	7	0	6	18	0	0	0	0	0	7	1	0	3	6	0	0	0	0	0	4	1	0	1	0	1
1697	3 Mar 26	14:15:00	1	0	0	0	0	0	0	6	9	0	0	0	0	0	2	0	10	23	0	0	0	0	0	5	3	0	5	4	0	0	0	0	0	0	2	0	6	0	0
1698	3 Mar 26	14:16:00	1	0	0	0	0	0	0	0	3	0	0	0	6	0	5	0	8	8	0	0	0	0	0	4	2	0	4	1	0	0	0	0	0	6	1	0	0	0	0
1699	3 Mar 26	14:17:00	1	0	0	0	0	0	0	0	0	0	0	0	6	0	0	0	7	16	0	0	0	0	0	3	2	0	3	6	0	0	0	0	0	6	5	0	0	0	1
1700	3 Mar 26	14:18:00	1	0	0	0	0	0	0	3	0	0	0	0	4	0	1	0	7	11	0	0	0	0	0	3	6	0	0	6	0	0	0	0	0	7	2	0	2	0	6
1701	3 Mar 26	14:19:00	1	0	0	0	0	0	0	0	1	0	0	0	0	0	0	0	5	15	0	0	0	0	0	2	5	0	0	6	0	0	0	0	0	6	2	0	9	0	2
1702	3 Mar 26	14:20:00	1	0	0	0	0	0	0	3	0	0	0	0	2	0	0	0	7	13	0	0	0	0	0	2	1	0	5	7	0	0	0	0	0	4	1	0	0	0	6
1703	3 Mar 26	14:21:00	1	0	0	0	0	0	0	4	0	0	0	0	2	3	2	0	4	11	0	0	0	0	0	2	2	0	4	7	0	0	0	0	0	0	0	0	6	0	4
1704	3 Mar 26	14:22:00	1	0	0	0	0	0	0	10	0	0	0	0	2	0	0	0	11	9	5	0	4	0	0	2	2	0	3	8	0	0	0	0	0	8	1	0	0	0	4
1705	3 Mar 26	14:23:00	1	0	0	0	0	0	0	8	0	1	0	0	1	0	2	0	7	23	0	0	0	0	0	8	3	0	4	5	0	0	0	0	0	1	3	0	0	0	0
1706	3 Mar 26	14:24:00	1	0	0	0	0	0	0	6	0	4	0	0	4	2	2	0	5	10	3	0	0	0	0	1	2	0	2	3	0	0	0	0	0	0	3	0	0	0	0
1707	3 Mar 26	14:25:00	1	0	0	0	0	0	0	0	0	6	0	0	2	0	4	0	7	15	9	0	0	0	0	4	1	0	0	5	0	0	0	0	0	0	2	0	0	0	3
1708	3 Mar 26	14:26:00	1	0	0	0	0	0	0	2	0	2	0	0	2	0	1	0	8	15	0	0	1	2	0	3	12	0	3	5	0	0	0	0	0	1	2	0	0	0	0
1709	3 Mar 26	14:27:00	1	0	0	0	0	0	0	2	0	2	0	0	1	2	0	0	4	12	2	0	2	8	0	9	7	0	2	6	0	0	0	0	0	6	0	0	4	0	1
1710	3 Mar 26	14:28:00	1	0	0	0	0	0	0	1	0	0	0	0	0	3	4	0	8	2	0	0	1	4	0	5	4	0	5	2	0	0	0	0	0	0	0	0	0	0	0
1711	3 Mar 26	14:29:00	1	0	0	0	0	0	0	4	0	3	0	0	0	0	4	0	3	3	1	0	0	3	0	6	4	0	3	3	0	0	0	0	0	0	0	0	2	0	4
1712	3 Mar 26	14:30:00	1	0	0	0	0	0	0	10	0	3	0	0	0	0	6	0	7	10	0	0	0	3	0	4	7	0	4	6	0	0	0	0	0	4	0	0	0	0	2
1713	3 Mar 26	14:31:00	1	0	0	0	0	0	0	10	0	0	0	0	0	0	1	0	6	6	0	0	0	0	0	7	5	0	2	6	0	0	0	0	5	0	0	0	3	0	0
1714	3 Mar 26	14:32:00	1	0	0	0	0	0	0	5	0	0	0	0	0	0	0	0	7	12	0	0	0	5	0	2	6	0	2	9	0	0	0	0	0	6	0	0	0	0	0
1715	3 Mar 26	14:33:00	1	0	0	0	0	0	0	4	0	5	0	0	0	0	0	0	7	12	1	0	0	3	0	3	1	0	0	9	0	0	0	0	0	8	0	0	0	0	3
1716	3 Mar 26	14:34:00	1	0	0	0	0	0	0	5	0	0	0	0	0	2	0	0	8	6	0	0	0	0	0	4	2	0	5	4	0	0	0	0	1	1	0	0	4	0	1
1717	3 Mar 26	14:35:00	1	0	0	0	0	0	0	11	0	1	0	0	0	3	0	0	6	7	0	0	0	1	0	6	0	0	2	5	0	0	0	0	0	2	0	0	2	0	2
1718	3 Mar 26	14:36:00	1	0	0	0	0	0	0	9	0	1	0	0	0	3	0	0	6	3	0	0	0	0	0	7	0	0	3	5	0	0	0	0	0	0	0	0	1	0	1
1719	3 Mar 26	14:37:00	1	0	0	0	0	0	0	10	0	0	0	0	0	4	0	0	6	7	0	0	3	7	0	4	0	0	5	7	0	0	0	0	0	6	0	0	4	0	4
1720	3 Mar 26	14:38:00	1	0	0	0	0	0	0	7	0	5	0	0	0	1	0	1	6	2	0	0	2	4	0	7	4	0	1	8	0	0	0	0	0	0	0	0	3	0	3
1721	3 Mar 26	14:39:00	1	0	0	0	0	0	0	7	0	2	0	0	0	2	0	0	6	5	0	0	1	5	0	4	4	0	1	3	0	0	0	0	0	0	0	0	3	0	4
1722	3 Mar 26	14:40:00	1	0	0	0	0	0	0	8	0	0	0	0	0	0	0	0	4	0	0	0	1	4	0	2	3	0	0	2	0	0	0	0	0	0	0	0	0	0	4
1723	3 Mar 26	14:41:00	1	0	0	0	0	0	0	8	0	0	0	0	0	0	0	0	2	14	0	0	1	0	0	8	3	0	4	6	0	0	0	0	0	0	0	0	2	0	3
1724	3 Mar 26	14:42:00	1	0	0	0	0	0	0	8	0	0	0	0	0	0	0	0	8	15	0	0	1	0	0	2	1	0	4	6	0	0	0	0	0	8	0	0	6	0	1
1725	3 Mar 26	14:43:00	1	0	0	0	0	0	0	8	0	0	0	0	8	0	0	0	4	0	0	0	0	0	0	6	3	0	2	3	0	0	0	0	0	1	0	0	1	0	2
1726	3 Mar 26	14:44:00	1	0	0	0	0	0	0	9	0	0	0	0	1	0	0	0	2	0	0	0	0	0	0	0	4	0	0	6	0	0	0	0	0	0	2	0	2	0	0
1727	3 Mar 26	14:45:00	1	0	0	0	0	0	0	10	0	0	0	0	0	0	0	0	7	7	0	0	0	0	0	3	3	0	1	8	0	0	0	0	0	2	0	0	5	0	0
1728	3 Mar 26	14:46:00	1	0	0	0	0	0	0	13	0	0	4	0	4	0	1	0	7	14	0	0	0	0	0	2	5	0	0	6	0	0	0	0	0	0	0	0	9	0	0
1729	3 Mar 26	14:47:00	1	0	0	0	0	0	0	8	0	0	2	0	3	0	1	0	6	9	0	0	3	0	0	4	7	0	0	6	0	0	0	0	0	0	1	0	3	0	0
1730	3 Mar 26	14:48:00	1	0	0	0	0	0	0	9	0	0	0	0	0	0	0	0	8	8	0	0	0	1	0	0	3	0	0	2	0	0	0	0	0	0	2	0	0	0	0
1731	3 Mar 26	14:49:00	1	0	0	0	0	0	0	7	0	0	0	0	3	0	0	0	5	6	0	0	0	0	0	0	3	0	5	8	0	0	2	0	0	0	0	0	0	0	0
1732	3 Mar 26	14:50:00	1	0	0	0	0	0	0	11	0	0	0	0	0	0	0	0	4	5	0	0	0	0	0	1	3	0	1	4	0	0	0	0	0	4	0	0	0	0	0
1733	3 Mar 26	14:51:00	1	0	0	0	0	0	0	7	0	0	0	0	7	0	0	0	7	5	0	0	0	0	0	5	3	0	0	6	0	0	1	0	0	5	2	0	0	0	0
1734	3 Mar 26	14:52:00	1	0	0	0	0	0	0	6	0	0	0	0	0	0	0	0	4	10	0	0	0	1	0	0	5	0	1	2	0	0	3	0	0	2	0	0	2	0	0
1735	3 Mar 26	14:53:00	1	0	0	0	0	0	0	5	0	0	0	0	4	0	0	0	8	5	0	0	3	0	0	0	0	0	1	0	0	0	0	0	0	4	0	0	7	0	1
1736	3 Mar 26	14:54:00	1	0	0	0	0	0	0	9	0	0	0	0	1	0	0	0	3	6	0	0	0	0	0	2	0	0	0	0	0	0	0	0	0	7	0	0	7	0	2
1737	3 Mar 26	14:55:00	1	0	0	0	0	0	0	8	0	0	0	0	0	0	0	0	5	3	0	0	0	0	0	3	0	0	0	0	0	0	0	0	0	6	0	0	5	0	1
1738	3 Mar 26	14:56:00	1	0	0	0	0	0	0	9	0	0	0	0	1	0	0	0	5	8	0	0	0	0	0	0	4	0	0	0	0	0	0	0	0	9	0	0	6	0	0
1739	3 Mar 26	14:57:00	1	0	0	0	0	0	0	11	0	0	0	0	0	0	0	0	6	10	0	0	0	0	0	4	4	2	1	0	0	0	0	0	0	7	0	0	6	0	5
1740	3 Mar 26	14:58:00	1	0	0	0	0	0	0	11	0	0	0	0	1	0	0	0	4	9	0	0	0	0	0	2	4	0	3	0	0	0	0	0	0	11	0	0	6	0	3
1741	3 Mar 26	14:59:00	1	0	0	0	0	0	0	6	0	0	0	0	0	0	0	0	7	13	5	0	0	0	0	1	0	0	1	0	0	0	0	0	0	3	0	0	6	0	2
1742	3 Mar 26	15:00:00	1	0	0	0	0	0	0	5	0	0	0	0	4	0	0	0	4	5	0	0	0	0	0	3	3	0	0	0	0	0	0	0	0	5	0	0	3	0	0
1743	3 Mar 26	15:01:00	1	0	0	0	0	0	0	4	0	0	0	0	0	0	0	0	5	11	0	0	0	0	0	3	6	0	0	0	0	0	0	0	0	0	0	0	3	0	2
1744	3 Mar 26	15:02:00	1	0	0	0	0	0	0	9	0	0	0	0	4	0	0	0	9	4	3	0	0	0	0	1	3	0	4	2	0	0	0	0	0	3	0	0	3	0	4
1745	3 Mar 26	15:03:00	1	0	0	0	0	0	0	9	0	0	0	0	5	0	5	0	2	4	0	0	0	0	0	6	5	0	4	4	0	0	0	0	0	0	0	0	9	0	3
1746	3 Mar 26	15:04:00	1	0	0	0	0	0	0	10	0	0	0	0	3	0	0	0	7	12	0	0	0	0	0	3	6	0	1	3	0	0	0	0	0	5	0	0	3	0	0
1747	3 Mar 26	15:05:00	1	0	0	0	0	0	0	12	0	0	0	0	5	0	0	0	6	7	0	0	0	0	0	0	4	0	4	2	0	0	0	0	0	3	0	0	16	0	1
1748	3 Mar 26	15:06:00	1	0	0	0	0	0	0	6	0	0	0	0	4	0	0	0	7	0	0	0	0	0	0	3	7	0	2	7	0	0	0	0	0	7	0	0	7	0	3
1749	3 Mar 26	15:07:00	1	0	0	0	0	0	0	8	0	0	0	0	5	0	0	0	5	0	0	0	0	0	0	2	3	0	2	4	0	0	0	0	0	5	0	0	0	0	0
1750	3 Mar 26	15:08:00	1	0	0	0	0	0	0	10	0	0	0	0	7	0	0	0	4	0	0	0	0	0	0	2	5	0	0	4	0	0	0	0	0	7	0	0	5	0	0
1751	3 Mar 26	15:09:00	1	0	0	0	0	0	0	11	0	0	0	0	4	0	0	0	7	0	0	0	0	0	0	5	1	0	2	7	0	0	0	0	0	2	0	0	6	0	0
1752	3 Mar 26	15:10:00	1	0	0	0	0	0	0	6	0	0	0	0	2	0	0	0	7	0	0	0	0	0	0	5	1	0	0	14	3	0	0	0	0	0	0	0	9	0	0
1753	3 Mar 26	15:11:00	1	0	0	0	0	0	0	7	0	0	0	0	3	0	0	0	5	0	0	0	0	7	0	2	3	0	0	6	0	0	0	0	0	0	0	0	4	0	0
1754	3 Mar 26	15:12:00	1	0	0	0	0	0	0	7	0	0	0	0	5	0	0	3	5	0	0	0	0	8	0	4	0	0	2	0	0	0	0	0	0	0	0	0	3	0	0
1755	3 Mar 26	15:13:00	1	0	0	0	0	0	0	8	0	0	0	0	7	0	0	3	5	0	1	0	0	3	0	1	3	0	2	2	2	0	0	0	0	0	0	0	3	0	0
1756	3 Mar 26	15:14:00	1	0	0	0	0	0	0	5	0	0	0	0	4	0	0	0	8	0	0	0	0	0	0	6	4	0	5	0	1	0	0	0	0	0	0	0	2	0	0
1757	3 Mar 26	15:15:00	1	0	0	0	0	0	0	7	0	0	0	0	8	0	0	2	4	1	0	0	0	0	0	0	5	0	1	0	0	0	0	0	0	0	0	0	4	0	0
1758	3 Mar 26	15:16:00	1	0	0	0	0	0	0	8	0	0	0	0	4	1	0	1	6	1	0	0	0	0	0	0	6	0	5	0	0	0	0	0	0	0	0	0	5	0	0
1759	3 Mar 26	15:17:00	1	0	0	0	0	0	0	7	0	0	0	0	1	0	0	5	4	0	0	0	0	0	0	3	4	0	0	0	0	0	0	0	0	2	0	0	5	0	0
1760	3 Mar 26	15:18:00	1	0	0	0	0	0	0	5	0	0	0	0	6	3	0	10	7	0	0	0	0	0	0	0	4	0	0	0	0	0	0	0	0	6	0	0	4	0	0
1761	3 Mar 26	15:19:00	1	0	0	0	0	0	0	13	0	0	0	0	6	3	0	11	8	0	0	0	1	0	0	0	5	0	3	0	0	0	0	0	0	6	0	0	8	0	0
1762	3 Mar 26	15:20:00	1	0	0	0	0	0	0	6	0	3	0	0	5	2	0	6	2	0	0	0	1	0	0	2	3	0	3	0	0	0	0	0	0	3	0	0	8	0	0
1763	3 Mar 26	15:21:00	1	0	0	0	0	0	0	8	0	4	0	0	3	1	0	7	5	0	0	0	4	0	0	0	5	0	2	0	0	0	0	0	0	6	0	0	3	0	0
1764	3 Mar 26	15:22:00	1	0	0	0	0	0	0	10	0	7	0	0	1	0	0	7	7	1	0	0	4	0	0	2	1	0	0	0	0	0	0	0	0	7	0	0	3	0	0
1765	3 Mar 26	15:23:00	1	0	0	0	0	0	0	8	0	2	0	0	4	0	0	7	5	0	0	0	1	0	0	0	2	0	2	0	0	0	0	0	0	8	0	0	2	0	0
1766	3 Mar 26	15:24:00	1	0	0	0	0	0	0	10	0	5	0	0	5	0	0	11	6	0	0	0	3	0	0	1	3	0	0	0	0	0	0	0	0	3	0	0	0	0	0
1767	3 Mar 26	15:25:00	1	0	0	0	0	0	0	4	0	0	0	0	1	0	0	7	4	0	0	0	0	0	0	2	6	0	4	0	0	0	0	0	0	9	4	0	0	0	4
1768	3 Mar 26	15:26:00	1	0	0	0	0	0	0	6	0	0	0	0	2	0	0	7	4	0	0	0	0	0	0	1	8	0	5	0	0	0	0	0	0	6	2	0	4	0	2
1769	3 Mar 26	15:27:00	1	0	0	0	0	0	0	6	0	0	0	0	8	0	0	5	2	0	4	0	0	0	0	3	5	0	6	0	0	0	0	0	0	5	0	0	1	0	5
1770	3 Mar 26	15:28:00	1	0	0	0	0	0	0	5	0	0	0	0	6	0	0	7	7	0	1	0	0	0	0	4	5	0	3	0	0	0	0	0	0	7	0	0	2	0	7
1771	3 Mar 26	15:29:00	1	0	0	0	0	0	0	5	2	0	0	0	3	0	0	4	6	0	4	0	3	0	0	0	7	0	2	0	0	0	0	0	0	10	0	0	3	0	5
1772	3 Mar 26	15:30:00	1	0	0	0	0	0	0	6	0	0	0	0	4	0	0	7	5	1	2	0	0	0	0	2	3	0	2	0	0	0	0	0	0	6	0	0	8	0	5
1773	3 Mar 26	15:31:00	1	0	0	0	0	0	0	11	0	0	0	0	4	0	0	8	6	0	2	0	0	0	0	0	5	0	1	0	0	0	0	0	0	11	0	0	8	0	1
1774	3 Mar 26	15:32:00	1	0	0	0	0	0	0	6	4	0	0	0	2	1	0	6	8	0	0	0	0	2	0	0	7	0	4	0	0	0	0	0	0	6	0	0	3	0	3
1775	3 Mar 26	15:33:00	1	0	0	0	0	0	0	9	2	0	0	0	0	2	0	7	7	0	0	0	0	0	0	3	4	0	0	0	0	0	0	0	0	3	0	0	5	0	5
1776	3 Mar 26	15:34:00	1	0	0	0	0	0	0	6	1	0	0	0	3	0	0	5	8	2	3	0	0	0	0	7	8	0	2	0	0	0	0	0	0	6	0	0	3	0	6
1777	3 Mar 26	15:35:00	1	0	0	0	0	0	0	6	0	0	0	0	4	0	0	8	6	2	3	0	0	0	0	6	7	0	0	0	0	0	0	0	0	5	0	0	8	0	4
1778	3 Mar 26	15:36:00	1	0	0	0	0	0	0	8	0	0	0	0	3	0	0	5	4	9	0	0	3	0	0	6	3	0	1	0	0	0	0	0	0	6	0	2	4	0	3
1779	3 Mar 26	15:37:00	1	0	0	0	0	0	0	9	0	0	0	0	4	0	0	6	6	6	0	0	6	0	0	0	4	0	1	0	0	0	0	0	0	7	0	0	11	0	3
1780	3 Mar 26	15:38:00	1	0	0	0	0	0	0	7	0	0	0	0	1	0	0	6	5	6	0	0	2	0	0	8	5	0	2	0	0	0	0	0	0	1	0	0	2	0	0
1781	3 Mar 26	15:39:00	1	0	0	0	0	0	0	9	0	0	0	0	5	0	4	6	8	7	0	0	3	0	0	1	7	0	0	0	0	0	0	0	0	5	0	0	2	0	2
1782	3 Mar 26	15:40:00	1	0	0	0	0	0	0	8	0	0	0	0	5	1	2	8	5	13	0	0	2	0	0	3	4	0	1	0	0	0	0	0	0	6	0	0	3	0	0
1783	3 Mar 26	15:41:00	1	0	0	0	0	0	0	5	0	0	0	0	4	3	0	6	4	9	0	0	0	0	0	2	0	0	0	0	0	0	0	0	0	8	0	0	3	0	1
1784	3 Mar 26	15:42:00	1	0	0	0	0	0	0	7	0	0	0	0	5	0	0	8	5	5	0	0	0	0	0	1	0	0	2	0	0	0	0	0	0	6	0	0	0	0	2
1785	3 Mar 26	15:43:00	1	0	0	0	0	0	0	8	3	0	0	0	4	0	0	9	7	6	1	0	0	0	0	5	3	1	4	0	0	0	0	0	0	3	0	0	2	0	0
1786	3 Mar 26	15:44:00	1	0	0	0	0	0	0	8	3	0	0	0	6	0	0	1	6	0	5	0	1	0	0	4	0	0	0	0	0	0	0	0	0	6	0	0	0	0	0
1787	3 Mar 26	15:45:00	1	0	0	0	0	0	0	8	0	0	0	0	6	0	0	6	4	0	2	0	0	0	0	0	2	0	6	0	0	0	0	0	0	7	0	0	4	0	0
1788	3 Mar 26	15:46:00	1	0	0	0	0	0	0	8	0	0	0	0	3	0	0	9	5	0	0	0	0	0	5	4	3	0	0	0	0	0	0	0	0	7	0	0	4	0	0
1789	3 Mar 26	15:47:00	1	0	0	0	0	0	0	8	0	0	0	0	3	0	0	8	7	6	1	0	3	0	0	0	3	0	2	0	0	0	0	0	0	5	0	0	4	0	0
1790	3 Mar 26	15:48:00	1	0	0	0	0	0	0	6	0	0	0	0	1	0	0	5	2	3	0	0	3	0	0	0	2	0	3	0	0	0	0	0	0	4	0	0	3	0	0
1791	3 Mar 26	15:49:00	1	0	0	0	0	0	0	8	0	0	0	0	8	0	0	6	1	9	0	0	0	0	1	0	0	0	4	0	0	0	0	0	0	3	0	0	8	0	0
1792	3 Mar 26	15:50:00	1	0	0	0	0	0	0	7	0	0	0	0	7	0	0	4	1	3	0	0	4	0	0	0	3	0	0	0	0	0	0	0	0	0	0	0	4	0	0
1793	3 Mar 26	15:51:00	1	0	0	0	0	0	0	4	0	0	0	0	6	0	0	2	4	9	0	0	2	0	0	0	9	0	2	0	0	0	0	0	0	0	0	0	7	0	0
1794	3 Mar 26	15:52:00	1	0	0	0	0	0	0	6	0	0	0	0	3	0	0	1	4	10	2	0	0	0	0	0	0	0	3	0	0	0	0	0	0	0	0	0	7	0	0
1795	3 Mar 26	15:53:00	1	0	0	0	0	0	0	8	0	0	0	0	0	0	0	6	2	2	7	0	3	0	2	0	4	0	3	0	0	0	0	0	0	0	0	0	5	0	0
1796	3 Mar 26	15:54:00	1	0	0	0	0	0	0	12	0	0	0	0	2	0	0	9	6	4	4	0	4	0	0	0	2	0	0	0	0	0	0	0	1	0	0	0	8	0	0
1797	3 Mar 26	15:55:00	1	0	0	0	0	0	0	7	0	0	0	0	0	0	0	8	7	3	6	0	4	0	0	0	0	0	1	2	0	0	1	0	3	0	0	0	4	0	0
1798	3 Mar 26	15:56:00	1	0	0	0	0	0	0	8	0	0	0	0	0	0	0	8	3	0	5	0	0	0	0	0	0	0	0	0	0	0	1	0	0	0	0	0	0	0	2
1799	3 Mar 26	15:57:00	1	0	0	0	0	0	0	10	0	0	0	0	0	0	0	5	3	0	3	0	7	0	0	0	1	0	0	0	0	0	1	0	8	0	0	0	2	0	8
1800	3 Mar 26	15:58:00	1	0	0	0	0	0	0	5	0	0	0	0	2	0	0	4	2	0	6	0	1	0	0	0	0	0	0	0	0	0	6	0	9	0	0	0	0	0	8
1801	3 Mar 26	15:59:00	1	0	0	0	0	0	0	9	0	0	0	0	7	0	0	7	2	0	6	0	2	0	0	0	2	0	4	0	0	0	1	0	3	4	0	0	0	0	8
1802	3 Mar 26	16:00:00	1	0	0	0	0	0	0	7	0	0	0	0	2	0	0	4	4	0	10	0	1	0	0	0	3	0	0	0	0	0	0	0	0	5	0	0	3	0	4
1803	3 Mar 26	16:01:00	1	0	0	0	0	0	0	5	0	0	0	0	3	0	0	5	3	0	8	0	0	0	0	0	5	0	0	0	0	0	0	0	0	5	0	0	4	0	0
1804	3 Mar 26	16:02:00	1	0	0	0	0	0	0	4	0	0	0	0	4	0	0	7	0	0	2	0	6	0	0	0	3	0	3	0	0	0	0	0	0	2	2	0	3	0	3
1805	3 Mar 26	16:03:00	1	0	0	0	0	0	0	5	0	0	3	0	0	0	0	5	3	0	5	0	0	0	0	0	4	0	0	3	0	0	0	0	0	11	0	0	3	0	6
1806	3 Mar 26	16:04:00	1	0	0	0	0	0	0	6	0	0	0	0	3	0	0	6	3	1	2	0	1	0	0	0	6	0	0	0	0	0	0	0	0	5	0	0	4	0	1
1807	3 Mar 26	16:05:00	1	0	0	0	0	0	0	7	0	0	4	0	4	0	0	3	4	0	5	0	3	0	0	0	0	0	0	0	0	0	0	0	0	5	0	0	7	0	2
1808	3 Mar 26	16:06:00	1	0	0	0	0	0	0	6	1	0	3	0	4	0	0	4	6	0	7	0	0	0	0	4	0	0	0	0	0	0	0	0	0	8	0	0	8	0	1
1809	3 Mar 26	16:07:00	1	0	0	0	0	0	0	6	0	0	3	0	6	0	1	7	0	0	5	0	3	0	0	0	0	0	0	0	0	0	0	0	0	8	0	0	5	0	0
1810	3 Mar 26	16:08:00	1	0	0	0	0	0	0	10	0	0	2	0	6	0	8	5	0	0	4	0	2	0	0	4	0	0	0	0	0	0	0	0	0	3	0	0	7	0	0
1811	3 Mar 26	16:09:00	1	0	0	0	0	0	0	3	0	0	3	0	7	0	2	5	0	0	7	0	0	0	0	1	3	0	0	0	0	0	0	0	0	7	0	0	2	0	0
1812	3 Mar 26	16:10:00	1	0	0	0	0	0	0	9	0	0	0	0	4	0	0	6	0	0	6	0	3	0	0	2	3	0	0	0	0	0	0	0	0	4	0	0	0	0	0
1813	3 Mar 26	16:11:00	1	0	0	0	0	0	0	8	0	0	0	0	2	0	0	9	4	0	7	0	2	0	0	0	3	0	0	0	0	0	0	0	0	1	0	0	2	0	0
1814	3 Mar 26	16:12:00	1	0	0	0	0	0	0	7	0	0	0	0	2	0	0	6	5	0	5	0	3	0	0	0	1	0	0	0	0	0	0	0	0	0	0	0	4	0	0
1815	3 Mar 26	16:13:00	1	0	0	0	0	0	0	5	0	0	0	0	0	0	0	4	4	0	5	0	2	0	0	0	5	0	0	0	0	0	0	0	0	2	0	0	4	0	0
1816	3 Mar 26	16:14:00	1	0	0	0	0	0	0	9	0	0	0	0	0	0	0	4	8	0	9	0	3	0	0	0	2	0	0	0	0	0	0	0	0	0	0	0	3	0	0
1817	3 Mar 26	16:15:00	1	0	0	0	0	0	0	7	0	0	0	0	0	0	0	3	7	0	3	0	0	0	0	0	8	0	0	0	0	0	0	0	0	1	0	0	8	0	0
1818	3 Mar 26	16:16:00	1	0	0	0	0	0	0	8	0	0	3	0	0	0	0	0	4	0	5	0	3	0	0	0	0	0	0	0	0	0	0	0	0	4	0	0	6	0	3
1819	3 Mar 26	16:17:00	1	0	0	0	0	0	0	6	0	0	0	0	0	0	0	6	6	0	4	0	7	0	0	0	3	0	4	0	0	0	0	0	0	0	0	0	7	0	5
1820	3 Mar 26	16:18:00	1	0	0	0	0	0	0	6	0	0	0	0	0	0	0	8	5	0	2	0	0	0	0	0	3	0	3	0	0	0	0	0	0	0	0	0	3	0	3
1821	3 Mar 26	16:19:00	1	0	0	0	0	0	0	6	3	0	0	0	0	1	0	7	6	0	5	0	0	0	0	0	0	0	3	0	0	0	2	0	0	0	0	0	10	0	2
1822	3 Mar 26	16:20:00	1	0	0	0	0	0	0	4	2	0	0	0	2	2	0	4	3	0	8	0	3	0	0	0	0	0	3	0	0	0	0	0	0	1	0	0	9	0	2
1823	3 Mar 26	16:21:00	1	0	0	0	0	0	0	6	0	0	3	0	7	2	0	6	8	0	5	0	1	0	0	0	0	0	2	0	0	0	2	0	0	3	7	0	5	0	0
1824	3 Mar 26	16:22:00	1	0	0	0	0	0	0	4	0	4	4	0	1	0	0	6	9	0	6	0	2	0	0	0	0	0	2	0	0	0	0	0	0	4	0	0	2	0	0
1825	3 Mar 26	16:23:00	1	0	0	0	0	0	0	3	0	5	7	0	2	0	0	4	4	0	5	0	2	0	0	0	4	0	0	0	0	0	0	0	0	3	0	0	7	0	0
1826	3 Mar 26	16:24:00	1	0	0	0	0	0	0	8	1	5	4	0	0	0	0	3	5	0	2	0	2	0	0	0	3	0	0	0	0	0	0	0	0	10	0	0	2	0	0
1827	3 Mar 26	16:25:00	1	0	0	0	0	0	0	4	0	7	7	0	3	0	0	0	2	0	0	0	0	0	0	0	2	0	2	0	0	0	0	0	0	1	0	0	3	0	0
1828	3 Mar 26	16:26:00	1	0	0	0	0	0	0	12	0	6	4	0	2	0	0	6	0	0	2	0	0	0	0	0	3	0	3	0	0	0	0	0	0	5	0	0	1	0	0
1829	3 Mar 26	16:27:00	1	0	0	0	0	0	0	3	0	1	4	0	0	0	0	4	2	0	7	0	0	0	0	0	0	0	0	0	0	0	0	0	0	3	0	0	2	0	0
1830	3 Mar 26	16:28:00	1	0	0	0	0	0	0	1	0	1	1	0	0	0	0	6	6	0	7	0	1	0	0	0	8	0	0	0	0	0	0	0	0	6	0	0	2	0	0
1831	3 Mar 26	16:29:00	1	0	0	0	0	0	0	5	0	0	0	0	0	0	0	3	3	0	8	0	3	0	0	0	6	0	1	0	0	0	0	0	0	7	0	0	0	0	0
1832	3 Mar 26	16:30:00	1	0	0	0	0	0	0	6	0	0	0	0	7	0	0	6	4	0	8	0	1	0	0	0	4	0	0	0	0	0	0	0	0	7	0	0	2	0	0
1833	3 Mar 26	16:31:00	1	0	0	0	0	0	0	6	0	0	6	0	0	0	0	6	1	0	9	0	0	0	0	0	3	0	4	0	0	0	0	0	0	1	0	0	5	0	0
1834	3 Mar 26	16:32:00	1	0	0	0	0	0	0	9	0	0	10	0	3	0	0	3	5	0	7	0	4	0	0	0	2	0	2	0	0	0	0	0	0	1	0	0	7	0	0
1835	3 Mar 26	16:33:00	1	0	0	0	0	0	0	10	0	0	0	0	2	0	0	5	5	0	2	0	0	0	0	0	2	0	4	0	0	0	0	0	0	3	0	0	6	0	0
1836	3 Mar 26	16:34:00	1	0	0	0	0	0	0	3	0	0	3	0	2	0	0	1	3	0	0	0	2	1	0	0	1	0	3	0	0	0	0	0	0	3	0	0	3	0	0
1837	3 Mar 26	16:35:00	1	0	0	0	0	0	0	7	0	0	3	0	0	0	0	2	4	0	1	0	2	4	0	0	0	0	0	0	0	0	0	0	0	7	0	0	6	0	0
1838	3 Mar 26	16:36:00	1	0	0	0	0	0	0	5	0	0	3	0	0	2	0	7	6	0	0	0	2	3	0	0	4	0	3	0	0	0	0	0	0	4	0	0	0	0	0
1839	3 Mar 26	16:37:00	1	0	0	0	0	0	0	6	0	0	0	0	0	0	0	3	6	0	0	0	2	1	0	0	4	0	7	0	0	0	0	0	0	3	0	0	0	0	0
1840	3 Mar 26	16:38:00	1	0	0	0	0	0	0	10	0	0	1	0	0	0	0	0	1	0	0	0	1	0	0	0	3	0	5	0	0	0	0	0	0	3	0	0	0	0	0
1841	3 Mar 26	16:39:00	1	0	0	0	0	0	0	5	0	0	1	0	0	1	0	0	4	0	0	0	3	4	0	0	4	0	4	0	0	0	0	0	0	2	0	0	0	0	0
1842	3 Mar 26	16:40:00	1	0	0	0	0	0	0	5	0	0	1	0	0	0	0	0	6	0	0	0	4	8	2	0	8	0	5	0	0	0	0	0	0	2	0	0	0	0	0
1843	3 Mar 26	16:41:00	1	0	0	0	0	0	0	5	0	8	0	0	0	0	4	0	4	0	0	0	2	2	2	0	5	0	4	0	0	0	0	0	0	4	0	0	0	0	3
1844	3 Mar 26	16:42:00	1	0	0	0	0	0	0	0	0	2	0	0	3	0	1	0	0	0	3	0	1	5	0	0	5	0	1	0	0	0	0	0	0	0	0	3	0	0	0
1845	3 Mar 26	16:43:00	1	0	0	0	0	0	0	6	0	2	0	0	2	1	0	0	0	0	8	0	2	13	2	0	4	0	4	0	0	0	0	0	0	0	0	0	0	0	0
1846	3 Mar 26	16:44:00	1	0	0	0	0	0	0	1	0	1	0	0	9	1	0	0	0	3	3	0	0	1	1	2	0	0	5	0	0	0	0	0	0	0	0	0	0	0	0
1847	3 Mar 26	16:45:00	1	0	0	0	0	0	0	0	0	6	0	0	6	0	0	0	0	5	5	0	0	0	0	0	0	0	2	0	1	0	0	0	0	0	0	0	0	0	0
1848	3 Mar 26	16:46:00	1	0	0	0	0	0	0	0	0	0	0	0	1	0	0	0	0	11	5	0	3	0	0	0	0	0	0	0	0	0	0	0	0	0	0	0	0	0	0
1849	3 Mar 26	16:47:00	1	0	0	0	0	0	0	0	0	0	0	0	7	0	0	0	4	13	3	0	0	0	0	0	0	0	0	0	0	0	0	0	0	0	1	0	0	0	0
1850	3 Mar 26	16:48:00	1	0	0	0	0	0	0	0	0	0	0	0	0	0	0	0	1	9	3	0	0	3	0	0	0	0	7	0	0	0	0	4	0	0	0	0	0	0	0
1851	3 Mar 26	16:49:00	1	0	0	0	0	0	0	2	0	0	0	0	0	0	0	0	1	12	1	0	0	12	0	8	0	0	2	0	0	0	0	3	0	0	0	0	1	0	0
1852	3 Mar 26	16:50:00	1	0	0	0	0	0	0	3	0	0	9	0	0	0	0	0	2	5	6	0	4	7	0	3	0	0	5	0	0	0	0	0	0	5	0	0	5	0	0
1853	3 Mar 26	16:51:00	1	0	0	0	0	0	0	0	0	0	3	0	0	0	0	0	3	8	4	0	4	4	0	0	0	0	3	0	0	0	0	6	0	2	2	0	4	0	0
1854	3 Mar 26	16:52:00	1	0	0	0	0	0	0	0	0	0	0	0	0	0	0	0	4	4	4	0	1	0	0	0	0	0	3	0	0	0	0	1	0	6	0	0	3	0	0
1855	3 Mar 26	16:53:00	1	0	0	0	0	0	0	0	0	0	0	0	0	0	0	0	1	5	3	0	0	0	0	0	0	0	4	0	0	0	0	3	0	3	0	0	0	0	0
1856	3 Mar 26	16:54:00	1	0	0	0	0	0	0	0	0	0	0	0	0	0	0	0	0	13	8	0	0	0	0	0	4	0	4	0	0	0	0	5	0	0	0	0	7	0	0
1857	3 Mar 26	16:55:00	1	0	0	0	0	0	0	0	0	0	0	0	0	0	0	0	0	2	1	0	0	0	0	0	4	0	0	0	2	0	0	5	0	1	0	0	10	0	0
1858	3 Mar 26	16:56:00	1	0	0	0	0	0	0	0	0	0	0	0	0	0	0	0	0	10	2	0	0	0	0	0	3	0	2	0	0	0	0	13	0	4	0	0	8	0	0
1859	3 Mar 26	16:57:00	1	0	0	0	0	0	0	0	0	0	0	0	0	0	0	0	0	12	0	0	2	0	0	0	2	0	1	0	0	0	0	1	0	3	0	0	7	0	0
1860	3 Mar 26	16:58:00	1	0	0	0	0	0	0	0	0	0	0	0	0	0	0	0	0	10	0	0	0	0	0	0	5	0	1	0	0	0	0	5	0	0	0	0	2	0	0
1861	3 Mar 26	16:59:00	1	0	0	0	0	0	0	0	0	0	0	0	0	0	0	0	0	5	0	0	0	0	0	0	2	0	2	0	0	0	0	3	0	0	0	0	0	0	0
1862	3 Mar 26	17:00:00	1	0	0	0	0	0	0	0	0	0	0	0	0	0	0	0	0	0	0	0	0	0	0	0	2	0	2	0	0	0	0	0	0	0	0	0	0	0	0
1863	3 Mar 26	17:01:00	1	0	0	0	0	0	0	0	0	0	1	0	0	0	0	0	0	0	0	0	0	0	0	0	7	0	1	0	0	0	0	0	0	4	0	0	0	0	0
1864	3 Mar 26	17:02:00	1	0	0	0	0	0	0	0	0	0	10	0	0	0	0	0	0	0	1	0	0	0	0	0	4	0	2	0	0	0	0	0	0	0	0	0	0	0	0
1865	3 Mar 26	17:03:00	1	0	0	0	0	0	0	0	0	0	3	0	0	0	0	0	0	12	8	0	0	0	0	0	2	0	2	0	0	0	0	0	0	0	0	0	0	0	0
1866	3 Mar 26	17:04:00	1	0	0	0	0	0	0	0	0	0	3	0	0	0	0	0	0	8	7	0	0	0	0	0	0	0	0	0	0	0	0	0	0	2	0	0	0	0	0
1867	3 Mar 26	17:05:00	1	0	0	0	0	0	0	0	0	0	8	0	0	1	0	0	0	3	4	0	0	0	0	0	1	0	0	0	0	0	0	0	0	4	0	0	0	0	0
1868	3 Mar 26	17:06:00	1	0	0	0	0	0	0	0	0	0	6	0	0	0	0	0	0	6	1	0	3	0	0	0	0	0	4	0	0	0	0	0	0	0	0	0	0	0	0
1869	3 Mar 26	17:07:00	1	0	0	0	0	0	0	0	0	0	5	0	0	0	0	0	0	4	0	0	2	0	0	0	0	0	0	0	0	0	0	0	0	0	0	0	0	0	0
1870	3 Mar 26	17:08:00	1	0	0	0	0	0	0	0	0	0	5	0	0	1	0	0	0	2	0	0	7	0	0	0	0	0	0	0	0	0	0	0	0	0	0	0	0	0	0
1871	3 Mar 26	17:09:00	1	0	0	0	0	0	0	0	0	0	10	0	0	2	0	1	2	0	0	0	0	0	0	0	0	0	0	0	0	0	0	0	0	2	0	0	0	0	0
1872	3 Mar 26	17:10:00	1	0	0	0	0	0	0	0	0	0	4	0	0	0	0	6	0	3	0	0	2	0	0	0	0	0	0	0	0	0	0	0	0	4	0	0	0	0	0
1873	3 Mar 26	17:11:00	1	0	0	0	0	0	0	0	0	0	4	0	0	5	0	5	0	13	0	0	3	0	0	0	0	0	3	0	0	0	0	0	0	2	0	0	0	0	0
1874	3 Mar 26	17:12:00	1	0	0	0	0	0	0	0	0	0	9	0	0	6	0	9	0	4	3	0	0	0	0	0	0	0	5	0	0	0	0	0	0	0	0	0	0	0	0
1875	3 Mar 26	17:13:00	1	0	0	0	0	0	0	0	0	0	6	0	0	5	0	5	0	0	13	0	2	0	0	0	3	0	4	0	0	0	0	2	0	0	0	0	0	0	0
1876	3 Mar 26	17:14:00	1	0	0	0	0	0	0	0	0	0	4	0	0	0	0	5	0	0	8	0	3	0	0	0	0	0	2	0	0	0	0	5	0	0	0	0	0	0	0
1877	3 Mar 26	17:15:00	1	0	0	0	0	0	0	0	0	0	2	0	0	3	0	2	0	0	5	0	3	0	0	0	2	0	4	0	0	0	0	10	0	0	0	0	0	0	0
1878	3 Mar 26	17:16:00	1	0	0	0	0	0	0	0	0	0	3	0	0	1	0	6	0	0	1	0	0	0	0	0	1	0	4	0	0	0	0	5	0	0	0	0	0	0	0
1879	3 Mar 26	17:17:00	1	0	0	0	0	0	0	0	0	0	0	0	0	7	0	3	0	0	2	0	0	0	0	0	3	0	6	0	0	0	0	5	0	6	0	0	0	0	0
1880	3 Mar 26	17:18:00	1	0	0	0	0	0	0	0	0	0	6	0	0	8	0	1	0	0	0	0	0	0	0	0	3	0	3	0	0	0	0	0	0	0	0	0	0	0	0
1881	3 Mar 26	17:19:00	1	0	0	0	0	0	0	0	0	0	5	0	0	1	0	6	0	0	6	0	0	0	0	0	1	0	0	0	0	0	0	3	0	0	0	0	0	0	0
1882	3 Mar 26	17:20:00	1	0	0	0	0	0	0	0	0	0	4	0	0	0	0	5	0	0	2	0	0	0	0	0	3	0	1	0	0	0	0	8	0	0	0	0	0	0	0
1883	3 Mar 26	17:21:00	1	0	0	0	0	0	0	0	0	0	4	0	0	6	0	7	0	0	0	0	0	0	0	0	0	0	2	0	0	0	0	1	0	0	0	0	0	0	0
1884	3 Mar 26	17:22:00	1	0	0	0	0	0	0	0	0	0	7	0	0	1	0	4	0	0	0	0	0	0	0	0	2	0	2	0	0	0	0	4	0	0	0	0	0	0	0
1885	3 Mar 26	17:23:00	1	0	0	0	0	0	0	0	0	0	7	0	0	0	5	3	0	0	0	0	0	0	0	0	0	0	3	0	0	0	0	6	0	0	0	0	0	0	0
1886	3 Mar 26	17:24:00	1	0	0	0	0	0	0	0	0	0	6	0	0	2	3	2	0	0	0	0	0	0	0	0	1	0	1	0	0	0	0	3	0	0	0	0	0	0	0
1887	3 Mar 26	17:25:00	1	0	0	0	0	0	0	0	0	0	3	0	0	6	6	0	0	0	0	0	0	0	0	0	4	0	3	0	0	0	0	5	0	0	0	0	0	0	0
1888	3 Mar 26	17:26:00	1	0	0	0	0	0	0	0	0	0	0	0	0	0	1	0	0	0	0	0	0	0	0	0	3	0	4	0	0	0	0	6	0	0	0	0	0	0	0
1889	3 Mar 26	17:27:00	1	0	0	0	0	0	0	0	0	0	7	0	0	0	0	0	0	0	0	0	0	0	0	0	0	0	0	0	0	0	0	4	0	0	0	0	0	0	0
1890	3 Mar 26	17:28:00	1	0	0	0	0	0	0	0	0	0	7	0	0	0	2	0	0	0	0	0	0	0	0	0	0	0	1	0	0	0	0	1	0	6	0	0	0	0	0
1891	3 Mar 26	17:29:00	1	0	0	0	0	0	0	0	0	0	3	0	2	0	1	0	0	0	4	0	0	0	0	0	1	0	1	0	0	0	0	0	0	2	0	0	0	0	0
1892	3 Mar 26	17:30:00	1	0	0	0	0	0	0	0	0	0	5	0	5	0	2	0	0	0	4	0	0	0	0	0	1	0	5	0	0	0	0	0	0	0	0	0	0	0	0
1893	3 Mar 26	17:31:00	1	0	0	0	0	0	0	0	0	0	0	0	3	0	0	0	0	0	0	0	0	0	0	0	0	0	5	0	0	0	0	0	0	9	0	0	0	0	0
1894	3 Mar 26	17:32:00	1	0	0	0	0	0	0	0	0	0	8	0	5	0	0	0	0	0	2	0	0	0	0	0	3	0	2	0	0	0	0	0	0	1	0	0	0	0	0
1895	3 Mar 26	17:33:00	1	0	0	0	0	0	0	0	0	0	5	0	6	1	0	0	0	0	2	0	0	0	0	0	2	0	17	0	0	0	0	0	4	1	0	0	0	0	0
1896	3 Mar 26	17:34:00	1	0	0	0	0	0	0	0	0	0	2	0	1	0	0	0	0	0	1	0	0	0	0	0	3	0	5	0	0	0	0	0	0	2	0	0	0	0	0
1897	3 Mar 26	17:35:00	1	0	0	0	0	0	0	0	0	0	7	0	0	2	0	0	0	0	0	0	0	2	0	0	4	0	2	0	0	0	0	0	1	0	0	0	0	0	0
1898	3 Mar 26	17:36:00	1	0	0	0	0	0	0	0	0	0	0	0	3	0	0	0	0	0	0	0	0	9	0	0	1	0	0	0	0	0	0	0	0	0	0	0	0	0	0
1899	3 Mar 26	17:37:00	1	0	0	0	0	0	0	0	0	0	5	0	0	0	0	0	0	0	0	0	0	7	0	0	1	0	4	0	0	0	0	0	0	0	0	0	0	0	0
1900	3 Mar 26	17:38:00	1	0	0	0	0	0	0	0	0	0	0	0	5	0	1	0	0	0	0	0	0	7	0	0	2	0	2	0	0	0	0	0	0	4	0	0	0	0	0
1901	3 Mar 26	17:39:00	1	0	0	0	0	0	0	0	0	0	3	0	2	0	4	0	0	0	0	0	0	11	0	0	6	0	4	0	0	0	0	0	0	3	0	0	0	0	0
1902	3 Mar 26	17:40:00	1	0	0	0	0	0	0	0	0	0	2	0	3	0	5	0	0	0	0	0	0	7	0	0	0	0	0	0	0	0	0	0	0	3	0	0	0	0	0
1903	3 Mar 26	17:41:00	1	0	0	0	0	0	0	0	0	0	5	0	0	0	3	0	0	0	0	0	0	2	0	0	0	0	3	0	0	0	0	0	0	0	0	0	0	0	0
1904	3 Mar 26	17:42:00	1	0	0	0	0	0	0	0	0	0	4	0	0	1	3	0	0	0	0	0	0	6	0	0	0	0	5	0	0	0	0	0	0	0	0	0	0	0	0
1905	3 Mar 26	17:43:00	1	0	0	0	0	0	0	0	0	0	2	0	0	0	4	0	0	0	0	0	0	5	0	0	0	0	0	0	0	0	0	0	0	0	0	0	0	0	0
1906	3 Mar 26	17:44:00	1	0	0	0	0	0	0	0	0	0	6	0	0	0	1	0	0	0	0	0	0	8	0	0	0	0	7	0	0	0	0	0	0	0	0	0	0	0	0
1907	3 Mar 26	17:45:00	1	0	0	0	0	0	0	0	0	0	5	0	0	0	4	0	0	0	0	0	0	8	0	0	0	0	0	0	0	0	0	0	0	0	0	0	0	0	0
1908	3 Mar 26	17:46:00	1	0	0	0	0	0	0	0	0	0	0	0	0	0	2	0	0	0	0	0	3	8	0	0	0	0	0	0	0	0	0	0	0	0	0	0	0	0	0
1909	3 Mar 26	17:47:00	1	0	0	0	0	0	0	0	0	0	5	0	0	0	3	0	0	0	0	0	0	6	0	0	0	0	0	0	0	0	0	0	0	0	0	0	0	0	0
1910	3 Mar 26	17:48:00	1	0	0	0	0	0	0	0	0	0	6	0	0	0	3	0	0	0	0	0	2	7	0	0	0	0	4	0	0	0	0	0	0	0	0	0	0	0	0
1911	3 Mar 26	17:49:00	1	0	0	0	0	0	0	0	0	0	4	0	0	0	4	0	0	0	0	0	2	7	0	0	0	0	1	0	0	0	0	0	0	4	0	0	0	0	0
1912	3 Mar 26	17:50:00	1	0	0	0	0	0	0	0	0	0	5	0	0	0	0	0	0	0	0	0	3	3	0	0	0	0	5	0	0	0	0	0	2	0	0	0	0	0	0
1913	3 Mar 26	17:51:00	1	0	0	0	0	0	0	0	5	0	3	0	0	0	4	0	0	0	0	0	1	8	0	0	5	0	0	0	0	0	0	0	0	5	0	0	0	0	0
1914	3 Mar 26	17:52:00	1	0	0	0	0	0	0	0	0	0	1	0	0	0	0	0	0	0	0	0	1	7	0	0	0	0	0	0	0	0	0	1	0	5	0	0	0	0	0
1915	3 Mar 26	17:53:00	1	0	0	0	0	0	0	0	0	0	6	0	0	0	3	0	0	0	0	0	4	9	0	0	0	0	2	0	0	0	0	0	0	2	0	0	0	0	0
1916	3 Mar 26	17:54:00	1	0	0	0	0	0	0	0	0	0	2	0	0	0	0	0	0	0	0	0	5	9	1	0	0	0	0	0	0	0	0	2	0	0	0	0	0	0	0
1917	3 Mar 26	17:55:00	1	0	0	0	0	0	0	0	2	0	2	0	0	0	0	0	0	0	0	0	1	10	2	0	0	0	0	0	0	0	0	4	0	3	0	0	0	0	0
1918	3 Mar 26	17:56:00	1	0	0	0	0	0	0	0	2	0	0	0	0	0	0	0	0	0	0	0	0	10	8	0	0	0	0	0	0	0	0	1	0	8	0	0	0	0	0
1919	3 Mar 26	17:57:00	1	0	0	0	0	0	0	0	12	0	0	0	0	0	0	0	0	0	0	0	4	9	0	0	0	0	3	0	0	0	0	0	0	4	0	0	0	0	0
1920	3 Mar 26	17:58:00	1	0	0	0	0	0	0	0	3	0	0	0	0	0	0	0	0	0	0	0	2	8	2	0	0	0	1	0	0	0	0	0	0	2	0	0	0	0	0
1921	3 Mar 26	17:59:00	1	0	0	0	0	0	0	0	3	0	0	0	0	0	0	0	0	0	0	0	0	6	0	0	0	0	3	0	0	0	0	0	0	1	0	0	0	0	0
1922	3 Mar 26	18:00:00	1	0	0	0	0	0	0	0	4	1	0	0	0	1	0	0	0	0	0	0	2	5	0	0	0	0	3	0	0	0	0	0	0	0	0	0	0	0	0
1923	3 Mar 26	18:01:00	1	0	0	0	0	0	0	0	3	4	0	0	0	1	0	0	0	0	0	0	0	9	0	0	0	0	0	0	0	0	0	0	0	0	0	0	0	0	2
1924	3 Mar 26	18:02:00	1	0	0	0	0	0	0	0	3	4	0	0	0	0	0	0	0	4	0	0	3	6	0	0	0	0	2	0	0	0	0	0	0	0	0	0	0	0	1
1925	3 Mar 26	18:03:00	1	0	0	0	0	0	0	0	5	13	0	0	0	0	0	0	0	9	0	0	0	8	1	0	0	0	3	0	0	0	0	0	0	0	0	0	0	0	2
1926	3 Mar 26	18:04:00	1	0	0	0	0	0	0	0	2	0	0	0	0	1	0	0	0	2	0	0	0	0	2	0	0	0	2	0	0	0	0	0	0	0	0	0	0	0	0
1927	3 Mar 26	18:05:00	1	0	0	0	0	0	0	0	6	0	0	0	0	0	0	0	0	7	0	0	0	0	5	0	0	0	2	0	0	0	0	0	0	0	0	0	0	0	2
1928	3 Mar 26	18:06:00	1	0	0	0	0	0	0	0	4	8	0	0	0	15	0	0	0	9	0	0	0	0	0	0	0	0	0	0	0	0	0	0	0	2	0	0	0	0	0
1929	3 Mar 26	18:07:00	1	0	0	0	0	0	0	0	2	0	0	0	0	3	0	0	1	7	0	0	3	0	2	0	0	0	0	0	0	0	0	0	0	7	0	0	0	0	3
1930	3 Mar 26	18:08:00	1	0	0	0	0	0	0	2	2	0	0	0	0	1	0	0	3	9	0	0	4	2	2	0	0	0	0	0	0	0	0	0	0	9	0	0	0	0	4
1931	3 Mar 26	18:09:00	1	0	0	0	0	0	0	2	3	5	0	0	0	3	0	2	7	9	0	0	0	0	0	5	0	0	0	0	0	0	0	0	0	4	0	0	0	0	2
1932	3 Mar 26	18:10:00	1	0	0	0	0	0	0	0	9	3	0	0	0	4	0	0	5	10	0	0	2	0	0	2	0	0	0	0	0	0	0	4	0	0	0	0	0	0	4
1933	3 Mar 26	18:11:00	1	0	0	0	0	0	0	10	7	0	0	0	0	4	0	0	5	2	0	0	0	0	1	0	0	0	2	0	0	0	2	4	0	6	0	0	0	0	4
1934	3 Mar 26	18:12:00	1	0	0	0	0	0	0	6	6	2	0	0	0	5	0	6	4	1	0	0	0	0	0	0	0	0	1	0	1	0	4	6	0	2	0	0	0	0	2
1935	3 Mar 26	18:13:00	1	0	0	0	0	0	0	6	3	2	0	0	0	0	0	7	3	6	0	0	0	0	0	0	0	0	5	0	0	0	0	1	0	1	0	0	0	0	0
1936	3 Mar 26	18:14:00	1	0	0	0	0	0	0	4	6	0	0	0	0	0	0	8	4	6	0	0	2	0	0	0	0	0	0	0	1	0	0	0	0	4	0	0	0	0	0
1937	3 Mar 26	18:15:00	1	0	0	0	0	0	0	0	4	3	2	0	0	1	0	4	4	11	0	0	0	0	0	0	0	0	2	0	0	0	0	0	0	0	0	0	0	0	0
1938	3 Mar 26	18:16:00	1	0	0	0	0	0	0	0	2	1	0	0	0	0	0	4	3	5	0	0	0	0	0	0	0	0	3	0	0	0	3	0	0	0	0	0	0	0	1
1939	3 Mar 26	18:17:00	1	0	0	0	0	0	0	0	5	0	0	0	0	0	0	4	7	6	0	0	3	0	0	0	0	0	2	0	0	0	0	0	0	0	0	0	0	0	1
1940	3 Mar 26	18:18:00	1	0	0	0	0	0	0	0	7	2	0	0	0	0	0	3	8	0	0	0	4	0	0	0	0	0	0	0	0	0	4	0	0	0	0	0	0	0	1
1941	3 Mar 26	18:19:00	1	0	0	0	0	0	0	0	5	0	0	0	0	0	0	1	5	0	0	0	0	0	0	0	0	0	0	0	0	0	0	0	0	0	0	0	0	0	0
1942	3 Mar 26	18:20:00	1	0	0	0	0	0	0	0	2	0	0	0	0	0	0	4	4	0	0	0	2	0	0	0	0	0	6	0	0	0	5	0	0	0	0	0	0	0	0
1943	3 Mar 26	18:21:00	1	0	0	0	0	0	0	0	2	0	0	0	0	0	0	3	6	0	0	0	3	0	0	0	0	0	4	0	0	0	4	0	0	0	0	0	0	0	0
1944	3 Mar 26	18:22:00	1	0	0	0	0	0	0	0	4	0	0	0	0	0	0	6	6	0	0	0	1	0	0	0	0	0	3	0	0	0	3	0	0	0	0	0	0	0	0
1945	3 Mar 26	18:23:00	1	0	0	0	0	0	0	0	4	0	0	0	0	0	0	0	5	0	0	0	3	0	0	0	0	0	0	0	0	0	2	0	0	0	0	0	0	0	0
1946	3 Mar 26	18:24:00	1	0	0	0	0	0	0	0	4	0	0	0	0	0	0	0	8	0	0	0	5	0	0	0	0	0	1	0	0	0	0	0	0	1	0	0	0	0	0
1947	3 Mar 26	18:25:00	1	0	0	0	0	0	0	0	6	0	0	0	0	0	0	3	7	0	0	0	2	0	0	0	0	0	2	0	2	0	0	0	0	2	0	0	0	0	0
1948	3 Mar 26	18:26:00	1	0	0	0	0	0	0	6	5	0	0	0	0	0	0	0	4	0	0	0	0	0	0	0	0	0	1	0	1	0	0	0	0	5	0	0	0	0	0
1949	3 Mar 26	18:27:00	1	0	0	0	0	0	0	0	5	0	0	0	0	0	0	0	4	0	0	0	0	0	0	0	0	0	0	0	0	0	0	0	0	0	0	0	0	0	0
1950	3 Mar 26	18:28:00	1	0	0	0	0	0	0	0	3	0	0	0	0	0	0	0	4	0	0	0	1	0	0	0	0	0	0	0	1	0	0	0	0	1	0	0	0	0	0
1951	3 Mar 26	18:29:00	1	0	0	0	0	0	0	1	4	0	0	0	0	0	0	0	5	0	0	0	0	0	0	0	0	0	0	0	0	0	0	0	0	3	0	0	0	0	0
1952	3 Mar 26	18:30:00	1	0	0	0	0	0	0	0	6	0	0	0	0	0	0	0	6	0	2	0	0	0	0	0	0	0	0	0	0	0	0	0	0	2	0	0	0	0	0
1953	3 Mar 26	18:31:00	1	0	0	0	0	0	0	0	4	0	0	0	0	0	0	0	6	0	4	0	2	0	0	0	0	0	0	0	0	0	0	0	0	1	0	0	0	0	0
1954	3 Mar 26	18:32:00	1	0	0	0	0	0	0	0	4	0	0	0	0	0	0	0	9	0	2	0	0	0	0	0	0	0	0	0	0	0	0	0	0	0	0	0	0	0	0
1955	3 Mar 26	18:33:00	1	0	0	0	0	0	0	0	2	0	0	0	3	0	0	0	6	0	0	0	0	0	0	0	0	0	3	0	1	0	0	0	0	0	0	0	0	0	0
1956	3 Mar 26	18:34:00	1	0	0	0	0	0	0	0	3	0	0	0	0	2	0	0	6	0	0	0	0	0	0	0	0	0	0	0	0	0	0	0	0	0	0	0	0	0	0
1957	3 Mar 26	18:35:00	1	0	0	0	0	0	0	0	6	0	0	0	2	0	0	0	5	0	3	0	0	0	0	0	0	0	2	0	0	0	0	0	0	0	0	0	0	0	0
1958	3 Mar 26	18:36:00	1	0	0	0	0	0	0	0	6	0	0	0	0	0	0	0	4	0	6	0	1	0	0	0	0	0	5	0	0	0	4	0	0	0	0	0	0	0	0
1959	3 Mar 26	18:37:00	1	0	0	0	0	0	0	2	7	0	0	0	4	0	0	0	8	0	4	0	0	2	0	0	0	0	0	0	1	0	0	0	0	0	0	0	0	0	0
1960	3 Mar 26	18:38:00	1	0	0	0	0	0	0	9	4	0	0	0	1	0	0	0	5	0	6	0	2	5	0	0	0	0	3	0	2	0	0	0	0	0	0	0	0	0	0
1961	3 Mar 26	18:39:00	1	0	0	0	0	0	0	6	4	0	0	0	7	0	0	0	6	0	9	0	6	0	0	0	0	0	0	0	0	0	0	0	0	0	0	0	0	0	0
1962	3 Mar 26	18:40:00	1	0	0	0	0	0	0	1	5	0	0	0	0	3	0	0	5	0	2	0	2	0	0	0	0	0	3	0	1	0	0	0	0	3	0	0	0	0	0
1963	3 Mar 26	18:41:00	1	0	0	0	0	0	0	4	2	0	0	0	0	0	0	0	5	0	0	0	3	0	0	0	0	0	0	0	3	0	0	0	0	3	0	0	0	0	0
1964	3 Mar 26	18:42:00	1	0	0	0	0	0	0	3	6	0	0	0	0	0	0	0	4	0	0	0	3	0	0	0	0	0	1	0	0	0	2	0	0	3	0	0	0	0	0
1965	3 Mar 26	18:43:00	1	0	0	0	0	0	0	3	5	0	0	0	0	0	0	0	5	0	0	0	2	0	0	0	0	0	3	0	0	0	4	0	0	5	0	0	0	0	0
1966	3 Mar 26	18:44:00	1	0	0	0	0	0	0	4	7	0	0	0	0	0	0	0	6	0	0	0	2	0	0	0	0	0	2	0	0	0	0	0	0	1	0	0	0	0	0
1967	3 Mar 26	18:45:00	1	0	0	0	0	0	0	0	4	0	0	0	0	0	0	0	6	0	0	0	2	0	0	0	0	0	0	0	0	0	0	0	0	0	0	0	0	0	0
1968	3 Mar 26	18:46:00	1	0	0	0	0	0	0	1	5	0	0	0	0	0	0	0	6	0	0	0	1	0	0	0	0	0	4	2	0	0	0	0	0	0	0	0	0	0	4
1969	3 Mar 26	18:47:00	1	0	0	0	0	0	0	0	8	0	0	0	0	2	0	0	7	0	0	0	3	0	0	0	0	0	3	0	0	0	0	0	0	0	0	0	0	0	5
1970	3 Mar 26	18:48:00	1	0	0	0	0	0	0	0	4	0	0	0	0	0	0	0	4	0	0	0	2	0	0	0	0	0	0	1	0	0	0	0	0	5	0	0	0	0	0
1971	3 Mar 26	18:49:00	1	0	0	0	0	0	0	8	3	0	0	0	0	2	0	0	7	0	0	0	4	0	0	0	0	0	0	0	0	0	0	0	0	5	0	0	0	0	0
1972	3 Mar 26	18:50:00	1	0	0	0	0	0	0	2	7	0	0	0	0	0	0	0	7	0	0	0	0	0	0	0	0	0	0	0	0	0	0	0	0	1	0	0	0	0	0
1973	3 Mar 26	18:51:00	1	0	0	0	0	0	0	0	4	0	0	0	0	0	0	0	7	0	0	0	0	0	0	0	0	0	0	0	0	0	0	0	3	3	0	0	0	0	0
1974	3 Mar 26	18:52:00	1	0	0	0	0	0	0	1	2	0	0	0	0	0	0	0	6	0	0	0	1	0	0	0	0	0	0	0	0	0	0	0	0	3	0	0	0	0	0
1975	3 Mar 26	18:53:00	1	0	0	0	0	0	0	0	8	0	0	0	0	0	0	0	8	0	0	0	0	0	0	0	0	0	0	0	0	0	0	0	1	3	0	0	0	0	0
1976	3 Mar 26	18:54:00	1	0	0	0	0	0	0	1	4	0	0	0	0	0	0	0	8	0	0	0	3	0	0	0	0	0	0	0	0	0	0	0	2	0	0	0	0	0	0
1977	3 Mar 26	18:55:00	1	0	0	0	0	0	0	2	2	0	0	0	0	0	0	0	7	0	0	0	0	0	0	0	0	0	0	0	0	0	0	0	0	0	0	0	0	0	0
1978	3 Mar 26	18:56:00	1	0	0	0	0	0	0	0	6	0	0	0	0	0	0	0	6	0	0	0	1	0	0	0	0	0	0	0	0	0	0	0	0	0	0	0	0	0	2
1979	3 Mar 26	18:57:00	1	0	0	0	0	0	0	0	7	0	0	0	0	0	1	0	5	0	0	0	0	0	0	0	0	0	0	0	0	0	0	0	0	4	0	0	0	0	11
1980	3 Mar 26	18:58:00	1	0	0	0	0	0	0	0	4	0	0	0	0	0	1	0	4	0	0	0	0	0	0	0	0	0	3	0	0	0	0	0	0	0	0	0	0	0	10
1981	3 Mar 26	18:59:00	1	0	0	0	0	0	0	0	5	0	0	0	0	0	3	0	3	0	0	0	0	6	0	0	0	0	4	0	0	0	0	0	0	0	0	0	0	0	4
1982	3 Mar 26	19:00:00	1	0	0	0	0	0	0	0	5	0	0	0	0	0	1	0	6	0	0	0	0	2	0	0	0	0	4	0	0	0	0	0	0	0	0	0	0	0	4
1983	3 Mar 26	19:01:00	1	0	0	0	0	0	0	0	4	0	0	0	0	0	0	0	5	0	0	0	0	0	0	0	0	0	6	0	0	0	0	0	0	0	0	0	0	0	7
1984	3 Mar 26	19:02:00	1	0	0	0	0	0	0	0	6	0	0	0	0	0	2	0	7	0	0	0	0	0	0	0	0	0	5	0	0	0	0	0	0	0	0	0	0	0	5
1985	3 Mar 26	19:03:00	1	0	0	0	0	0	0	0	5	4	0	0	0	0	2	0	7	0	0	0	0	0	0	0	0	0	0	0	0	0	0	0	0	5	0	0	0	0	1
1986	3 Mar 26	19:04:00	1	0	0	0	0	0	0	0	6	10	0	0	0	0	1	0	4	0	0	0	0	0	0	0	0	0	3	0	0	0	0	0	0	0	0	0	0	0	4
1987	3 Mar 26	19:05:00	1	0	0	0	0	0	0	0	4	0	7	0	0	0	2	0	4	0	0	0	0	0	0	0	0	0	6	0	0	0	0	0	0	0	0	0	0	0	4
1988	3 Mar 26	19:06:00	1	0	0	0	0	0	0	0	6	4	12	0	0	0	9	0	6	0	0	0	0	0	0	0	0	0	2	0	0	0	0	0	0	0	0	0	0	0	7
1989	3 Mar 26	19:07:00	1	0	0	0	0	0	0	0	3	4	3	0	0	0	4	0	8	0	0	0	0	0	0	0	0	0	0	0	0	0	0	0	0	0	0	0	0	0	9
1990	3 Mar 26	19:08:00	1	0	0	0	0	0	0	0	5	0	6	0	0	0	2	0	7	0	0	0	0	0	0	0	0	0	3	0	0	0	0	0	0	0	0	0	0	0	5
1991	3 Mar 26	19:09:00	1	0	0	0	0	0	0	0	4	0	6	0	0	0	0	0	8	0	0	0	0	0	0	0	0	0	2	0	0	0	0	0	0	0	0	0	0	0	0
1992	3 Mar 26	19:10:00	1	0	0	0	0	0	0	0	3	3	3	0	0	0	2	0	6	0	0	0	0	0	0	0	0	0	1	0	0	0	0	0	0	0	0	0	0	0	0
1993	3 Mar 26	19:11:00	1	0	0	0	0	0	0	0	6	0	8	0	4	0	1	0	8	0	0	0	0	0	0	0	0	0	2	0	0	0	0	0	0	0	0	0	0	0	2
1994	3 Mar 26	19:12:00	1	0	0	0	0	0	0	0	6	0	7	0	3	0	4	0	5	0	0	0	0	0	0	0	0	0	0	0	0	0	0	0	0	0	0	0	0	0	6
1995	3 Mar 26	19:13:00	1	0	0	0	0	0	0	0	5	0	7	0	8	0	0	0	4	0	0	0	0	0	0	0	0	0	4	0	0	0	0	0	0	0	0	0	0	0	2
1996	3 Mar 26	19:14:00	1	0	0	0	0	0	0	0	9	0	5	0	7	0	0	0	5	0	0	0	0	0	0	0	0	0	0	0	0	0	0	0	0	4	0	0	0	0	2
1997	3 Mar 26	19:15:00	1	0	0	0	0	0	0	0	4	0	4	0	5	0	0	0	5	0	0	0	0	0	0	0	0	0	0	0	0	0	0	0	0	0	0	0	6	0	1
1998	3 Mar 26	19:16:00	1	0	0	0	0	0	0	0	4	0	2	0	0	0	0	0	0	0	0	0	0	0	0	0	0	0	1	0	0	0	0	0	0	0	0	0	0	0	3
1999	3 Mar 26	19:17:00	1	0	0	0	0	0	0	3	4	0	8	0	3	0	3	0	2	0	0	0	1	0	0	0	0	0	0	0	0	0	0	0	2	0	0	0	0	0	7
2000	3 Mar 26	19:18:00	1	0	0	0	0	0	0	3	4	0	4	0	1	0	2	0	7	0	0	0	1	0	0	0	0	0	0	0	0	0	0	0	0	0	0	0	0	0	6
2001	3 Mar 26	19:19:00	1	0	0	0	0	0	0	0	2	0	0	0	7	0	0	0	5	0	0	0	3	0	4	0	0	0	0	0	0	0	0	0	0	0	0	0	0	0	6
2002	3 Mar 26	19:20:00	1	0	0	0	0	0	0	0	6	0	4	0	2	0	2	0	2	0	0	0	2	0	3	0	0	0	0	0	0	0	0	0	0	0	0	0	0	0	5
2003	3 Mar 26	19:21:00	1	0	0	0	0	0	0	1	5	0	7	0	2	0	2	0	4	0	0	0	2	0	3	0	0	0	0	0	0	0	0	0	0	0	0	0	0	0	6
2004	3 Mar 26	19:22:00	1	0	0	0	0	0	0	3	3	0	4	0	9	0	0	0	6	0	0	0	6	0	6	0	0	0	0	0	0	0	0	0	0	2	0	0	0	0	8
2005	3 Mar 26	19:23:00	1	0	0	0	0	0	0	0	7	0	5	0	2	0	4	0	6	0	0	0	2	0	0	0	0	0	0	0	0	0	0	0	0	0	0	0	0	0	6
2006	3 Mar 26	19:24:00	1	0	0	0	0	0	0	2	4	0	5	0	4	0	3	0	8	0	0	0	4	0	0	0	0	0	0	0	0	0	0	0	0	5	0	0	0	0	5
2007	3 Mar 26	19:25:00	1	0	0	0	0	0	0	4	4	0	2	0	5	2	5	0	2	0	0	0	3	0	0	0	0	0	0	0	0	0	0	0	0	4	0	0	0	0	1
2008	3 Mar 26	19:26:00	1	0	0	0	0	0	0	4	5	0	4	0	6	0	2	0	4	0	0	0	3	0	1	0	0	0	0	0	0	0	0	0	0	4	0	0	0	0	5
2009	3 Mar 26	19:27:00	1	0	0	0	0	0	0	0	3	0	6	0	5	0	5	0	7	1	0	0	0	0	5	0	0	0	0	0	0	0	0	0	0	6	0	0	0	0	2
2010	3 Mar 26	19:28:00	1	0	0	0	0	0	0	2	7	0	4	0	6	0	0	0	2	11	0	0	1	3	4	0	0	0	0	0	0	0	0	0	0	0	0	0	4	0	3
2011	3 Mar 26	19:29:00	1	0	0	0	0	0	0	9	3	0	2	0	4	0	3	5	4	9	0	0	2	9	0	0	0	0	0	0	0	0	0	0	0	4	0	0	0	0	5
2012	3 Mar 26	19:30:00	1	0	0	0	0	0	0	2	3	0	6	0	4	0	5	10	4	18	0	0	5	0	5	0	0	0	0	0	0	0	0	1	0	0	0	0	0	0	0
2013	3 Mar 26	19:31:00	1	0	0	0	0	0	0	2	7	0	3	0	3	0	3	7	7	14	0	0	3	0	0	0	0	0	0	0	0	0	0	0	0	0	0	0	0	0	3
2014	3 Mar 26	19:32:00	1	0	0	0	0	0	0	16	5	0	2	0	0	0	3	6	4	9	0	0	2	0	0	0	0	0	0	0	0	0	0	0	0	6	0	0	0	0	6
2015	3 Mar 26	19:33:00	1	0	0	0	0	0	0	1	5	0	2	0	0	0	2	2	3	5	0	0	4	0	0	0	0	0	0	0	0	0	0	0	0	3	0	0	0	0	0
2016	3 Mar 26	19:34:00	1	0	0	0	0	0	0	0	2	0	7	0	2	0	1	3	2	18	0	0	2	0	3	0	0	0	0	0	0	0	2	0	1	0	0	0	0	0	0
2017	3 Mar 26	19:35:00	1	0	0	0	0	0	0	2	3	0	10	0	6	0	1	7	3	15	0	0	1	0	2	0	2	0	0	0	0	0	0	0	0	0	0	0	0	0	10
2018	3 Mar 26	19:36:00	1	0	0	0	0	0	0	4	0	0	5	0	3	0	4	3	5	14	0	0	2	0	4	0	2	0	0	0	0	0	0	0	0	0	0	0	0	0	0
2019	3 Mar 26	19:37:00	1	0	0	0	0	0	0	0	3	0	6	0	5	0	0	7	6	9	0	0	0	0	2	0	2	0	0	0	0	0	3	0	0	0	0	0	0	0	3
2020	3 Mar 26	19:38:00	1	0	0	0	0	0	0	0	4	0	5	0	2	0	0	7	5	12	0	0	3	0	7	0	4	0	0	0	0	0	5	0	0	0	0	0	0	0	1
2021	3 Mar 26	19:39:00	1	0	0	0	0	0	0	0	6	0	4	0	2	0	0	5	5	17	0	0	1	0	1	0	2	0	0	0	0	0	1	0	0	2	0	0	0	0	1
2022	3 Mar 26	19:40:00	1	0	0	0	0	0	0	0	3	0	2	0	3	0	0	6	6	11	0	0	6	0	4	0	7	0	0	0	0	0	4	0	0	6	0	0	0	0	0
2023	3 Mar 26	19:41:00	1	0	0	0	0	0	0	0	5	0	3	0	0	0	0	2	4	8	0	0	1	0	3	0	3	0	0	0	0	0	0	0	0	0	0	0	0	0	0
2024	3 Mar 26	19:42:00	1	0	0	0	0	0	0	0	4	0	5	0	2	0	0	3	4	13	0	0	4	0	5	0	2	0	0	0	0	0	0	0	0	0	0	0	0	0	0
2025	3 Mar 26	19:43:00	1	0	0	0	0	0	0	3	3	0	2	0	4	0	5	0	6	6	0	0	3	0	2	0	6	0	0	0	0	0	0	0	0	0	0	0	0	0	0
2026	3 Mar 26	19:44:00	1	0	0	0	0	0	0	0	3	0	6	0	1	0	5	4	9	8	0	0	3	6	6	0	5	0	0	0	0	0	1	0	0	0	0	0	0	0	0
2027	3 Mar 26	19:45:00	1	0	0	0	0	0	0	0	6	0	5	0	2	0	2	7	8	8	0	0	0	2	3	0	4	0	1	0	0	0	0	0	0	0	0	0	0	0	0
2028	3 Mar 26	19:46:00	1	0	0	0	0	0	0	0	5	0	2	0	0	0	0	3	7	8	0	0	4	0	1	0	4	0	2	0	0	0	0	0	0	0	0	0	0	0	0
2029	3 Mar 26	19:47:00	1	0	0	0	0	0	0	0	9	0	6	0	0	0	3	8	4	0	0	0	0	0	4	0	1	0	0	0	0	0	0	0	0	0	0	0	0	0	0
2030	3 Mar 26	19:48:00	1	0	0	0	0	0	0	0	7	0	6	0	0	0	1	6	5	0	0	0	2	0	4	0	2	0	0	0	0	0	0	0	0	0	0	0	0	0	0
2031	3 Mar 26	19:49:00	1	0	0	0	0	0	0	0	3	0	4	0	3	0	1	0	4	0	0	0	0	0	2	0	0	0	1	0	0	0	0	0	0	0	0	0	0	0	0
2032	3 Mar 26	19:50:00	1	0	0	0	0	0	0	0	5	0	4	0	0	0	0	2	5	0	0	0	1	0	2	0	0	0	5	0	0	0	0	0	4	0	0	0	2	0	0
2033	3 Mar 26	19:51:00	1	0	0	0	0	0	0	0	2	0	3	0	0	0	0	0	5	0	0	0	1	0	1	0	0	0	0	0	0	0	0	0	0	0	0	0	3	0	0
2034	3 Mar 26	19:52:00	1	0	0	0	0	0	0	0	7	0	6	0	0	0	0	0	6	7	0	0	2	0	4	0	0	0	4	0	0	0	0	0	0	0	0	4	2	0	0
2035	3 Mar 26	19:53:00	1	0	0	0	0	0	0	0	6	0	4	0	0	0	0	0	8	13	0	0	4	0	4	0	0	0	3	0	0	0	0	0	0	0	0	0	0	0	0
2036	3 Mar 26	19:54:00	1	0	0	0	0	0	0	0	6	0	3	0	0	0	0	0	6	14	1	0	0	0	1	0	0	0	0	0	0	0	0	0	0	0	0	2	0	0	0
2037	3 Mar 26	19:55:00	1	0	0	0	0	0	0	0	4	0	7	0	0	0	0	0	4	13	8	0	2	0	4	0	0	0	0	0	0	0	0	0	0	0	0	1	1	0	0
2038	3 Mar 26	19:56:00	1	0	0	0	0	0	0	0	4	0	5	0	0	2	0	0	9	3	5	0	0	0	0	0	0	0	0	0	0	0	0	0	0	8	0	0	2	0	0
2039	3 Mar 26	19:57:00	1	0	0	0	0	0	0	0	4	0	7	0	0	3	0	0	7	7	3	0	0	0	0	0	0	0	3	0	0	0	16	0	0	8	0	0	2	0	0
2040	3 Mar 26	19:58:00	1	0	0	0	0	0	0	0	9	0	3	0	0	0	0	0	3	4	0	0	1	0	0	0	0	0	0	0	0	0	6	0	1	5	0	0	11	0	0
2041	3 Mar 26	19:59:00	1	0	0	0	0	0	0	0	4	0	8	0	0	7	0	0	1	7	4	0	2	0	0	0	0	0	0	0	0	0	0	0	2	0	0	1	5	0	0
2042	3 Mar 26	20:00:00	1	0	0	0	0	0	0	0	3	0	8	0	0	3	0	0	5	10	6	0	0	0	4	0	0	0	0	0	0	0	2	0	0	0	0	2	0	0	0
2043	3 Mar 26	20:01:00	1	0	0	0	0	0	0	0	6	0	6	0	0	3	0	0	2	3	2	0	0	0	3	0	0	0	2	0	0	0	0	0	5	0	0	0	1	0	0
2044	3 Mar 26	20:02:00	1	0	0	0	0	0	0	0	6	0	5	0	0	1	0	0	7	0	5	0	0	0	6	0	0	0	4	0	0	0	0	0	11	0	0	2	0	0	0
2045	3 Mar 26	20:03:00	1	0	0	0	0	0	0	7	5	0	4	0	0	6	0	0	4	0	3	0	3	0	4	0	0	0	5	0	0	0	0	0	1	7	0	1	8	0	0
2046	3 Mar 26	20:04:00	1	0	0	0	0	0	0	9	5	0	8	0	0	2	0	0	6	0	2	0	4	0	5	0	0	0	5	0	0	0	0	0	4	0	0	0	6	0	0
2047	3 Mar 26	20:05:00	1	0	0	0	0	0	0	4	3	0	5	0	0	7	0	0	2	0	4	0	4	0	2	0	0	0	0	0	0	0	0	0	3	0	0	10	5	0	0
2048	3 Mar 26	20:06:00	1	0	0	0	0	0	0	3	6	0	8	0	0	4	0	0	4	9	6	0	4	0	3	0	0	0	0	0	0	0	0	0	0	0	0	10	6	0	2
2049	3 Mar 26	20:07:00	1	0	0	0	0	0	0	2	7	0	5	0	0	2	0	0	6	6	1	0	3	0	3	0	0	0	1	0	0	0	0	0	5	0	0	4	6	0	0
2050	3 Mar 26	20:08:00	1	0	0	0	0	0	0	0	7	0	8	0	0	3	0	0	7	5	0	0	2	0	4	0	0	0	0	0	0	0	0	0	0	0	0	6	2	0	0
2051	3 Mar 26	20:09:00	1	0	0	0	0	0	0	0	5	0	35	0	0	6	0	0	7	7	0	0	0	0	4	0	0	0	2	0	5	0	0	0	0	0	0	15	2	0	0
2052	3 Mar 26	20:10:00	1	0	0	0	0	0	0	4	5	0	9	0	0	2	0	0	6	0	5	0	6	0	2	0	0	0	3	0	0	0	0	0	0	0	0	3	11	0	0
2053	3 Mar 26	20:11:00	1	0	0	0	0	0	0	6	5	0	7	0	0	4	0	0	5	0	3	0	1	0	2	0	0	0	0	0	5	0	0	0	0	0	0	2	4	0	0
2054	3 Mar 26	20:12:00	1	0	0	0	0	0	0	0	3	0	2	0	0	2	0	0	5	0	3	0	2	4	3	0	0	0	1	0	5	0	0	0	0	0	0	4	4	0	0
2055	3 Mar 26	20:13:00	1	0	0	0	0	0	0	1	3	3	5	0	0	4	0	0	5	0	2	0	6	10	2	0	0	0	4	0	0	0	0	0	0	0	0	4	11	0	0
2056	3 Mar 26	20:14:00	1	0	0	0	0	0	0	6	5	12	6	0	0	0	0	0	6	0	1	0	3	9	0	0	1	0	1	0	0	0	0	0	0	0	0	2	4	0	0
2057	3 Mar 26	20:15:00	1	0	0	0	0	0	0	1	9	9	5	0	0	2	0	0	4	0	1	0	1	5	3	0	3	0	2	0	1	0	0	0	0	0	0	0	3	0	0
2058	3 Mar 26	20:16:00	1	0	0	0	0	0	0	0	5	8	6	0	0	5	0	0	4	0	2	0	2	8	6	1	5	0	4	0	6	0	0	0	0	0	0	2	8	0	0
2059	3 Mar 26	20:17:00	1	0	0	0	0	0	0	3	5	5	7	0	0	4	0	0	6	0	0	0	1	5	9	3	8	0	1	0	5	0	0	0	0	0	0	3	5	0	0
2060	3 Mar 26	20:18:00	1	0	0	0	0	0	0	0	5	0	5	0	0	7	0	0	7	0	0	0	4	7	5	5	4	0	0	0	0	0	0	0	0	0	0	6	6	0	0
2061	3 Mar 26	20:19:00	1	0	0	0	0	0	0	0	5	2	6	0	2	4	0	0	7	0	5	0	7	8	4	4	4	0	1	0	0	0	0	0	0	0	0	2	8	0	0
2062	3 Mar 26	20:20:00	1	0	0	0	0	0	0	9	5	1	2	0	7	6	0	2	10	0	0	0	5	4	1	1	6	0	6	0	5	0	1	0	0	0	0	18	3	0	0
2063	3 Mar 26	20:21:00	1	0	0	0	0	0	0	4	3	3	3	0	4	7	0	5	7	0	0	0	3	5	0	5	4	0	1	0	6	0	6	0	0	2	0	2	12	0	0
2064	3 Mar 26	20:22:00	1	0	0	0	0	0	0	3	4	8	10	0	3	6	0	3	5	0	0	0	4	5	6	3	5	0	7	0	0	0	0	0	0	0	0	2	6	0	8
2065	3 Mar 26	20:23:00	1	0	0	0	0	0	0	1	7	3	8	0	6	5	0	6	5	0	0	0	5	8	3	2	5	0	3	0	0	0	0	0	0	6	0	5	9	0	5
2066	3 Mar 26	20:24:00	1	0	0	0	0	0	0	0	4	9	3	0	0	6	0	2	6	0	0	0	3	7	2	4	6	0	2	0	6	0	0	0	0	4	0	4	5	0	2
2067	3 Mar 26	20:25:00	1	0	0	0	0	0	0	0	7	7	7	0	3	7	0	7	4	0	3	0	1	7	2	0	3	0	3	0	4	0	2	0	0	3	0	3	0	0	7
2068	3 Mar 26	20:26:00	1	0	0	0	0	0	0	0	7	3	5	0	0	4	0	4	5	0	2	0	5	8	4	4	6	0	4	0	4	0	4	0	0	0	6	6	4	0	4
2069	3 Mar 26	20:27:00	1	0	0	0	0	0	0	0	3	3	9	0	2	5	0	6	7	0	6	0	0	7	1	0	2	0	5	0	2	0	1	0	0	0	1	3	9	0	7
2070	3 Mar 26	20:28:00	1	0	0	0	0	0	0	0	7	3	4	0	0	6	0	4	8	0	4	0	0	13	6	2	4	0	1	0	2	0	2	0	0	0	10	2	3	0	2
2071	3 Mar 26	20:29:00	1	0	0	0	0	0	0	0	7	4	3	0	5	4	0	6	6	0	5	0	0	10	4	6	4	0	2	2	3	0	0	0	0	0	7	5	5	0	1
2072	3 Mar 26	20:30:00	1	0	0	0	0	0	0	2	4	6	5	0	5	5	0	4	8	0	2	4	2	8	4	2	2	0	0	8	0	0	4	0	0	0	7	3	9	0	2
2073	3 Mar 26	20:31:00	1	0	0	0	0	0	0	0	4	6	8	0	4	2	0	5	3	0	3	0	4	5	5	2	6	0	0	2	0	0	1	0	0	0	13	22	8	0	0
2074	3 Mar 26	20:32:00	1	0	0	0	0	0	0	6	6	3	4	0	4	3	0	5	9	0	0	0	2	10	1	0	4	0	2	3	0	0	2	0	0	2	3	0	7	0	0
2075	3 Mar 26	20:33:00	1	0	0	0	0	0	0	2	4	8	5	0	4	6	0	2	3	0	0	0	3	8	6	1	5	0	6	1	0	2	4	0	0	0	6	0	6	0	0
2076	3 Mar 26	20:34:00	1	0	0	0	0	0	0	0	6	5	6	0	2	5	0	4	8	0	0	0	2	6	5	4	6	0	0	9	0	2	2	0	0	0	7	4	0	0	2
2077	3 Mar 26	20:35:00	1	0	0	0	0	0	0	0	6	6	2	0	5	5	0	0	7	0	0	0	2	8	8	9	5	0	2	0	4	0	2	0	0	0	1	2	3	0	0
2078	3 Mar 26	20:36:00	1	0	0	0	0	0	0	2	5	8	5	0	2	3	0	2	6	0	0	0	2	10	3	0	3	0	3	0	2	0	1	0	0	0	4	2	3	0	0
2079	3 Mar 26	20:37:00	1	0	0	0	0	0	0	0	4	8	5	0	0	5	0	0	3	0	0	0	0	7	6	3	6	0	3	0	0	0	0	0	4	0	7	1	4	0	0
2080	3 Mar 26	20:38:00	1	0	0	0	0	0	0	0	4	5	4	0	3	4	0	0	4	0	0	0	1	11	7	3	8	0	0	0	4	0	0	0	4	0	6	3	9	0	0
2081	3 Mar 26	20:39:00	1	0	0	0	0	0	0	0	2	4	6	0	3	5	0	0	6	0	0	0	3	10	2	1	2	0	4	0	3	0	0	0	4	0	0	5	4	0	0
2082	3 Mar 26	20:40:00	1	0	0	0	0	0	0	2	5	5	6	0	2	3	0	0	5	0	0	0	3	8	4	0	6	0	5	0	4	0	0	0	4	0	7	5	2	0	0
2083	3 Mar 26	20:41:00	1	0	0	0	0	0	0	3	5	4	3	0	0	4	0	0	5	0	0	0	1	6	5	3	5	0	0	0	5	0	0	0	3	0	11	2	4	0	0
2084	3 Mar 26	20:42:00	1	0	0	0	0	0	0	0	3	5	5	0	0	5	0	0	2	0	0	0	2	9	5	4	2	0	4	0	2	0	0	0	7	0	3	7	5	0	0
2085	3 Mar 26	20:43:00	1	0	0	0	0	0	0	0	5	6	3	0	0	7	0	0	6	0	0	0	1	10	1	4	1	0	0	0	2	0	0	0	10	0	6	2	5	0	0
2086	3 Mar 26	20:44:00	1	0	0	0	0	0	0	0	5	7	3	0	0	7	0	0	8	0	0	0	3	7	5	0	7	0	5	0	2	0	0	0	0	0	2	3	4	0	0
2087	3 Mar 26	20:45:00	1	0	0	0	0	0	0	0	5	4	7	0	0	5	0	0	6	0	0	0	2	7	0	0	5	0	3	0	4	0	0	0	0	0	4	16	6	0	0
2088	3 Mar 26	20:46:00	1	0	0	0	0	0	0	0	0	8	7	0	0	6	0	0	5	0	0	0	1	9	5	0	4	0	3	0	3	0	0	0	11	0	3	2	10	0	0
2089	3 Mar 26	20:47:00	1	0	0	0	0	0	0	0	5	1	4	0	0	3	0	0	6	0	0	0	4	11	1	0	6	0	3	0	4	0	0	0	3	0	0	3	9	0	0
2090	3 Mar 26	20:48:00	1	0	0	0	0	0	0	0	5	4	10	0	0	7	0	0	6	0	0	0	1	10	0	4	6	0	0	0	4	0	0	0	5	0	5	5	10	0	0
2091	3 Mar 26	20:49:00	1	0	0	0	0	0	0	0	8	6	7	0	0	6	0	0	4	1	0	0	4	6	0	2	4	0	3	0	0	2	0	0	7	0	3	2	4	0	0
2092	3 Mar 26	20:50:00	1	0	0	0	0	0	0	0	5	3	3	0	0	6	0	0	5	2	0	0	2	6	5	5	3	0	4	0	3	9	0	0	5	0	4	3	3	0	0
2093	3 Mar 26	20:51:00	1	0	0	0	0	0	0	0	4	4	6	0	0	5	0	0	8	1	0	0	3	9	4	4	4	0	4	0	3	8	0	0	15	1	7	3	7	0	0
2094	3 Mar 26	20:52:00	1	0	0	0	0	0	0	1	3	7	4	0	0	7	0	0	6	9	0	0	0	6	3	0	4	0	2	0	2	3	0	0	0	0	5	0	1	0	0
2095	3 Mar 26	20:53:00	1	0	0	0	0	0	0	5	4	8	4	0	0	5	0	0	6	5	0	0	0	8	3	0	2	0	4	0	3	7	0	0	0	0	8	1	4	0	0
2096	3 Mar 26	20:54:00	1	0	0	0	0	0	0	2	5	12	5	0	1	6	0	0	6	11	0	0	3	11	6	4	6	0	0	0	0	7	0	0	0	0	5	2	6	0	1
2097	3 Mar 26	20:55:00	1	0	0	0	0	0	0	0	5	3	5	0	6	6	0	2	8	16	0	0	3	9	3	3	6	0	0	0	2	6	0	0	0	0	3	2	2	0	9
2098	3 Mar 26	20:56:00	1	0	0	0	0	0	0	8	4	5	4	0	5	3	0	3	9	9	0	0	6	11	2	1	6	0	0	0	2	3	0	0	0	0	9	1	5	0	6
2099	3 Mar 26	20:57:00	1	0	0	0	0	0	0	6	3	2	6	0	2	8	0	2	7	10	0	0	3	9	3	5	6	0	4	0	4	8	0	0	0	0	9	2	6	0	0
2100	3 Mar 26	20:58:00	1	0	0	0	0	0	0	9	6	5	9	0	6	5	0	5	7	7	0	0	2	8	3	3	8	0	4	0	1	8	0	0	0	0	4	2	7	0	5
2101	3 Mar 26	20:59:00	1	0	0	0	0	0	0	4	5	7	4	0	2	4	0	9	6	10	0	0	5	6	4	1	5	0	1	0	1	5	0	0	0	0	3	0	7	0	4
2102	3 Mar 26	21:00:00	1	0	0	0	0	0	0	4	6	7	6	0	5	6	0	6	7	7	0	0	2	9	3	0	8	0	4	0	2	5	0	0	0	0	2	0	3	0	9
2103	3 Mar 26	21:01:00	1	0	0	0	0	0	0	3	3	11	5	0	7	4	0	0	4	0	0	0	6	7	4	0	6	0	7	0	3	2	0	0	0	0	2	3	8	0	3
2104	3 Mar 26	21:02:00	1	0	0	0	0	0	0	2	1	10	5	0	5	6	0	8	6	0	0	0	6	7	0	4	7	0	4	0	2	5	0	0	0	4	2	0	7	0	0
2105	3 Mar 26	21:03:00	1	0	0	0	0	0	0	0	7	7	5	0	5	6	0	8	8	12	0	0	8	10	2	0	7	0	4	0	1	4	0	0	0	2	7	3	2	0	1
2106	3 Mar 26	21:04:00	1	0	0	0	0	0	0	3	6	9	3	0	1	4	0	4	4	6	0	0	4	11	6	1	3	0	3	0	2	6	0	0	0	2	0	15	5	0	1
2107	3 Mar 26	21:05:00	1	0	0	0	0	0	0	7	8	8	6	0	0	5	0	4	6	13	0	0	0	7	1	4	0	0	1	0	3	4	0	0	0	2	4	5	4	0	5
2108	3 Mar 26	21:06:00	1	0	0	0	0	0	0	5	5	8	6	0	6	7	0	2	8	7	0	0	0	11	2	1	5	0	1	0	0	2	0	0	0	0	2	0	7	0	4
2109	3 Mar 26	21:07:00	1	0	0	0	0	0	0	8	5	7	3	0	0	3	0	7	8	14	0	0	3	8	0	3	4	0	2	0	2	1	0	0	0	0	5	0	2	0	2
2110	3 Mar 26	21:08:00	1	0	0	0	0	0	0	4	7	10	3	0	5	5	0	1	6	15	0	0	4	5	3	0	4	0	0	0	3	6	0	0	0	0	5	3	10	0	5
2111	3 Mar 26	21:09:00	1	0	0	0	0	0	0	8	5	6	3	0	4	3	0	5	5	10	0	0	4	8	1	3	4	0	4	0	2	7	0	0	0	0	4	13	1	0	3
2112	3 Mar 26	21:10:00	1	0	0	0	0	0	0	10	6	4	6	0	5	7	0	2	7	2	0	0	4	8	3	4	1	0	2	0	4	10	0	0	0	0	2	2	2	0	4
2113	3 Mar 26	21:11:00	1	0	0	0	0	0	0	6	5	7	4	0	4	8	0	4	5	7	0	0	7	8	0	0	6	0	3	0	1	5	0	0	0	2	4	6	7	0	4
2114	3 Mar 26	21:12:00	1	0	0	0	0	0	0	6	3	8	5	0	6	7	0	6	3	12	0	0	1	5	0	0	4	0	4	0	3	4	0	0	0	1	8	7	8	0	7
2115	3 Mar 26	21:13:00	1	0	0	0	0	0	0	7	6	8	6	0	6	5	0	3	8	14	0	0	8	9	2	0	8	0	4	0	1	7	0	0	0	7	3	1	3	0	5
2116	3 Mar 26	21:14:00	1	0	0	0	0	0	0	7	4	8	6	0	5	9	0	4	9	6	0	0	6	10	3	0	9	0	2	0	1	7	4	0	0	0	4	6	5	0	6
2117	3 Mar 26	21:15:00	1	0	0	0	0	0	0	8	4	9	4	0	2	6	0	10	8	11	0	0	4	7	2	6	7	0	4	0	3	4	2	0	0	7	1	0	4	0	5
2118	3 Mar 26	21:16:00	1	0	0	0	0	0	0	7	5	6	7	0	5	5	0	13	8	3	0	0	3	9	2	0	6	0	2	0	4	7	1	0	0	0	0	5	7	0	1
2119	3 Mar 26	21:17:00	1	0	0	0	0	0	0	5	4	11	6	0	3	6	0	5	4	9	0	0	2	7	0	0	7	0	3	0	2	2	5	0	0	4	6	3	5	0	6
2120	3 Mar 26	21:18:00	1	0	0	0	0	0	0	9	6	8	4	0	3	9	0	5	6	6	3	0	4	10	2	1	3	0	3	0	0	7	2	0	0	0	2	3	2	0	3
2121	3 Mar 26	21:19:00	1	0	0	0	0	0	0	7	4	9	1	0	3	3	0	8	6	6	0	0	1	5	2	0	8	0	2	0	0	4	0	0	0	0	0	2	5	0	2
2122	3 Mar 26	21:20:00	1	0	0	0	0	0	0	7	7	10	4	0	0	4	0	3	4	8	4	0	0	4	4	3	4	0	2	0	1	7	0	0	0	2	4	3	4	0	0
2123	3 Mar 26	21:21:00	1	0	0	0	0	0	0	7	4	7	8	0	3	6	0	3	7	5	0	0	1	5	2	3	5	0	1	0	2	8	1	0	0	0	2	4	5	0	1
2124	3 Mar 26	21:22:00	1	0	0	0	0	0	0	10	2	9	4	0	3	6	0	11	7	9	0	0	2	6	4	0	4	0	1	0	3	3	2	0	0	0	1	1	6	0	4
2125	3 Mar 26	21:23:00	1	0	0	0	0	0	0	9	7	7	4	0	4	5	0	4	4	5	2	0	3	4	2	0	7	0	6	0	3	5	3	0	0	0	4	0	6	0	6
2126	3 Mar 26	21:24:00	1	0	0	0	0	0	0	8	6	8	7	0	4	8	0	10	9	7	6	0	5	6	0	2	8	0	2	0	3	5	2	0	0	0	5	0	3	0	2
2127	3 Mar 26	21:25:00	1	0	0	0	0	0	0	8	3	7	3	0	7	7	0	6	7	7	7	0	5	8	0	2	4	0	3	0	3	5	2	0	0	0	3	0	10	0	0
2128	3 Mar 26	21:26:00	1	0	0	0	0	0	0	4	6	5	3	0	5	5	0	7	7	5	4	0	5	6	0	0	0	0	3	0	1	4	0	0	0	0	4	1	7	0	7
2129	3 Mar 26	21:27:00	1	0	0	0	0	0	0	10	6	10	6	0	3	6	0	7	3	5	5	6	3	9	2	3	4	0	3	0	1	6	3	0	0	0	2	1	6	0	0
2130	3 Mar 26	21:28:00	1	0	0	0	0	0	0	5	4	8	5	0	0	5	0	5	3	2	4	0	4	9	5	0	9	0	4	0	3	11	3	0	0	0	0	3	8	0	4
2131	3 Mar 26	21:29:00	1	0	0	0	0	0	0	9	4	11	2	0	0	5	0	6	7	3	4	0	3	9	5	2	5	0	0	0	6	3	4	0	0	0	0	6	7	0	6
2132	3 Mar 26	21:30:00	1	0	0	0	0	0	0	8	6	6	1	0	0	10	0	6	6	4	6	0	1	5	3	3	4	0	0	0	0	2	5	0	0	0	2	5	5	0	5
2133	3 Mar 26	21:31:00	1	0	0	0	0	0	1	12	5	8	2	0	8	8	8	4	6	22	6	1	4	11	8	6	9	0	3	1	5	6	2	4	1	0	8	4	5	0	6
2134	3 Mar 26	21:32:00	1	0	0	0	0	0	1	15	8	18	6	0	13	11	13	4	9	18	9	0	10	10	15	1	6	0	7	5	2	6	7	7	3	0	5	7	14	0	4
2135	3 Mar 26	21:33:00	1	0	0	0	0	0	1	11	11	21	3	0	14	3	2	5	8	16	6	4	4	13	3	7	0	0	5	7	2	4	3	10	0	0	4	7	6	0	3
2136	3 Mar 26	21:34:00	1	0	0	0	0	0	1	9	3	17	3	0	14	2	3	3	10	15	5	5	6	19	3	6	9	0	8	16	4	9	0	8	5	0	7	3	7	0	7
2137	3 Mar 26	21:35:00	1	0	0	0	0	0	1	13	5	15	11	0	9	6	5	6	13	19	10	2	0	15	4	5	5	0	6	7	5	5	4	5	3	1	3	9	11	11	7
2138	3 Mar 26	21:36:00	1	0	0	0	0	0	1	21	4	7	2	0	11	2	7	4	13	16	4	2	2	12	9	5	0	0	4	8	5	11	2	5	2	0	8	3	11	0	4
2139	3 Mar 26	21:37:00	1	0	0	0	0	0	1	5	9	13	6	0	9	4	4	9	12	19	3	1	5	7	5	5	6	0	12	5	5	11	7	9	2	0	2	0	14	4	6
2140	3 Mar 26	21:38:00	1	0	0	0	0	0	1	8	9	12	6	0	14	5	7	5	6	10	6	3	12	17	7	5	4	0	7	9	2	11	2	5	3	0	5	10	7	2	12
2141	3 Mar 26	21:39:00	1	0	0	0	0	0	1	11	9	11	2	0	4	3	4	7	10	7	5	6	12	15	6	4	3	0	8	11	4	7	0	6	8	0	3	3	10	11	2
2142	3 Mar 26	21:40:00	1	0	0	0	0	0	1	15	2	10	9	0	6	6	0	8	10	8	6	5	7	10	2	0	3	0	6	14	2	5	4	7	2	0	7	7	3	0	5
2143	3 Mar 26	21:41:00	1	0	0	0	0	0	1	14	1	13	2	0	8	3	1	5	13	13	5	3	5	11	4	3	6	0	3	10	2	5	1	6	0	0	6	10	5	0	9
2144	3 Mar 26	21:42:00	1	0	0	0	0	0	1	7	2	14	4	0	0	5	0	1	8	14	6	7	3	5	0	4	7	3	3	10	3	12	2	12	4	4	3	1	9	1	5
2145	3 Mar 26	21:43:00	1	0	0	0	0	0	1	13	4	7	4	0	6	3	6	11	8	6	6	1	2	13	5	5	5	3	7	7	4	10	7	6	1	2	6	6	10	0	3
2146	3 Mar 26	21:44:00	1	0	0	0	0	0	1	10	8	15	4	0	3	3	6	9	9	6	0	0	8	14	2	2	7	0	2	6	4	5	0	3	4	0	1	10	10	2	11
2147	3 Mar 26	21:45:00	1	0	0	0	0	0	1	7	1	15	8	0	4	4	5	5	10	13	5	3	5	7	3	2	4	4	7	10	6	10	3	5	3	1	5	13	8	3	4
2148	3 Mar 26	21:46:00	1	0	0	0	0	0	1	5	7	7	7	0	16	3	7	4	8	15	7	0	4	5	3	9	4	6	6	10	6	9	7	6	3	0	2	5	2	2	4
2149	3 Mar 26	21:47:00	1	0	0	0	0	0	1	8	4	10	3	0	5	5	3	4	8	17	6	0	9	11	4	4	10	5	6	4	4	6	4	3	4	4	7	1	9	4	3
2150	3 Mar 26	21:48:00	1	0	0	0	0	0	1	11	1	4	6	0	7	5	0	5	10	15	3	3	0	10	7	4	5	3	2	0	0	5	1	4	1	4	2	6	9	3	2
