2	4 Mar 26	08:14:00	1	0	0	0	0	0	1	10	1	7	5	0	1	4	4	10	6	1	2	0	2	5	2	5	6	4	2	10	3	10	2	6	2	3	3	0	8	3	2
1	4 Mar 26	08:43:00	1	0	0	0	0	0	1	79	19	154	111	54	41	99	122	103	168	189	37	135	131	194	190	68	79	74	103	122	91	95	90	111	84	109	119	89	84	35	116
2	4 Mar 26	08:44:00	1	0	0	0	0	0	1	8	3	9	8	3	0	6	6	1	10	6	0	4	2	1	9	15	6	7	8	7	18	4	7	11	5	6	3	3	7	4	4
3	4 Mar 26	08:45:00	1	0	0	0	0	0	1	5	0	8	8	7	5	9	9	7	11	11	0	13	9	1	5	8	5	6	6	7	12	3	3	7	7	6	4	3	3	2	9
4	4 Mar 26	08:46:00	1	0	0	0	0	0	1	9	0	10	13	4	6	7	6	6	12	11	0	8	2	2	7	9	4	6	10	13	14	28	8	7	3	5	8	7	8	5	6
5	4 Mar 26	08:47:00	1	0	0	0	0	0	1	4	0	10	11	7	1	7	6	6	13	8	0	6	2	1	5	12	2	4	6	12	13	5	4	5	7	5	10	2	4	4	6
6	4 Mar 26	08:48:00	1	0	0	0	0	0	1	4	0	9	8	2	0	4	4	3	9	7	0	9	8	3	4	7	5	3	5	5	13	3	3	11	3	2	5	5	3	6	9
7	4 Mar 26	08:49:00	1	0	0	0	0	0	1	7	0	4	7	2	0	4	5	2	6	15	1	4	8	3	8	12	8	2	6	7	7	1	4	9	7	4	9	7	0	3	4
8	4 Mar 26	08:50:00	1	0	0	0	0	0	1	13	0	2	5	4	0	5	4	4	2	6	2	6	5	4	5	3	3	10	12	9	7	2	5	5	4	6	7	10	0	4	7
9	4 Mar 26	08:51:00	1	0	0	0	0	0	1	7	0	3	8	5	0	3	3	2	4	5	1	6	1	3	4	7	12	3	4	6	11	7	4	10	6	7	5	8	0	6	5
10	4 Mar 26	08:52:00	1	0	0	0	0	0	1	5	0	7	6	11	0	5	4	3	4	7	0	6	4	2	3	8	1	6	3	10	8	0	5	11	3	9	6	7	0	10	5
11	4 Mar 26	08:53:00	1	0	0	0	0	0	1	6	0	4	5	13	0	3	3	3	7	11	0	5	0	6	4	12	9	5	7	3	9	0	5	11	3	4	9	2	2	6	7
12	4 Mar 26	08:54:00	1	0	0	0	0	0	1	10	0	9	3	9	0	4	6	3	4	8	0	0	4	0	4	10	6	4	7	9	4	0	5	9	2	7	8	5	6	5	7
13	4 Mar 26	08:55:00	1	0	0	0	0	0	1	7	0	6	8	12	0	6	4	0	7	9	0	12	0	0	6	12	5	7	6	6	6	0	7	6	2	9	8	8	3	4	5
14	4 Mar 26	08:56:00	1	0	0	0	0	0	1	9	0	7	6	3	0	8	7	0	8	7	0	3	0	3	5	11	6	8	6	10	6	0	6	3	3	9	12	5	0	4	6
15	4 Mar 26	08:57:00	1	0	0	0	0	0	1	3	0	10	6	2	0	3	3	13	8	5	0	4	0	1	1	11	4	6	8	4	7	0	5	2	2	3	10	19	6	2	5
16	4 Mar 26	08:58:00	1	0	0	0	0	0	1	5	0	13	11	3	5	5	1	10	13	6	0	0	0	5	2	5	1	10	6	5	7	0	4	1	0	10	5	11	4	6	8
17	4 Mar 26	08:59:00	1	0	0	0	0	0	1	3	0	13	5	1	0	3	7	5	1	5	0	0	0	3	6	8	5	3	5	2	9	0	3	0	0	5	5	6	3	6	11
18	4 Mar 26	09:00:00	1	0	0	0	0	0	1	12	0	20	5	6	0	5	4	7	7	7	0	1	4	0	1	7	7	4	4	4	7	0	5	0	1	4	3	4	2	5	8
19	4 Mar 26	09:01:00	1	0	0	0	0	0	1	9	0	9	4	2	0	7	7	6	8	4	0	4	0	3	5	6	11	2	3	5	8	0	7	0	3	3	14	2	3	2	6
20	4 Mar 26	09:02:00	1	0	0	0	0	0	1	8	0	6	6	0	0	0	8	8	4	4	0	9	3	0	1	9	5	6	3	4	5	0	5	3	1	5	12	5	3	2	10
21	4 Mar 26	09:03:00	1	0	0	0	0	0	1	6	0	0	2	0	0	4	3	5	14	4	5	10	0	3	0	5	4	3	5	3	12	0	4	5	1	3	4	21	1	2	6
22	4 Mar 26	09:04:00	1	0	0	0	0	0	1	11	0	3	0	0	0	2	5	4	5	6	8	5	0	4	0	8	0	3	5	8	6	0	4	2	4	2	8	0	6	5	5
23	4 Mar 26	09:05:00	1	0	0	0	0	0	1	6	0	14	0	0	0	2	4	5	7	5	0	5	2	0	3	6	0	5	5	4	10	0	4	3	3	5	6	6	0	3	6
24	4 Mar 26	09:06:00	1	0	0	0	0	0	1	4	0	10	1	2	0	4	4	6	4	4	0	1	3	0	0	5	9	8	5	5	5	0	8	4	2	1	11	4	3	3	7
25	4 Mar 26	09:07:00	1	0	0	0	0	0	1	3	0	13	4	1	0	0	4	9	4	0	0	8	4	2	0	7	6	6	6	0	4	0	3	0	1	3	5	2	3	3	6
26	4 Mar 26	09:08:00	1	0	0	0	0	0	1	6	3	10	8	0	0	2	11	11	7	0	0	8	0	2	2	6	1	3	5	0	6	0	3	4	0	0	7	35	3	7	2
27	4 Mar 26	09:09:00	1	0	0	0	0	0	1	4	2	3	5	0	0	4	7	7	7	2	0	5	2	5	0	4	7	6	3	0	9	2	4	4	0	1	2	5	6	8	6
28	4 Mar 26	09:10:00	1	0	0	0	0	0	1	4	0	7	2	0	0	3	4	9	2	3	0	7	0	0	6	5	5	4	9	0	3	0	5	0	2	6	5	7	4	6	4
29	4 Mar 26	09:11:00	1	0	0	0	0	0	1	5	0	10	2	0	0	2	7	7	4	7	8	7	0	0	0	5	15	4	6	0	8	0	3	1	2	4	8	7	5	5	5
30	4 Mar 26	09:12:00	1	0	0	0	0	0	1	12	0	16	7	0	0	1	7	7	7	5	2	8	0	3	0	2	6	6	3	0	6	0	4	3	3	3	4	1	2	5	3
31	4 Mar 26	09:13:00	1	0	0	0	0	0	1	8	1	10	7	1	0	2	6	12	9	6	0	14	0	9	0	9	6	2	6	0	11	1	5	3	1	8	6	2	7	2	4
32	4 Mar 26	09:14:00	1	0	0	0	0	0	1	5	0	20	4	0	0	1	2	10	6	4	15	8	3	0	0	8	2	2	7	7	11	7	4	2	0	7	4	1	4	4	4
33	4 Mar 26	09:15:00	1	0	0	0	0	0	1	8	0	9	10	0	3	5	2	7	8	6	9	4	0	0	6	8	6	4	3	4	12	1	2	0	3	4	5	0	0	4	3
34	4 Mar 26	09:16:00	1	0	0	0	0	0	1	9	0	10	4	0	3	1	5	7	7	6	0	9	0	0	5	9	8	1	6	7	6	2	4	5	2	0	5	6	2	5	6
35	4 Mar 26	09:17:00	1	0	0	0	0	0	1	8	0	27	6	0	1	0	4	10	6	4	0	7	1	0	3	0	0	6	3	4	7	1	6	1	0	5	6	6	0	3	6
36	4 Mar 26	09:18:00	1	0	0	0	0	0	1	10	1	20	5	0	11	0	8	7	3	12	0	8	0	3	0	5	1	5	5	2	5	8	2	7	0	4	6	5	4	3	4
37	4 Mar 26	09:19:00	1	0	0	0	0	0	1	5	1	9	7	2	0	0	1	14	4	6	0	8	0	0	0	5	8	4	0	3	6	10	4	6	0	5	4	2	5	2	4
38	4 Mar 26	09:20:00	1	0	0	0	0	0	1	12	0	20	3	2	0	0	5	4	7	5	0	10	0	2	0	10	8	5	3	1	6	3	3	3	0	5	1	1	3	2	5
39	4 Mar 26	09:21:00	1	0	0	0	0	0	1	7	0	15	5	0	0	2	3	7	6	4	0	5	0	1	3	5	3	6	6	0	6	5	2	7	1	5	5	5	3	0	3
40	4 Mar 26	09:22:00	1	0	0	0	0	0	1	5	0	9	5	5	0	0	4	10	10	6	0	7	0	3	5	9	0	5	7	0	7	5	0	7	3	1	1	9	5	6	5
41	4 Mar 26	09:23:00	1	0	0	0	0	0	1	4	4	8	5	4	0	0	5	11	6	8	0	9	0	0	4	8	1	2	5	0	4	6	1	5	2	2	8	10	6	7	5
42	4 Mar 26	09:24:00	1	0	0	0	0	0	1	5	3	9	6	3	2	6	4	11	7	9	1	11	4	3	5	8	9	4	5	3	9	7	8	6	2	10	13	13	3	9	12
43	4 Mar 26	09:25:00	1	0	0	0	0	0	0	8	0	10	8	6	0	8	3	11	11	9	0	5	1	10	6	7	6	12	1	3	8	8	2	5	3	7	6	10	9	4	11
44	4 Mar 26	09:26:00	1	0	0	0	0	0	0	5	0	14	4	6	2	6	4	15	11	10	4	6	9	14	4	8	2	9	0	5	5	4	5	5	4	6	8	7	5	3	7
45	4 Mar 26	09:27:00	1	0	0	0	0	0	0	9	0	14	10	2	11	6	0	9	13	7	0	12	8	1	5	6	9	9	6	3	3	6	6	7	2	4	6	10	11	4	8
46	4 Mar 26	09:28:00	1	0	0	0	0	0	0	4	0	18	10	3	0	6	3	9	12	7	0	10	4	7	4	9	9	7	3	3	5	5	6	5	2	5	9	7	6	2	5
47	4 Mar 26	09:29:00	1	0	0	0	0	0	0	9	0	14	11	6	0	10	2	11	10	7	0	6	3	4	2	9	3	4	6	9	4	6	4	4	4	7	6	6	5	5	7
48	4 Mar 26	09:30:00	1	0	0	0	0	0	0	8	0	13	11	8	0	6	1	13	8	8	0	10	3	5	3	8	7	6	4	5	9	0	7	2	1	3	5	9	10	5	7
49	4 Mar 26	09:31:00	1	0	0	0	0	0	0	11	0	10	17	4	0	6	2	11	8	9	1	10	10	0	0	7	12	10	8	5	4	0	4	3	3	4	16	10	10	4	8
50	4 Mar 26	09:32:00	1	0	0	0	0	0	0	11	0	13	9	4	0	8	1	12	8	8	2	10	9	11	2	7	1	3	4	4	7	1	5	6	0	9	6	4	8	1	7
51	4 Mar 26	09:33:00	1	0	0	0	0	0	0	7	0	16	9	5	0	8	1	10	9	6	0	8	8	2	0	7	5	14	7	5	7	4	8	5	1	2	5	7	7	0	3
52	4 Mar 26	09:34:00	1	0	0	0	0	0	0	11	0	11	7	3	1	6	1	9	10	4	0	9	5	0	0	3	9	5	6	2	7	0	8	4	2	0	19	5	5	9	4
53	4 Mar 26	09:35:00	1	0	0	0	0	0	0	9	0	12	7	2	1	7	0	10	11	6	2	13	6	5	0	3	15	2	11	5	4	0	6	5	4	3	3	6	8	2	3
54	4 Mar 26	09:36:00	1	0	0	0	0	0	0	8	0	11	10	8	1	6	0	10	9	8	0	11	11	1	0	5	8	0	6	4	7	2	3	4	3	6	2	17	9	9	4
55	4 Mar 26	09:37:00	1	0	0	0	0	0	0	7	0	10	11	5	2	8	0	8	10	5	0	7	7	3	0	0	7	8	4	0	6	3	5	4	0	1	0	8	11	4	3
56	4 Mar 26	09:38:00	1	0	0	0	0	0	0	6	0	14	5	4	3	6	0	11	12	4	2	7	11	5	0	4	7	5	6	0	6	0	0	6	0	3	0	10	9	2	7
57	4 Mar 26	09:39:00	1	0	0	0	0	0	0	11	0	10	12	5	0	4	0	9	7	8	0	12	5	0	0	2	6	4	7	0	8	0	8	2	2	3	0	2	13	2	7
58	4 Mar 26	09:40:00	1	0	0	0	0	0	0	7	0	12	11	4	0	4	0	12	9	6	0	8	4	1	0	2	2	4	4	0	8	0	6	5	2	3	0	1	2	3	5
59	4 Mar 26	09:41:00	1	0	0	0	0	0	0	10	0	11	12	4	0	5	0	10	8	4	0	8	4	3	0	1	4	0	6	0	5	2	6	0	7	2	0	1	8	1	5
60	4 Mar 26	09:42:00	1	0	0	0	0	0	0	9	0	11	8	7	0	7	0	10	8	2	0	9	6	0	0	0	4	0	5	0	10	1	3	0	6	1	0	2	8	0	5
61	4 Mar 26	09:43:00	1	0	0	0	0	0	0	9	3	13	8	6	0	4	3	7	7	9	0	6	7	0	0	2	9	0	5	0	5	2	5	0	2	1	0	2	4	1	4
62	4 Mar 26	09:44:00	1	0	0	0	0	0	0	8	0	13	10	4	0	0	0	10	12	3	0	9	0	0	0	5	3	0	6	0	5	5	3	5	7	1	0	0	9	0	3
63	4 Mar 26	09:45:00	1	0	0	0	0	0	0	5	4	10	9	4	0	2	0	12	8	7	2	9	6	7	0	0	0	0	8	3	6	4	8	3	4	1	0	3	7	0	8
64	4 Mar 26	09:46:00	1	0	0	0	0	0	0	10	1	10	10	7	2	3	0	10	7	7	2	7	2	1	0	0	3	0	11	2	5	2	5	1	5	3	0	0	4	0	4
65	4 Mar 26	09:47:00	1	0	0	0	0	0	0	6	0	13	11	9	0	3	0	12	7	8	3	7	4	2	0	0	5	0	8	7	6	0	5	6	0	0	0	0	6	0	4
66	4 Mar 26	09:48:00	1	0	0	0	0	0	0	8	0	4	10	5	0	6	0	10	4	8	5	7	2	2	0	0	7	0	4	6	2	0	0	3	5	0	0	1	1	0	1
67	4 Mar 26	09:49:00	1	0	0	0	0	0	0	6	2	14	4	3	0	8	0	8	7	9	0	10	2	4	0	0	8	0	9	3	4	0	2	5	5	0	0	0	6	0	2
68	4 Mar 26	09:50:00	1	0	0	0	0	0	0	6	4	13	6	5	0	4	2	7	7	4	0	8	3	4	0	0	7	0	6	9	3	1	3	5	3	1	0	0	6	0	1
69	4 Mar 26	09:51:00	1	0	0	0	0	0	0	8	2	5	8	2	0	3	6	13	4	5	0	8	1	1	0	0	2	0	6	1	1	0	3	5	2	5	0	0	2	0	3
70	4 Mar 26	09:52:00	1	0	0	0	0	0	0	10	0	10	4	9	0	2	3	10	4	6	0	7	1	3	0	0	6	0	10	0	5	1	0	2	7	3	0	0	0	0	1
71	4 Mar 26	09:53:00	1	0	0	0	0	0	0	8	0	10	5	5	0	0	1	12	5	8	1	6	3	2	0	0	3	0	7	0	7	0	6	3	4	2	0	0	0	0	3
72	4 Mar 26	09:54:00	1	0	0	0	0	0	0	5	0	8	7	2	0	0	0	8	6	6	0	6	0	0	0	2	1	0	5	0	4	1	6	3	6	7	0	0	8	0	2
73	4 Mar 26	09:55:00	1	0	0	0	0	0	0	7	0	21	11	5	0	2	3	12	10	8	10	7	2	0	0	2	2	0	6	0	4	0	2	3	7	0	0	0	10	0	2
74	4 Mar 26	09:56:00	1	0	0	0	0	0	0	6	0	1	8	3	0	0	1	11	6	6	0	7	0	11	0	3	7	0	6	0	5	0	6	4	0	0	0	0	5	0	1
75	4 Mar 26	09:57:00	1	0	0	0	0	0	0	10	0	5	11	5	0	2	1	12	7	4	0	7	0	0	0	0	4	0	6	0	4	0	4	4	1	0	0	0	8	0	1
76	4 Mar 26	09:58:00	1	0	0	0	0	0	0	6	0	8	8	4	0	5	1	13	12	10	8	8	0	0	0	2	7	0	7	0	4	0	6	3	4	0	0	0	6	0	1
77	4 Mar 26	09:59:00	1	0	0	0	0	0	0	7	0	12	5	4	0	4	2	9	9	6	6	9	0	6	0	0	2	0	6	0	7	0	5	1	2	0	0	0	10	0	2
78	4 Mar 26	10:00:00	1	0	0	0	0	0	0	8	0	13	7	0	0	2	0	6	5	10	0	8	0	0	0	1	4	0	8	0	6	0	7	5	2	0	0	0	9	0	1
79	4 Mar 26	10:01:00	1	0	0	0	0	0	0	6	0	12	5	2	3	0	0	10	7	11	0	6	0	0	0	0	7	0	8	0	7	0	6	3	0	0	0	0	4	0	1
80	4 Mar 26	10:02:00	1	0	0	0	0	0	0	5	0	12	14	2	4	1	2	9	0	8	4	8	0	0	0	1	6	0	5	0	8	0	4	3	0	5	0	0	5	0	0
81	4 Mar 26	10:03:00	1	0	0	0	0	0	0	8	1	10	8	3	3	3	0	10	6	9	0	8	0	0	0	0	5	0	6	0	4	0	3	1	0	4	0	0	9	0	0
82	4 Mar 26	10:04:00	1	0	0	0	0	0	0	11	3	11	10	2	0	2	0	12	7	10	0	5	0	0	0	0	3	0	6	0	3	0	4	2	4	0	0	0	8	0	1
83	4 Mar 26	10:05:00	1	0	0	0	0	0	0	7	0	10	5	1	0	4	0	11	1	4	0	6	0	0	0	1	3	0	5	0	4	0	4	5	6	1	0	0	7	0	0
84	4 Mar 26	10:06:00	1	0	0	0	0	0	0	2	0	9	9	3	0	0	0	7	7	10	0	7	0	0	0	2	2	0	6	0	7	0	4	9	0	16	0	0	7	0	0
85	4 Mar 26	10:07:00	1	0	0	0	0	0	0	12	2	11	5	2	0	4	1	10	2	10	1	9	0	0	0	3	5	0	7	0	4	0	4	9	4	9	0	0	4	0	0
86	4 Mar 26	10:08:00	1	0	0	0	0	0	0	11	0	12	6	3	0	0	3	11	1	5	3	7	0	0	0	0	5	0	8	0	3	0	5	7	3	2	0	0	6	0	0
87	4 Mar 26	10:09:00	1	0	0	0	0	0	0	7	5	7	7	7	0	0	1	9	5	7	0	8	0	0	0	2	3	0	3	0	0	0	4	10	0	0	0	0	2	0	0
88	4 Mar 26	10:10:00	1	0	0	0	0	0	0	9	0	9	3	4	0	0	1	10	3	4	0	11	0	0	0	3	1	0	6	0	4	0	3	3	0	4	0	0	3	0	0
89	4 Mar 26	10:11:00	1	0	0	0	0	0	0	8	0	13	12	0	0	3	0	10	6	8	0	6	0	0	0	3	8	0	5	0	6	0	6	7	4	2	0	0	5	0	0
90	4 Mar 26	10:12:00	1	0	0	0	0	0	0	10	0	13	8	4	0	0	3	8	6	5	4	7	0	0	0	1	2	0	3	0	3	1	3	5	3	1	0	0	5	0	0
91	4 Mar 26	10:13:00	1	0	0	0	0	0	0	8	0	8	9	3	0	0	1	7	0	10	2	9	0	0	0	0	4	0	6	0	4	0	2	0	4	3	0	0	3	0	0
92	4 Mar 26	10:14:00	1	0	0	0	0	0	0	6	0	12	10	4	0	0	22	10	0	9	0	8	0	0	0	1	5	0	6	0	4	0	5	5	3	3	0	0	4	0	0
93	4 Mar 26	10:15:00	1	0	0	0	0	0	0	5	0	17	6	2	3	3	22	11	0	7	0	6	0	0	0	3	5	0	4	0	10	0	4	10	3	2	0	0	2	0	0
94	4 Mar 26	10:16:00	1	0	0	0	0	0	0	12	0	3	9	2	2	0	2	8	0	9	0	7	0	0	0	8	4	0	5	8	6	0	6	2	5	0	0	0	1	0	0
95	4 Mar 26	10:17:00	1	0	0	0	0	0	0	8	0	9	5	4	0	0	0	11	0	7	1	7	0	0	0	4	4	0	3	6	6	0	1	5	1	2	0	0	5	0	0
96	4 Mar 26	10:18:00	1	0	0	0	0	0	0	7	0	13	7	1	0	0	1	10	0	8	0	7	0	0	0	1	2	0	1	3	6	0	1	5	3	0	0	0	7	0	0
97	4 Mar 26	10:19:00	1	0	0	0	0	0	0	8	0	12	6	4	0	0	0	12	0	6	0	7	0	0	0	6	7	0	5	1	3	0	3	12	16	2	0	0	4	0	0
98	4 Mar 26	10:20:00	1	0	0	0	0	0	0	7	0	5	8	2	0	0	4	6	0	12	0	4	0	0	0	8	5	0	6	4	5	0	2	4	8	0	0	0	2	0	0
99	4 Mar 26	10:21:00	1	0	0	0	0	0	0	6	0	1	4	3	0	0	3	9	0	11	0	7	0	0	0	1	7	0	4	0	3	0	4	4	1	5	0	0	5	0	0
100	4 Mar 26	10:22:00	1	0	0	0	0	0	0	9	0	4	8	5	0	0	0	7	3	9	0	5	0	0	0	2	2	0	9	0	6	0	2	6	2	1	0	0	8	0	0
101	4 Mar 26	10:23:00	1	0	0	0	0	0	0	8	0	13	7	3	0	0	0	12	2	7	0	5	0	0	0	0	6	0	5	0	1	0	4	3	5	1	0	0	2	0	0
102	4 Mar 26	10:24:00	1	0	0	0	0	0	0	14	0	9	12	0	0	0	0	8	4	11	0	8	0	0	0	2	8	0	4	4	4	0	4	1	0	3	0	0	3	0	0
103	4 Mar 26	10:25:00	1	0	0	0	0	0	0	7	4	12	9	0	0	0	0	11	0	5	0	6	0	0	0	1	3	0	6	2	5	0	7	1	1	0	0	0	1	0	0
104	4 Mar 26	10:26:00	1	0	0	0	0	0	0	9	0	12	5	0	0	0	0	12	0	9	5	5	0	0	0	4	9	0	5	0	4	0	5	1	5	2	0	0	2	0	0
105	4 Mar 26	10:27:00	1	0	0	0	0	0	0	6	0	11	8	4	0	0	0	11	0	2	2	7	0	0	0	2	4	0	5	0	6	0	1	3	3	0	0	0	4	0	0
106	4 Mar 26	10:28:00	1	0	0	0	0	0	0	13	1	10	8	3	3	0	0	7	2	7	0	9	0	0	0	0	5	0	6	0	6	0	3	2	5	0	0	0	6	2	0
107	4 Mar 26	10:29:00	1	0	0	0	0	0	0	7	0	9	6	10	1	0	5	12	2	9	0	5	0	0	0	0	3	0	4	0	3	0	5	0	0	2	0	0	3	0	0
108	4 Mar 26	10:30:00	1	0	0	0	0	0	0	8	0	9	9	2	0	0	2	8	5	6	0	8	0	0	0	1	3	0	4	0	2	0	2	1	0	0	0	0	3	0	0
109	4 Mar 26	10:31:00	1	0	0	0	0	0	0	7	0	16	7	2	0	0	0	11	0	5	0	7	0	0	0	3	1	1	7	0	3	0	6	5	0	1	0	0	2	2	0
110	4 Mar 26	10:32:00	1	0	0	0	0	0	0	9	0	7	9	0	0	0	0	12	0	8	0	7	0	0	0	1	5	0	6	3	2	0	5	1	4	0	0	0	0	0	0
111	4 Mar 26	10:33:00	1	0	0	0	0	0	0	5	0	11	8	3	0	0	1	11	0	5	0	3	0	0	0	0	5	0	5	0	5	0	2	3	0	1	0	0	3	0	0
112	4 Mar 26	10:34:00	1	0	0	0	0	0	0	12	1	12	10	2	0	0	4	11	3	6	0	5	0	0	0	0	4	0	4	0	4	0	5	2	0	1	0	0	5	0	0
113	4 Mar 26	10:35:00	1	0	0	0	0	0	0	8	3	10	0	0	0	0	7	7	3	6	0	7	0	0	0	0	5	0	4	0	4	0	4	6	0	3	0	0	4	0	0
114	4 Mar 26	10:36:00	1	0	0	0	0	0	0	9	1	10	7	1	0	0	0	10	0	8	0	6	0	0	0	0	7	0	7	0	7	0	3	3	0	1	0	0	0	0	0
115	4 Mar 26	10:37:00	1	0	0	0	0	0	0	8	1	11	8	4	0	0	0	10	0	7	0	7	0	0	0	0	4	0	4	0	2	0	1	4	1	2	4	0	4	0	0
116	4 Mar 26	10:38:00	1	0	0	0	0	0	0	7	2	2	4	3	0	0	0	7	0	9	0	7	0	0	0	0	4	0	3	0	2	0	6	3	1	0	4	0	2	0	0
117	4 Mar 26	10:39:00	1	0	0	0	0	0	0	8	1	0	7	5	0	0	2	8	0	3	0	3	0	0	0	0	4	0	6	0	3	0	5	7	4	0	0	0	5	0	0
118	4 Mar 26	10:40:00	1	0	0	0	0	0	0	7	6	4	10	2	0	0	6	7	0	4	0	4	0	0	0	0	2	0	3	0	4	0	4	2	3	0	2	0	1	0	0
119	4 Mar 26	10:41:00	1	0	0	0	0	0	0	10	3	5	7	5	0	0	11	9	0	7	0	6	0	0	0	0	6	0	4	0	3	0	4	6	0	0	0	0	6	0	0
120	4 Mar 26	10:42:00	1	0	0	0	0	0	0	5	1	8	8	1	0	0	5	9	0	8	0	5	0	0	0	0	3	0	5	0	3	0	5	1	1	0	0	0	5	0	0
121	4 Mar 26	10:43:00	1	0	0	0	0	0	0	14	0	0	6	0	0	0	8	9	0	7	0	8	0	0	0	4	1	0	6	0	2	0	4	3	5	5	0	0	7	0	0
122	4 Mar 26	10:44:00	1	0	0	0	0	0	0	6	0	0	7	0	0	0	19	6	0	7	0	5	0	0	0	3	6	0	9	0	3	0	3	3	6	4	0	0	2	0	0
123	4 Mar 26	10:45:00	1	0	0	0	0	0	0	11	0	2	7	3	0	0	38	5	0	9	0	5	0	0	0	3	6	0	6	0	7	0	2	1	9	3	0	0	0	0	0
124	4 Mar 26	10:46:00	1	0	0	0	0	0	0	5	2	3	7	4	0	0	13	8	1	8	0	7	0	0	0	3	6	0	7	0	4	0	5	4	0	1	0	0	0	0	0
125	4 Mar 26	10:47:00	1	0	0	0	0	0	0	8	0	7	6	1	0	0	1	8	0	7	0	6	0	0	0	4	4	0	6	0	3	0	5	5	1	0	0	0	0	0	0
126	4 Mar 26	10:48:00	1	0	0	0	0	0	0	11	0	7	6	1	0	0	6	8	0	7	0	6	0	0	0	6	2	0	4	0	3	0	6	4	0	3	0	0	0	0	0
127	4 Mar 26	10:49:00	1	0	0	0	0	0	0	7	1	16	7	4	0	0	4	6	0	8	0	7	0	0	0	9	1	0	4	0	4	0	3	8	0	5	0	0	0	0	0
128	4 Mar 26	10:50:00	1	0	0	0	0	0	0	8	0	14	4	2	0	0	0	10	0	6	0	4	0	0	0	1	2	0	6	0	2	0	0	5	0	3	0	0	0	0	0
129	4 Mar 26	10:51:00	1	0	0	0	0	0	0	6	7	14	4	0	0	0	0	9	0	9	0	5	0	0	0	0	4	4	3	0	2	0	8	4	0	3	0	0	0	0	0
130	4 Mar 26	10:52:00	1	0	0	0	0	0	0	8	0	14	14	5	0	0	4	6	0	2	0	7	0	0	0	4	2	6	3	0	0	0	5	4	1	2	0	0	10	0	0
131	4 Mar 26	10:53:00	1	0	0	0	0	0	0	5	0	15	7	0	0	0	0	11	0	8	2	6	0	0	0	5	8	2	3	0	0	0	6	2	2	3	0	0	1	0	0
132	4 Mar 26	10:54:00	1	0	0	0	0	0	0	7	5	12	4	0	0	0	0	9	1	8	0	1	0	0	0	3	4	4	6	0	1	0	2	4	1	2	0	0	3	0	0
133	4 Mar 26	10:55:00	1	0	0	0	0	0	0	4	5	11	0	0	0	0	0	11	2	3	0	3	0	0	0	11	1	3	7	0	2	0	0	4	1	3	0	0	1	0	0
134	4 Mar 26	10:56:00	1	0	0	0	0	0	0	7	0	13	5	0	0	0	3	6	0	7	0	7	0	0	0	4	2	1	4	0	2	0	1	2	8	1	0	0	2	0	0
135	4 Mar 26	10:57:00	1	0	0	0	0	0	0	8	3	10	7	0	0	0	4	10	0	8	2	0	0	0	0	4	7	4	6	0	2	0	0	0	3	0	0	0	7	0	0
136	4 Mar 26	10:58:00	1	0	0	0	0	0	0	5	2	11	7	0	0	0	0	10	0	5	7	2	0	0	0	2	1	1	7	0	1	0	0	1	2	0	0	0	4	0	0
137	4 Mar 26	10:59:00	1	0	0	0	0	0	0	5	2	6	2	0	0	0	0	10	0	7	1	3	0	0	0	0	3	0	10	0	0	0	0	5	5	2	0	0	0	0	0
138	4 Mar 26	11:00:00	1	0	0	0	0	0	0	10	3	10	8	0	0	0	0	9	1	8	0	5	0	0	0	0	6	0	6	0	0	0	0	0	0	2	0	0	1	0	0
139	4 Mar 26	11:01:00	1	0	0	0	0	0	0	5	5	9	8	0	0	0	0	11	2	7	0	1	0	0	0	0	5	0	12	0	0	0	0	0	5	2	0	0	0	0	0
140	4 Mar 26	11:02:00	1	0	0	0	0	0	0	9	0	10	8	0	0	0	2	8	1	9	0	2	2	0	0	0	6	0	5	0	0	0	0	0	6	2	0	0	5	0	0
141	4 Mar 26	11:03:00	1	0	0	0	0	0	0	6	4	10	9	0	0	0	5	11	0	7	0	3	0	0	0	0	3	0	7	0	0	0	0	4	0	0	0	0	0	0	0
142	4 Mar 26	11:04:00	1	0	0	0	0	0	0	9	3	13	4	0	0	0	8	11	0	5	0	5	0	0	0	4	5	1	7	0	2	0	0	7	0	0	0	0	1	0	0
143	4 Mar 26	11:05:00	1	0	0	0	0	0	0	6	1	10	8	0	0	0	3	6	0	9	0	1	0	0	0	0	5	1	5	0	1	0	0	5	2	0	0	0	1	0	0
144	4 Mar 26	11:06:00	1	0	0	0	0	0	0	6	0	12	6	0	0	0	5	9	0	8	0	2	2	0	0	0	3	0	5	0	2	0	0	2	0	1	0	0	1	0	1
145	4 Mar 26	11:07:00	1	0	0	0	0	0	0	8	0	8	8	0	0	0	1	10	0	8	1	0	0	0	0	0	0	0	9	0	1	0	0	5	0	0	0	0	0	0	3
146	4 Mar 26	11:08:00	1	0	0	0	0	0	0	4	0	12	6	0	0	1	2	8	0	8	1	2	5	1	0	0	5	0	7	0	6	0	0	5	0	0	0	0	0	0	0
147	4 Mar 26	11:09:00	1	0	0	0	0	0	0	9	0	10	7	0	0	2	0	10	0	4	0	2	3	0	0	4	7	0	6	0	3	0	2	6	0	0	0	0	0	0	0
148	4 Mar 26	11:10:00	1	0	0	0	0	0	0	8	0	6	7	0	0	0	0	7	0	1	2	2	3	0	0	6	3	0	2	0	2	0	0	2	0	0	0	0	1	0	1
149	4 Mar 26	11:11:00	1	0	0	0	0	0	0	10	0	8	6	0	0	0	0	11	0	5	0	0	0	1	0	1	6	0	4	0	1	0	1	5	0	4	0	0	2	0	0
150	4 Mar 26	11:12:00	1	0	0	0	0	0	0	11	0	10	3	0	0	1	0	4	0	9	9	0	0	0	0	0	5	0	4	0	0	0	0	1	0	0	0	0	3	0	2
151	4 Mar 26	11:13:00	1	0	0	0	0	0	0	13	0	14	8	0	0	1	7	11	0	9	0	0	2	0	0	3	3	0	4	0	1	0	0	4	5	0	0	0	2	0	3
152	4 Mar 26	11:14:00	1	0	0	0	0	0	0	5	2	5	10	0	0	4	1	14	0	10	0	0	3	0	0	1	3	0	8	0	3	0	0	3	0	0	0	0	2	0	0
153	4 Mar 26	11:15:00	1	0	0	0	0	0	0	8	1	3	4	0	0	0	8	11	2	10	3	1	0	0	0	5	3	1	7	0	0	0	0	1	0	1	0	0	1	0	0
154	4 Mar 26	11:16:00	1	0	0	0	0	0	0	5	0	18	6	0	0	4	5	10	4	7	0	1	0	0	0	3	2	8	4	0	1	0	0	2	1	3	0	0	3	0	0
155	4 Mar 26	11:17:00	1	0	0	0	0	0	0	3	2	14	5	0	0	8	0	5	0	7	0	0	3	1	0	2	3	0	7	0	2	0	0	2	4	1	0	0	0	0	0
156	4 Mar 26	11:18:00	1	0	0	0	0	0	0	6	1	2	4	0	0	4	4	9	0	9	2	0	0	0	0	2	8	2	4	0	2	0	0	4	4	0	0	0	0	0	0
157	4 Mar 26	11:19:00	1	0	0	0	0	0	0	12	2	7	5	0	0	3	0	8	7	10	4	0	0	0	0	0	2	2	5	0	1	0	0	7	1	0	0	0	0	0	0
158	4 Mar 26	11:20:00	1	0	0	0	0	0	0	2	4	7	4	0	1	5	5	11	10	6	0	0	0	0	0	1	4	0	11	0	0	0	0	2	2	2	0	0	0	0	0
159	4 Mar 26	11:21:00	1	0	0	0	0	0	0	10	3	13	5	0	0	5	3	6	1	9	2	0	0	0	0	2	5	0	7	0	0	0	0	4	0	2	0	0	0	0	3
160	4 Mar 26	11:22:00	1	0	0	0	0	0	0	8	2	11	5	0	0	9	6	9	0	7	0	0	0	0	0	0	7	0	5	0	0	0	0	1	0	3	0	0	0	0	0
161	4 Mar 26	11:23:00	1	0	0	0	0	0	0	6	2	10	9	0	0	5	4	9	0	7	0	0	0	0	0	1	5	0	9	0	0	0	0	7	0	0	0	0	5	0	0
162	4 Mar 26	11:24:00	1	0	0	0	0	0	0	4	0	13	4	0	0	2	4	12	0	8	0	0	0	3	0	0	4	0	8	0	0	0	0	3	0	0	0	0	0	0	0
163	4 Mar 26	11:25:00	1	0	0	0	0	0	0	6	0	12	1	0	0	4	6	7	0	8	0	0	0	1	0	1	5	0	5	0	0	0	0	4	0	0	0	0	0	0	1
164	4 Mar 26	11:26:00	1	0	0	0	0	0	0	6	0	11	4	0	0	7	3	9	2	6	0	0	0	0	0	1	6	0	6	0	0	0	0	8	0	0	0	0	0	0	0
165	4 Mar 26	11:27:00	1	0	0	0	0	0	0	5	0	10	1	0	0	5	7	11	6	8	0	0	1	0	0	1	3	0	7	0	0	0	0	6	1	4	0	0	0	0	0
166	4 Mar 26	11:28:00	1	0	0	0	0	0	0	9	5	11	6	0	0	4	5	7	3	11	0	0	2	0	0	0	7	0	5	0	0	0	0	5	4	0	0	0	0	0	0
167	4 Mar 26	11:29:00	1	0	0	0	0	0	0	5	5	11	8	0	2	8	7	9	9	6	0	0	2	0	0	2	1	0	5	0	0	0	0	3	5	0	0	0	0	0	2
168	4 Mar 26	11:30:00	1	0	0	0	0	0	0	7	0	8	8	0	6	8	3	11	3	10	0	0	0	0	0	1	5	0	6	0	0	0	0	2	0	0	0	0	0	0	1
169	4 Mar 26	11:31:00	1	0	0	0	0	0	0	3	3	9	5	0	1	4	5	9	5	9	0	0	0	1	0	4	3	0	5	0	2	0	0	4	1	2	0	0	0	0	0
170	4 Mar 26	11:32:00	1	0	0	0	0	0	0	10	3	9	7	0	0	4	3	9	7	1	0	0	0	0	0	2	5	0	6	0	0	0	0	2	4	0	0	0	0	0	0
171	4 Mar 26	11:33:00	1	0	0	0	0	0	0	6	1	10	6	0	0	7	5	8	6	7	5	0	3	0	0	0	2	0	6	0	1	0	0	3	0	0	0	0	0	0	0
172	4 Mar 26	11:34:00	1	0	0	0	0	0	0	7	0	10	4	0	0	3	4	9	6	8	3	0	0	0	0	0	2	0	7	0	0	0	0	5	0	0	3	0	0	0	0
173	4 Mar 26	11:35:00	1	0	0	0	0	0	0	5	0	9	5	0	0	0	6	6	4	7	3	0	0	0	0	3	8	0	7	0	0	0	0	3	3	3	0	0	0	0	0
174	4 Mar 26	11:36:00	1	0	0	0	0	0	0	12	0	9	10	0	0	5	6	6	7	6	3	0	2	2	0	7	9	0	3	0	0	0	0	2	1	3	0	0	0	0	1
175	4 Mar 26	11:37:00	1	0	0	0	0	0	0	11	2	9	6	0	0	1	5	8	4	8	0	0	0	0	0	1	3	0	9	0	0	0	0	2	4	0	0	0	0	0	1
176	4 Mar 26	11:38:00	1	0	0	0	0	0	0	7	0	8	6	0	0	0	8	8	7	7	1	0	1	0	0	1	7	0	7	0	0	0	0	2	0	4	0	0	0	0	0
177	4 Mar 26	11:39:00	1	0	0	0	0	0	0	11	1	11	5	0	0	5	5	7	2	4	1	0	1	0	0	2	3	0	7	0	0	0	0	0	0	0	0	0	0	0	1
178	4 Mar 26	11:40:00	1	0	0	0	0	0	0	6	3	10	8	0	0	1	4	9	5	6	0	0	0	0	0	3	3	0	6	0	0	0	0	3	0	1	0	0	0	0	0
179	4 Mar 26	11:41:00	1	0	0	0	0	0	0	8	0	9	3	0	0	0	4	8	9	8	0	0	1	0	0	1	1	0	7	0	0	0	0	0	0	2	0	0	0	3	0
180	4 Mar 26	11:42:00	1	0	0	0	0	0	0	5	3	12	5	0	0	0	5	9	6	6	4	0	0	0	0	2	7	0	3	0	0	0	0	1	0	1	0	0	1	2	0
181	4 Mar 26	11:43:00	1	0	0	0	0	0	0	9	0	10	7	0	0	0	3	14	6	6	3	0	0	0	0	0	3	0	5	0	0	0	0	2	0	0	0	0	0	1	0
182	4 Mar 26	11:44:00	1	0	0	0	0	0	0	7	3	0	5	0	0	2	8	8	3	8	6	0	0	1	0	0	4	0	8	0	0	0	0	2	0	0	0	0	0	0	0
183	4 Mar 26	11:45:00	1	0	0	0	0	0	0	5	0	0	6	0	0	0	3	8	6	11	0	0	0	0	0	0	4	0	11	0	0	0	0	0	0	0	0	0	1	2	0
184	4 Mar 26	11:46:00	1	0	0	0	0	0	0	0	2	0	5	0	0	0	3	9	6	6	0	0	4	0	0	0	5	0	7	0	0	0	0	0	0	1	0	0	0	0	0
185	4 Mar 26	11:47:00	1	0	0	0	0	0	0	11	2	0	6	0	0	0	6	7	2	9	0	0	0	0	0	0	7	0	7	0	2	0	0	1	0	0	0	0	0	3	0
186	4 Mar 26	11:48:00	1	0	0	0	0	0	0	11	1	0	7	0	2	0	5	9	0	6	0	0	2	0	0	0	4	0	4	0	3	0	0	0	0	0	0	0	0	2	0
187	4 Mar 26	11:49:00	1	0	0	0	0	0	0	8	0	10	7	0	0	0	2	10	0	4	0	0	4	0	0	9	2	0	9	0	0	0	0	4	0	0	0	0	0	0	0
188	4 Mar 26	11:50:00	1	0	0	0	0	0	0	8	9	11	9	0	2	0	7	8	0	10	0	0	2	0	0	3	2	0	6	0	0	0	0	0	0	3	0	0	0	0	0
189	4 Mar 26	11:51:00	1	0	0	0	0	0	0	7	1	9	6	0	0	0	6	10	0	10	1	0	5	0	0	8	3	3	4	0	0	0	0	0	0	3	0	0	0	0	0
190	4 Mar 26	11:52:00	1	0	0	0	0	0	0	9	4	14	3	0	0	0	5	8	0	6	2	0	3	0	0	1	1	0	6	0	0	0	0	0	0	4	0	0	0	0	0
191	4 Mar 26	11:53:00	1	0	0	0	0	0	0	6	6	9	3	0	0	0	5	7	0	8	0	0	2	0	0	3	4	1	12	0	0	0	0	0	0	0	0	0	0	0	3
192	4 Mar 26	11:54:00	1	0	0	0	0	0	0	11	1	10	7	0	0	0	2	10	0	10	0	0	0	0	0	0	2	0	10	0	0	0	0	0	5	4	0	0	0	0	0
193	4 Mar 26	11:55:00	1	0	0	0	0	0	0	6	2	8	7	0	0	0	8	3	0	6	0	0	2	0	0	0	3	0	10	0	0	0	0	0	7	6	0	0	0	0	0
194	4 Mar 26	11:56:00	1	0	0	0	0	0	0	7	3	8	4	0	0	0	3	0	0	10	0	0	0	0	0	0	7	0	5	0	0	0	0	1	2	1	0	0	0	0	0
195	4 Mar 26	11:57:00	1	0	0	0	0	0	0	5	0	7	5	0	2	0	4	0	0	4	0	0	0	0	0	0	6	0	6	0	0	0	0	5	3	0	0	0	0	0	1
196	4 Mar 26	11:58:00	1	0	0	0	0	0	0	6	0	9	2	0	1	0	3	5	0	7	0	0	2	0	0	0	3	0	5	0	0	0	0	3	4	0	0	0	0	0	0
197	4 Mar 26	11:59:00	1	0	0	0	0	0	0	8	0	9	0	0	0	0	7	3	0	2	0	0	0	0	0	0	4	0	7	0	0	0	0	2	1	4	0	0	0	0	0
198	4 Mar 26	12:00:00	1	0	0	0	0	0	0	4	0	11	0	0	0	0	7	3	0	7	0	0	2	0	0	0	4	0	9	0	0	0	0	3	1	2	0	0	0	0	0
199	4 Mar 26	12:01:00	1	0	0	0	0	0	0	3	3	0	0	0	0	0	3	1	0	6	0	0	0	0	0	2	0	0	7	0	0	0	0	1	4	2	0	0	0	0	0
200	4 Mar 26	12:02:00	1	0	0	0	0	0	0	8	2	8	0	0	0	0	5	0	0	8	0	0	0	5	0	2	3	0	6	0	0	0	0	4	3	0	0	0	0	0	0
201	4 Mar 26	12:03:00	1	0	0	0	0	0	0	10	1	9	0	0	0	0	5	8	0	5	0	0	3	7	0	4	5	0	8	0	0	0	0	2	3	2	0	0	0	0	2
202	4 Mar 26	12:04:00	1	0	0	0	0	0	0	9	1	13	0	0	0	0	4	4	2	7	0	0	7	7	0	7	6	0	7	0	0	0	0	2	3	0	0	0	0	0	0
203	4 Mar 26	12:05:00	1	0	0	0	0	0	0	5	0	9	7	0	0	0	3	7	3	8	0	0	6	4	0	5	6	0	6	0	0	0	0	4	6	0	0	0	0	0	0
204	4 Mar 26	12:06:00	1	0	0	0	0	0	0	8	3	10	7	0	2	0	5	13	0	10	0	0	5	2	0	4	4	0	8	0	0	0	0	0	3	5	0	0	0	0	0
205	4 Mar 26	12:07:00	1	0	0	0	0	0	0	9	0	11	5	0	1	0	1	3	1	9	4	0	3	2	0	2	1	0	7	0	0	0	0	0	2	4	0	0	0	0	0
206	4 Mar 26	12:08:00	1	0	0	0	0	0	0	8	0	9	6	0	0	0	5	0	0	7	1	0	8	4	0	4	5	0	6	0	0	0	0	0	0	3	0	0	0	0	0
207	4 Mar 26	12:09:00	1	0	0	0	0	0	0	5	0	10	8	0	0	0	3	2	0	8	0	0	4	5	0	6	8	0	6	0	0	0	0	0	0	1	0	0	0	0	0
208	4 Mar 26	12:10:00	1	0	0	0	0	0	0	8	4	9	4	0	0	0	7	2	0	7	0	0	9	1	0	2	3	0	6	0	0	0	0	0	1	0	0	0	0	0	0
209	4 Mar 26	12:11:00	1	0	0	0	0	0	0	4	2	4	4	0	0	0	4	13	2	5	0	0	4	2	0	2	2	0	3	1	0	0	0	0	0	0	0	0	0	0	0
210	4 Mar 26	12:12:00	1	0	0	0	0	0	0	7	0	9	5	0	1	0	2	9	0	6	0	0	0	0	0	7	4	0	10	4	0	0	0	0	1	0	0	0	1	3	0
211	4 Mar 26	12:13:00	1	0	0	0	0	0	0	7	2	9	9	0	0	0	4	9	0	11	0	0	8	5	0	5	0	0	4	4	0	0	0	0	0	0	0	0	2	0	0
212	4 Mar 26	12:14:00	1	0	0	0	0	0	0	7	6	10	6	0	0	0	3	9	0	4	0	0	5	3	0	2	4	0	1	7	0	0	0	0	0	0	0	0	0	4	0
213	4 Mar 26	12:15:00	1	0	0	0	0	0	0	4	1	10	5	0	0	0	6	7	0	5	0	0	5	2	0	5	7	0	7	6	0	0	0	0	0	2	0	0	0	0	0
214	4 Mar 26	12:16:00	1	0	0	0	0	0	0	5	2	8	7	0	0	0	10	6	0	2	0	0	6	1	0	5	4	0	8	7	0	0	0	0	0	1	0	0	0	0	0
215	4 Mar 26	12:17:00	1	0	0	0	0	0	0	6	0	4	6	0	0	0	6	9	0	5	0	0	3	5	0	7	0	0	6	8	0	0	0	0	1	2	0	0	0	0	0
216	4 Mar 26	12:18:00	1	0	0	0	0	0	0	4	2	10	6	0	0	0	3	8	0	8	0	0	4	4	0	5	5	0	6	6	0	0	0	0	3	0	0	0	0	0	9
217	4 Mar 26	12:19:00	1	0	0	0	0	0	0	7	0	9	4	0	0	0	4	13	0	5	3	0	5	2	0	1	3	0	5	3	0	0	0	0	0	0	0	0	0	0	18
218	4 Mar 26	12:20:00	1	0	0	0	0	0	0	9	0	6	7	0	0	0	5	6	0	7	0	0	4	1	0	7	4	0	5	4	0	0	0	0	1	0	0	0	0	0	5
219	4 Mar 26	12:21:00	1	0	0	0	0	0	0	5	2	4	0	0	0	1	3	7	0	9	0	0	5	4	0	5	4	0	3	6	0	0	0	0	4	0	0	0	0	0	0
220	4 Mar 26	12:22:00	1	0	0	0	0	0	0	6	1	7	0	0	0	4	5	9	0	9	0	0	1	0	0	3	5	0	10	3	0	0	0	0	3	0	0	0	0	0	1
221	4 Mar 26	12:23:00	1	0	0	0	0	0	0	13	0	11	0	0	0	4	4	5	0	4	0	0	4	3	0	5	0	0	6	0	0	0	0	0	2	0	0	0	0	0	4
222	4 Mar 26	12:24:00	1	0	0	0	0	0	0	6	0	12	0	0	0	1	7	9	0	14	0	0	4	3	0	4	3	0	6	4	0	0	0	0	4	0	0	0	0	0	0
223	4 Mar 26	12:25:00	1	0	0	0	0	0	0	2	0	11	0	0	1	8	1	10	4	10	0	0	5	5	0	7	7	0	5	3	0	0	0	0	0	0	0	0	0	0	0
224	4 Mar 26	12:26:00	1	0	0	0	0	0	0	4	1	10	0	0	5	7	3	11	5	9	0	0	2	0	0	7	1	0	6	5	0	0	0	0	0	0	0	0	0	0	0
225	4 Mar 26	12:27:00	1	0	0	0	0	0	0	7	2	12	0	0	1	7	4	9	6	7	0	0	0	2	0	8	3	0	4	6	0	0	0	0	0	3	0	0	0	0	0
226	4 Mar 26	12:28:00	1	0	0	0	0	0	0	7	2	11	0	0	6	6	5	10	4	7	0	0	5	0	0	2	2	0	4	5	0	0	0	0	0	4	0	0	0	0	0
227	4 Mar 26	12:29:00	1	0	0	0	0	0	0	6	1	7	0	0	1	5	4	5	4	9	0	0	2	0	0	6	1	0	7	4	0	0	0	0	0	5	0	0	0	0	0
228	4 Mar 26	12:30:00	1	0	0	0	0	0	0	3	2	9	0	0	0	6	5	12	1	6	0	0	6	0	0	7	6	0	3	5	0	0	0	0	0	1	0	0	2	0	0
229	4 Mar 26	12:31:00	1	0	0	0	0	0	0	6	2	10	0	0	1	2	4	10	10	8	0	0	3	0	0	2	3	0	7	7	0	0	0	0	0	0	0	0	3	0	0
230	4 Mar 26	12:32:00	1	0	0	0	0	0	0	3	1	8	0	0	0	8	5	9	2	8	0	0	3	4	0	4	1	0	6	5	0	0	0	0	0	0	2	0	3	0	0
231	4 Mar 26	12:33:00	1	0	0	0	0	0	0	8	2	9	0	0	0	6	3	10	4	14	0	0	2	2	0	3	2	0	5	0	0	0	0	0	0	0	0	0	3	0	0
232	4 Mar 26	12:34:00	1	0	0	0	0	0	0	5	0	11	0	0	0	6	3	8	1	8	0	0	2	2	0	4	0	0	7	0	0	0	0	0	0	0	0	0	5	0	2
233	4 Mar 26	12:35:00	1	0	0	0	0	0	0	6	0	7	0	0	0	2	0	6	6	7	0	0	2	4	0	3	6	0	4	0	0	0	0	0	0	0	0	0	0	0	0
234	4 Mar 26	12:36:00	1	0	0	0	0	0	0	5	0	10	0	0	0	4	0	8	8	4	0	0	6	1	0	0	0	0	6	0	0	0	0	0	1	0	0	0	2	0	0
235	4 Mar 26	12:37:00	1	0	0	0	0	0	0	7	0	7	0	0	0	5	7	10	6	9	0	0	3	2	0	0	8	0	4	0	0	0	0	0	5	0	0	0	0	0	0
236	4 Mar 26	12:38:00	1	0	0	0	0	0	0	7	0	11	0	0	0	4	4	7	4	6	0	0	4	2	0	0	7	0	7	0	0	0	0	0	2	0	0	0	2	0	0
237	4 Mar 26	12:39:00	1	0	0	0	0	0	0	6	0	12	0	0	0	7	4	11	2	8	0	0	2	0	0	0	4	0	4	3	0	0	0	0	5	4	0	0	0	0	1
238	4 Mar 26	12:40:00	1	0	0	0	0	0	0	7	0	9	0	0	2	0	2	10	3	5	0	0	0	0	0	0	4	0	5	3	0	0	0	0	12	0	0	0	0	0	0
239	4 Mar 26	12:41:00	1	0	0	0	0	0	0	3	0	6	0	0	0	0	0	11	5	6	0	0	0	4	0	0	6	0	5	2	0	0	0	0	3	3	0	0	0	0	0
240	4 Mar 26	12:42:00	1	0	0	0	0	0	0	2	0	8	0	0	1	0	2	8	5	11	0	0	0	4	0	0	2	0	7	5	0	0	0	0	1	3	0	0	0	0	0
241	4 Mar 26	12:43:00	1	0	0	0	0	0	0	5	0	7	0	0	1	0	5	11	6	3	5	1	0	6	0	0	2	0	3	1	0	0	0	0	3	0	0	0	1	0	0
242	4 Mar 26	12:44:00	1	0	0	0	0	0	0	8	0	10	0	0	1	0	0	8	4	7	0	2	0	3	0	0	0	0	3	0	0	0	0	0	0	0	0	0	7	0	0
243	4 Mar 26	12:45:00	1	0	0	0	0	0	0	5	0	11	0	0	0	0	4	8	6	5	0	0	0	0	0	0	0	0	5	0	0	0	0	0	0	0	0	0	6	0	0
244	4 Mar 26	12:46:00	1	0	0	0	0	0	0	9	0	10	0	0	0	0	0	8	6	10	2	0	0	6	0	0	5	0	5	0	0	0	0	0	5	0	0	0	9	0	0
245	4 Mar 26	12:47:00	1	0	0	0	0	0	0	3	0	8	0	0	0	0	2	10	1	8	0	5	0	0	0	0	5	0	4	0	0	0	0	0	0	1	0	1	5	0	0
246	4 Mar 26	12:48:00	1	0	0	0	0	0	0	4	0	10	0	0	0	0	4	8	0	6	0	3	2	0	0	0	5	0	7	2	0	0	0	0	0	3	0	4	9	0	0
247	4 Mar 26	12:49:00	1	0	0	0	0	0	0	5	1	10	0	0	0	0	3	7	0	4	0	2	7	0	0	0	3	0	6	5	0	0	0	0	3	4	0	0	8	0	0
248	4 Mar 26	12:50:00	1	0	0	0	0	0	0	8	1	4	0	0	0	0	4	9	2	8	0	0	3	2	0	0	3	0	6	0	0	0	0	0	2	0	0	0	4	0	0
249	4 Mar 26	12:51:00	1	0	0	0	0	0	0	4	0	8	0	0	0	0	2	7	0	4	0	0	5	0	0	0	12	0	4	0	0	0	0	2	0	0	0	3	6	0	0
250	4 Mar 26	12:52:00	1	0	0	0	0	0	0	7	0	12	0	0	0	0	6	6	7	2	0	2	4	0	0	3	4	0	5	0	0	0	0	0	0	0	0	3	6	0	0
251	4 Mar 26	12:53:00	1	0	0	0	0	0	0	11	0	7	0	0	0	0	0	6	5	7	0	5	1	0	0	3	6	0	6	0	0	0	0	0	1	0	0	0	5	0	0
252	4 Mar 26	12:54:00	1	0	0	0	0	0	0	5	0	7	0	2	0	0	0	11	2	4	0	1	1	0	0	3	4	0	5	0	0	0	0	0	0	0	0	3	9	0	0
253	4 Mar 26	12:55:00	1	0	0	0	0	0	0	4	2	2	0	0	0	0	0	10	0	9	2	2	3	0	0	3	1	0	4	0	0	0	0	0	3	0	0	0	7	0	0
254	4 Mar 26	12:56:00	1	0	0	0	0	0	0	5	0	0	0	0	0	0	0	7	0	9	0	1	0	0	0	4	0	0	4	0	0	0	0	0	0	3	0	0	6	0	0
255	4 Mar 26	12:57:00	1	0	0	0	0	0	0	9	4	4	0	0	0	0	0	8	0	8	3	4	5	0	0	4	0	2	3	0	0	0	0	0	4	8	0	0	6	0	0
256	4 Mar 26	12:58:00	1	0	0	0	0	0	0	6	4	0	0	0	0	0	4	6	0	7	11	0	3	0	0	2	4	0	3	0	0	0	0	0	1	0	0	2	5	0	0
257	4 Mar 26	12:59:00	1	0	0	0	0	0	0	3	3	0	0	0	2	0	6	9	0	6	6	4	2	0	0	3	1	2	8	0	0	0	0	0	0	0	0	5	5	0	0
258	4 Mar 26	13:00:00	1	0	0	0	0	0	0	7	1	0	0	0	0	0	3	9	0	9	6	6	1	3	0	4	9	1	3	0	0	0	0	0	0	0	0	2	3	0	0
259	4 Mar 26	13:01:00	1	0	0	0	0	0	0	8	3	0	1	0	0	3	4	10	0	13	2	10	0	3	0	2	7	1	3	0	0	0	0	0	0	0	0	4	3	0	0
260	4 Mar 26	13:02:00	1	0	0	0	0	0	0	7	2	0	0	0	0	3	4	7	0	4	3	7	0	0	0	2	2	2	5	0	0	0	5	0	0	0	0	0	2	0	0
261	4 Mar 26	13:03:00	1	0	0	0	0	0	0	5	3	2	0	0	0	0	1	8	0	7	0	5	0	5	0	0	1	0	2	0	0	2	2	0	2	0	0	0	7	0	0
262	4 Mar 26	13:04:00	1	0	0	0	0	0	0	9	0	0	0	0	0	2	6	7	0	7	1	2	0	0	0	0	0	0	3	0	0	0	0	0	2	0	0	1	5	0	0
263	4 Mar 26	13:05:00	1	0	0	0	0	0	0	6	4	0	0	1	5	0	3	9	0	7	0	2	0	8	0	0	0	0	7	0	0	0	2	0	0	0	0	0	7	0	0
264	4 Mar 26	13:06:00	1	0	0	0	0	0	0	7	0	0	0	0	0	0	2	9	0	8	0	1	0	0	0	0	0	0	7	0	0	0	1	0	0	0	0	7	3	1	2
265	4 Mar 26	13:07:00	1	0	0	0	0	0	0	6	0	4	0	4	0	2	7	8	0	6	0	4	0	0	0	0	0	0	4	0	0	0	0	0	0	3	0	3	8	0	2
266	4 Mar 26	13:08:00	1	0	0	0	0	0	0	0	0	8	0	0	0	0	4	4	0	7	0	5	0	0	0	0	0	0	5	0	0	0	0	0	0	0	0	2	7	1	0
267	4 Mar 26	13:09:00	1	0	0	0	0	0	0	6	0	6	0	2	0	0	0	5	0	7	0	3	0	0	0	0	0	0	4	0	0	0	0	9	2	3	0	0	7	2	0
268	4 Mar 26	13:10:00	1	0	0	0	0	0	0	7	0	1	0	0	0	0	1	10	0	4	0	5	3	0	0	0	0	0	3	0	0	0	0	1	1	5	0	0	8	0	1
269	4 Mar 26	13:11:00	1	0	0	0	0	0	0	9	0	1	0	0	0	0	4	9	0	7	0	5	5	0	0	0	0	0	6	0	0	0	0	3	0	2	0	1	10	0	1
270	4 Mar 26	13:12:00	1	0	0	0	0	0	0	8	0	1	0	0	0	0	2	5	3	9	0	3	8	0	0	0	0	0	5	0	0	0	0	3	2	2	0	0	3	0	0
271	4 Mar 26	13:13:00	1	0	0	0	0	0	0	9	0	0	0	0	0	0	4	0	9	6	0	3	3	0	0	0	0	0	4	0	0	0	0	1	1	0	0	0	5	0	0
272	4 Mar 26	13:14:00	1	0	0	0	0	0	0	5	0	1	0	0	0	0	3	0	9	7	0	5	7	0	0	0	0	0	8	0	0	1	0	4	1	0	0	2	7	0	0
273	4 Mar 26	13:15:00	1	0	0	0	0	0	0	7	0	0	0	0	0	0	2	0	5	0	0	3	0	0	0	0	0	0	8	0	0	0	0	1	0	0	0	3	6	0	0
274	4 Mar 26	13:16:00	1	0	0	0	0	0	0	3	0	0	0	0	0	0	1	0	6	8	0	6	3	0	0	0	3	0	6	0	0	0	0	1	0	0	0	0	9	0	1
275	4 Mar 26	13:17:00	1	0	0	0	0	0	0	9	0	0	0	0	0	0	3	0	3	7	0	7	6	0	0	0	4	0	6	0	0	0	0	1	0	0	0	0	8	0	0
276	4 Mar 26	13:18:00	1	0	0	0	0	0	0	4	0	0	0	0	0	1	0	0	5	7	0	6	4	0	2	0	2	0	6	0	0	1	0	2	0	0	0	0	8	0	2
277	4 Mar 26	13:19:00	1	0	0	0	0	0	0	6	0	0	0	0	0	0	0	0	2	8	0	1	4	0	1	0	2	0	4	0	0	0	0	0	0	0	0	0	6	0	5
278	4 Mar 26	13:20:00	1	0	0	0	0	0	0	8	0	0	0	0	0	0	0	3	0	5	0	2	4	0	7	0	0	0	6	0	0	0	0	1	0	0	0	0	6	0	1
279	4 Mar 26	13:21:00	1	0	0	0	0	0	0	8	0	0	0	0	0	0	0	12	0	8	0	0	3	0	3	0	1	0	6	0	0	0	0	0	1	0	0	0	5	3	0
280	4 Mar 26	13:22:00	1	0	0	0	0	0	0	5	0	0	0	0	0	0	0	8	0	5	0	0	4	0	3	0	2	0	5	0	0	0	1	3	4	0	0	0	5	0	2
281	4 Mar 26	13:23:00	1	0	0	0	0	0	0	10	0	3	0	0	0	0	4	6	0	8	0	4	5	0	4	0	3	0	4	0	0	0	0	3	5	4	0	0	6	1	0
282	4 Mar 26	13:24:00	1	0	0	0	0	0	0	8	0	6	0	1	0	0	7	7	0	7	0	9	2	3	6	0	3	0	3	0	0	0	0	0	2	0	0	0	7	1	1
283	4 Mar 26	13:25:00	1	0	0	0	0	0	0	7	0	2	0	0	0	0	2	8	0	6	0	6	3	7	4	0	3	0	4	0	0	0	0	0	7	1	0	0	6	0	0
284	4 Mar 26	13:26:00	1	0	0	0	0	0	0	8	0	8	0	0	0	0	7	8	0	1	0	6	0	0	4	0	4	0	5	0	0	0	0	0	0	2	0	0	6	0	0
285	4 Mar 26	13:27:00	1	0	0	0	0	0	0	6	0	5	0	2	0	0	7	10	0	8	0	7	0	0	2	0	4	0	8	0	0	0	0	0	0	0	0	0	7	0	0
286	4 Mar 26	13:28:00	1	0	0	0	0	0	0	1	0	5	0	0	0	0	6	8	2	5	0	8	2	0	3	0	8	0	2	0	0	0	0	0	0	1	0	0	2	0	1
287	4 Mar 26	13:29:00	1	0	0	0	0	0	0	4	0	9	0	0	0	0	4	6	8	7	0	4	6	0	0	0	1	0	4	0	0	2	0	0	0	0	0	0	4	0	0
288	4 Mar 26	13:30:00	1	0	0	0	0	0	0	7	0	6	0	0	0	0	6	7	2	6	0	6	5	0	1	0	5	0	5	0	0	2	0	0	0	0	0	0	11	0	0
289	4 Mar 26	13:31:00	1	0	0	0	0	0	0	1	0	4	0	0	0	0	1	9	4	10	0	9	2	0	2	0	4	0	4	0	0	0	0	0	0	2	0	0	8	0	0
290	4 Mar 26	13:32:00	1	0	0	0	0	0	0	8	0	11	0	0	0	0	4	7	2	4	2	5	7	0	0	0	1	0	7	0	0	0	0	0	0	5	0	1	14	0	0
291	4 Mar 26	13:33:00	1	0	0	0	0	0	0	2	0	3	0	0	0	0	3	8	2	8	0	7	5	0	3	0	4	0	5	0	0	0	0	0	0	3	0	2	5	0	0
292	4 Mar 26	13:34:00	1	0	0	0	0	0	0	6	0	0	0	0	0	0	0	9	3	7	0	6	2	0	0	0	4	0	3	0	0	0	0	0	0	0	0	0	7	0	1
293	4 Mar 26	13:35:00	1	0	0	0	0	0	0	4	0	1	0	0	0	4	1	8	5	6	0	9	4	0	1	0	6	0	6	0	0	0	0	0	0	4	0	0	7	0	1
294	4 Mar 26	13:36:00	1	0	0	0	0	0	0	6	0	4	0	0	0	6	2	6	0	0	0	8	5	0	2	0	4	0	7	0	0	0	0	2	0	1	0	0	7	0	2
295	4 Mar 26	13:37:00	1	0	0	0	0	0	0	4	0	5	0	0	0	6	0	10	0	4	0	8	2	0	0	0	0	0	6	0	0	3	0	2	0	0	0	0	6	0	0
296	4 Mar 26	13:38:00	1	0	0	0	0	0	0	8	0	1	0	0	0	5	2	8	0	10	5	7	4	0	0	0	4	0	2	0	0	0	0	0	0	0	0	0	6	0	0
297	4 Mar 26	13:39:00	1	0	0	0	0	0	0	7	0	0	0	0	0	4	3	8	0	9	0	7	5	2	0	0	3	0	5	0	0	0	0	2	0	0	0	0	7	0	0
298	4 Mar 26	13:40:00	1	0	0	0	0	0	0	10	0	0	0	0	0	4	6	7	0	4	0	8	2	0	3	0	0	0	5	0	0	0	0	0	0	0	0	0	5	0	0
299	4 Mar 26	13:41:00	1	0	0	0	0	0	0	6	0	0	0	0	0	3	0	10	0	6	0	8	5	5	5	0	0	0	6	0	0	0	0	0	0	0	0	0	3	0	0
300	4 Mar 26	13:42:00	1	0	0	0	0	0	0	3	0	0	0	3	0	4	0	8	0	8	0	8	2	3	0	0	3	0	5	5	0	6	0	0	0	0	0	0	9	0	0
301	4 Mar 26	13:43:00	1	0	0	0	0	0	0	5	1	0	0	4	0	1	0	5	0	8	0	3	2	1	9	0	3	0	2	9	0	3	0	0	0	0	0	0	6	0	2
302	4 Mar 26	13:44:00	1	0	0	0	0	0	0	4	3	3	0	1	0	4	0	10	0	6	0	8	4	4	0	0	11	0	7	5	0	0	0	0	0	2	0	0	6	2	0
303	4 Mar 26	13:45:00	1	0	0	0	0	0	0	6	1	11	0	4	0	5	0	7	0	7	0	8	4	5	2	0	1	0	6	4	0	0	0	0	0	0	0	0	7	0	0
304	4 Mar 26	13:46:00	1	0	0	0	0	0	0	4	0	2	0	2	0	1	4	9	0	4	0	6	4	2	3	0	4	0	5	8	0	0	0	0	0	0	0	0	10	0	0
305	4 Mar 26	13:47:00	1	0	0	0	0	0	0	5	5	11	0	1	0	3	6	7	0	8	0	4	7	6	1	0	1	0	4	2	0	0	0	0	0	0	0	0	3	0	0
306	4 Mar 26	13:48:00	1	0	0	0	0	0	0	7	1	10	0	1	0	3	1	8	0	6	0	7	4	0	0	0	3	0	5	5	0	5	0	0	0	4	0	0	4	0	0
307	4 Mar 26	13:49:00	1	0	0	0	0	0	0	8	1	7	0	2	0	11	6	7	0	9	0	8	0	0	0	0	3	0	4	2	0	5	0	0	0	0	0	0	7	0	0
308	4 Mar 26	13:50:00	1	0	0	0	0	0	0	5	2	11	0	2	0	0	2	9	0	6	0	7	0	0	0	0	7	0	5	3	0	0	0	0	0	0	0	0	8	0	0
309	4 Mar 26	13:51:00	1	0	0	0	0	0	0	3	4	7	0	5	0	4	5	7	0	4	0	6	0	0	0	0	6	0	5	2	0	0	0	0	0	0	0	0	4	0	0
310	4 Mar 26	13:52:00	1	0	0	0	0	0	0	1	3	7	1	4	0	0	5	7	0	5	0	7	0	0	0	1	3	0	4	0	0	5	0	0	0	3	0	0	9	0	0
311	4 Mar 26	13:53:00	1	0	0	0	0	0	0	4	3	9	1	6	0	0	4	7	0	6	1	4	2	5	0	3	7	0	5	0	0	6	0	2	0	4	0	0	3	0	0
312	4 Mar 26	13:54:00	1	0	0	0	0	0	0	6	0	8	1	5	0	0	3	9	0	7	1	3	0	7	0	1	4	0	6	0	0	6	0	1	0	0	0	0	4	0	0
313	4 Mar 26	13:55:00	1	0	0	0	0	0	0	2	0	5	1	5	0	2	3	8	0	9	1	4	3	3	0	4	2	0	6	0	0	1	0	3	0	2	0	0	7	0	0
314	4 Mar 26	13:56:00	1	0	0	0	0	0	0	6	0	9	0	9	0	0	4	6	0	5	0	7	4	1	8	3	3	0	6	0	0	7	0	6	1	0	0	0	7	0	0
315	4 Mar 26	13:57:00	1	0	0	0	0	0	0	7	0	5	0	2	0	0	3	8	0	4	0	6	4	3	3	5	5	0	5	0	3	4	0	1	3	0	0	0	7	0	0
316	4 Mar 26	13:58:00	1	0	0	0	0	0	0	5	3	7	0	5	0	0	0	8	2	7	0	6	5	1	1	6	2	0	0	0	1	4	0	0	0	3	0	0	7	0	0
317	4 Mar 26	13:59:00	1	0	0	0	0	0	0	4	0	6	0	4	0	0	0	10	2	5	3	6	2	0	0	5	1	0	6	0	1	7	0	0	1	0	0	0	6	0	0
318	4 Mar 26	14:00:00	1	0	0	0	0	0	0	7	2	7	2	3	0	0	4	10	8	7	0	6	4	1	0	4	1	0	5	0	0	4	0	2	3	3	0	0	1	0	0
319	4 Mar 26	14:01:00	1	0	0	0	0	0	0	5	3	8	0	4	0	0	3	7	4	7	0	3	1	0	0	2	3	0	8	0	0	4	0	0	5	0	0	0	6	0	0
320	4 Mar 26	14:02:00	1	0	0	0	0	0	0	6	4	11	0	5	0	0	14	10	5	3	0	2	3	0	1	1	3	0	5	0	0	6	0	0	7	0	0	0	4	0	0
321	4 Mar 26	14:03:00	1	0	0	0	0	0	0	3	0	10	0	4	0	0	8	8	5	9	0	9	3	0	3	2	6	0	5	0	0	6	0	2	2	0	0	0	7	0	0
322	4 Mar 26	14:04:00	1	0	0	0	0	0	0	5	4	9	0	6	0	0	4	11	5	7	3	7	4	3	0	0	1	0	6	0	0	5	0	2	0	2	0	0	1	0	0
323	4 Mar 26	14:05:00	1	0	0	0	0	0	0	8	1	8	0	3	0	0	0	9	3	4	3	6	7	3	1	2	5	0	3	0	0	3	0	0	0	0	0	0	2	1	0
324	4 Mar 26	14:06:00	1	0	0	0	0	0	0	4	3	10	0	4	0	0	3	13	6	5	1	4	4	0	0	2	4	0	2	0	0	4	0	0	0	0	0	0	3	1	0
325	4 Mar 26	14:07:00	1	0	0	0	0	0	0	4	0	10	0	0	0	0	0	8	5	9	0	2	5	0	0	1	1	0	1	0	0	3	0	0	0	0	0	0	5	5	0
326	4 Mar 26	14:08:00	1	0	0	0	0	0	0	3	3	9	0	2	0	0	4	11	2	6	0	0	3	1	0	0	1	0	7	0	0	0	0	0	0	0	0	0	5	3	0
327	4 Mar 26	14:09:00	1	0	0	0	0	0	0	2	1	5	0	5	0	0	0	7	4	7	0	0	5	1	3	0	3	0	5	0	0	1	0	0	3	0	0	0	5	0	0
328	4 Mar 26	14:10:00	1	0	0	0	0	0	0	6	0	8	0	4	0	0	0	8	7	6	0	3	4	0	1	0	3	0	4	0	0	2	0	0	2	6	0	0	7	0	0
329	4 Mar 26	14:11:00	1	0	0	0	0	0	0	6	0	11	0	0	0	0	0	11	4	10	0	3	4	0	0	0	6	0	4	0	0	8	0	1	3	2	1	0	6	0	0
330	4 Mar 26	14:12:00	1	0	0	0	0	0	0	8	4	9	0	5	2	0	0	8	4	6	0	7	4	2	0	0	1	0	7	0	0	6	0	0	4	0	0	0	6	0	0
331	4 Mar 26	14:13:00	1	0	0	0	0	0	0	5	1	6	0	4	2	0	0	7	5	9	0	4	2	4	2	0	2	0	6	0	0	5	0	0	0	0	0	0	10	0	0
332	4 Mar 26	14:14:00	1	0	0	0	0	0	0	6	0	8	1	4	2	0	0	10	4	7	0	6	2	0	3	2	6	0	4	0	0	7	0	5	0	0	0	0	6	0	0
333	4 Mar 26	14:15:00	1	0	0	0	0	0	0	2	3	11	1	4	0	0	2	3	2	6	0	5	5	0	0	0	4	0	7	0	0	0	0	0	0	0	0	0	4	0	0
334	4 Mar 26	14:16:00	1	0	0	0	0	0	0	4	0	2	4	6	2	0	2	7	0	8	0	7	2	3	0	0	3	0	5	0	0	0	0	0	0	2	0	0	7	0	0
335	4 Mar 26	14:17:00	1	0	0	0	0	0	0	3	0	9	0	3	2	0	0	7	0	9	0	3	5	0	0	0	6	0	3	0	0	0	0	0	0	0	0	0	6	0	0
336	4 Mar 26	14:18:00	1	0	0	0	0	0	0	9	1	8	0	7	1	0	3	10	0	8	0	5	0	2	0	0	0	0	7	0	0	0	0	2	0	0	0	0	2	0	0
337	4 Mar 26	14:19:00	1	0	0	0	0	0	0	4	0	7	0	0	0	0	3	5	0	8	0	6	0	2	0	0	5	0	2	0	0	0	0	17	0	0	0	0	5	0	0
338	4 Mar 26	14:20:00	1	0	0	0	0	0	0	4	0	10	0	2	1	0	2	8	0	4	0	5	3	0	0	0	7	0	5	0	0	0	0	0	0	0	0	0	3	0	3
339	4 Mar 26	14:21:00	1	0	0	0	0	0	0	11	0	3	0	1	0	0	0	6	0	9	0	2	6	1	2	0	4	2	3	0	0	0	0	0	0	0	0	0	7	0	0
340	4 Mar 26	14:22:00	1	0	0	0	0	0	0	7	0	10	0	3	0	0	4	6	0	7	0	6	4	2	3	0	5	1	6	0	0	0	0	0	0	0	0	0	7	0	0
341	4 Mar 26	14:23:00	1	0	0	0	0	0	0	7	0	8	2	5	0	0	2	6	0	4	0	5	3	0	1	0	4	9	6	0	0	0	0	0	0	0	0	0	7	0	0
342	4 Mar 26	14:24:00	1	0	0	0	0	0	0	6	0	7	0	3	0	0	0	7	1	6	0	1	3	0	2	0	1	10	4	0	0	0	0	0	0	1	0	0	6	0	0
343	4 Mar 26	14:25:00	1	0	0	0	0	0	0	5	0	10	0	2	0	0	1	7	5	7	4	4	3	0	0	0	2	7	4	0	0	0	0	0	0	0	0	0	4	0	0
344	4 Mar 26	14:26:00	1	0	0	0	0	0	0	8	2	8	0	4	0	0	2	8	4	5	7	6	2	0	0	0	3	8	6	0	0	0	0	0	0	0	0	0	2	0	0
345	4 Mar 26	14:27:00	1	0	0	0	0	0	0	8	1	3	0	3	1	0	6	9	8	1	0	4	4	0	1	0	1	8	4	0	0	0	0	0	0	2	0	0	2	0	0
346	4 Mar 26	14:28:00	1	0	0	0	0	0	0	6	0	0	0	5	0	0	2	7	6	6	0	5	4	1	1	0	4	7	4	0	0	0	0	0	0	0	0	0	7	0	0
347	4 Mar 26	14:29:00	1	0	0	0	0	0	0	5	0	0	0	2	0	0	0	5	4	8	0	5	7	4	0	0	2	6	4	0	0	0	0	2	0	0	0	0	7	0	0
348	4 Mar 26	14:30:00	1	0	0	0	0	0	0	5	0	0	0	4	0	0	0	6	3	6	0	6	5	0	0	0	3	7	1	0	0	0	0	1	1	0	0	0	7	0	0
349	4 Mar 26	14:31:00	1	0	0	0	0	0	0	6	0	0	0	3	0	0	0	7	2	6	0	4	3	5	0	0	3	6	4	0	0	0	0	2	7	0	0	0	6	0	0
350	4 Mar 26	14:32:00	1	0	0	0	0	0	0	6	0	0	0	0	0	0	1	9	1	11	0	5	3	1	0	0	5	5	4	0	0	0	0	2	2	0	0	0	4	0	1
351	4 Mar 26	14:33:00	1	0	0	0	0	0	0	6	0	6	0	2	0	0	5	10	4	4	0	4	0	6	0	3	3	9	3	0	0	0	0	4	1	0	0	0	7	0	2
352	4 Mar 26	14:34:00	1	0	0	0	0	0	0	6	0	12	0	4	0	0	1	6	4	4	0	7	0	3	3	3	5	7	7	0	0	0	0	3	0	5	0	0	2	0	0
353	4 Mar 26	14:35:00	1	0	0	0	0	0	0	8	1	10	0	2	0	2	0	5	2	0	0	8	0	4	0	0	4	4	5	0	0	0	0	3	1	2	0	0	2	0	0
354	4 Mar 26	14:36:00	1	0	0	0	0	0	0	2	1	6	0	3	0	2	5	6	0	6	0	4	6	6	8	3	2	11	5	0	0	0	0	0	3	3	0	0	2	0	0
355	4 Mar 26	14:37:00	1	0	0	0	0	0	0	0	5	8	0	3	0	4	4	9	5	10	0	4	4	4	5	7	1	6	3	0	0	0	0	0	0	0	0	0	0	0	0
356	4 Mar 26	14:38:00	1	0	0	0	0	0	0	6	5	9	0	1	0	0	2	9	0	7	0	7	2	2	5	1	6	3	6	0	0	0	0	0	0	0	0	0	0	0	2
357	4 Mar 26	14:39:00	1	0	0	0	0	0	0	3	0	8	3	2	0	0	1	9	0	6	0	5	2	1	4	6	5	6	5	0	0	0	0	0	1	0	0	0	4	0	1
358	4 Mar 26	14:40:00	1	0	0	0	0	0	0	6	0	4	0	4	0	0	1	5	0	4	0	5	1	4	4	0	0	6	6	0	0	0	0	0	1	0	0	0	11	0	2
359	4 Mar 26	14:41:00	1	0	0	0	0	0	0	8	0	12	0	3	2	0	0	9	0	8	0	5	0	4	0	1	5	2	6	0	3	0	0	0	3	0	0	0	2	0	0
360	4 Mar 26	14:42:00	1	0	0	0	0	0	0	5	0	5	0	2	0	0	1	9	0	5	1	8	1	1	0	0	0	8	6	0	1	0	0	0	2	0	0	1	0	0	0
361	4 Mar 26	14:43:00	1	0	0	0	0	0	0	5	2	11	0	3	0	0	1	8	0	8	5	5	2	5	0	0	4	6	5	0	3	0	0	0	1	0	0	0	0	3	0
362	4 Mar 26	14:44:00	1	0	0	0	0	0	0	5	7	7	0	1	0	0	0	8	0	12	0	3	5	2	0	0	3	5	7	0	1	0	0	0	3	0	0	0	6	0	0
363	4 Mar 26	14:45:00	1	0	0	0	0	0	0	6	0	8	0	4	0	0	0	8	0	7	2	5	2	10	3	1	4	7	6	0	0	0	0	1	0	2	0	0	4	2	0
364	4 Mar 26	14:46:00	1	0	0	0	0	0	0	8	1	9	0	3	0	0	0	6	0	7	0	5	6	3	6	0	8	6	7	0	0	0	0	0	0	0	0	0	1	0	0
365	4 Mar 26	14:47:00	1	0	0	0	0	0	0	5	0	4	0	4	0	0	0	9	0	6	0	2	0	2	3	0	4	8	2	0	0	0	0	0	0	1	1	0	2	0	0
366	4 Mar 26	14:48:00	1	0	0	0	0	0	0	1	0	7	0	1	0	0	0	7	0	10	2	0	0	0	2	0	4	3	7	0	1	0	0	1	0	0	0	0	3	0	0
367	4 Mar 26	14:49:00	1	0	0	0	0	0	0	8	0	6	0	5	0	0	0	4	0	9	0	2	2	0	1	0	3	9	5	0	0	0	0	1	0	1	0	0	0	0	0
368	4 Mar 26	14:50:00	1	0	0	0	0	0	0	4	0	10	0	3	0	0	0	5	0	8	0	0	0	1	1	0	2	7	0	0	0	0	0	0	0	0	0	0	2	0	0
369	4 Mar 26	14:51:00	1	0	0	0	0	0	0	6	0	9	0	8	0	0	4	7	0	7	2	3	0	1	0	0	5	8	6	0	0	0	0	0	2	0	2	0	4	0	0
370	4 Mar 26	14:52:00	1	0	0	0	0	0	0	5	0	7	0	5	0	0	0	3	0	6	0	6	0	4	0	0	4	8	3	0	0	0	0	0	8	0	0	0	1	0	0
371	4 Mar 26	14:53:00	1	0	0	0	0	0	0	5	0	8	0	2	0	0	0	9	0	8	0	3	0	2	0	0	6	6	5	0	0	0	0	0	1	3	0	0	2	0	0
372	4 Mar 26	14:54:00	1	0	0	0	0	0	0	7	0	8	0	2	0	0	0	9	0	6	0	2	0	3	5	0	0	10	6	0	0	0	0	0	0	0	0	0	1	0	3
373	4 Mar 26	14:55:00	1	0	0	0	0	0	0	7	0	9	0	0	0	0	0	4	0	4	0	4	0	5	0	0	0	5	5	0	0	0	0	0	0	6	3	0	4	0	1
374	4 Mar 26	14:56:00	1	0	0	0	0	0	0	4	1	6	0	0	0	0	0	2	0	7	0	1	3	2	0	0	3	3	3	0	0	0	0	0	0	1	0	0	4	0	0
375	4 Mar 26	14:57:00	1	0	0	0	0	0	0	3	0	5	0	0	0	0	0	4	0	1	0	4	1	4	0	0	2	8	6	0	0	0	0	1	0	0	0	0	0	0	0
376	4 Mar 26	14:58:00	1	0	0	0	0	0	0	6	0	4	0	0	0	0	0	9	0	7	0	3	2	0	0	0	2	6	4	0	0	0	0	1	0	1	0	0	2	0	0
377	4 Mar 26	14:59:00	1	0	0	0	0	0	0	6	0	11	0	4	0	0	0	7	0	8	0	1	2	6	0	0	4	5	3	0	0	0	0	1	0	3	0	0	0	0	0
378	4 Mar 26	15:00:00	1	0	0	0	0	0	0	3	0	6	1	3	0	0	0	5	0	7	0	4	2	6	0	0	2	5	4	0	0	0	0	0	0	2	2	6	0	0	0
379	4 Mar 26	15:01:00	1	0	0	0	0	0	0	6	3	9	0	5	0	0	0	3	0	7	0	3	6	2	0	0	4	4	6	0	0	0	0	0	0	0	0	3	0	0	0
380	4 Mar 26	15:02:00	1	0	0	0	0	0	0	4	1	9	0	1	0	0	0	5	0	8	0	7	1	5	0	0	0	6	3	0	0	0	0	3	0	1	1	31	0	0	0
381	4 Mar 26	15:03:00	1	0	0	0	0	0	0	4	0	6	0	8	0	0	0	4	0	8	0	4	3	4	0	0	4	8	4	0	0	0	0	1	0	2	0	7	3	0	0
382	4 Mar 26	15:04:00	1	0	0	0	0	0	0	6	0	4	2	5	0	0	0	10	0	5	0	4	0	1	1	0	0	2	5	0	0	0	0	1	1	2	0	1	8	0	0
383	4 Mar 26	15:05:00	1	0	0	0	0	0	0	6	0	7	7	2	0	0	0	8	0	7	0	2	1	0	9	2	0	6	4	0	0	0	0	0	0	3	0	4	6	0	0
384	4 Mar 26	15:06:00	1	0	0	0	0	0	0	7	0	7	5	0	0	0	0	10	0	6	0	0	1	4	4	4	0	2	3	0	0	0	0	0	0	0	0	2	3	0	0
385	4 Mar 26	15:07:00	1	0	0	0	0	0	0	7	0	11	2	1	0	1	0	6	3	5	0	3	0	2	0	2	0	5	6	0	0	5	2	0	0	0	0	0	1	0	0
386	4 Mar 26	15:08:00	1	0	0	0	0	0	0	4	0	8	0	1	0	4	0	6	9	5	4	6	0	2	3	1	0	2	6	0	0	13	0	0	0	0	2	0	5	0	0
387	4 Mar 26	15:09:00	1	0	0	0	0	0	0	8	0	6	2	3	0	0	0	5	3	4	0	0	0	3	0	0	0	5	4	0	1	0	0	0	0	0	0	5	0	0	0
388	4 Mar 26	15:10:00	1	0	0	0	0	0	0	6	0	7	5	1	0	0	0	6	6	7	0	0	0	1	1	3	0	6	4	0	0	0	0	0	0	24	0	1	0	0	0
389	4 Mar 26	15:11:00	1	0	0	0	0	0	0	4	0	4	5	0	0	0	0	2	4	8	0	1	1	1	0	1	0	9	5	0	0	0	2	0	0	8	0	0	0	0	0
390	4 Mar 26	15:12:00	1	0	0	0	0	0	0	7	0	10	1	2	0	0	0	3	4	4	0	0	3	4	0	0	0	3	2	0	0	0	0	0	1	1	0	0	0	0	0
391	4 Mar 26	15:13:00	1	0	0	0	0	0	0	4	0	8	2	3	0	0	0	5	3	6	8	0	2	1	0	0	0	4	7	0	0	0	0	0	3	0	0	0	0	0	0
392	4 Mar 26	15:14:00	1	0	0	0	0	0	0	5	0	6	5	4	0	0	0	5	3	7	13	0	4	3	5	0	0	5	9	0	0	0	0	8	2	2	0	0	0	0	0
393	4 Mar 26	15:15:00	1	0	0	0	0	0	0	5	0	2	0	0	0	0	0	7	3	7	1	0	4	0	1	1	0	3	8	0	0	0	0	3	1	0	0	4	0	3	0
394	4 Mar 26	15:16:00	1	0	0	0	0	0	0	6	0	3	0	0	0	0	0	8	5	10	1	0	4	1	0	0	1	0	3	0	0	0	0	5	1	0	0	16	3	0	0
395	4 Mar 26	15:17:00	1	0	0	0	0	0	0	5	0	7	0	3	0	0	0	7	4	5	2	1	4	4	0	0	4	0	5	0	0	0	0	0	4	1	0	1	5	0	0
396	4 Mar 26	15:18:00	1	0	0	0	0	0	0	6	0	6	0	6	0	0	0	10	4	6	0	0	3	3	4	3	5	0	0	0	0	0	0	0	2	2	0	0	0	0	0
397	4 Mar 26	15:19:00	1	0	0	0	0	0	0	6	0	8	0	3	0	0	0	8	5	6	0	3	5	9	2	0	4	0	2	0	0	0	0	0	2	0	0	2	10	0	0
398	4 Mar 26	15:20:00	1	0	0	0	0	0	0	1	0	8	1	1	0	0	0	5	5	5	0	2	1	2	0	0	4	0	4	0	1	0	0	0	3	2	0	3	2	0	0
399	4 Mar 26	15:21:00	1	0	0	0	0	0	0	6	4	9	2	2	0	0	0	7	0	6	0	0	2	0	0	0	2	0	5	0	0	0	0	0	0	0	0	1	3	0	0
400	4 Mar 26	15:22:00	1	0	0	0	0	0	0	7	2	13	0	3	0	0	0	2	0	7	0	0	4	2	0	0	1	0	5	0	1	0	0	0	1	0	0	0	6	0	0
401	4 Mar 26	15:23:00	1	0	0	0	0	0	0	5	3	11	0	0	0	0	0	6	2	8	0	0	3	5	0	0	4	0	6	0	0	0	0	0	0	3	0	0	7	0	0
402	4 Mar 26	15:24:00	1	0	0	0	0	0	0	7	0	6	0	0	0	0	0	8	2	7	3	0	5	0	0	0	0	0	4	0	0	0	0	0	0	3	0	8	3	0	1
403	4 Mar 26	15:25:00	1	0	0	0	0	0	0	6	0	13	0	0	0	9	0	8	2	7	0	0	3	2	0	9	0	0	4	0	0	0	0	0	0	7	0	0	2	0	0
404	4 Mar 26	15:26:00	1	0	0	0	0	0	0	8	7	7	0	1	0	6	0	8	2	7	0	0	6	3	0	4	0	0	4	0	0	0	0	0	0	5	0	2	0	0	1
405	4 Mar 26	15:27:00	1	0	0	0	0	0	0	7	7	9	0	4	0	4	0	8	3	10	3	0	1	6	0	0	0	0	2	0	0	0	0	0	0	2	0	0	4	0	0
406	4 Mar 26	15:28:00	1	0	0	0	0	0	0	6	5	9	0	4	0	10	0	7	4	4	0	0	2	3	0	2	4	0	4	0	0	0	0	0	0	0	0	1	2	0	0
407	4 Mar 26	15:29:00	1	0	0	0	0	0	0	3	2	9	0	1	0	6	0	9	6	7	1	0	2	1	0	3	0	5	6	0	0	0	0	0	5	0	3	0	7	0	0
408	4 Mar 26	15:30:00	1	0	0	0	0	0	0	6	2	7	0	2	0	7	0	7	4	8	3	0	4	0	0	1	0	4	4	0	0	0	0	0	6	0	5	0	12	0	0
409	4 Mar 26	15:31:00	1	0	0	0	0	0	0	7	5	7	0	4	0	7	0	3	4	6	5	0	2	0	0	0	0	4	6	0	0	0	0	0	3	0	3	0	1	0	0
410	4 Mar 26	15:32:00	1	0	0	0	0	0	0	5	3	5	0	3	0	5	0	7	3	6	2	0	4	0	0	0	0	5	4	0	0	0	0	0	1	0	5	0	0	0	0
411	4 Mar 26	15:33:00	1	0	0	0	0	0	0	5	4	6	0	5	4	7	0	9	3	4	4	0	0	1	3	0	0	6	4	0	1	0	0	0	0	2	1	0	4	0	1
412	4 Mar 26	15:34:00	1	0	0	0	0	0	0	6	6	7	0	4	0	9	0	7	7	9	0	0	2	2	5	1	0	7	4	0	9	0	0	0	1	0	0	0	2	0	0
413	4 Mar 26	15:35:00	1	0	0	0	0	0	0	5	0	10	1	6	0	6	0	5	3	10	0	0	0	3	2	3	0	7	0	0	2	0	0	0	1	0	1	0	0	0	0
414	4 Mar 26	15:36:00	1	0	0	0	0	0	0	4	3	8	4	0	0	7	0	4	1	8	0	0	0	1	2	6	1	4	4	0	8	0	0	0	0	0	0	0	0	0	0
415	4 Mar 26	15:37:00	1	0	0	0	0	0	0	5	0	8	0	0	3	7	0	6	2	7	0	0	0	0	0	7	0	3	8	0	9	0	0	0	0	0	0	0	0	3	0
416	4 Mar 26	15:38:00	1	0	0	0	0	0	0	4	5	8	0	0	0	6	0	6	2	8	0	0	0	3	0	4	0	0	5	0	5	0	0	0	0	3	1	0	0	5	1
417	4 Mar 26	15:39:00	1	0	0	0	0	0	0	4	7	7	0	0	0	7	0	7	3	3	0	0	0	2	6	0	0	0	7	0	3	0	0	0	0	2	2	0	0	4	0
418	4 Mar 26	15:40:00	1	0	0	0	0	0	0	2	2	6	0	5	0	4	0	8	3	4	0	0	0	0	0	0	4	0	3	0	4	0	0	0	2	0	0	0	0	4	0
419	4 Mar 26	15:41:00	1	0	0	0	0	0	0	4	0	10	0	3	0	4	0	10	0	8	0	0	0	3	0	0	1	0	5	0	0	0	0	0	0	0	0	0	0	4	1
420	4 Mar 26	15:42:00	1	0	0	0	0	0	0	8	0	8	0	0	4	4	0	5	2	4	0	0	6	0	0	0	2	6	4	0	3	0	0	0	0	0	0	0	0	4	0
421	4 Mar 26	15:43:00	1	0	0	0	0	0	0	7	0	10	0	0	2	0	0	6	4	10	1	0	0	0	0	0	4	0	5	0	0	0	0	0	0	0	0	0	0	4	0
422	4 Mar 26	15:44:00	1	0	0	0	0	0	0	7	5	9	1	4	1	7	0	4	3	7	1	0	2	0	0	0	6	9	4	0	1	0	0	2	0	0	0	0	6	8	0
423	4 Mar 26	15:45:00	1	0	0	0	0	0	0	5	1	9	4	0	1	2	0	7	0	9	0	0	0	0	0	0	4	6	2	0	3	0	0	1	1	0	0	0	0	2	0
424	4 Mar 26	15:46:00	1	0	0	0	0	0	0	10	6	10	0	5	7	0	0	8	0	8	0	0	6	0	2	0	8	3	5	0	6	0	0	2	11	0	0	0	6	4	0
425	4 Mar 26	15:47:00	1	0	0	0	0	0	0	5	2	11	2	4	0	2	0	8	0	7	0	0	5	0	4	0	4	6	4	0	2	0	0	0	1	0	0	0	8	2	0
426	4 Mar 26	15:48:00	1	0	0	0	0	0	0	3	3	10	0	1	0	2	0	7	0	8	0	0	4	0	5	0	0	3	7	0	3	0	0	0	1	1	3	0	7	0	0
427	4 Mar 26	15:49:00	1	0	0	0	0	0	0	7	1	11	2	3	0	0	0	7	0	7	0	0	3	0	2	0	0	4	6	0	3	0	0	0	0	1	0	0	3	2	0
428	4 Mar 26	15:50:00	1	0	0	0	0	0	0	6	0	11	2	5	0	2	0	9	0	9	0	0	4	0	7	0	0	0	4	0	5	0	0	0	0	1	0	0	1	0	0
429	4 Mar 26	15:51:00	1	0	0	0	0	0	0	6	0	11	2	4	0	6	0	7	0	8	0	0	4	0	1	0	0	0	3	0	7	0	0	0	0	3	0	0	0	2	0
430	4 Mar 26	15:52:00	1	0	0	0	0	0	0	5	0	11	2	6	0	1	0	5	0	9	0	0	0	0	0	0	1	0	0	0	8	0	0	0	0	4	0	0	0	0	0
431	4 Mar 26	15:53:00	1	0	0	0	0	0	0	4	1	4	0	1	0	1	0	5	0	4	0	0	1	0	2	0	4	0	5	0	3	0	0	0	0	0	0	0	0	0	0
432	4 Mar 26	15:54:00	1	0	0	0	0	0	0	4	3	3	0	7	0	0	0	3	0	5	0	0	4	0	3	0	1	0	5	0	5	0	0	0	0	0	0	0	0	0	0
433	4 Mar 26	15:55:00	1	0	0	0	0	0	0	3	2	7	0	4	0	0	0	0	0	8	1	0	0	0	0	0	3	0	6	0	7	0	0	0	0	0	0	0	0	5	0
434	4 Mar 26	15:56:00	1	0	0	0	0	0	0	6	1	8	0	1	0	0	0	7	5	4	0	0	2	0	0	0	4	0	4	0	8	0	0	0	0	0	0	0	0	0	0
435	4 Mar 26	15:57:00	1	0	0	0	0	0	0	1	0	13	0	4	0	0	0	4	4	0	0	0	2	0	0	0	3	0	2	0	5	0	0	0	0	0	0	0	0	0	0
436	4 Mar 26	15:58:00	1	0	0	0	0	0	0	9	3	11	0	2	0	0	0	6	4	3	0	0	2	0	0	0	0	0	3	0	5	0	0	0	0	0	0	0	0	0	4
437	4 Mar 26	15:59:00	1	0	0	0	0	0	0	8	0	8	0	1	0	0	0	4	5	4	0	0	0	0	0	0	3	0	4	0	4	0	0	0	0	1	0	0	0	2	2
438	4 Mar 26	16:00:00	1	0	0	0	0	0	0	7	4	11	0	2	0	0	0	5	3	3	0	0	0	0	0	0	7	0	4	0	5	0	0	0	0	5	0	0	0	8	0
439	4 Mar 26	16:01:00	1	0	0	0	0	0	0	8	1	1	0	5	0	0	0	8	7	10	0	0	0	0	3	0	0	0	7	0	5	0	1	0	0	1	0	0	0	6	0
440	4 Mar 26	16:02:00	1	0	0	0	0	0	0	4	2	3	0	2	0	0	0	10	2	4	0	0	0	0	4	0	0	0	3	0	5	0	0	0	0	1	0	0	0	6	0
441	4 Mar 26	16:03:00	1	0	0	0	0	0	0	4	0	9	0	1	0	0	0	6	4	6	0	0	0	0	0	1	0	0	5	0	2	0	0	0	0	0	0	0	0	6	0
442	4 Mar 26	16:04:00	1	0	0	0	0	0	0	8	3	6	0	3	0	0	0	7	0	9	0	0	0	0	0	0	0	0	6	0	4	0	0	0	0	0	0	0	0	11	0
443	4 Mar 26	16:05:00	1	0	0	0	0	0	0	5	2	7	0	3	0	0	0	7	0	8	0	0	0	0	0	0	7	4	3	0	8	0	0	0	0	0	0	0	0	5	0
444	4 Mar 26	16:06:00	1	0	0	0	0	0	0	7	4	4	0	0	0	0	0	3	0	8	2	0	0	0	0	0	2	0	2	0	4	0	0	0	0	5	0	0	0	3	0
445	4 Mar 26	16:07:00	1	0	0	0	0	0	0	11	1	0	0	0	0	0	0	3	0	2	0	0	0	4	0	0	1	5	5	0	3	0	0	0	0	2	0	0	0	1	0
446	4 Mar 26	16:08:00	1	0	0	0	0	0	0	7	0	0	0	0	0	0	0	6	0	9	1	0	2	8	4	0	5	5	4	0	3	0	0	0	0	5	0	0	0	3	0
447	4 Mar 26	16:09:00	1	0	0	0	0	0	0	6	5	0	0	0	0	0	0	7	0	9	1	0	4	0	0	0	1	9	3	0	9	0	0	0	0	0	0	0	0	2	0
448	4 Mar 26	16:10:00	1	0	0	0	0	0	0	5	0	0	0	5	0	0	0	5	0	7	0	0	0	3	0	0	4	1	5	0	4	0	0	0	0	0	0	0	0	0	0
449	4 Mar 26	16:11:00	1	0	0	0	0	0	0	6	2	7	0	6	0	0	0	6	7	3	0	0	4	2	0	13	2	3	0	0	4	0	0	0	0	2	0	0	0	0	0
450	4 Mar 26	16:12:00	1	0	0	0	0	0	0	8	5	13	0	4	0	0	0	11	5	8	0	0	0	0	0	4	2	6	0	0	5	0	0	0	0	2	0	0	0	0	0
451	4 Mar 26	16:13:00	1	0	0	0	0	0	0	5	0	20	0	5	0	3	2	7	5	6	0	0	3	1	0	0	2	0	0	0	0	0	0	0	0	2	0	0	0	0	0
452	4 Mar 26	16:14:00	1	0	0	0	0	0	0	6	0	0	0	4	0	0	2	7	3	6	0	0	3	1	0	1	7	0	2	0	5	0	0	0	1	0	0	0	0	0	0
453	4 Mar 26	16:15:00	1	0	0	0	0	0	0	2	2	0	0	2	0	4	0	7	2	6	0	0	2	0	0	0	9	0	5	0	5	0	0	0	2	1	0	0	0	1	0
454	4 Mar 26	16:16:00	1	0	0	0	0	0	0	3	1	0	0	7	0	0	0	8	0	2	0	0	1	0	0	0	5	0	4	0	2	0	0	0	0	1	0	0	0	3	0
455	4 Mar 26	16:17:00	1	0	0	0	0	0	0	6	1	2	0	0	0	0	0	0	0	4	0	0	1	0	0	0	0	0	5	0	3	0	0	4	7	2	0	0	0	4	0
456	4 Mar 26	16:18:00	1	0	0	0	0	0	0	5	0	0	0	0	0	2	0	2	0	7	0	0	2	1	0	0	0	0	4	0	4	0	0	0	1	3	0	0	0	6	2
457	4 Mar 26	16:19:00	1	0	0	0	0	0	0	3	0	2	0	5	0	0	0	6	0	4	0	0	3	1	0	0	1	0	4	0	2	0	0	1	7	1	0	0	0	3	3
458	4 Mar 26	16:20:00	1	0	0	0	0	0	0	5	2	3	0	2	0	0	0	2	0	11	0	0	5	0	0	1	1	0	6	0	5	0	0	0	0	0	0	0	0	4	0
459	4 Mar 26	16:21:00	1	0	0	0	0	0	0	8	2	2	0	17	0	0	0	7	0	6	0	0	2	0	0	0	3	0	5	0	1	0	0	0	0	0	0	0	0	2	0
460	4 Mar 26	16:22:00	1	0	0	0	0	0	0	3	5	0	0	19	0	0	0	4	0	5	0	0	5	5	0	0	0	0	3	0	3	0	0	0	0	1	0	0	0	0	0
461	4 Mar 26	16:23:00	1	0	0	0	0	0	0	8	5	7	0	1	0	0	0	8	0	7	0	0	0	2	0	0	2	0	5	0	6	0	0	0	0	3	0	0	0	0	0
462	4 Mar 26	16:24:00	1	0	0	0	0	0	0	8	7	3	0	0	0	0	0	8	0	7	0	0	0	0	0	0	1	0	4	0	2	0	0	0	3	2	0	0	0	0	0
463	4 Mar 26	16:25:00	1	0	0	0	0	0	0	12	0	0	0	0	0	0	0	6	0	9	0	0	0	0	1	0	0	2	5	0	2	0	0	0	13	0	0	0	0	0	0
464	4 Mar 26	16:26:00	1	0	0	0	0	0	0	6	4	0	0	0	0	0	0	6	0	0	0	0	0	0	5	0	0	6	1	0	6	0	0	0	1	0	0	0	0	0	0
465	4 Mar 26	16:27:00	1	0	0	0	0	0	0	3	3	0	4	4	0	0	0	4	0	1	0	0	0	0	1	0	1	8	3	0	5	0	0	0	5	0	0	0	0	0	0
466	4 Mar 26	16:28:00	1	0	0	0	0	0	0	6	10	0	6	6	0	0	0	2	0	6	0	0	0	0	0	0	3	7	5	0	5	0	0	0	0	3	0	0	0	0	0
467	4 Mar 26	16:29:00	1	0	0	0	0	0	0	5	0	0	2	4	0	0	3	3	0	7	0	0	0	5	0	0	2	4	2	0	3	0	0	0	4	1	0	0	0	0	0
468	4 Mar 26	16:30:00	1	0	0	0	0	0	0	2	8	0	2	1	0	0	0	5	0	7	0	0	0	6	0	0	5	5	4	0	2	0	0	0	4	1	0	0	0	0	0
469	4 Mar 26	16:31:00	1	0	0	0	0	0	0	7	0	2	1	1	0	0	0	8	0	11	0	0	0	2	1	0	2	8	0	0	2	0	0	0	4	1	0	0	0	0	1
470	4 Mar 26	16:32:00	1	0	0	0	0	0	0	6	0	9	4	0	0	0	0	6	0	6	0	0	0	2	2	0	4	3	0	0	2	0	0	0	5	0	0	0	0	0	0
471	4 Mar 26	16:33:00	1	0	0	0	0	0	0	7	0	8	3	1	0	0	0	7	0	5	0	0	2	3	0	0	1	3	0	0	5	0	0	0	5	1	0	0	0	0	3
472	4 Mar 26	16:34:00	1	0	0	0	0	0	0	11	0	9	0	2	0	0	0	7	0	2	0	0	3	0	0	0	6	4	0	0	1	0	0	0	2	2	0	0	0	0	4
473	4 Mar 26	16:35:00	1	0	0	0	0	0	0	7	0	8	3	4	0	0	0	7	0	9	3	0	5	0	0	0	4	3	0	0	1	0	0	0	5	1	0	0	0	0	3
474	4 Mar 26	16:36:00	1	0	0	0	0	0	0	8	0	8	2	8	0	0	0	6	0	2	1	0	3	0	1	0	5	11	2	0	0	0	0	0	0	0	2	0	0	0	1
475	4 Mar 26	16:37:00	1	0	0	0	0	0	0	6	1	10	1	2	0	0	0	6	0	10	0	0	1	0	4	0	0	5	2	0	0	0	0	0	3	0	2	0	0	0	1
476	4 Mar 26	16:38:00	1	0	0	0	0	0	0	3	0	3	2	0	0	0	0	7	0	8	0	0	2	5	1	0	0	8	3	0	4	0	0	0	7	0	2	0	0	0	0
477	4 Mar 26	16:39:00	1	0	0	0	0	0	0	0	0	3	0	0	0	0	0	4	0	7	0	0	0	0	0	0	0	5	2	0	0	0	0	0	2	0	0	0	0	5	0
478	4 Mar 26	16:40:00	1	0	0	0	0	0	0	6	0	6	0	0	0	0	0	0	0	8	0	0	0	0	2	0	0	0	5	0	0	0	0	0	1	0	2	0	0	5	0
479	4 Mar 26	16:41:00	1	0	0	0	0	0	0	8	0	7	2	0	7	0	0	1	0	9	0	0	0	4	0	0	0	0	6	0	4	0	0	0	1	3	0	0	0	5	0
480	4 Mar 26	16:42:00	1	0	0	0	0	0	0	5	3	4	0	0	0	0	0	5	0	4	0	0	0	2	0	0	0	0	3	0	1	0	0	0	3	0	0	0	0	2	0
481	4 Mar 26	16:43:00	1	0	0	0	0	0	0	7	0	8	0	0	0	0	0	7	0	8	0	0	0	4	0	0	0	0	8	0	3	0	0	0	3	3	0	0	0	0	0
482	4 Mar 26	16:44:00	1	0	0	0	0	0	0	7	0	7	0	0	0	0	0	3	0	5	0	0	0	0	0	0	0	0	7	0	4	0	0	0	0	0	0	0	0	6	0
483	4 Mar 26	16:45:00	1	0	0	0	0	0	0	4	0	8	0	0	0	0	0	5	0	7	0	0	0	0	0	0	0	0	3	0	0	0	0	0	0	0	0	0	0	5	0
484	4 Mar 26	16:46:00	1	0	0	0	0	0	0	5	0	0	0	0	0	0	0	8	0	8	0	0	0	0	0	0	2	0	3	3	3	0	0	0	0	4	0	0	0	5	0
485	4 Mar 26	16:47:00	1	0	0	0	0	0	0	6	0	1	0	0	0	2	0	6	0	7	0	0	0	0	0	1	5	0	3	0	4	0	0	0	0	1	0	0	0	7	0
486	4 Mar 26	16:48:00	1	0	0	0	0	0	0	6	0	0	0	0	0	2	0	5	0	5	0	0	0	0	0	3	2	0	5	4	2	0	0	0	0	1	0	0	0	6	0
487	4 Mar 26	16:49:00	1	0	0	0	0	0	0	4	0	0	0	0	0	3	0	5	0	0	1	0	0	0	0	2	7	0	4	8	4	0	0	0	9	4	0	0	0	0	0
488	4 Mar 26	16:50:00	1	0	0	0	0	0	0	7	0	0	0	0	0	1	0	6	0	5	0	0	0	0	0	1	2	0	4	8	3	0	0	0	0	1	0	0	0	0	0
489	4 Mar 26	16:51:00	1	0	0	0	0	0	0	6	0	2	0	0	0	0	0	8	0	6	0	0	0	0	0	3	7	0	2	5	0	0	0	0	4	0	0	0	0	0	0
490	4 Mar 26	16:52:00	1	0	0	0	0	0	0	9	0	0	0	6	0	0	0	6	0	10	0	0	0	0	0	1	0	0	3	0	1	0	0	0	5	1	0	0	0	0	0
491	4 Mar 26	16:53:00	1	0	0	0	0	0	0	8	0	4	0	3	0	0	0	7	0	6	0	0	0	0	0	4	0	2	4	5	1	0	0	0	0	3	0	0	0	0	0
492	4 Mar 26	16:54:00	1	0	0	0	0	0	0	4	0	0	0	4	0	5	0	9	0	5	1	0	0	0	0	0	0	3	8	2	0	0	0	0	0	1	0	0	0	0	0
493	4 Mar 26	16:55:00	1	0	0	0	0	0	0	4	0	0	0	3	0	0	0	4	0	5	0	0	0	0	0	0	0	3	4	4	0	0	0	0	0	5	0	0	0	0	0
494	4 Mar 26	16:56:00	1	0	0	0	0	0	0	7	0	0	0	4	0	1	0	1	0	6	0	0	0	0	0	0	0	5	3	1	0	0	0	0	0	2	0	0	0	0	0
495	4 Mar 26	16:57:00	1	0	0	0	0	0	0	5	0	0	0	1	0	1	0	0	0	8	0	0	0	0	0	4	0	5	4	5	0	0	0	0	0	4	0	0	0	2	0
496	4 Mar 26	16:58:00	1	0	0	0	0	0	0	6	0	0	0	4	0	1	0	0	0	4	0	0	0	0	0	0	0	6	3	5	0	0	0	0	0	2	0	0	0	3	0
497	4 Mar 26	16:59:00	1	0	0	0	0	0	0	3	0	0	0	2	0	5	0	0	0	4	2	0	0	0	1	0	0	6	8	5	0	0	0	0	0	0	0	0	0	4	0
498	4 Mar 26	17:00:00	1	0	0	0	0	0	0	4	0	0	0	5	0	2	0	0	0	6	0	0	5	0	1	0	8	3	1	6	0	0	2	0	0	7	5	0	0	6	0
499	4 Mar 26	17:01:00	1	0	0	0	0	0	0	9	0	0	0	0	0	0	0	2	0	5	0	0	7	0	2	0	8	0	0	6	0	0	0	0	0	0	0	0	0	3	0
500	4 Mar 26	17:02:00	1	0	0	0	0	0	0	0	0	0	0	4	0	0	0	0	0	6	0	0	1	0	3	0	3	0	3	7	0	0	0	0	0	0	0	0	0	0	0
501	4 Mar 26	17:03:00	1	0	0	0	0	0	0	0	0	0	0	2	0	0	0	0	0	5	0	0	5	0	4	0	0	0	3	7	1	0	0	0	0	0	6	0	0	0	0
502	4 Mar 26	17:04:00	1	0	0	0	0	0	0	7	0	2	0	0	0	0	0	2	0	6	0	0	8	0	0	0	6	0	2	3	0	0	0	0	0	1	0	0	0	0	0
503	4 Mar 26	17:05:00	1	0	0	0	0	0	0	3	0	0	0	0	0	0	0	0	3	5	0	0	2	0	0	0	1	0	0	6	3	0	0	0	0	2	0	0	0	0	0
504	4 Mar 26	17:06:00	1	0	0	0	0	0	0	1	0	9	0	1	0	0	0	0	2	7	0	0	0	0	0	0	0	0	0	5	1	0	0	0	0	0	0	0	0	0	0
505	4 Mar 26	17:07:00	1	0	0	0	0	0	0	6	0	2	0	3	0	0	0	0	0	5	0	0	0	0	0	0	3	0	0	4	4	0	0	0	0	0	0	0	1	0	0
506	4 Mar 26	17:08:00	1	0	0	0	0	0	0	8	0	5	1	3	0	0	0	0	0	8	0	0	0	0	0	0	0	0	0	4	4	0	0	0	0	0	0	0	3	0	0
507	4 Mar 26	17:09:00	1	0	0	0	0	0	0	5	0	0	0	2	0	0	0	0	2	8	0	3	0	0	0	0	0	0	0	7	1	0	0	0	0	0	0	0	4	0	0
508	4 Mar 26	17:10:00	1	0	0	0	0	0	0	4	0	0	1	4	0	0	0	0	0	9	0	4	0	0	0	0	0	0	2	0	2	0	0	0	0	0	0	0	2	0	0
509	4 Mar 26	17:11:00	1	0	0	0	0	0	0	7	0	0	0	0	0	0	0	0	0	0	0	4	1	0	0	0	0	0	1	0	2	0	0	2	0	2	0	0	4	0	0
510	4 Mar 26	17:12:00	1	0	0	0	0	0	0	3	0	0	4	0	0	0	0	0	0	9	0	0	5	0	0	0	0	0	1	0	0	0	0	1	0	3	0	0	1	0	0
511	4 Mar 26	17:13:00	1	0	0	0	0	0	0	6	0	0	3	0	0	0	0	0	0	7	0	0	4	0	0	0	0	0	5	0	0	0	0	2	0	4	0	0	1	0	0
512	4 Mar 26	17:14:00	1	0	0	0	0	0	0	2	0	0	2	0	0	0	0	0	0	4	0	3	6	0	0	0	1	0	6	0	0	0	0	6	0	0	0	0	0	0	0
513	4 Mar 26	17:15:00	1	0	0	0	0	0	0	6	0	0	0	0	0	0	0	0	1	7	0	2	3	0	0	0	1	0	2	0	0	0	0	4	0	0	0	0	2	0	0
514	4 Mar 26	17:16:00	1	0	0	0	0	0	0	8	0	0	0	0	0	0	0	0	2	1	0	0	2	0	0	0	0	0	0	0	0	0	0	0	0	0	0	0	15	0	1
515	4 Mar 26	17:17:00	1	0	0	0	0	0	0	4	0	0	0	0	0	0	0	0	0	5	3	0	0	0	0	0	0	0	0	0	0	0	0	0	0	0	0	0	0	0	7
516	4 Mar 26	17:18:00	1	0	0	0	0	0	0	6	0	0	0	0	0	0	0	0	5	5	0	0	0	0	0	0	7	0	0	0	0	0	0	0	0	0	0	0	0	0	7
517	4 Mar 26	17:19:00	1	0	0	0	0	0	0	3	0	0	0	0	0	0	0	1	6	5	0	2	4	0	0	0	4	0	0	0	0	0	0	0	0	0	0	0	0	0	6
518	4 Mar 26	17:20:00	1	0	0	0	0	0	0	0	0	0	0	0	0	0	0	7	2	7	0	0	6	0	0	0	1	0	0	0	0	0	0	0	0	0	0	0	0	0	4
519	4 Mar 26	17:21:00	1	0	0	0	0	0	0	1	0	0	0	0	0	0	0	7	4	9	4	3	1	0	0	0	5	0	0	0	0	0	0	0	0	2	0	0	0	0	0
520	4 Mar 26	17:22:00	1	0	0	0	0	0	0	8	0	0	0	0	0	0	0	5	4	3	1	4	6	0	0	0	3	0	0	0	0	0	0	0	0	0	0	0	0	0	0
521	4 Mar 26	17:23:00	1	0	0	0	0	0	0	6	0	0	0	0	0	0	0	13	0	5	0	0	4	0	2	0	0	0	1	0	0	0	0	0	0	0	0	0	0	0	0
522	4 Mar 26	17:24:00	1	0	0	0	0	0	0	5	0	0	0	0	0	0	0	0	0	4	0	7	5	0	4	0	4	5	1	0	0	0	0	0	0	0	0	0	0	0	0
523	4 Mar 26	17:25:00	1	0	0	0	0	0	0	6	0	0	0	0	0	0	0	0	0	6	0	0	3	0	5	0	2	1	9	0	0	0	0	0	0	0	1	0	0	5	0
524	4 Mar 26	17:26:00	1	0	0	0	0	0	0	3	0	0	4	0	0	3	0	0	0	11	0	0	4	0	4	0	0	3	0	0	0	0	0	0	0	0	0	0	0	3	0
525	4 Mar 26	17:27:00	1	0	0	0	0	0	0	5	0	0	1	0	0	1	0	3	0	8	0	0	2	0	0	0	5	1	0	0	0	0	0	1	0	0	0	0	0	3	0
526	4 Mar 26	17:28:00	1	0	0	0	0	0	0	0	0	0	5	0	0	0	0	7	0	9	0	2	5	0	1	0	2	2	0	0	0	0	0	1	0	0	2	0	0	3	0
527	4 Mar 26	17:29:00	1	0	0	0	0	0	0	4	0	0	4	0	0	2	0	9	0	7	0	0	2	0	0	0	0	3	0	0	0	0	0	0	0	0	4	0	1	7	0
528	4 Mar 26	17:30:00	1	0	0	0	0	0	0	6	0	4	3	0	0	0	0	3	0	5	1	0	2	0	1	0	0	0	0	0	0	0	0	0	0	0	0	0	0	3	0
529	4 Mar 26	17:31:00	1	0	0	0	0	0	0	6	0	10	5	0	0	3	0	2	0	5	0	0	5	0	0	0	0	0	0	0	0	0	0	0	0	0	0	0	0	8	0
530	4 Mar 26	17:32:00	1	0	0	0	0	0	0	6	0	2	1	0	0	3	0	2	0	5	6	0	1	0	0	0	0	0	0	0	0	0	0	0	1	0	0	0	0	1	0
531	4 Mar 26	17:33:00	1	0	0	0	0	0	0	2	0	0	7	0	0	3	0	7	0	7	2	0	3	0	0	0	0	0	0	0	0	0	0	0	1	0	4	0	0	1	0
532	4 Mar 26	17:34:00	1	0	0	0	0	0	0	3	0	3	3	0	0	0	0	7	0	0	0	0	6	0	0	0	1	0	0	0	0	0	0	0	0	0	2	1	0	0	0
533	4 Mar 26	17:35:00	1	0	0	0	0	0	0	5	0	3	6	0	0	0	0	6	0	6	7	0	3	0	0	0	1	0	0	0	0	0	0	0	4	0	0	0	0	0	0
534	4 Mar 26	17:36:00	1	0	0	0	0	0	0	8	0	0	5	0	0	2	0	2	0	7	2	5	4	0	1	0	3	0	0	0	0	0	0	0	5	0	0	0	0	0	0
535	4 Mar 26	17:37:00	1	0	0	0	0	0	0	3	0	0	7	0	0	4	0	7	0	7	1	5	4	0	2	0	0	0	0	0	0	0	0	0	1	0	1	0	0	0	0
536	4 Mar 26	17:38:00	1	0	0	0	0	0	0	3	0	0	6	0	0	4	0	9	0	5	4	2	3	0	0	0	0	0	0	0	0	0	0	0	3	0	0	0	0	2	0
537	4 Mar 26	17:39:00	1	0	0	0	0	0	0	4	0	0	5	0	0	3	0	6	0	7	0	5	3	0	0	0	3	0	0	0	0	0	0	0	3	0	0	0	0	0	0
538	4 Mar 26	17:40:00	1	0	0	0	0	0	0	3	0	0	8	0	0	5	0	4	0	8	4	0	3	0	0	0	1	0	0	0	0	0	0	0	4	0	0	0	0	3	0
539	4 Mar 26	17:41:00	1	0	0	0	0	0	0	6	0	0	9	0	0	0	0	4	0	4	1	0	3	0	3	0	2	0	0	0	0	0	0	0	1	0	0	0	0	7	0
540	4 Mar 26	17:42:00	1	0	0	0	0	0	0	6	4	0	8	0	0	0	0	8	0	8	7	0	0	0	4	0	0	0	0	0	0	0	0	0	0	0	0	0	0	2	0
541	4 Mar 26	17:43:00	1	0	0	0	0	0	0	5	4	0	6	0	0	0	0	4	0	6	0	0	0	0	0	0	2	0	0	0	0	0	0	0	0	0	0	0	0	8	0
542	4 Mar 26	17:44:00	1	0	0	0	0	0	0	7	2	0	4	0	0	0	0	0	0	3	0	0	0	0	0	0	2	0	2	0	0	0	0	0	6	2	0	0	0	4	0
543	4 Mar 26	17:45:00	1	0	0	0	0	0	0	4	5	0	9	0	0	5	0	0	0	2	0	2	6	0	0	0	4	0	2	0	0	0	0	0	0	0	0	0	1	2	0
544	4 Mar 26	17:46:00	1	0	0	0	0	0	0	7	10	0	7	0	0	1	0	0	0	3	0	6	4	0	0	0	6	0	7	0	0	0	0	2	4	3	0	0	0	12	0
545	4 Mar 26	17:47:00	1	0	0	0	0	0	0	7	2	8	9	0	0	0	0	3	0	6	0	3	0	0	0	0	1	0	6	0	0	0	0	0	4	0	3	0	0	0	0
546	4 Mar 26	17:48:00	1	0	0	0	0	0	0	4	3	6	9	0	0	0	0	0	0	5	0	1	0	0	0	0	1	0	0	0	0	0	0	0	1	0	0	0	0	1	0
547	4 Mar 26	17:49:00	1	0	0	0	0	0	0	6	0	4	6	0	0	0	0	4	0	5	0	0	0	0	0	0	1	0	3	0	0	0	0	0	3	1	0	0	0	0	0
548	4 Mar 26	17:50:00	1	0	0	0	0	0	0	2	0	2	8	0	0	0	0	2	0	6	0	0	3	0	0	0	3	0	1	0	0	0	0	0	0	1	0	0	0	0	0
549	4 Mar 26	17:51:00	1	0	0	0	0	0	0	2	0	0	9	0	0	0	0	6	0	4	0	1	3	0	0	0	5	0	0	0	0	0	0	0	1	1	0	0	0	0	0
550	4 Mar 26	17:52:00	1	0	0	0	0	0	0	3	0	0	5	0	0	0	0	0	0	6	0	0	5	0	0	0	3	0	3	0	0	0	0	0	0	13	0	0	0	2	0
551	4 Mar 26	17:53:00	1	0	0	0	0	0	0	4	0	2	10	0	0	0	0	0	0	9	0	0	4	0	0	0	2	0	5	0	0	0	0	0	0	0	0	0	0	0	0
552	4 Mar 26	17:54:00	1	0	0	0	0	0	0	5	3	0	6	0	0	0	0	0	0	6	0	0	1	0	0	0	3	0	7	0	0	0	0	0	0	0	0	0	0	0	0
553	4 Mar 26	17:55:00	1	0	0	0	0	0	0	9	4	0	13	0	0	0	0	0	0	9	0	0	0	0	0	0	0	0	3	0	0	0	0	0	0	0	0	0	0	1	0
554	4 Mar 26	17:56:00	1	0	0	0	0	0	0	6	0	0	11	0	0	3	3	0	0	7	0	0	0	0	0	0	0	0	0	0	0	0	0	0	0	0	0	0	0	0	0
555	4 Mar 26	17:57:00	1	0	0	0	0	0	0	9	0	0	9	0	0	0	0	1	0	4	0	1	0	0	0	0	0	0	2	0	0	0	0	0	0	0	0	0	0	2	0
556	4 Mar 26	17:58:00	1	0	0	0	0	0	0	7	1	0	5	0	0	5	1	0	0	5	0	2	5	0	0	0	0	0	0	0	0	0	0	0	0	2	0	0	0	2	0
557	4 Mar 26	17:59:00	1	0	0	0	0	0	0	9	3	0	8	0	0	6	0	8	0	0	0	0	8	0	0	0	0	0	0	0	0	0	0	0	0	0	0	0	0	0	0
558	4 Mar 26	18:00:00	1	0	0	0	0	0	0	5	1	3	9	0	0	2	1	0	0	4	0	0	2	0	0	0	4	0	5	0	0	0	0	0	0	0	0	0	0	3	0
559	4 Mar 26	18:01:00	1	0	0	0	0	0	0	3	1	6	8	0	0	0	0	5	0	2	0	0	5	0	0	0	2	0	7	0	0	0	0	0	0	0	0	0	0	0	0
560	4 Mar 26	18:02:00	1	0	0	0	0	0	0	5	3	8	11	0	0	0	0	4	0	0	0	0	0	0	0	0	3	0	9	0	0	0	0	0	0	0	0	0	0	0	0
561	4 Mar 26	18:03:00	1	0	0	0	0	0	0	6	2	4	10	0	0	0	0	7	2	4	0	0	0	0	0	0	4	0	3	0	0	0	0	0	0	0	0	0	0	0	0
562	4 Mar 26	18:04:00	1	0	0	0	0	0	0	6	3	6	11	0	0	0	0	2	0	9	0	0	0	0	0	0	5	0	0	0	0	0	1	0	0	0	0	0	0	0	0
563	4 Mar 26	18:05:00	1	0	0	0	0	0	0	3	0	0	7	0	0	0	0	4	0	2	0	0	0	0	0	0	1	0	0	0	0	0	0	0	0	0	0	0	0	0	0
564	4 Mar 26	18:06:00	1	0	0	0	0	0	0	3	3	0	7	0	0	0	0	1	0	6	0	0	0	0	0	0	0	0	0	0	0	0	0	0	0	0	0	0	0	0	1
565	4 Mar 26	18:07:00	1	0	0	0	0	0	0	5	6	0	5	0	0	0	2	0	0	2	5	0	0	0	0	0	2	0	0	0	0	0	0	0	4	0	0	0	0	0	8
566	4 Mar 26	18:08:00	1	0	0	0	0	0	0	6	5	1	6	0	0	0	2	0	0	7	2	2	0	0	0	0	3	0	0	0	0	0	0	0	0	2	0	0	0	0	2
567	4 Mar 26	18:09:00	1	0	0	0	0	0	0	6	2	4	11	0	0	0	1	0	0	3	9	3	0	0	0	0	3	0	0	0	0	0	0	0	0	0	0	0	3	0	0
568	4 Mar 26	18:10:00	1	0	0	0	0	0	0	8	0	5	10	0	0	0	0	0	0	6	2	7	5	0	0	0	2	0	0	0	0	0	0	0	0	1	0	0	0	0	2
569	4 Mar 26	18:11:00	1	0	0	0	0	0	0	3	0	5	4	0	0	0	0	0	0	5	0	1	1	0	0	0	2	0	0	0	0	0	3	0	11	2	0	0	4	0	0
570	4 Mar 26	18:12:00	1	0	0	0	0	0	0	2	0	6	13	0	0	0	0	0	0	7	0	7	0	0	2	0	5	0	0	0	0	0	0	0	0	0	0	0	7	6	0
571	4 Mar 26	18:13:00	1	0	0	0	0	0	0	7	0	6	8	0	0	0	0	0	0	7	0	3	0	0	6	0	1	0	0	0	0	0	0	0	0	0	0	0	0	1	0
572	4 Mar 26	18:14:00	1	0	0	0	0	0	0	4	0	10	8	0	0	0	0	0	0	7	0	1	0	0	0	0	4	0	0	1	0	0	0	0	0	0	0	0	0	0	0
573	4 Mar 26	18:15:00	1	0	0	0	0	0	0	5	0	6	4	0	0	0	0	0	0	7	0	5	2	0	2	0	2	0	0	5	0	0	0	0	0	0	16	0	0	3	4
574	4 Mar 26	18:16:00	1	0	0	0	0	0	0	8	0	6	10	0	0	0	0	4	0	6	0	5	4	0	7	0	0	0	0	6	0	0	0	0	0	0	38	0	2	2	0
575	4 Mar 26	18:17:00	1	0	0	0	0	0	0	4	0	8	4	0	0	2	0	9	0	5	0	4	2	0	3	0	0	0	0	7	0	0	0	0	0	0	44	0	9	6	0
576	4 Mar 26	18:18:00	1	0	0	0	0	0	0	10	0	9	8	0	0	0	0	11	0	0	0	0	3	0	0	0	0	0	0	6	0	0	0	0	0	0	17	0	2	4	0
577	4 Mar 26	18:19:00	1	0	0	0	0	0	0	3	0	2	8	0	0	0	0	2	0	6	0	0	0	0	0	0	0	0	0	3	0	0	0	0	0	0	0	0	0	10	0
578	4 Mar 26	18:20:00	1	0	0	0	0	0	0	7	0	0	6	0	0	0	0	0	0	6	0	0	0	0	0	1	0	0	0	5	0	0	0	0	0	1	0	0	0	1	0
579	4 Mar 26	18:21:00	1	0	0	0	0	0	0	3	0	0	9	0	0	0	0	5	0	3	0	0	0	0	1	4	0	0	0	1	2	0	0	0	0	3	0	0	0	3	0
580	4 Mar 26	18:22:00	1	0	0	0	0	0	0	9	0	1	7	0	0	0	0	7	0	0	0	0	0	0	1	10	0	0	0	0	0	0	0	0	0	0	0	0	0	4	0
581	4 Mar 26	18:23:00	1	0	0	0	0	0	0	4	0	0	4	0	0	0	0	9	0	3	0	0	0	0	2	0	0	0	0	0	0	0	0	0	0	0	2	0	0	0	0
582	4 Mar 26	18:24:00	1	0	0	0	0	0	0	9	0	0	5	0	0	0	0	11	0	5	0	0	0	0	0	0	0	0	0	0	0	0	0	0	0	0	2	0	0	0	5
583	4 Mar 26	18:25:00	1	0	0	0	0	0	0	4	2	0	7	0	0	0	0	11	0	3	1	0	0	0	0	3	0	0	0	0	0	0	0	0	2	0	0	0	0	0	0
584	4 Mar 26	18:26:00	1	0	0	0	0	0	0	1	0	0	4	0	0	0	0	11	0	0	1	0	0	1	0	1	0	0	0	0	0	0	0	0	0	0	0	0	0	0	2
585	4 Mar 26	18:27:00	1	0	0	0	0	0	0	5	1	0	8	0	0	0	0	5	2	0	2	0	0	0	0	2	0	0	0	0	0	0	0	0	0	0	0	0	0	0	0
586	4 Mar 26	18:28:00	1	0	0	0	0	0	0	11	0	0	3	0	0	0	0	6	5	0	2	4	0	0	0	0	0	0	0	0	0	0	0	0	1	0	0	0	0	0	0
587	4 Mar 26	18:29:00	1	0	0	0	0	0	0	5	0	0	3	0	0	0	0	9	0	0	0	6	0	0	0	0	0	0	0	0	0	0	0	0	2	0	0	0	2	5	0
588	4 Mar 26	18:30:00	1	0	0	0	0	0	0	3	0	0	5	1	0	0	0	6	0	0	0	0	0	0	0	0	0	0	0	0	0	0	0	0	3	2	0	0	5	0	0
589	4 Mar 26	18:31:00	1	0	0	0	0	0	0	1	2	0	4	1	0	0	0	9	0	0	0	0	0	0	0	0	0	0	0	0	0	0	0	0	6	4	0	0	0	0	0
590	4 Mar 26	18:32:00	1	0	0	0	0	0	0	7	7	0	4	5	0	0	0	12	0	0	0	2	0	0	0	8	0	0	0	0	0	0	0	0	1	11	0	0	0	0	0
591	4 Mar 26	18:33:00	1	0	0	0	0	0	0	5	0	0	2	1	0	0	0	16	0	0	5	1	0	2	0	4	0	0	0	0	0	0	0	0	5	4	0	0	0	0	0
592	4 Mar 26	18:34:00	1	0	0	0	0	0	0	9	3	3	4	0	0	0	0	11	0	0	0	0	0	6	0	0	0	0	0	0	0	0	0	0	2	0	0	0	5	0	0
593	4 Mar 26	18:35:00	1	0	0	0	0	0	0	6	2	0	0	0	0	0	0	8	0	0	1	3	0	0	0	3	0	0	0	0	0	0	0	0	2	0	0	0	2	0	0
594	4 Mar 26	18:36:00	1	0	0	0	0	0	0	4	0	0	7	0	0	0	0	10	0	0	0	1	0	1	0	0	0	0	0	0	0	0	0	2	1	0	0	0	0	0	0
595	4 Mar 26	18:37:00	1	0	0	0	0	0	0	5	2	3	10	0	0	0	0	8	0	0	0	0	0	3	0	11	0	0	0	0	0	0	0	4	0	0	0	0	0	0	0
596	4 Mar 26	18:38:00	1	0	0	0	0	0	0	6	0	8	4	0	0	0	0	7	0	0	0	0	0	2	0	0	0	0	0	0	0	0	0	2	0	0	0	0	0	0	0
597	4 Mar 26	18:39:00	1	0	0	0	0	0	0	8	1	6	7	0	0	0	0	11	0	0	2	0	0	0	0	5	0	0	0	0	0	0	0	0	0	0	0	0	0	0	0
598	4 Mar 26	18:40:00	1	0	0	0	0	0	0	6	2	3	5	0	0	0	0	10	0	0	0	0	0	0	0	2	0	0	0	0	0	0	0	0	0	0	0	0	0	0	0
599	4 Mar 26	18:41:00	1	0	0	0	0	0	0	15	3	6	6	0	0	0	0	8	0	0	0	0	0	0	0	0	0	0	5	0	0	0	0	0	0	0	0	0	0	0	0
600	4 Mar 26	18:42:00	1	0	0	0	0	0	0	4	3	10	0	0	0	0	0	7	0	0	0	0	0	1	0	0	0	0	1	0	0	0	0	0	1	0	0	0	0	0	0
601	4 Mar 26	18:43:00	1	0	0	0	0	0	0	2	0	1	2	0	0	0	0	6	0	0	0	0	0	0	0	0	0	0	0	0	0	0	0	0	5	0	0	0	0	0	0
602	4 Mar 26	18:44:00	1	0	0	0	0	0	0	5	3	0	4	0	0	0	0	4	0	0	1	4	0	0	0	0	0	0	1	0	0	0	1	0	2	0	0	0	0	0	0
603	4 Mar 26	18:45:00	1	0	0	0	0	0	0	5	1	0	3	0	0	0	0	1	0	0	1	0	0	0	0	0	0	0	0	0	0	0	3	0	0	0	0	0	0	0	0
604	4 Mar 26	18:46:00	1	0	0	0	0	0	0	7	1	0	0	0	0	0	0	0	0	0	0	0	0	0	0	0	0	0	0	0	0	0	1	0	3	0	0	0	0	0	0
605	4 Mar 26	18:47:00	1	0	0	0	0	0	0	3	0	0	0	0	0	0	0	0	2	0	0	0	0	0	0	0	0	0	0	0	0	0	0	0	0	0	0	0	0	0	0
606	4 Mar 26	18:48:00	1	0	0	0	0	0	0	4	2	0	0	0	0	0	0	0	3	0	7	0	0	3	0	0	0	0	0	0	0	0	0	0	0	0	0	0	0	0	0
607	4 Mar 26	18:49:00	1	0	0	0	0	0	0	3	0	0	0	0	0	0	0	7	3	0	1	0	0	5	0	0	0	0	0	0	0	0	0	0	0	0	0	0	0	0	0
608	4 Mar 26	18:50:00	1	0	0	0	0	0	0	4	0	0	0	0	0	0	0	3	0	0	6	0	0	0	2	0	0	0	2	0	0	0	0	0	0	0	0	0	0	0	3
609	4 Mar 26	18:51:00	1	0	0	0	0	0	0	3	0	0	0	0	0	0	0	3	0	0	1	0	0	5	5	0	0	0	7	0	0	0	2	0	0	1	0	0	0	0	0
610	4 Mar 26	18:52:00	1	0	0	0	0	0	0	5	1	0	0	0	0	0	0	4	4	0	2	0	0	0	3	0	0	0	2	0	0	0	0	0	1	1	0	0	0	0	0
611	4 Mar 26	18:53:00	1	0	0	0	0	0	0	5	0	0	0	0	0	0	0	0	0	0	0	0	0	1	7	0	0	0	0	0	0	0	0	0	6	0	0	0	0	0	0
612	4 Mar 26	18:54:00	1	0	0	0	0	0	0	5	0	0	0	0	0	0	0	0	0	0	0	0	0	0	0	0	0	0	0	0	0	0	0	1	6	0	0	0	0	0	0
613	4 Mar 26	18:55:00	1	0	0	0	0	0	0	2	1	0	0	0	0	0	0	0	0	0	0	0	0	0	3	0	0	0	1	0	0	0	0	0	1	0	0	0	0	0	0
614	4 Mar 26	18:56:00	1	0	0	0	0	0	0	6	0	0	0	0	0	0	0	0	0	0	6	0	0	0	0	0	0	0	0	0	0	0	0	1	0	0	0	0	0	0	0
615	4 Mar 26	18:57:00	1	0	0	0	0	0	0	6	0	0	0	0	0	0	0	3	0	0	0	0	0	0	0	0	0	0	0	0	0	0	0	0	0	0	0	0	0	0	0
616	4 Mar 26	18:58:00	1	0	0	0	0	0	0	3	0	0	0	0	0	0	0	6	0	0	0	0	0	0	0	0	0	0	1	0	0	0	0	0	2	0	0	0	0	0	0
617	4 Mar 26	18:59:00	1	0	0	0	0	0	0	6	0	0	0	0	0	0	0	8	0	0	0	0	0	0	5	0	0	0	0	0	0	0	0	0	0	0	0	0	0	0	0
618	4 Mar 26	19:00:00	1	0	0	0	0	0	0	9	0	0	0	0	0	0	0	8	0	0	0	0	0	0	3	0	0	0	0	0	0	0	0	0	0	3	0	0	0	0	0
619	4 Mar 26	19:01:00	1	0	0	0	0	0	0	5	4	0	0	0	0	0	0	12	0	0	0	0	0	0	1	0	0	0	0	0	0	0	0	0	0	1	0	0	0	0	0
620	4 Mar 26	19:02:00	1	0	0	0	0	0	0	2	0	0	0	0	0	0	0	10	0	0	0	0	0	0	1	0	0	0	0	0	0	0	0	0	0	0	0	0	0	0	0
621	4 Mar 26	19:03:00	1	0	0	0	0	0	0	5	0	0	0	0	0	0	0	6	0	0	0	0	0	0	4	0	0	0	0	0	0	0	0	0	0	4	0	0	0	0	0
622	4 Mar 26	19:04:00	1	0	0	0	0	0	0	5	0	0	0	0	0	0	0	5	0	0	0	0	0	0	11	0	0	0	0	0	0	0	0	0	0	1	0	0	0	0	0
623	4 Mar 26	19:05:00	1	0	0	0	0	0	0	2	0	0	0	0	0	0	0	1	0	0	0	0	0	0	2	1	0	0	0	0	0	0	1	0	0	0	3	0	0	0	0
624	4 Mar 26	19:06:00	1	0	0	0	0	0	0	0	0	0	0	0	0	0	0	2	0	0	0	0	0	0	0	0	0	0	0	0	0	0	0	1	0	0	0	0	0	0	0
625	4 Mar 26	19:07:00	1	0	0	0	0	0	0	2	0	0	0	0	0	0	0	2	0	0	0	0	0	0	3	2	0	0	0	0	0	0	0	0	0	0	5	0	0	0	0
626	4 Mar 26	19:08:00	1	0	0	0	0	0	0	2	0	0	0	0	0	0	0	6	0	0	0	0	0	0	2	5	0	0	0	0	0	0	0	0	0	0	0	0	0	0	0
627	4 Mar 26	19:09:00	1	0	0	0	0	0	0	5	0	0	0	0	0	0	0	2	0	0	0	0	0	0	0	4	0	0	0	0	0	0	0	0	0	0	1	0	0	0	0
628	4 Mar 26	19:10:00	1	0	0	0	0	0	0	6	0	0	0	0	0	0	0	0	0	0	0	0	0	0	0	1	0	0	0	0	0	0	0	0	0	0	3	0	0	0	0
629	4 Mar 26	19:11:00	1	0	0	0	0	0	0	5	0	0	0	0	0	0	0	0	0	0	0	0	0	0	0	0	0	0	0	0	0	0	0	1	0	0	0	0	0	0	0
630	4 Mar 26	19:12:00	1	0	0	0	0	0	0	5	0	0	0	0	0	0	0	0	0	0	0	0	0	0	0	0	0	0	0	0	0	0	0	4	0	0	0	0	0	0	0
631	4 Mar 26	19:13:00	1	0	0	0	0	0	0	6	0	0	0	0	0	0	0	6	0	0	0	0	0	0	0	3	0	0	0	0	0	0	0	10	0	0	0	0	0	0	0
632	4 Mar 26	19:14:00	1	0	0	0	0	0	0	4	0	0	0	0	0	0	0	6	0	0	0	0	0	0	0	0	0	0	0	0	0	0	0	0	0	0	5	0	0	0	0
633	4 Mar 26	19:15:00	1	0	0	0	0	0	0	4	0	0	0	0	0	0	0	5	0	0	0	0	0	0	0	0	0	0	0	0	0	0	0	0	0	0	0	0	0	0	0
634	4 Mar 26	19:16:00	1	0	0	0	0	0	0	3	2	0	0	0	0	0	0	8	0	0	0	0	0	0	0	6	0	0	0	0	0	0	0	2	0	0	0	0	0	0	0
635	4 Mar 26	19:17:00	1	0	0	0	0	0	0	0	0	0	0	0	0	0	0	2	0	0	0	0	0	0	0	4	0	0	0	0	0	0	0	0	0	0	0	0	0	0	0
636	4 Mar 26	19:18:00	1	0	0	0	0	0	0	2	0	0	0	0	0	0	0	1	0	0	0	0	0	0	0	3	0	0	0	0	0	0	0	0	0	0	0	0	0	0	0
637	4 Mar 26	19:19:00	1	0	0	0	0	0	0	5	1	0	0	0	0	0	0	1	0	0	0	0	0	0	0	3	0	0	0	0	0	0	0	0	0	0	0	0	0	0	0
638	4 Mar 26	19:20:00	1	0	0	0	0	0	0	5	0	0	0	0	0	0	0	8	0	0	0	0	0	0	0	3	0	0	0	0	0	0	0	2	0	1	0	0	0	0	0
639	4 Mar 26	19:21:00	1	0	0	0	0	0	0	10	2	0	0	0	0	0	0	1	0	0	0	3	0	0	0	0	0	0	0	0	0	0	0	0	0	1	0	0	0	0	0
640	4 Mar 26	19:22:00	1	0	0	0	0	0	0	8	1	0	0	0	0	0	0	3	0	0	0	3	0	0	0	0	0	0	0	0	0	0	0	2	0	5	0	0	0	0	0
641	4 Mar 26	19:23:00	1	0	0	0	0	0	0	4	0	0	0	0	0	0	0	7	0	0	0	7	0	0	0	0	0	0	0	0	0	0	0	2	0	0	0	0	0	1	0
642	4 Mar 26	19:24:00	1	0	0	0	0	0	0	2	0	0	0	0	0	1	0	0	0	1	0	4	0	0	0	2	0	0	0	0	0	0	0	0	0	3	0	0	0	2	0
643	4 Mar 26	19:25:00	1	0	0	0	0	0	0	5	2	0	0	0	0	3	0	0	0	6	1	0	0	0	0	0	0	0	0	0	0	0	0	0	0	1	0	0	0	0	0
644	4 Mar 26	19:26:00	1	0	0	0	0	0	0	5	0	0	0	0	0	4	0	0	0	1	5	3	0	0	0	0	0	0	0	0	0	0	0	0	0	0	0	0	0	0	0
645	4 Mar 26	19:27:00	1	0	0	0	0	0	0	0	0	0	0	0	0	2	0	0	0	3	1	9	0	0	0	0	0	0	1	0	0	0	0	0	0	0	0	0	0	0	0
646	4 Mar 26	19:28:00	1	0	0	0	0	0	0	5	0	0	0	0	0	2	0	0	0	1	0	0	0	0	0	0	0	0	0	0	0	0	0	0	0	0	0	0	0	0	0
647	4 Mar 26	19:29:00	1	0	0	0	0	0	1	7	0	4	0	1	0	2	0	0	3	3	1	4	0	0	0	0	0	0	2	0	0	0	0	0	0	0	0	0	0	0	0
648	4 Mar 26	19:30:00	1	0	0	0	0	0	1	9	0	13	0	7	0	1	4	10	10	17	0	10	0	0	3	4	0	0	13	9	0	0	3	4	0	0	3	0	4	4	0
649	4 Mar 26	19:31:00	1	0	0	0	0	0	1	11	4	14	8	10	0	2	1	9	6	8	1	9	0	0	9	0	0	0	20	4	0	0	0	9	0	0	7	0	12	2	0
650	4 Mar 26	19:32:00	1	0	0	0	0	0	1	6	3	15	12	6	0	18	2	11	10	6	0	13	4	0	9	2	0	0	13	4	0	0	0	8	0	9	2	0	6	2	0
651	4 Mar 26	19:33:00	1	0	0	0	0	0	1	10	7	10	10	11	0	5	0	13	8	8	0	10	7	0	17	14	0	0	9	11	0	0	3	9	2	8	10	0	7	3	0
652	4 Mar 26	19:34:00	1	0	0	0	0	0	1	3	1	10	8	6	1	7	1	11	6	15	0	10	5	0	6	12	0	0	14	9	8	0	3	6	0	10	0	0	9	3	3
653	4 Mar 26	19:35:00	1	0	0	0	0	0	1	6	2	10	8	6	0	7	0	11	9	8	0	12	2	0	6	9	0	0	10	8	5	1	2	11	3	10	6	0	5	3	0
654	4 Mar 26	19:36:00	1	0	0	0	0	0	1	9	1	10	7	12	4	13	1	11	6	11	0	8	3	1	7	13	0	0	10	6	2	0	0	7	2	7	3	0	8	7	0
655	4 Mar 26	19:37:00	1	0	0	0	0	0	1	9	3	14	10	8	1	10	3	13	3	10	1	11	4	6	12	4	0	10	14	7	8	0	0	7	0	10	7	0	6	3	1
656	4 Mar 26	19:38:00	1	0	0	0	0	0	1	7	1	14	7	5	4	10	0	10	14	5	10	14	7	0	8	7	0	5	7	8	13	0	0	11	0	7	2	0	6	4	0
657	4 Mar 26	19:39:00	1	0	0	0	0	0	1	9	2	14	7	12	3	12	0	11	10	13	1	10	14	1	6	5	0	2	10	5	5	5	0	7	2	5	13	0	8	0	6
658	4 Mar 26	19:40:00	1	0	0	0	0	0	1	12	2	7	9	6	1	7	0	13	2	10	10	13	3	9	3	7	0	4	5	7	8	2	2	3	0	7	6	0	1	4	5
659	4 Mar 26	19:41:00	1	0	0	0	0	0	1	7	2	4	10	3	9	4	4	8	5	11	0	11	2	0	7	6	0	2	9	4	4	6	0	4	0	7	2	0	10	3	1
660	4 Mar 26	19:42:00	1	0	0	0	0	0	1	2	6	9	11	5	7	6	2	7	3	12	0	12	6	0	9	7	0	4	10	3	11	2	0	4	2	8	9	0	6	8	6
661	4 Mar 26	19:43:00	1	0	0	0	0	0	1	4	2	14	11	6	2	7	2	10	9	11	0	13	7	0	2	7	0	5	9	4	13	5	2	6	1	7	4	3	11	4	5
662	4 Mar 26	19:44:00	1	0	0	0	0	0	1	6	2	9	9	7	0	9	0	12	6	6	0	10	3	0	14	4	0	4	6	6	8	6	2	6	1	6	7	0	6	2	3
663	4 Mar 26	19:45:00	1	0	0	0	0	0	1	7	6	16	11	7	0	6	0	9	5	9	0	11	5	0	5	10	0	12	5	3	9	3	4	4	0	5	3	4	7	6	0
664	4 Mar 26	19:46:00	1	0	0	0	0	0	1	8	7	12	10	13	0	6	0	12	5	8	0	8	1	5	13	4	0	4	7	7	5	5	6	4	2	7	1	6	2	2	1
665	4 Mar 26	19:47:00	1	0	0	0	0	0	1	4	5	11	7	8	0	5	3	10	8	7	0	12	13	0	8	7	0	7	5	7	10	4	3	1	6	8	3	0	4	3	0
666	4 Mar 26	19:48:00	1	0	0	0	0	0	1	6	3	9	11	0	2	8	0	13	10	5	6	15	3	3	11	4	0	4	11	6	6	6	0	10	1	2	0	0	8	5	0
667	4 Mar 26	19:49:00	1	0	0	0	0	0	1	7	1	7	7	3	1	5	4	8	7	7	0	7	0	0	7	5	0	4	9	5	6	4	0	9	0	4	5	1	5	1	0
668	4 Mar 26	19:50:00	1	0	0	0	0	0	1	5	8	8	9	3	1	8	0	7	7	7	0	6	1	0	5	6	0	4	2	2	6	13	6	4	3	8	2	5	3	7	9
669	4 Mar 26	19:51:00	1	0	0	0	0	0	1	2	1	10	7	11	0	4	3	10	5	7	0	10	3	0	4	6	0	0	7	0	3	4	1	0	5	4	0	4	0	0	5
670	4 Mar 26	19:52:00	1	0	0	0	0	0	1	4	0	11	11	3	0	2	0	16	5	11	4	5	5	1	6	2	0	4	6	7	5	9	0	3	4	10	3	1	2	4	4
671	4 Mar 26	19:53:00	1	0	0	0	0	0	1	7	1	5	7	3	0	4	0	7	3	3	0	7	3	0	10	6	0	1	12	3	6	5	1	13	2	5	3	0	0	2	4
672	4 Mar 26	19:54:00	1	0	0	0	0	0	1	3	3	5	14	6	0	4	3	10	8	8	0	12	0	0	5	7	0	3	8	3	3	4	0	0	5	4	2	12	6	4	2
673	4 Mar 26	19:55:00	1	0	0	0	0	0	1	11	2	13	7	12	2	4	0	8	2	2	0	8	5	9	6	8	0	1	11	2	6	8	0	0	2	5	2	6	2	5	1
674	4 Mar 26	19:56:00	1	0	0	0	0	0	1	12	1	6	6	3	0	4	0	11	3	6	0	10	3	0	9	6	0	5	5	2	5	6	4	2	0	7	5	7	2	6	1
675	4 Mar 26	19:57:00	1	0	0	0	0	0	1	13	2	11	11	6	1	3	1	9	4	3	0	10	1	2	5	6	0	2	5	4	2	4	4	2	2	5	2	6	3	3	10
676	4 Mar 26	19:58:00	1	0	0	0	0	0	1	0	3	10	4	0	0	6	1	11	2	6	18	10	0	0	7	7	5	0	4	0	6	8	0	7	3	4	3	7	0	15	7
677	4 Mar 26	19:59:00	1	0	0	0	0	0	1	4	1	5	8	8	2	3	0	9	4	6	0	11	4	1	3	6	0	0	3	0	3	4	1	8	3	4	0	9	7	6	5
678	4 Mar 26	20:00:00	1	0	0	0	0	0	1	3	2	9	5	4	0	3	2	7	6	8	0	7	9	3	7	1	3	0	4	8	6	3	0	3	2	9	0	9	16	8	6
679	4 Mar 26	20:01:00	1	0	0	0	0	0	1	4	3	10	8	3	0	2	0	9	4	11	0	6	3	0	4	6	0	0	3	3	4	0	2	6	0	2	2	6	5	7	6
680	4 Mar 26	20:02:00	1	0	0	0	0	0	1	2	3	6	7	6	0	0	0	8	6	14	0	9	8	0	4	5	3	13	8	6	5	3	0	6	3	4	5	6	6	10	7
681	4 Mar 26	20:03:00	1	0	0	0	0	0	1	2	1	5	6	2	0	0	0	7	6	6	0	11	3	0	4	5	0	7	8	2	5	6	0	4	7	1	1	7	2	7	6
682	4 Mar 26	20:04:00	1	0	0	0	0	0	1	0	0	12	3	3	0	10	12	7	3	3	0	9	3	2	7	6	0	7	5	0	3	3	0	2	3	6	1	5	3	6	6
683	4 Mar 26	20:05:00	1	0	0	0	0	0	1	0	1	7	7	4	0	5	0	11	4	6	0	11	7	1	2	7	0	2	7	0	5	3	0	10	5	8	0	3	4	2	9
684	4 Mar 26	20:06:00	1	0	0	0	0	0	1	1	5	10	7	1	0	6	0	6	5	7	0	2	3	9	4	8	0	2	4	0	6	4	0	1	4	2	1	7	4	4	8
685	4 Mar 26	20:07:00	1	0	0	0	0	0	1	2	10	3	7	0	1	9	1	8	3	3	0	8	2	2	6	6	0	6	0	0	0	2	0	7	1	0	4	5	3	5	3
686	4 Mar 26	20:08:00	1	0	0	0	0	0	1	4	0	9	8	4	2	4	0	9	2	7	0	10	1	0	6	5	0	4	2	0	8	5	0	5	7	5	4	0	5	4	2
687	4 Mar 26	20:09:00	1	0	0	0	0	0	1	0	1	8	5	0	1	2	1	6	0	15	0	7	2	0	6	5	0	0	10	0	3	4	0	8	3	5	3	1	2	5	2
688	4 Mar 26	20:10:00	1	0	0	0	0	0	1	0	3	11	6	0	0	4	2	8	0	3	0	7	2	0	5	2	0	0	6	0	6	6	0	3	0	6	3	2	4	8	1
689	4 Mar 26	20:11:00	1	0	0	0	0	0	1	3	0	6	5	1	0	4	4	10	0	7	0	9	4	0	9	7	0	0	4	5	2	6	0	2	4	7	2	6	3	4	5
690	4 Mar 26	20:12:00	1	0	0	0	0	0	1	6	0	4	8	1	0	4	0	6	0	3	0	3	3	0	4	2	0	0	3	4	7	0	0	6	8	2	0	2	6	5	2
691	4 Mar 26	20:13:00	1	0	0	0	0	0	1	0	0	7	9	0	6	3	0	7	4	6	0	8	5	0	3	8	0	0	7	2	6	4	1	0	5	5	0	4	4	6	4
692	4 Mar 26	20:14:00	1	0	0	0	0	0	1	0	0	6	6	4	0	8	0	9	2	6	0	4	0	0	5	5	0	0	5	4	4	5	2	0	7	4	2	9	0	2	1
693	4 Mar 26	20:15:00	1	0	0	0	0	0	1	0	0	4	8	2	0	0	0	8	0	9	2	7	1	0	4	5	0	0	3	7	3	3	0	3	4	5	3	7	1	1	2
694	4 Mar 26	20:16:00	1	0	0	0	0	0	1	1	0	8	8	4	0	4	0	13	6	11	1	7	4	0	3	6	0	0	3	2	2	8	4	3	0	3	4	7	2	1	3
695	4 Mar 26	20:17:00	1	0	0	0	0	0	1	0	1	6	5	1	0	5	0	13	9	11	0	7	0	0	2	5	0	0	6	0	5	7	1	0	2	0	1	3	9	0	3
696	4 Mar 26	20:18:00	1	0	0	0	0	0	1	3	0	2	11	8	0	0	0	8	3	4	0	8	3	0	3	12	0	0	8	0	3	0	3	7	1	5	1	10	5	0	3
697	4 Mar 26	20:19:00	1	0	0	0	0	0	1	0	0	8	10	1	0	0	0	7	6	5	0	5	5	0	5	7	0	0	4	0	5	6	0	5	2	5	0	4	4	0	3
698	4 Mar 26	20:20:00	1	0	0	0	0	0	1	0	1	3	4	6	0	0	0	10	0	9	9	2	3	0	3	2	0	0	9	0	3	2	0	6	0	7	0	4	3	2	2
699	4 Mar 26	20:21:00	1	0	0	0	0	0	1	0	0	5	8	7	0	0	1	7	1	6	0	7	3	2	6	4	0	0	4	0	5	1	0	2	2	5	6	6	3	0	0
700	4 Mar 26	20:22:00	1	0	0	0	0	0	1	0	3	15	5	0	0	0	0	9	0	9	4	3	0	4	5	6	0	0	7	0	2	3	0	6	2	2	6	4	0	1	3
701	4 Mar 26	20:23:00	1	0	0	0	0	0	1	6	2	11	0	0	0	0	0	5	0	2	4	5	0	8	4	5	0	0	5	0	4	7	0	1	1	0	10	5	3	5	2
702	4 Mar 26	20:24:00	1	0	0	0	0	0	1	1	3	6	8	4	3	0	0	8	0	10	2	8	0	6	4	9	0	0	2	0	4	3	0	2	1	9	1	6	6	7	0
703	4 Mar 26	20:25:00	1	0	0	0	0	0	1	1	2	5	6	5	3	0	0	11	1	8	0	5	4	0	4	3	0	0	4	0	3	0	0	0	2	8	0	5	5	8	2
704	4 Mar 26	20:26:00	1	0	0	0	0	0	1	4	2	6	8	5	0	0	0	7	3	4	0	4	2	3	4	5	0	0	4	2	0	3	0	2	0	7	5	0	3	3	3
705	4 Mar 26	20:27:00	1	0	0	0	0	0	1	4	1	9	10	1	0	0	0	9	5	6	1	6	3	0	2	4	0	0	7	3	4	0	0	2	2	3	0	0	4	4	0
706	4 Mar 26	20:28:00	1	0	0	0	0	0	1	0	3	18	2	3	0	0	2	3	5	4	2	9	7	1	6	2	0	0	5	2	3	4	0	0	3	6	1	0	5	3	6
707	4 Mar 26	20:29:00	1	0	0	0	0	0	1	0	0	4	7	0	0	0	1	6	1	9	1	3	4	0	4	4	0	0	4	3	5	3	0	7	6	9	8	2	4	2	5
708	4 Mar 26	20:30:00	1	0	0	0	0	0	1	3	1	5	5	0	0	0	2	2	2	5	0	5	6	0	5	3	0	0	4	3	2	3	0	5	2	3	0	1	10	6	3
709	4 Mar 26	20:31:00	1	0	0	0	0	0	1	0	1	4	4	0	0	0	1	4	0	6	0	1	2	0	5	5	0	5	2	1	4	4	0	1	1	5	0	4	3	0	4
710	4 Mar 26	20:32:00	1	0	0	0	0	0	1	2	0	4	8	0	0	0	3	5	0	9	1	3	0	0	3	2	0	2	0	3	3	4	0	6	2	1	0	0	4	5	5
711	4 Mar 26	20:33:00	1	0	0	0	0	0	1	7	0	8	6	0	0	0	0	7	0	4	0	5	0	1	0	7	0	3	4	1	6	0	0	5	2	3	0	1	0	8	4
712	4 Mar 26	20:34:00	1	0	0	0	0	0	1	7	0	6	7	0	0	0	0	9	0	3	0	5	1	1	4	6	0	2	3	4	4	2	0	1	1	5	2	3	2	5	4
713	4 Mar 26	20:35:00	1	0	0	0	0	0	1	6	0	3	6	0	0	0	0	11	0	2	0	6	2	0	4	6	0	3	4	0	2	4	0	7	9	3	2	1	0	5	1
714	4 Mar 26	20:36:00	1	0	0	0	0	0	1	15	0	0	8	1	7	0	0	7	0	2	0	5	3	0	0	8	0	3	3	0	3	8	0	4	2	0	6	4	0	6	3
715	4 Mar 26	20:37:00	1	0	0	0	0	0	1	1	0	10	4	6	1	0	0	10	0	5	0	4	3	0	2	10	0	8	1	0	7	3	3	6	0	0	4	0	10	4	4
716	4 Mar 26	20:38:00	1	0	0	0	0	0	1	5	0	6	3	3	0	0	0	7	0	3	0	3	1	0	4	4	0	8	2	0	7	1	1	4	1	0	0	2	5	4	5
717	4 Mar 26	20:39:00	1	0	0	0	0	0	1	4	3	6	1	1	0	0	0	7	0	7	0	3	5	0	3	0	0	2	3	0	2	2	0	3	9	4	5	2	5	6	2
718	4 Mar 26	20:40:00	1	0	0	0	0	0	1	7	5	8	0	0	0	0	0	8	0	4	0	6	11	0	1	6	0	1	4	0	4	2	3	6	2	1	0	4	4	4	5
719	4 Mar 26	20:41:00	1	0	0	0	0	0	1	4	3	5	0	5	3	0	0	9	0	2	0	0	6	0	6	4	0	2	4	0	6	0	0	3	2	4	2	6	2	2	0
720	4 Mar 26	20:42:00	1	0	0	0	0	0	1	1	0	3	0	3	0	0	0	8	0	4	0	6	7	0	3	4	0	8	5	0	2	2	0	2	3	3	1	5	0	2	0
721	4 Mar 26	20:43:00	1	0	0	0	0	0	1	7	3	3	2	4	0	0	0	8	0	6	0	2	4	2	0	4	0	5	4	3	2	1	0	0	4	0	6	3	3	3	2
722	4 Mar 26	20:44:00	1	0	0	0	0	0	1	4	0	7	3	1	9	0	0	5	0	3	0	0	3	3	2	2	0	2	7	3	2	3	0	1	1	0	7	2	0	0	0
723	4 Mar 26	20:45:00	1	0	0	0	0	0	1	2	1	7	0	0	0	0	1	12	0	6	0	2	1	1	2	2	0	0	4	4	3	2	0	8	3	0	3	0	0	0	0
724	4 Mar 26	20:46:00	1	0	0	0	0	0	1	1	2	12	0	0	0	0	0	7	0	4	0	8	1	2	2	4	0	0	3	1	4	0	0	5	8	0	0	0	0	3	6
725	4 Mar 26	20:47:00	1	0	0	0	0	0	1	5	3	10	0	0	2	0	0	11	0	4	0	5	2	0	0	0	0	3	4	0	3	6	0	3	0	5	6	0	3	0	6
726	4 Mar 26	20:48:00	1	0	0	0	0	0	1	4	0	8	0	0	2	0	0	14	0	5	1	9	1	0	1	0	0	3	6	1	1	2	0	4	3	6	3	0	2	2	3
727	4 Mar 26	20:49:00	1	0	0	0	0	0	1	3	0	8	0	0	1	0	2	4	0	5	0	6	2	0	2	0	0	0	3	1	2	0	0	4	15	6	2	0	5	4	2
728	4 Mar 26	20:50:00	1	0	0	0	0	0	1	3	1	5	0	0	0	0	3	7	0	3	0	6	0	0	0	0	0	0	6	4	4	3	0	6	6	6	1	1	5	4	0
729	4 Mar 26	20:51:00	1	0	0	0	0	0	1	4	3	5	0	0	0	0	0	5	0	3	0	5	3	0	0	0	0	0	0	6	2	2	0	2	4	6	3	3	0	6	1
730	4 Mar 26	20:52:00	1	0	0	0	0	0	1	0	1	8	3	1	1	0	1	6	0	9	0	2	0	0	0	0	0	0	2	4	0	2	0	1	2	2	0	1	2	2	1
731	4 Mar 26	20:53:00	1	0	0	0	0	0	1	3	5	4	2	0	0	0	7	8	0	7	0	3	10	3	0	0	0	0	3	0	5	5	0	13	2	4	9	8	2	3	4
732	4 Mar 26	20:54:00	1	0	0	0	0	0	1	0	0	7	0	0	0	0	7	6	0	5	4	2	11	0	0	0	0	0	4	0	8	1	0	2	4	4	8	4	1	4	1
733	4 Mar 26	20:55:00	1	0	0	0	0	0	1	3	0	8	0	0	0	0	2	12	0	3	0	3	6	1	0	0	0	0	7	0	2	3	0	0	14	0	3	5	1	4	2
734	4 Mar 26	20:56:00	1	0	0	0	0	0	1	6	1	4	0	0	0	0	0	5	3	5	0	5	3	0	0	0	0	0	7	0	2	2	0	3	3	0	2	3	1	3	2
735	4 Mar 26	20:57:00	1	0	0	0	0	0	1	4	2	6	0	0	0	0	0	7	6	4	0	2	8	0	0	0	0	0	2	0	2	1	0	4	0	4	0	2	0	3	0
736	4 Mar 26	20:58:00	1	0	0	0	0	0	1	0	0	2	0	0	0	0	0	5	5	0	0	2	8	0	0	2	0	0	1	4	1	2	0	6	0	3	0	0	0	0	3
737	4 Mar 26	20:59:00	1	0	0	0	0	0	1	0	5	8	0	0	0	0	0	14	4	0	0	5	1	0	0	3	0	0	5	1	6	2	0	6	3	0	0	0	0	3	4
738	4 Mar 26	21:00:00	1	0	0	0	0	0	1	0	1	4	0	0	0	0	0	9	5	1	0	7	4	0	0	1	0	0	2	0	5	3	0	2	1	1	2	0	0	0	1
739	4 Mar 26	21:01:00	1	0	0	0	0	0	1	4	0	4	1	0	0	0	0	12	0	3	0	8	4	0	0	6	0	0	6	0	4	4	0	4	0	2	7	2	0	0	2
740	4 Mar 26	21:02:00	1	0	0	0	0	0	1	0	2	10	0	0	0	0	0	4	0	0	1	5	5	0	0	9	0	0	6	0	1	3	0	2	5	0	3	5	0	0	9
741	4 Mar 26	21:03:00	1	0	0	0	0	0	1	0	1	5	1	0	0	0	0	9	0	0	0	4	0	0	0	6	0	0	3	0	3	0	0	2	2	0	1	8	0	6	2
742	4 Mar 26	21:04:00	1	0	0	0	0	0	1	0	0	3	0	0	0	0	2	4	0	0	1	6	0	0	0	7	0	0	7	0	0	0	0	2	0	0	0	2	6	0	4
743	4 Mar 26	21:05:00	1	0	0	0	0	0	1	0	2	9	1	0	0	0	14	6	0	0	0	0	1	0	0	6	0	0	4	0	4	0	0	3	0	0	0	0	8	0	2
744	4 Mar 26	21:06:00	1	0	0	0	0	0	1	1	0	5	1	0	0	0	30	9	0	5	0	1	2	0	0	0	0	0	6	0	4	3	0	2	3	0	0	0	1	0	5
745	4 Mar 26	21:07:00	1	0	0	0	0	0	1	5	8	4	2	0	0	5	6	4	0	4	0	2	1	0	0	7	0	0	10	0	1	4	0	0	3	0	0	0	4	3	2
746	4 Mar 26	21:08:00	1	0	0	0	0	0	1	2	3	5	3	0	1	0	4	3	0	6	0	0	0	0	0	4	0	0	1	0	0	3	0	9	1	0	7	0	2	9	1
747	4 Mar 26	21:09:00	1	0	0	0	0	0	1	1	0	3	0	0	3	0	0	7	0	8	2	3	2	0	0	4	0	0	8	0	1	4	0	2	2	0	7	0	0	10	3
748	4 Mar 26	21:10:00	1	0	0	0	0	0	1	11	2	4	2	0	2	0	0	4	0	5	0	3	2	0	0	5	0	0	5	5	4	7	0	0	8	1	3	0	0	0	2
749	4 Mar 26	21:11:00	1	0	0	0	0	0	1	2	4	9	2	0	2	0	0	7	0	8	0	3	5	0	0	2	0	0	2	1	5	3	3	0	2	6	2	0	0	4	1
750	4 Mar 26	21:12:00	1	0	0	0	0	0	1	0	2	6	1	0	0	0	0	8	0	3	0	4	3	0	0	2	0	0	3	8	2	4	0	4	1	7	7	0	3	8	1
751	4 Mar 26	21:13:00	1	0	0	0	0	0	1	0	7	6	1	0	2	0	0	6	0	3	0	1	4	0	0	0	0	0	10	1	3	0	2	5	0	4	2	0	4	0	3
752	4 Mar 26	21:14:00	1	0	0	0	0	0	1	4	0	4	1	0	0	0	0	8	0	2	0	2	3	0	0	6	0	0	6	2	4	2	1	2	4	2	5	0	2	0	3
753	4 Mar 26	21:15:00	1	0	0	0	0	0	1	3	4	4	4	0	0	0	0	10	0	4	0	1	2	0	0	4	0	0	3	0	0	2	0	0	13	3	1	0	0	0	1
754	4 Mar 26	21:16:00	1	0	0	0	0	0	1	5	4	9	3	0	0	0	0	8	0	6	0	4	3	5	0	3	0	0	2	3	2	6	3	5	2	2	0	0	0	0	2
755	4 Mar 26	21:17:00	1	0	0	0	0	0	1	8	4	4	3	0	0	0	0	7	0	4	0	2	0	7	0	4	0	0	7	0	1	4	0	4	2	2	2	5	0	0	5
756	4 Mar 26	21:18:00	1	0	0	0	0	0	1	4	5	4	2	0	0	0	0	5	0	3	0	0	0	0	0	4	0	0	2	2	2	1	2	0	1	1	2	5	0	0	3
757	4 Mar 26	21:19:00	1	0	0	0	0	0	1	2	1	5	2	0	0	0	0	4	0	5	13	1	0	2	0	7	0	0	0	3	4	1	3	6	2	1	0	1	0	0	1
758	4 Mar 26	21:20:00	1	0	0	0	0	0	1	2	3	9	2	0	0	0	0	4	0	1	10	3	0	3	0	5	0	0	2	0	3	4	1	1	0	0	0	0	0	0	5
759	4 Mar 26	21:21:00	1	0	0	0	0	0	1	3	1	6	0	0	0	0	0	9	0	3	23	4	2	0	0	5	0	0	1	0	1	1	1	11	0	3	5	3	0	0	4
760	4 Mar 26	21:22:00	1	0	0	0	0	0	1	2	3	10	1	0	0	0	0	8	0	6	14	3	7	2	0	2	0	0	8	0	0	3	0	3	1	3	0	0	0	0	2
761	4 Mar 26	21:23:00	1	0	0	0	0	0	1	1	3	5	0	0	0	0	0	6	0	5	1	1	3	0	0	0	0	0	4	0	1	0	2	3	2	1	0	0	6	7	2
762	4 Mar 26	21:24:00	1	0	0	0	0	0	1	2	0	7	3	0	0	0	0	6	0	3	6	1	4	0	0	2	0	0	3	0	6	0	3	5	2	4	3	0	4	3	1
763	4 Mar 26	21:25:00	1	0	0	0	0	0	1	14	4	6	3	0	0	0	0	9	0	5	0	12	4	0	0	1	0	0	5	0	3	0	2	0	7	7	0	0	1	5	2
764	4 Mar 26	21:26:00	1	0	0	0	0	0	1	1	0	9	7	0	0	0	0	4	0	9	0	2	5	0	0	10	0	0	2	0	1	2	0	4	2	3	0	8	1	2	1
765	4 Mar 26	21:27:00	1	0	0	0	0	0	1	3	2	6	0	0	0	0	0	7	0	4	0	2	3	0	0	7	0	0	6	0	0	3	0	2	1	2	0	1	0	0	0
766	4 Mar 26	21:28:00	1	0	0	0	0	0	1	2	5	0	0	0	0	0	0	8	0	3	0	8	6	0	0	4	0	0	12	0	5	0	0	3	0	0	0	0	1	0	1
767	4 Mar 26	21:29:00	1	0	0	0	0	0	1	1	4	1	2	0	0	0	0	11	0	5	0	6	5	0	0	5	0	0	4	0	4	0	0	3	0	0	0	3	2	0	4
768	4 Mar 26	21:30:00	1	0	0	0	0	0	1	7	3	4	2	0	0	0	0	7	0	0	0	5	2	1	0	8	0	0	3	0	1	0	0	2	0	0	8	7	0	0	4
769	4 Mar 26	21:31:00	1	0	0	0	0	0	1	3	6	10	0	0	0	0	0	8	4	0	0	1	2	0	0	5	0	0	4	2	7	0	0	4	4	0	0	5	0	0	2
770	4 Mar 26	21:32:00	1	0	0	0	0	0	1	2	4	14	0	0	0	0	0	5	2	0	0	0	1	0	1	4	0	0	3	5	3	0	0	1	5	2	3	5	0	0	0
771	4 Mar 26	21:33:00	1	0	0	0	0	0	1	2	6	13	3	0	0	0	3	6	5	0	0	1	4	0	2	6	0	0	4	3	5	0	0	3	5	2	1	9	0	0	0
772	4 Mar 26	21:34:00	1	0	0	0	0	0	1	0	5	12	2	0	0	0	0	8	2	2	0	0	0	0	1	1	0	0	2	3	5	0	0	1	1	5	2	4	0	0	8
773	4 Mar 26	21:35:00	1	0	0	0	0	0	1	0	12	0	0	0	0	0	0	4	8	0	0	0	0	0	0	3	0	0	2	2	2	0	0	7	6	1	0	1	0	0	2
774	4 Mar 26	21:36:00	1	0	0	0	0	0	1	4	2	8	0	0	0	0	0	3	7	3	0	1	0	3	0	4	0	0	5	3	3	0	0	1	0	1	0	0	0	0	2
775	4 Mar 26	21:37:00	1	0	0	0	0	0	1	1	0	11	0	0	0	0	0	7	2	4	0	0	0	0	5	7	0	0	4	2	2	0	0	8	0	4	0	0	0	0	6
776	4 Mar 26	21:38:00	1	0	0	0	0	0	1	1	2	8	1	0	0	0	0	5	2	4	0	2	0	0	2	5	0	0	6	5	0	0	0	5	1	2	0	0	7	0	3
777	4 Mar 26	21:39:00	1	0	0	0	0	0	1	1	5	1	0	0	0	0	0	11	0	6	0	6	0	0	1	2	0	0	4	4	3	0	0	2	2	2	7	0	6	1	3
778	4 Mar 26	21:40:00	1	0	0	0	0	0	1	0	0	11	0	0	0	0	0	8	1	7	0	5	0	0	1	0	0	0	2	0	2	0	0	0	0	2	2	0	2	5	3
779	4 Mar 26	21:41:00	1	0	0	0	0	0	1	1	0	2	3	0	0	0	0	7	0	3	0	6	0	0	0	0	0	0	0	0	1	0	0	0	0	4	0	0	3	4	4
780	4 Mar 26	21:42:00	1	0	0	0	0	0	1	0	0	10	2	0	0	0	0	8	2	8	0	4	0	0	0	0	0	0	4	0	0	0	0	0	0	4	0	0	1	0	5
781	4 Mar 26	21:43:00	1	0	0	0	0	0	1	0	0	7	2	0	0	0	2	8	0	8	0	3	0	0	0	0	0	0	1	0	3	0	0	2	0	1	0	0	0	2	0
782	4 Mar 26	21:44:00	1	0	0	0	0	0	1	0	0	3	0	0	0	0	0	7	0	5	0	9	0	0	0	0	0	0	6	0	2	3	0	3	2	0	0	0	0	3	5
783	4 Mar 26	21:45:00	1	0	0	0	0	0	1	3	0	6	7	0	0	0	0	6	0	2	0	1	0	0	0	0	0	0	5	2	6	3	0	0	0	5	6	0	0	0	3
784	4 Mar 26	21:46:00	1	0	0	0	0	0	1	32	0	4	0	0	0	0	0	7	0	7	0	4	0	0	0	0	0	0	2	5	1	6	0	0	0	3	0	0	0	10	2
785	4 Mar 26	21:47:00	1	0	0	0	0	0	1	26	0	10	5	0	0	0	4	8	0	4	0	2	0	1	0	0	0	0	13	2	1	5	0	3	0	0	0	0	0	9	5
786	4 Mar 26	21:48:00	1	0	0	0	0	0	1	3	0	7	6	0	0	0	0	7	0	0	0	3	0	0	0	0	0	0	7	3	2	2	0	2	0	1	2	0	0	0	4
787	4 Mar 26	21:49:00	1	0	0	0	0	0	1	0	0	7	0	0	1	0	2	9	0	0	0	0	2	0	0	0	0	0	7	6	4	6	0	2	0	4	0	0	0	0	0
788	4 Mar 26	21:50:00	1	0	0	0	0	0	1	0	4	0	2	0	4	0	0	4	0	0	0	4	6	0	0	0	0	5	2	0	2	10	0	9	0	0	0	0	0	0	0
789	4 Mar 26	21:51:00	1	0	0	0	0	0	1	0	3	6	2	0	0	0	0	8	0	0	0	1	3	0	0	0	0	5	4	0	2	5	0	7	0	0	0	0	0	0	9
790	4 Mar 26	21:52:00	1	0	0	0	0	0	1	0	4	9	1	0	0	0	0	13	0	0	0	0	4	2	0	0	0	5	4	0	2	1	0	7	0	4	0	1	0	0	6
791	4 Mar 26	21:53:00	1	0	0	0	0	0	1	0	1	7	1	0	0	0	0	4	0	0	0	0	2	0	0	0	0	6	0	0	3	5	0	2	0	0	0	5	0	0	2
792	4 Mar 26	21:54:00	1	0	0	0	0	0	1	0	4	5	1	0	0	0	0	5	0	0	0	0	0	0	0	0	0	5	5	0	1	1	0	12	0	1	0	7	0	4	0
793	4 Mar 26	21:55:00	1	0	0	0	0	0	1	3	2	7	2	0	0	0	0	6	0	1	0	0	0	0	0	0	0	2	2	0	2	7	0	7	0	2	0	5	4	3	1
794	4 Mar 26	21:56:00	1	0	0	0	0	0	1	4	2	4	0	0	0	0	0	3	0	6	0	0	6	6	0	0	0	0	7	0	2	6	0	4	0	0	0	5	3	3	1
795	4 Mar 26	21:57:00	1	0	0	0	0	0	1	3	1	0	1	0	0	0	0	4	0	4	0	2	2	0	0	0	0	5	5	0	1	0	0	4	0	0	0	4	4	2	3
796	4 Mar 26	21:58:00	1	0	0	0	0	0	1	2	0	0	0	0	0	0	0	6	0	5	0	0	2	0	0	3	0	3	5	0	6	4	0	7	0	0	0	0	3	0	0
797	4 Mar 26	21:59:00	1	0	0	0	0	0	1	5	0	3	0	0	0	0	0	7	0	3	0	0	0	5	0	7	0	2	1	0	3	7	0	4	0	2	0	3	0	0	4
798	4 Mar 26	22:00:00	1	0	0	0	0	0	1	2	0	4	3	0	0	0	0	7	0	1	0	0	3	0	0	4	0	3	5	0	3	4	3	0	0	0	0	0	4	0	1
799	4 Mar 26	22:01:00	1	0	0	0	0	0	1	6	0	7	0	0	0	0	0	4	0	4	0	0	0	4	0	6	0	9	0	0	1	1	0	2	0	0	16	0	4	0	3
800	4 Mar 26	22:02:00	1	0	0	0	0	0	1	3	0	12	1	0	0	0	0	3	0	6	0	0	5	2	0	0	0	8	6	0	2	4	0	0	1	0	1	0	0	0	1
801	4 Mar 26	22:03:00	1	0	0	0	0	0	1	3	0	6	0	0	0	0	0	5	0	5	0	0	2	0	11	6	0	4	1	0	0	0	0	3	1	0	0	0	0	0	2
802	4 Mar 26	22:04:00	1	0	0	0	0	0	1	6	4	9	0	0	0	0	0	7	0	5	0	0	4	0	0	10	0	3	2	0	4	0	0	0	0	0	1	0	1	0	2
803	4 Mar 26	22:05:00	1	0	0	0	0	0	1	4	5	3	0	0	0	0	0	5	0	1	0	0	4	0	0	7	0	1	3	0	0	0	0	0	0	0	5	0	4	0	0
804	4 Mar 26	22:06:00	1	0	0	0	0	0	1	3	5	8	0	0	0	3	0	5	0	8	0	0	0	0	0	3	0	3	2	0	5	0	0	3	0	0	0	0	0	0	2
805	4 Mar 26	22:07:00	1	0	0	0	0	0	1	1	6	4	0	0	0	0	4	3	0	4	0	1	1	0	0	3	0	5	1	0	2	2	0	3	0	0	0	0	0	1	2
806	4 Mar 26	22:08:00	1	0	0	0	0	0	1	2	3	4	0	0	0	0	1	11	0	0	0	1	2	0	0	6	0	4	4	5	2	1	0	0	0	0	0	0	0	7	0
807	4 Mar 26	22:09:00	1	0	0	0	0	0	1	2	6	5	0	0	0	0	2	7	0	0	0	0	1	0	0	3	0	3	1	3	2	3	0	1	2	3	0	0	3	5	4
808	4 Mar 26	22:10:00	1	0	0	0	0	0	1	2	6	2	0	0	0	1	1	3	0	0	0	0	8	0	0	5	0	4	1	3	3	2	0	3	1	0	0	0	0	0	15
809	4 Mar 26	22:11:00	1	0	0	0	0	0	1	0	3	4	0	0	0	0	0	7	0	0	0	0	2	0	0	2	0	0	0	0	5	0	0	6	2	2	0	0	0	2	1
810	4 Mar 26	22:12:00	1	0	0	0	0	0	1	3	7	1	2	1	0	0	0	3	0	0	0	0	1	0	0	4	0	0	4	0	1	5	0	2	0	3	0	0	0	2	5
811	4 Mar 26	22:13:00	1	0	0	0	0	0	1	1	6	0	0	0	0	0	0	7	0	9	0	0	0	4	0	3	0	0	2	0	7	2	0	4	0	1	0	0	0	2	2
812	4 Mar 26	22:14:00	1	0	0	0	0	0	1	3	2	0	0	0	0	4	2	6	0	3	0	0	0	8	0	4	0	0	4	1	6	1	0	12	0	6	0	0	0	4	1
813	4 Mar 26	22:15:00	1	0	0	0	0	0	1	0	1	0	0	0	0	0	0	9	0	10	0	0	0	0	0	2	0	4	3	1	3	2	4	5	0	2	0	0	0	0	3
814	4 Mar 26	22:16:00	1	0	0	0	0	0	1	4	4	1	0	0	0	0	0	2	0	4	0	0	0	0	0	5	0	9	3	8	4	0	2	0	6	2	4	0	0	0	7
815	4 Mar 26	22:17:00	1	0	0	0	0	0	1	2	3	3	0	0	0	0	2	0	0	0	0	0	0	0	0	7	0	3	2	0	3	0	0	2	2	0	3	0	0	0	6
816	4 Mar 26	22:18:00	1	0	0	0	0	0	1	4	5	1	1	0	0	0	0	3	0	4	0	0	0	0	0	5	0	4	6	0	1	0	0	2	0	5	2	0	0	0	1
817	4 Mar 26	22:19:00	1	0	0	0	0	0	1	2	0	6	0	0	0	0	0	8	0	9	1	0	0	0	0	6	0	3	0	0	2	0	0	3	1	5	0	0	0	0	4
818	4 Mar 26	22:20:00	1	0	0	0	0	0	1	2	1	2	0	0	0	0	0	10	0	4	1	0	0	1	0	2	0	8	3	0	2	0	0	4	16	0	0	0	0	0	1
819	4 Mar 26	22:21:00	1	0	0	0	0	0	1	3	10	18	0	0	0	0	0	7	0	7	9	0	0	0	0	3	0	4	4	0	5	4	0	1	1	7	3	0	0	0	3
820	4 Mar 26	22:22:00	1	0	0	0	0	0	1	2	5	8	3	0	0	0	0	5	0	5	1	0	0	0	0	3	0	3	5	0	3	1	0	2	0	5	0	0	0	0	2
821	4 Mar 26	22:23:00	1	0	0	0	0	0	1	0	2	10	0	0	0	0	0	6	0	4	0	0	2	0	0	6	0	5	4	0	1	0	0	0	0	0	0	0	1	0	0
822	4 Mar 26	22:24:00	1	0	0	0	0	0	1	0	1	5	0	0	0	0	0	4	0	0	1	0	1	0	0	3	0	1	3	0	4	0	0	8	0	1	3	0	2	0	2
823	4 Mar 26	22:25:00	1	0	0	0	0	0	1	3	1	4	0	0	0	0	0	5	0	4	0	0	5	0	0	4	0	2	2	0	2	2	0	2	0	4	2	0	0	0	0
824	4 Mar 26	22:26:00	1	0	0	0	0	0	1	4	2	4	0	0	0	0	0	6	0	0	0	0	0	8	0	1	0	4	2	0	2	2	0	4	0	3	1	0	0	0	1
825	4 Mar 26	22:27:00	1	0	0	0	0	0	1	0	4	5	0	0	0	0	0	4	0	6	0	0	0	0	0	9	0	0	5	0	4	0	0	5	0	0	0	0	3	0	0
826	4 Mar 26	22:28:00	1	0	0	0	0	0	1	2	4	2	0	0	0	0	0	5	0	1	0	0	0	0	4	1	0	0	7	0	6	3	0	7	2	0	0	0	3	0	2
827	4 Mar 26	22:29:00	1	0	0	0	0	0	1	8	3	5	0	0	0	0	0	2	0	2	0	0	0	0	0	3	0	2	1	0	2	3	0	13	0	0	1	0	0	0	2
828	4 Mar 26	22:30:00	1	0	0	0	0	0	1	3	2	10	0	0	2	0	1	3	0	3	0	0	1	0	1	3	0	11	0	0	3	7	0	5	4	0	6	0	2	0	3
829	4 Mar 26	22:31:00	1	0	0	0	0	0	1	0	2	6	0	0	0	0	0	1	4	0	0	0	2	0	2	3	5	8	6	0	3	0	0	0	6	0	4	0	3	0	0
830	4 Mar 26	22:32:00	1	0	0	0	0	0	1	5	3	9	0	0	0	0	0	5	1	1	0	0	4	1	0	5	0	9	5	1	5	0	0	0	1	0	4	0	3	0	0
831	4 Mar 26	22:33:00	1	0	0	0	0	0	1	2	0	6	0	0	0	0	0	8	0	2	0	0	1	3	1	1	0	4	3	3	2	0	0	3	0	0	8	0	0	0	0
832	4 Mar 26	22:34:00	1	0	0	0	0	0	1	1	2	4	0	0	0	0	0	6	0	0	0	0	0	0	0	5	4	3	2	3	4	0	0	2	3	0	5	0	1	0	2
833	4 Mar 26	22:35:00	1	0	0	0	0	0	1	2	2	6	0	0	0	0	0	5	0	0	0	0	1	1	1	4	0	3	6	1	9	0	0	7	0	0	0	0	2	0	5
834	4 Mar 26	22:36:00	1	0	0	0	0	0	1	0	3	6	0	0	0	0	0	7	9	1	0	0	1	0	1	3	0	0	2	6	2	0	0	7	0	0	0	0	0	0	2
835	4 Mar 26	22:37:00	1	0	0	0	0	0	1	1	1	6	2	0	0	0	0	7	5	1	0	0	0	0	0	4	0	0	2	2	1	0	0	5	0	0	0	0	0	0	1
836	4 Mar 26	22:38:00	1	0	0	0	0	0	1	2	5	14	2	0	0	0	0	5	0	0	0	0	4	2	0	2	0	4	3	1	6	0	0	5	3	0	0	0	0	0	3
837	4 Mar 26	22:39:00	1	0	0	0	0	0	1	0	1	5	0	0	0	0	0	2	0	3	0	0	2	0	0	2	0	8	2	0	3	0	0	9	0	0	0	0	0	1	0
838	4 Mar 26	22:40:00	1	0	0	0	0	0	1	2	4	3	5	0	0	0	0	2	2	5	0	0	2	0	0	3	0	3	15	0	1	0	0	0	0	0	0	0	0	4	3
839	4 Mar 26	22:41:00	1	0	0	0	0	0	1	0	2	0	1	0	0	0	0	2	0	3	0	0	1	0	0	3	0	11	4	0	3	0	0	5	0	0	0	0	0	3	1
840	4 Mar 26	22:42:00	1	0	0	0	0	0	1	0	3	7	0	0	0	0	0	7	0	1	8	0	2	0	0	6	0	4	9	0	6	0	0	7	0	0	0	0	0	2	2
841	4 Mar 26	22:43:00	1	0	0	0	0	0	1	0	0	0	0	0	0	0	0	3	0	3	6	0	0	0	0	2	0	5	4	0	8	0	0	2	0	0	3	0	0	0	1
842	4 Mar 26	22:44:00	1	0	0	0	0	0	1	0	6	6	0	0	0	0	0	6	0	5	0	0	0	0	0	7	0	4	7	2	3	0	0	7	0	0	3	0	3	4	1
843	4 Mar 26	22:45:00	1	0	0	0	0	0	1	0	9	4	16	0	0	0	0	3	0	8	2	0	0	0	0	6	0	1	2	2	3	0	0	5	0	0	0	0	6	3	4
844	4 Mar 26	22:46:00	1	0	0	0	0	0	1	0	5	5	2	5	0	0	0	6	1	8	15	0	3	0	0	5	0	1	3	0	3	0	0	0	0	0	0	0	3	0	7
845	4 Mar 26	22:47:00	1	0	0	0	0	0	1	3	0	6	0	0	0	0	0	4	0	2	5	0	1	0	0	1	0	0	0	0	3	0	0	0	0	0	3	0	3	0	3
846	4 Mar 26	22:48:00	1	0	0	0	0	0	1	0	3	7	0	0	0	0	0	5	0	0	0	0	2	0	0	4	0	0	10	0	5	3	0	3	0	0	0	0	0	0	2
847	4 Mar 26	22:49:00	1	0	0	0	0	0	1	0	5	4	1	0	0	0	0	3	0	0	0	0	2	3	0	1	0	0	4	0	2	4	0	0	0	0	1	0	3	0	1
848	4 Mar 26	22:50:00	1	0	0	0	0	0	1	0	1	4	1	0	0	0	4	5	5	0	0	0	1	0	0	5	0	0	9	0	0	3	0	1	0	0	0	0	0	0	1
849	4 Mar 26	22:51:00	1	0	0	0	0	0	1	0	2	5	1	0	0	0	0	3	0	6	0	0	1	0	0	4	0	0	3	0	6	5	0	1	0	0	0	0	0	0	3
850	4 Mar 26	22:52:00	1	0	0	0	0	0	1	1	0	5	5	0	0	0	0	0	0	3	6	0	1	0	0	2	0	0	4	0	2	0	0	0	0	0	0	0	0	0	2
851	4 Mar 26	22:53:00	1	0	0	0	0	0	1	1	3	5	1	6	0	0	0	0	0	3	3	0	2	0	0	2	0	0	3	2	2	3	0	4	0	0	0	0	0	0	3
852	4 Mar 26	22:54:00	1	0	0	0	0	0	1	0	0	10	0	2	0	0	0	4	0	6	0	0	2	0	0	12	0	0	9	4	1	3	0	3	0	0	0	0	0	0	4
853	4 Mar 26	22:55:00	1	0	0	0	0	0	1	0	2	6	1	0	0	0	0	4	0	5	0	0	1	0	0	11	0	0	0	2	4	0	0	5	0	8	0	0	0	0	0
854	4 Mar 26	22:56:00	1	0	0	0	0	0	1	0	0	10	1	0	0	0	0	4	0	6	0	0	3	0	0	3	0	0	0	1	2	5	0	4	0	3	0	0	0	0	4
855	4 Mar 26	22:57:00	1	0	0	0	0	0	1	1	1	4	1	0	0	0	0	6	0	2	2	0	1	0	0	2	0	0	0	3	0	3	0	6	0	6	4	0	0	5	1
856	4 Mar 26	22:58:00	1	0	0	0	0	0	1	0	0	2	1	0	0	0	2	3	0	5	0	0	0	0	0	3	0	0	0	5	3	2	0	1	0	4	0	0	0	3	2
857	4 Mar 26	22:59:00	1	0	0	0	0	0	1	2	3	0	0	4	0	0	3	4	0	4	0	0	0	0	0	6	0	0	0	0	3	0	0	3	0	5	7	0	0	0	1
858	4 Mar 26	23:00:00	1	0	0	0	0	0	1	8	2	0	0	2	1	0	0	0	0	8	0	0	0	0	0	3	0	0	0	0	8	2	0	3	0	3	1	0	1	0	2
859	4 Mar 26	23:01:00	1	0	0	0	0	0	1	2	4	0	0	2	0	0	0	3	0	7	4	0	0	7	0	9	0	0	0	0	1	0	0	5	2	3	0	0	4	0	2
860	4 Mar 26	23:02:00	1	0	0	0	0	0	1	8	3	0	1	4	0	0	0	4	0	3	0	0	0	5	0	3	0	0	0	0	3	0	0	8	0	2	0	0	6	0	2
861	4 Mar 26	23:03:00	1	0	0	0	0	0	1	5	1	5	0	0	0	0	0	3	4	5	0	0	0	0	0	7	0	0	0	0	3	0	0	3	0	3	0	0	4	0	0
862	4 Mar 26	23:04:00	1	0	0	0	0	0	1	5	0	11	1	0	0	0	0	5	7	1	0	0	0	0	0	7	0	0	0	0	5	0	0	1	3	2	0	0	3	0	3
863	4 Mar 26	23:05:00	1	0	0	0	0	0	1	0	4	6	1	0	0	0	0	0	0	2	0	0	0	0	0	3	0	0	0	0	0	0	0	12	0	4	0	0	3	0	1
864	4 Mar 26	23:06:00	1	0	0	0	0	0	1	5	0	0	0	6	0	0	0	0	0	0	0	0	0	0	0	5	0	0	0	0	2	0	0	3	0	1	0	0	5	0	0
865	4 Mar 26	23:07:00	1	0	0	0	0	0	1	0	8	6	2	0	0	0	0	4	1	2	0	0	0	0	0	2	0	0	0	0	0	0	0	2	0	6	3	0	3	0	0
866	4 Mar 26	23:08:00	1	0	0	0	0	0	1	0	17	8	0	2	0	0	0	6	0	0	4	0	0	0	0	0	0	1	6	0	0	0	0	1	0	2	0	0	3	0	0
867	4 Mar 26	23:09:00	1	0	0	0	0	0	1	4	1	9	6	0	0	0	0	1	2	3	0	0	0	0	0	0	0	4	5	0	0	0	0	7	0	7	4	0	1	0	0
868	4 Mar 26	23:10:00	1	0	0	0	0	0	1	0	0	8	0	3	0	0	0	6	0	1	0	0	0	0	0	0	0	2	2	0	0	2	0	0	0	0	4	0	0	0	1
869	4 Mar 26	23:11:00	1	0	0	0	0	0	1	0	0	14	3	0	0	0	0	9	0	0	2	0	0	0	0	0	0	3	1	3	0	2	0	0	0	0	3	0	0	0	2
870	4 Mar 26	23:12:00	1	0	0	0	0	0	1	3	0	10	0	0	0	0	0	3	1	0	0	0	0	0	0	0	0	2	8	2	3	1	0	2	0	0	0	0	0	0	5
871	4 Mar 26	23:13:00	1	0	0	0	0	0	1	0	0	11	1	0	0	0	0	4	1	0	0	0	2	0	0	0	0	5	6	3	6	1	2	1	2	0	0	0	0	0	3
872	4 Mar 26	23:14:00	1	0	0	0	0	0	1	3	4	4	0	0	0	0	0	7	2	0	0	0	3	0	0	7	0	3	3	0	5	4	3	5	3	0	3	0	1	0	2
873	4 Mar 26	23:15:00	1	0	0	0	0	0	1	1	0	1	5	0	2	0	0	1	0	0	0	0	3	0	0	1	0	4	3	0	4	3	3	3	0	0	3	0	3	0	0
874	4 Mar 26	23:16:00	1	0	0	0	0	0	1	0	0	8	0	0	0	0	0	0	0	2	22	0	4	0	0	6	0	2	13	0	8	1	4	4	0	0	4	0	0	0	4
875	4 Mar 26	23:17:00	1	0	0	0	0	0	1	0	0	0	0	3	0	0	0	0	0	4	0	0	2	0	0	4	0	0	5	0	2	6	2	0	0	0	2	0	4	0	2
876	4 Mar 26	23:18:00	1	0	0	0	0	0	1	0	2	0	0	4	0	0	0	0	0	6	0	0	1	0	0	1	0	3	4	0	2	5	2	3	5	0	0	0	0	0	4
877	4 Mar 26	23:19:00	1	0	0	0	0	0	1	3	1	1	0	1	0	0	0	0	0	9	0	0	1	0	0	4	0	3	5	0	1	1	8	7	6	0	3	0	1	0	3
878	4 Mar 26	23:20:00	1	0	0	0	0	0	1	2	1	4	0	3	0	0	0	0	0	1	2	0	0	0	0	3	0	10	11	0	0	3	4	7	8	0	1	0	5	0	2
879	4 Mar 26	23:21:00	1	0	0	0	0	0	1	8	2	2	1	1	0	0	0	0	0	0	0	0	0	0	0	4	0	1	6	0	6	2	1	3	3	0	0	0	1	0	3
880	4 Mar 26	23:22:00	1	0	0	0	0	0	1	8	0	2	4	0	0	0	0	0	0	0	0	0	0	0	0	7	0	4	2	0	1	1	2	2	4	0	2	2	0	0	1
881	4 Mar 26	23:23:00	1	0	0	0	0	0	1	0	0	3	9	0	0	0	0	2	0	6	0	0	1	0	0	6	0	0	3	0	2	6	5	3	0	0	0	2	5	0	2
882	4 Mar 26	23:24:00	1	0	0	0	0	0	1	1	0	0	2	0	0	0	0	7	0	3	0	0	0	0	0	2	0	2	1	0	4	3	0	0	0	0	0	0	2	0	3
883	4 Mar 26	23:25:00	1	0	0	0	0	0	1	1	0	0	1	0	0	0	0	7	0	2	0	0	0	0	0	4	0	5	2	0	0	5	2	0	2	0	0	0	0	0	0
884	4 Mar 26	23:26:00	1	0	0	0	0	0	1	0	3	0	1	0	0	0	0	4	0	1	0	0	1	0	0	5	0	5	7	0	5	3	6	1	1	0	1	0	0	0	0
885	4 Mar 26	23:27:00	1	0	0	0	0	0	1	0	6	4	5	0	0	0	0	5	0	2	0	0	0	0	0	9	0	4	4	0	1	3	3	2	0	0	0	0	0	0	2
886	4 Mar 26	23:28:00	1	0	0	0	0	0	1	0	0	0	0	0	0	0	0	5	0	5	15	0	0	0	0	3	0	3	6	0	2	3	3	0	0	0	0	0	0	0	1
887	4 Mar 26	23:29:00	1	0	0	0	0	0	1	0	2	1	1	0	0	0	0	4	0	5	0	0	0	0	0	2	0	5	7	2	6	0	3	6	1	1	1	0	0	0	0
888	4 Mar 26	23:30:00	1	0	0	0	0	0	1	0	0	0	1	0	0	5	0	5	0	2	0	0	0	1	0	1	0	4	2	2	2	0	1	12	1	0	0	0	0	0	1
889	4 Mar 26	23:31:00	1	0	0	0	0	0	1	0	0	0	2	0	0	5	0	0	0	6	0	0	0	0	0	4	0	3	2	0	4	0	4	8	4	2	0	0	0	0	0
890	4 Mar 26	23:32:00	1	0	0	0	0	0	1	0	0	2	0	0	0	1	0	4	0	0	7	0	0	0	0	3	0	6	2	0	11	0	1	6	3	3	0	0	0	0	2
891	4 Mar 26	23:33:00	1	0	0	0	0	0	1	0	3	5	0	0	0	0	0	5	0	0	8	0	0	0	0	2	0	4	0	0	7	0	5	2	3	4	0	0	0	0	0
892	4 Mar 26	23:34:00	1	0	0	0	0	0	1	0	2	1	0	0	0	0	0	7	0	0	8	0	0	0	0	3	0	1	5	2	3	0	1	0	1	1	7	3	0	0	1
893	4 Mar 26	23:35:00	1	0	0	0	0	0	1	0	3	0	0	0	0	0	0	0	0	0	2	0	0	0	0	2	0	3	2	1	2	0	0	5	3	4	2	1	0	0	2
894	4 Mar 26	23:36:00	1	0	0	0	0	0	1	0	3	13	1	0	0	0	0	2	0	0	1	0	0	0	0	7	0	0	3	3	3	0	5	2	0	0	0	1	0	0	2
895	4 Mar 26	23:37:00	1	0	0	0	0	0	1	0	5	7	3	0	0	2	0	0	0	0	1	0	0	1	0	4	0	4	2	0	1	0	2	3	0	0	0	1	0	0	2
896	4 Mar 26	23:38:00	1	0	0	0	0	0	1	0	0	0	0	0	0	0	0	3	0	0	2	2	0	3	0	11	0	0	6	0	2	0	7	6	0	1	0	2	0	0	2
897	4 Mar 26	23:39:00	1	0	0	0	0	0	1	1	0	3	0	0	0	0	0	4	0	0	0	19	0	8	0	2	0	0	2	0	2	1	4	4	0	0	0	0	0	0	1
898	4 Mar 26	23:40:00	1	0	0	0	0	0	1	0	0	16	0	0	0	0	0	2	0	0	0	29	0	0	0	0	0	0	8	0	4	2	3	0	0	0	7	0	3	0	2
899	4 Mar 26	23:41:00	1	0	0	0	0	0	1	0	0	10	0	0	0	2	0	0	0	0	0	0	0	0	0	6	0	0	0	0	1	0	3	0	0	0	0	1	2	0	4
900	4 Mar 26	23:42:00	1	0	0	0	0	0	1	5	0	7	0	0	0	2	0	0	0	5	0	0	0	0	0	3	0	0	0	0	1	3	3	0	0	0	0	0	7	0	1
901	4 Mar 26	23:43:00	1	0	0	0	0	0	1	0	0	0	1	0	0	2	0	6	0	2	0	0	0	0	0	5	0	0	3	0	3	4	3	5	0	0	0	2	5	0	2
902	4 Mar 26	23:44:00	1	0	0	0	0	0	1	0	1	4	1	0	0	0	0	6	0	5	0	0	0	0	0	3	0	0	1	0	1	1	5	3	0	5	2	2	3	0	2
903	4 Mar 26	23:45:00	1	0	0	0	0	0	1	5	0	2	1	0	0	0	0	3	0	1	0	0	2	0	0	4	0	0	5	2	3	2	4	4	0	5	0	10	0	0	4
904	4 Mar 26	23:46:00	1	0	0	0	0	0	1	0	0	1	4	0	0	0	0	5	0	7	2	0	1	0	2	2	0	0	2	0	4	0	1	1	0	2	7	6	0	0	1
905	4 Mar 26	23:47:00	1	0	0	0	0	0	1	0	0	4	1	0	0	0	0	1	0	5	0	0	1	0	0	4	0	0	0	3	1	2	4	2	0	1	0	4	0	0	1
906	4 Mar 26	23:48:00	1	0	0	0	0	0	1	0	0	0	0	0	0	0	0	10	0	5	0	0	4	0	0	0	0	0	2	4	9	2	2	4	0	4	0	7	0	0	2
907	4 Mar 26	23:49:00	1	0	0	0	0	0	1	0	0	2	1	0	0	0	0	7	0	3	2	0	9	0	0	9	0	0	6	3	1	4	0	5	1	5	0	7	2	0	3
908	4 Mar 26	23:50:00	1	0	0	0	0	0	1	0	0	0	5	0	0	0	0	0	0	3	5	0	5	0	0	8	3	0	3	5	3	5	9	2	11	0	0	2	4	0	0
909	4 Mar 26	23:51:00	1	0	0	0	0	0	1	0	0	0	6	0	0	1	0	2	0	1	5	0	3	0	0	3	1	2	2	2	0	1	5	7	7	7	0	3	3	0	3
910	4 Mar 26	23:52:00	1	0	0	0	0	0	1	0	0	0	0	0	0	0	0	0	0	0	2	0	0	0	0	6	1	9	5	0	3	2	6	4	0	1	0	4	4	0	3
911	4 Mar 26	23:53:00	1	0	0	0	0	0	1	0	0	0	1	0	0	0	0	0	0	0	12	0	4	0	0	6	2	4	4	0	3	0	2	4	1	3	0	0	0	0	3
912	4 Mar 26	23:54:00	1	0	0	0	0	0	1	0	0	1	10	0	0	1	0	0	0	0	4	0	2	0	0	3	5	6	2	0	4	3	4	8	0	1	3	0	2	0	4
913	4 Mar 26	23:55:00	1	0	0	0	0	0	1	0	0	5	26	0	0	0	0	0	0	0	8	0	5	0	0	4	9	4	4	0	3	0	1	8	4	1	3	5	1	0	7
914	4 Mar 26	23:56:00	1	0	0	0	0	0	1	0	0	7	3	0	0	1	0	0	0	0	0	0	3	0	2	4	0	2	3	0	6	0	0	3	4	0	0	0	0	0	2
915	4 Mar 26	23:57:00	1	0	0	0	0	0	1	0	0	2	1	0	0	0	0	0	0	0	0	0	2	0	0	5	1	7	0	0	0	0	2	3	2	0	10	1	1	0	2
916	4 Mar 26	23:58:00	1	0	0	0	0	0	1	0	0	4	0	0	0	0	0	0	0	0	9	0	0	0	0	4	0	5	4	0	4	0	0	0	8	0	5	0	0	0	3
917	4 Mar 26	23:59:00	1	0	0	0	0	0	1	0	0	14	2	0	0	0	0	0	0	0	8	0	0	0	2	5	0	10	0	0	4	0	3	0	3	0	1	3	1	0	4
918	5 Mar 26	00:00:00	1	0	0	0	0	0	1	2	0	4	1	0	0	0	0	0	0	0	0	0	1	0	0	3	0	3	5	0	2	0	2	4	1	0	0	0	1	0	1
919	5 Mar 26	00:01:00	1	0	0	0	0	0	1	1	0	5	0	0	0	0	0	0	0	0	0	0	1	0	0	4	0	3	8	0	8	3	2	2	6	0	2	0	0	0	5
920	5 Mar 26	00:02:00	1	0	0	0	0	0	1	0	0	7	2	0	0	0	0	0	0	0	0	0	0	0	0	2	0	0	5	0	6	5	2	2	1	0	5	0	0	0	1
921	5 Mar 26	00:03:00	1	0	0	0	0	0	1	0	0	3	0	0	0	0	0	0	0	0	0	0	0	0	0	11	0	0	3	3	0	2	0	3	0	0	5	0	0	0	1
922	5 Mar 26	00:04:00	1	0	0	0	0	0	1	0	1	7	0	0	0	0	0	0	0	5	0	0	2	0	0	5	0	3	5	2	0	3	4	5	2	0	0	0	0	0	0
923	5 Mar 26	00:05:00	1	0	0	0	0	0	1	0	2	7	0	0	0	6	0	1	0	4	0	0	4	0	0	6	4	4	2	3	3	1	2	10	1	0	0	2	0	0	1
924	5 Mar 26	00:06:00	1	0	0	0	0	0	1	0	0	3	0	0	0	2	0	9	0	1	0	0	6	0	0	7	3	4	3	7	1	3	2	7	2	0	0	2	0	0	1
925	5 Mar 26	00:07:00	1	0	0	0	0	0	1	0	5	2	3	0	0	0	0	6	0	4	0	0	2	0	0	3	1	0	7	3	3	5	2	3	3	0	0	4	0	0	1
926	5 Mar 26	00:08:00	1	0	0	0	0	0	1	0	4	1	3	0	0	0	0	7	0	4	0	0	1	0	0	3	2	0	1	4	1	6	3	0	3	0	0	9	0	1	1
927	5 Mar 26	00:09:00	1	0	0	0	0	0	1	0	1	0	0	0	0	0	2	6	0	1	0	0	1	0	0	5	13	0	5	3	2	5	4	7	0	0	0	7	0	2	1
928	5 Mar 26	00:10:00	1	0	0	0	0	0	1	0	2	0	0	0	0	0	0	10	0	1	0	0	3	0	1	6	7	0	3	3	4	3	4	4	0	0	0	3	0	3	6
929	5 Mar 26	00:11:00	1	0	0	0	0	0	1	0	1	0	1	0	0	0	0	2	0	0	0	0	3	4	0	16	2	0	3	3	2	0	5	2	1	0	5	1	0	0	2
930	5 Mar 26	00:12:00	1	0	0	0	0	0	1	0	2	0	2	0	0	0	0	2	0	0	0	0	0	0	0	12	0	0	4	0	5	4	3	1	0	0	0	0	0	0	1
931	5 Mar 26	00:13:00	1	0	0	0	0	0	1	0	2	0	0	0	0	0	0	0	0	0	0	0	0	0	0	9	0	0	5	0	5	0	2	7	0	0	2	1	0	0	3
932	5 Mar 26	00:14:00	1	0	0	0	0	0	1	0	1	0	4	0	0	0	1	0	0	0	0	1	0	0	0	6	0	0	4	0	1	5	3	4	0	3	2	2	4	0	0
933	5 Mar 26	00:15:00	1	0	0	0	0	0	1	0	1	0	2	0	0	0	0	0	0	0	11	0	0	0	0	5	0	0	1	0	3	0	1	2	2	7	4	3	1	0	0
934	5 Mar 26	00:16:00	1	0	0	0	0	0	1	0	0	1	5	0	0	0	0	1	0	0	4	3	0	0	0	2	0	0	1	0	3	0	0	3	1	3	2	3	0	0	3
935	5 Mar 26	00:17:00	1	0	0	0	0	0	1	0	6	2	0	0	0	0	1	1	0	0	0	1	0	0	0	5	0	0	6	0	1	2	2	1	5	2	6	1	0	0	2
936	5 Mar 26	00:18:00	1	0	0	0	0	0	1	0	0	0	2	5	0	0	0	0	0	0	4	0	0	0	0	3	0	0	5	0	3	1	0	2	7	2	2	1	2	0	3
937	5 Mar 26	00:19:00	1	0	0	0	0	0	1	0	0	0	2	0	0	0	1	2	0	0	23	6	0	0	0	9	0	0	2	0	9	3	3	7	3	7	2	0	0	0	4
938	5 Mar 26	00:20:00	1	0	0	0	0	0	1	0	0	0	0	0	0	0	1	5	0	0	4	0	2	0	0	3	0	0	2	0	1	2	1	0	3	6	5	0	1	0	0
939	5 Mar 26	00:21:00	1	0	0	0	0	0	1	0	0	0	1	0	0	0	0	5	0	0	4	0	0	0	0	5	0	0	2	0	0	0	2	0	0	0	4	0	2	0	2
940	5 Mar 26	00:22:00	1	0	0	0	0	0	1	0	0	0	3	4	0	0	0	1	0	0	4	0	1	0	0	8	0	0	2	0	0	0	1	10	1	2	1	0	0	0	2
941	5 Mar 26	00:23:00	1	0	0	0	0	0	1	0	0	0	0	5	0	0	0	0	0	0	0	0	3	0	0	4	0	0	4	0	0	0	7	1	17	0	0	0	7	0	2
942	5 Mar 26	00:24:00	1	0	0	0	0	0	1	0	0	0	0	2	0	0	0	1	2	0	0	0	0	0	0	1	0	0	2	0	0	5	6	6	1	6	0	0	3	0	4
943	5 Mar 26	00:25:00	1	0	0	0	0	0	1	0	0	0	0	0	0	0	0	4	7	0	1	0	2	1	0	7	0	0	4	0	0	1	1	4	0	1	1	0	0	0	1
944	5 Mar 26	00:26:00	1	0	0	0	0	0	1	0	0	0	5	0	0	0	4	0	0	0	0	0	0	0	0	5	0	0	6	3	0	2	0	6	2	4	0	0	0	0	1
945	5 Mar 26	00:27:00	1	0	0	0	0	0	1	0	0	0	0	0	0	0	0	0	0	0	0	0	0	0	0	4	2	0	5	2	0	2	1	4	3	0	0	3	0	0	2
946	5 Mar 26	00:28:00	1	0	0	0	0	0	1	1	0	0	0	0	0	3	0	0	4	0	0	1	0	0	0	2	2	0	3	0	0	0	5	6	7	4	0	0	0	0	4
947	5 Mar 26	00:29:00	1	0	0	0	0	0	1	2	0	0	0	0	1	0	1	0	0	0	4	0	0	0	0	5	0	0	4	0	0	1	5	3	2	4	0	3	0	0	5
948	5 Mar 26	00:30:00	1	0	0	0	0	0	1	0	3	2	2	0	0	0	0	0	0	0	6	0	0	0	0	2	0	3	4	0	0	5	2	8	3	0	1	4	4	0	1
949	5 Mar 26	00:31:00	1	0	0	0	0	0	1	5	1	1	0	0	0	0	0	0	0	0	0	0	0	0	0	15	0	1	2	2	0	0	0	0	0	4	0	0	1	3	3
950	5 Mar 26	00:32:00	1	0	0	0	0	0	1	3	0	10	1	0	0	0	0	0	0	0	0	0	0	0	4	5	0	3	2	0	4	4	0	2	0	4	0	5	5	5	6
951	5 Mar 26	00:33:00	1	0	0	0	0	0	1	5	0	0	0	0	0	0	0	0	0	0	0	0	0	0	4	4	0	1	0	0	0	3	0	3	0	0	2	4	0	2	3
952	5 Mar 26	00:34:00	1	0	0	0	0	0	1	11	0	0	0	0	0	0	0	0	0	0	0	0	0	0	0	4	0	1	0	0	3	0	0	8	0	0	2	2	2	2	3
953	5 Mar 26	00:35:00	1	0	0	0	0	0	1	0	0	0	1	0	0	0	0	0	2	0	0	0	0	0	0	13	0	8	3	0	0	0	0	2	1	0	0	2	0	2	2
954	5 Mar 26	00:36:00	1	0	0	0	0	0	1	0	0	0	2	0	0	0	0	0	2	0	0	0	0	0	0	3	0	8	6	0	2	3	0	1	4	0	4	2	0	3	1
955	5 Mar 26	00:37:00	1	0	0	0	0	0	1	0	0	0	0	0	0	0	0	9	7	0	1	0	0	0	0	14	0	4	8	0	3	1	0	13	4	0	0	3	0	0	2
956	5 Mar 26	00:38:00	1	0	0	0	0	0	1	0	0	0	0	0	0	0	0	6	4	0	0	0	0	0	1	4	0	5	4	0	1	2	5	12	4	0	10	3	3	0	2
957	5 Mar 26	00:39:00	1	0	0	0	0	0	1	2	0	0	0	0	0	0	0	5	7	0	0	2	0	0	0	2	0	0	5	0	2	1	0	8	0	0	0	4	2	0	6
958	5 Mar 26	00:40:00	1	0	0	0	0	0	1	0	0	0	1	6	2	4	0	4	0	0	0	0	0	0	0	8	0	1	2	0	1	0	0	6	0	0	8	0	6	0	1
959	5 Mar 26	00:41:00	1	0	0	0	0	0	1	1	1	0	0	8	2	1	0	8	0	0	3	0	0	0	0	4	0	5	3	0	2	3	0	0	0	0	0	0	2	0	3
960	5 Mar 26	00:42:00	1	0	0	0	0	0	1	0	5	5	0	2	0	0	0	2	0	0	0	0	0	0	0	4	0	3	1	0	2	3	1	3	1	0	0	0	4	0	5
961	5 Mar 26	00:43:00	1	0	0	0	0	0	1	1	0	5	1	2	0	0	0	5	0	0	0	0	0	0	0	3	0	4	2	0	3	0	0	16	2	0	0	2	1	0	3
962	5 Mar 26	00:44:00	1	0	0	0	0	0	1	3	1	0	0	0	0	2	0	6	0	0	0	0	4	2	0	3	0	3	0	0	6	2	0	6	1	0	2	0	7	0	3
963	5 Mar 26	00:45:00	1	0	0	0	0	0	1	3	4	0	3	0	0	0	0	0	0	0	0	0	3	0	0	4	0	0	4	1	4	0	0	5	4	0	5	4	3	0	2
964	5 Mar 26	00:46:00	1	0	0	0	0	0	1	12	0	4	0	0	0	0	0	0	0	0	0	0	2	0	0	0	0	0	2	0	4	4	0	8	3	0	10	7	0	0	1
965	5 Mar 26	00:47:00	1	0	0	0	0	0	1	13	0	3	1	0	0	0	0	0	0	0	0	0	1	2	12	4	4	0	3	2	1	3	0	8	1	0	4	2	0	0	2
966	5 Mar 26	00:48:00	1	0	0	0	0	0	1	4	3	0	0	0	0	0	0	0	0	0	0	0	5	0	9	4	2	0	5	0	1	0	1	0	4	1	2	2	0	0	3
967	5 Mar 26	00:49:00	1	0	0	0	0	0	1	4	0	0	0	0	0	0	0	0	0	0	0	0	1	0	20	11	2	0	1	0	3	0	3	3	2	5	2	5	0	0	2
968	5 Mar 26	00:50:00	1	0	0	0	0	0	1	12	0	0	1	0	0	0	0	2	0	0	0	0	1	0	3	12	1	0	0	0	1	0	4	2	1	4	0	1	0	0	0
969	5 Mar 26	00:51:00	1	0	0	0	0	0	1	15	0	0	0	0	0	0	0	5	0	0	0	0	4	0	0	13	2	0	0	0	3	0	3	0	1	0	2	0	0	0	0
970	5 Mar 26	00:52:00	1	0	0	0	0	0	1	13	0	0	0	0	0	0	0	0	0	0	5	0	0	0	0	9	0	0	3	0	4	2	0	0	2	2	2	0	0	0	1
971	5 Mar 26	00:53:00	1	0	0	0	0	0	1	8	0	0	0	4	0	0	0	0	0	0	0	0	0	0	0	5	0	0	3	0	0	3	3	6	5	3	0	0	3	0	0
972	5 Mar 26	00:54:00	1	0	0	0	0	0	1	6	2	0	1	0	0	0	0	5	0	0	0	0	0	0	0	7	0	0	0	0	3	2	2	8	4	1	2	0	3	0	2
973	5 Mar 26	00:55:00	1	0	0	0	0	0	1	11	3	0	5	0	0	0	0	4	0	0	0	0	0	5	0	10	0	0	11	0	0	3	0	0	3	1	1	0	8	0	3
974	5 Mar 26	00:56:00	1	0	0	0	0	0	1	7	0	0	4	0	0	0	0	5	0	0	0	0	0	11	0	3	0	0	0	0	0	0	0	1	5	2	0	0	6	0	3
975	5 Mar 26	00:57:00	1	0	0	0	0	0	1	12	1	0	6	0	0	0	0	1	0	0	0	0	0	1	12	6	7	2	2	2	3	1	4	6	3	2	0	0	3	0	0
976	5 Mar 26	00:58:00	1	0	0	0	0	0	1	10	0	0	1	2	0	0	0	0	1	0	0	0	0	0	0	7	0	0	9	3	4	2	5	7	1	2	0	0	6	0	1
977	5 Mar 26	00:59:00	1	0	0	0	0	0	1	10	0	0	0	0	0	0	0	0	0	0	0	0	0	0	0	11	1	4	3	1	3	4	2	3	1	13	0	0	5	0	2
978	5 Mar 26	01:00:00	1	0	0	0	0	0	1	6	0	5	1	0	0	0	0	0	0	0	0	0	0	1	0	7	0	3	4	2	2	0	0	8	6	1	0	0	0	3	3
979	5 Mar 26	01:01:00	1	0	0	0	0	0	1	15	0	7	1	0	0	0	0	0	0	0	5	0	3	2	0	7	0	0	4	0	2	0	0	2	3	3	0	0	0	3	2
980	5 Mar 26	01:02:00	1	0	0	0	0	0	1	9	0	8	0	0	0	0	0	0	0	0	0	0	2	0	0	3	1	2	1	0	1	0	0	2	5	3	0	0	0	4	4
981	5 Mar 26	01:03:00	1	0	0	0	0	0	1	12	0	4	0	1	0	6	0	0	0	0	0	0	1	0	0	6	0	1	3	0	5	0	0	0	0	4	0	0	0	4	1
982	5 Mar 26	01:04:00	1	0	0	0	0	0	1	11	0	2	4	0	0	0	0	0	0	0	14	0	4	0	2	7	0	0	7	0	3	0	0	0	0	1	0	0	0	5	4
983	5 Mar 26	01:05:00	1	0	0	0	0	0	1	5	0	1	1	3	0	3	0	0	0	0	1	0	3	0	2	3	0	0	2	0	4	0	2	4	0	4	0	0	0	0	2
984	5 Mar 26	01:06:00	1	0	0	0	0	0	1	8	0	0	1	0	0	0	0	0	0	0	0	0	2	0	3	4	0	0	6	0	6	0	3	7	0	2	0	0	0	1	0
985	5 Mar 26	01:07:00	1	0	0	0	0	0	1	12	0	0	3	4	0	0	0	0	0	0	21	0	4	0	0	11	0	0	3	0	3	0	4	0	0	5	0	0	0	0	0
986	5 Mar 26	01:08:00	1	0	0	0	0	0	1	5	0	0	2	0	0	0	0	0	0	0	21	0	0	0	1	12	1	0	6	0	7	0	3	0	0	2	0	0	0	0	2
987	5 Mar 26	01:09:00	1	0	0	0	0	0	1	10	0	1	1	0	0	0	0	0	0	0	22	0	4	0	0	3	0	0	5	0	5	0	5	0	1	7	0	0	0	0	2
988	5 Mar 26	01:10:00	1	0	0	0	0	0	1	7	0	0	2	0	0	0	0	0	0	0	20	0	1	0	0	6	0	0	4	0	2	0	0	0	1	6	0	0	0	0	1
989	5 Mar 26	01:11:00	1	0	0	0	0	0	1	6	2	0	3	0	0	0	0	0	1	0	0	0	4	0	1	8	0	2	5	0	4	0	1	0	5	0	0	0	1	0	2
990	5 Mar 26	01:12:00	1	0	0	0	0	0	1	7	0	0	2	0	0	0	0	0	3	0	0	10	2	0	0	6	0	4	2	0	2	0	2	5	0	4	0	0	2	0	7
991	5 Mar 26	01:13:00	1	0	0	0	0	0	1	7	0	0	0	0	0	0	0	0	0	0	0	0	3	0	0	6	0	4	6	5	9	0	0	3	1	2	0	3	0	0	2
992	5 Mar 26	01:14:00	1	0	0	0	0	0	1	17	2	0	0	0	0	0	0	0	0	0	0	1	6	0	0	7	0	8	4	3	2	0	5	9	0	5	6	2	0	0	3
993	5 Mar 26	01:15:00	1	0	0	0	0	0	1	12	0	0	0	0	0	3	0	0	0	0	0	0	0	0	0	3	0	6	3	1	0	1	2	8	0	0	4	3	0	0	3
994	5 Mar 26	01:16:00	1	0	0	0	0	0	1	4	1	0	0	0	0	5	1	0	1	0	0	2	0	0	4	5	0	2	3	2	4	11	2	0	5	0	0	2	0	0	2
995	5 Mar 26	01:17:00	1	0	0	0	0	0	1	5	2	0	1	0	0	0	4	0	0	0	0	1	0	0	7	5	0	4	5	2	5	3	3	2	3	0	2	3	0	0	2
996	5 Mar 26	01:18:00	1	0	0	0	0	0	1	6	2	0	0	0	0	3	23	0	2	0	0	0	0	0	0	6	0	2	12	3	2	3	5	1	3	5	0	12	0	0	1
997	5 Mar 26	01:19:00	1	0	0	0	0	0	1	12	0	0	1	0	0	2	18	0	1	0	0	3	0	0	0	2	0	6	3	0	2	2	4	1	5	5	0	1	0	0	1
998	5 Mar 26	01:20:00	1	0	0	0	0	0	1	10	0	0	1	0	0	0	0	1	1	0	0	4	0	0	0	6	0	3	6	3	2	1	1	2	1	0	0	3	0	0	3
999	5 Mar 26	01:21:00	1	0	0	0	0	0	1	5	0	0	2	0	0	0	1	1	2	0	0	0	0	0	0	4	0	2	0	6	5	3	1	5	3	0	0	3	0	0	3
1000	5 Mar 26	01:22:00	1	0	0	0	0	0	1	11	0	0	3	0	0	0	0	1	5	0	0	0	0	0	0	1	0	4	1	0	3	4	0	7	3	0	0	5	0	0	3
1001	5 Mar 26	01:23:00	1	0	0	0	0	0	1	9	0	0	0	0	0	0	0	0	4	0	0	0	0	0	0	6	0	0	7	0	1	0	2	7	0	3	0	10	0	0	1
1002	5 Mar 26	01:24:00	1	0	0	0	0	0	1	1	6	0	1	0	0	0	0	0	0	0	0	0	0	0	2	0	0	0	6	2	5	0	4	2	0	6	0	5	0	0	4
1003	5 Mar 26	01:25:00	1	0	0	0	0	0	1	5	4	0	2	0	0	1	1	6	3	0	0	0	0	0	0	0	0	4	0	0	4	0	3	0	1	4	4	2	0	0	7
1004	5 Mar 26	01:26:00	1	0	0	0	0	0	1	6	5	0	3	0	0	0	0	9	0	0	0	0	0	0	0	1	0	0	4	0	6	0	5	0	2	5	7	7	1	0	1
1005	5 Mar 26	01:27:00	1	0	0	0	0	0	1	4	2	0	0	0	0	0	0	7	0	0	0	0	0	0	0	4	0	0	3	0	4	0	3	0	0	0	1	2	8	0	2
1006	5 Mar 26	01:28:00	1	0	0	0	0	0	1	10	0	0	4	0	0	0	0	0	0	0	0	0	3	0	0	6	0	0	7	0	6	0	4	1	6	4	1	0	1	0	3
1007	5 Mar 26	01:29:00	1	0	0	0	0	0	1	5	0	0	0	1	0	0	0	0	0	0	1	0	1	0	0	3	0	0	8	0	1	0	0	0	1	4	0	4	1	0	1
1008	5 Mar 26	01:30:00	1	0	0	0	0	0	1	2	7	3	0	0	0	0	0	3	0	0	0	0	1	0	0	6	0	0	4	0	4	0	3	0	0	1	10	0	3	0	1
1009	5 Mar 26	01:31:00	1	0	0	0	0	0	1	3	1	0	0	0	0	0	0	0	0	0	1	0	0	0	0	0	0	0	3	0	6	0	2	0	0	0	5	2	5	0	4
1010	5 Mar 26	01:32:00	1	0	0	0	0	0	1	5	4	0	2	0	0	0	0	6	0	4	1	0	2	0	0	9	0	0	6	0	4	0	2	2	0	0	2	2	7	0	0
1011	5 Mar 26	01:33:00	1	0	0	0	0	0	1	0	0	4	0	9	0	0	0	8	0	0	0	0	5	0	4	1	0	1	6	0	2	0	2	0	0	0	0	2	0	0	0
1012	5 Mar 26	01:34:00	1	0	0	0	0	0	1	0	3	0	0	17	0	0	0	0	0	0	0	0	10	0	0	2	0	3	1	0	1	0	3	1	0	0	0	4	1	0	0
1013	5 Mar 26	01:35:00	1	0	0	0	0	0	1	8	2	1	0	2	0	0	0	0	0	0	0	0	4	0	0	0	0	0	7	0	5	0	3	2	0	4	0	4	0	0	0
1014	5 Mar 26	01:36:00	1	0	0	0	0	0	1	0	2	0	0	0	0	0	0	1	0	0	0	0	3	0	0	0	0	0	2	0	4	0	4	0	0	2	0	5	0	0	1
1015	5 Mar 26	01:37:00	1	0	0	0	0	0	1	0	2	0	0	0	0	0	1	5	0	0	0	0	2	0	0	0	0	4	4	0	2	0	3	0	0	8	0	5	3	0	4
1016	5 Mar 26	01:38:00	1	0	0	0	0	0	1	0	2	3	1	4	0	0	2	7	0	0	0	0	0	0	1	0	0	3	4	0	6	3	5	0	0	0	1	4	3	0	3
1017	5 Mar 26	01:39:00	1	0	0	0	0	0	1	0	1	1	1	1	0	0	0	6	0	0	0	2	0	0	0	0	0	7	3	1	5	5	2	0	0	4	4	3	2	0	3
1018	5 Mar 26	01:40:00	1	0	0	0	0	0	1	0	2	11	1	0	0	0	0	5	0	0	0	1	0	0	0	0	0	9	1	5	4	0	2	0	0	2	0	5	3	0	1
1019	5 Mar 26	01:41:00	1	0	0	0	0	0	1	0	3	3	0	0	0	0	0	4	0	0	0	2	0	0	0	0	0	3	0	2	1	0	4	0	0	5	0	8	2	0	3
1020	5 Mar 26	01:42:00	1	0	0	0	0	0	1	4	1	1	0	0	0	0	3	7	0	0	0	2	0	0	0	0	0	4	0	0	0	3	1	0	0	3	0	5	3	0	0
1021	5 Mar 26	01:43:00	1	0	0	0	0	0	1	4	2	5	0	0	0	0	0	9	0	0	1	1	0	0	0	0	0	4	7	0	1	1	3	0	0	4	0	6	6	0	1
1022	5 Mar 26	01:44:00	1	0	0	0	0	0	1	0	1	10	0	0	0	0	1	5	0	0	0	2	0	0	2	3	0	4	4	0	1	0	0	11	0	2	0	4	1	3	3
1023	5 Mar 26	01:45:00	1	0	0	0	0	0	1	0	5	2	0	0	0	2	0	3	0	0	0	0	0	0	0	4	0	2	5	2	4	0	0	4	0	6	0	4	0	3	2
1024	5 Mar 26	01:46:00	1	0	0	0	0	0	1	0	2	5	0	0	0	9	0	1	0	0	0	1	0	0	0	6	0	0	9	1	6	0	0	2	0	1	0	3	0	0	2
1025	5 Mar 26	01:47:00	1	0	0	0	0	0	1	0	0	8	2	0	0	1	0	0	0	0	0	2	0	0	0	7	0	2	4	0	4	0	0	0	0	0	0	5	0	3	1
1026	5 Mar 26	01:48:00	1	0	0	0	0	0	1	0	3	0	0	0	0	0	0	5	0	0	0	0	0	0	0	4	0	3	4	0	3	0	0	3	0	0	0	2	0	4	2
1027	5 Mar 26	01:49:00	1	0	0	0	0	0	1	0	0	1	1	0	0	0	0	1	0	0	0	0	0	0	0	6	0	6	6	0	4	0	0	0	0	0	0	3	2	6	0
1028	5 Mar 26	01:50:00	1	0	0	0	0	0	1	2	0	2	1	0	0	0	0	3	0	0	0	0	0	0	0	3	0	8	3	0	1	0	0	0	0	0	0	2	4	3	1
1029	5 Mar 26	01:51:00	1	0	0	0	0	0	1	0	1	7	0	0	0	0	1	0	0	0	0	0	0	0	2	3	0	2	5	0	0	2	0	0	0	0	0	0	0	0	3
1030	5 Mar 26	01:52:00	1	0	0	0	0	0	1	0	1	3	0	0	0	0	0	0	0	0	0	0	0	0	0	0	0	0	6	0	0	3	2	1	0	2	0	1	0	0	0
1031	5 Mar 26	01:53:00	1	0	0	0	0	0	1	0	3	0	5	0	0	0	0	0	2	0	0	0	0	0	0	3	0	3	1	0	2	5	1	0	0	8	2	2	0	0	1
1032	5 Mar 26	01:54:00	1	0	0	0	0	0	1	0	0	5	1	0	0	0	0	0	5	0	0	1	0	0	0	8	6	0	6	0	7	3	5	0	0	0	3	1	0	0	3
1033	5 Mar 26	01:55:00	1	0	0	0	0	0	1	0	0	2	2	0	0	0	0	0	0	7	0	4	0	0	4	6	0	0	5	0	1	0	2	0	0	2	2	0	0	0	4
1034	5 Mar 26	01:56:00	1	0	0	0	0	0	1	0	0	11	1	0	0	0	0	0	2	8	1	0	0	0	2	6	2	0	7	0	0	1	3	3	0	1	0	4	0	0	2
1035	5 Mar 26	01:57:00	1	0	0	0	0	0	1	0	0	1	0	0	0	1	2	0	2	1	5	0	0	0	1	4	0	0	4	0	3	0	0	3	5	3	0	6	0	0	2
1036	5 Mar 26	01:58:00	1	0	0	0	0	0	1	1	1	7	0	0	0	1	0	0	0	0	0	0	0	0	1	6	2	0	2	5	2	0	0	3	0	1	0	0	0	0	1
1037	5 Mar 26	01:59:00	1	0	0	0	0	0	1	0	6	0	0	0	0	0	0	3	0	0	0	0	0	0	2	3	5	0	3	5	2	0	0	3	0	0	1	2	0	0	2
1038	5 Mar 26	02:00:00	1	0	0	0	0	0	1	0	1	0	0	0	0	1	1	4	1	0	0	0	0	0	1	2	5	0	3	2	1	0	0	1	0	2	2	5	0	0	0
1039	5 Mar 26	02:01:00	1	0	0	0	0	0	1	0	1	0	6	0	0	1	0	0	0	0	0	0	0	0	0	3	4	0	1	1	3	0	1	0	0	0	0	1	0	0	0
1040	5 Mar 26	02:02:00	1	0	0	0	0	0	1	0	1	7	1	0	0	1	0	0	5	0	0	0	0	0	0	3	0	0	9	4	3	0	2	1	0	0	0	0	0	0	2
1041	5 Mar 26	02:03:00	1	0	0	0	0	0	1	0	3	8	1	4	0	1	0	3	0	0	0	0	0	0	4	4	1	0	3	5	3	0	0	6	0	0	0	1	0	0	0
1042	5 Mar 26	02:04:00	1	0	0	0	0	0	1	1	0	7	2	4	0	1	0	9	0	0	0	0	0	0	3	4	0	0	2	0	1	0	0	0	0	0	0	0	0	0	0
1043	5 Mar 26	02:05:00	1	0	0	0	0	0	1	1	2	0	2	0	0	0	0	5	0	0	0	0	1	0	3	8	5	0	8	0	1	0	3	0	1	0	3	1	4	0	1
1044	5 Mar 26	02:06:00	1	0	0	0	0	0	1	1	2	0	5	0	0	0	0	5	0	0	0	1	1	0	1	1	5	0	3	0	0	0	0	0	2	0	0	0	3	0	0
1045	5 Mar 26	02:07:00	1	0	0	0	0	0	1	0	0	0	1	0	2	0	0	3	0	0	0	2	5	0	0	3	0	0	2	0	2	0	4	0	0	0	0	1	3	0	0
1046	5 Mar 26	02:08:00	1	0	0	0	0	0	1	0	0	0	1	3	0	0	0	8	0	0	0	0	4	0	0	5	6	0	4	0	0	0	3	2	7	0	0	2	4	0	3
1047	5 Mar 26	02:09:00	1	0	0	0	0	0	1	1	1	0	0	0	1	0	0	0	0	0	2	0	3	0	2	2	0	0	3	0	0	0	1	3	1	0	0	1	2	0	1
1048	5 Mar 26	02:10:00	1	0	0	0	0	0	1	0	4	0	0	0	2	0	0	6	0	0	3	1	4	0	0	8	8	0	4	0	0	0	3	4	5	1	0	1	5	0	1
1049	5 Mar 26	02:11:00	1	0	0	0	0	0	1	0	1	0	3	3	0	0	0	5	0	0	3	2	1	0	0	2	4	0	0	0	1	0	4	4	7	3	0	0	2	0	1
1050	5 Mar 26	02:12:00	1	0	0	0	0	0	1	0	1	0	1	4	0	0	1	0	0	0	1	0	5	0	0	5	2	0	3	0	2	0	4	0	8	0	0	0	0	0	0
1051	5 Mar 26	02:13:00	1	0	0	0	0	0	1	0	2	0	3	0	1	0	0	0	0	0	4	0	0	0	8	4	0	5	3	0	2	5	3	0	1	0	0	2	0	0	3
1052	5 Mar 26	02:14:00	1	0	0	0	0	0	1	1	0	0	5	0	1	0	0	0	0	1	12	0	0	0	2	4	8	2	3	0	2	5	3	0	0	6	0	3	0	1	2
1053	5 Mar 26	02:15:00	1	0	0	0	0	0	1	6	0	0	0	1	2	0	1	0	0	0	0	0	0	0	16	0	0	4	3	0	2	3	4	0	3	2	0	1	0	0	1
1054	5 Mar 26	02:16:00	1	0	0	0	0	0	1	4	4	0	3	0	0	0	0	0	0	0	2	0	0	0	0	0	9	5	3	0	0	7	4	0	0	5	6	0	0	0	3
1055	5 Mar 26	02:17:00	1	0	0	0	0	0	1	7	2	1	2	0	0	3	0	0	0	0	0	0	0	0	0	0	3	3	5	0	0	14	2	0	4	0	3	2	0	0	2
1056	5 Mar 26	02:18:00	1	0	0	0	0	0	1	8	0	6	0	0	0	0	0	0	0	0	0	0	0	0	0	0	1	8	3	0	0	4	0	0	0	6	4	2	8	1	5
1057	5 Mar 26	02:19:00	1	0	0	0	0	0	1	3	0	8	6	1	0	0	0	0	0	0	0	0	0	0	0	5	2	9	6	0	1	3	4	1	0	4	2	4	1	0	1
1058	5 Mar 26	02:20:00	1	0	0	0	0	0	1	7	0	7	4	0	2	0	0	0	0	0	0	0	0	0	0	1	0	9	16	0	2	3	5	5	1	3	0	5	3	0	0
1059	5 Mar 26	02:21:00	1	0	0	0	0	0	1	9	0	6	6	0	9	0	0	0	0	0	0	0	0	0	2	7	1	4	10	0	0	6	0	0	0	4	0	6	3	0	7
1060	5 Mar 26	02:22:00	1	0	0	0	0	0	1	11	0	0	0	0	2	4	0	0	0	0	0	0	0	0	1	5	0	5	5	0	0	3	4	0	0	6	0	2	8	0	3
1061	5 Mar 26	02:23:00	1	0	0	0	0	0	1	8	1	0	1	0	0	0	0	0	0	0	0	0	0	0	0	4	0	2	3	2	0	0	2	0	0	5	0	4	6	0	1
1062	5 Mar 26	02:24:00	1	0	0	0	0	0	1	11	0	0	0	0	0	0	0	0	0	9	0	0	0	0	0	1	0	3	3	1	0	0	5	0	0	5	0	3	6	0	3
1063	5 Mar 26	02:25:00	1	0	0	0	0	0	1	2	0	0	0	0	0	0	0	0	0	2	0	0	0	3	0	4	0	0	3	5	0	5	1	0	2	5	0	1	4	1	2
1064	5 Mar 26	02:26:00	1	0	0	0	0	0	1	3	0	0	0	0	0	1	0	0	0	0	0	3	0	4	2	0	0	5	3	2	3	2	3	0	0	5	0	0	0	2	7
1065	5 Mar 26	02:27:00	1	0	0	0	0	0	1	1	0	0	0	0	1	1	0	0	0	0	0	1	0	0	6	7	0	0	0	4	0	5	6	0	2	2	0	3	7	0	0
1066	5 Mar 26	02:28:00	1	0	0	0	0	0	1	5	2	0	0	0	0	4	0	0	0	0	0	1	0	0	1	5	0	2	5	6	2	5	3	0	4	3	0	2	2	0	3
1067	5 Mar 26	02:29:00	1	0	0	0	0	0	1	0	1	7	0	0	0	3	0	0	0	0	0	0	0	0	6	3	0	0	2	3	3	4	1	0	12	3	5	9	3	0	1
1068	5 Mar 26	02:30:00	1	0	0	0	0	0	1	6	1	6	0	0	0	10	0	0	0	0	0	3	0	0	0	3	0	1	3	6	2	3	0	0	4	3	0	3	0	0	3
1069	5 Mar 26	02:31:00	1	0	0	0	0	0	1	5	0	4	0	0	0	0	0	0	0	0	0	5	0	0	3	5	0	1	0	3	0	0	4	0	1	1	6	5	0	0	1
1070	5 Mar 26	02:32:00	1	0	0	0	0	0	1	6	0	7	0	0	0	0	0	0	0	0	0	0	0	0	2	2	0	0	0	4	1	5	2	0	1	10	5	7	0	0	1
1071	5 Mar 26	02:33:00	1	0	0	0	0	0	1	4	0	0	1	0	0	0	0	0	0	0	7	2	0	0	1	0	0	0	6	1	0	1	0	0	0	5	2	2	0	4	0
1072	5 Mar 26	02:34:00	1	0	0	0	0	0	1	8	1	4	0	0	0	0	0	0	0	0	17	2	0	0	2	5	0	0	3	0	2	0	7	0	0	4	0	4	0	6	3
1073	5 Mar 26	02:35:00	1	0	0	0	0	0	1	5	1	5	0	0	0	0	0	0	0	0	7	3	0	2	0	5	0	0	6	0	3	0	4	0	0	6	0	2	0	6	4
1074	5 Mar 26	02:36:00	1	0	0	0	0	0	1	5	0	8	2	0	0	0	0	0	0	0	1	6	0	1	0	4	0	0	7	0	5	3	1	0	0	0	0	1	0	0	3
1075	5 Mar 26	02:37:00	1	0	0	0	0	0	1	5	1	1	0	0	0	0	0	0	0	0	0	4	0	0	3	8	0	0	4	0	2	3	2	0	0	3	0	1	0	0	0
1076	5 Mar 26	02:38:00	1	0	0	0	0	0	1	3	0	4	0	0	0	0	0	0	0	1	0	2	0	0	0	1	0	0	2	0	3	3	4	0	0	1	0	4	0	0	3
1077	5 Mar 26	02:39:00	1	0	0	0	0	0	1	7	0	9	0	0	0	0	0	0	0	0	0	2	0	0	2	4	0	0	5	0	3	5	4	0	0	0	0	3	0	0	2
1078	5 Mar 26	02:40:00	1	0	0	0	0	0	1	6	0	1	0	0	0	0	0	0	0	0	0	0	1	0	0	3	0	0	4	0	2	4	2	0	0	2	0	5	0	0	1
1079	5 Mar 26	02:41:00	1	0	0	0	0	0	1	10	0	1	0	0	0	0	0	0	0	0	0	2	1	0	2	6	0	0	5	0	3	3	0	0	0	2	2	6	0	0	3
1080	5 Mar 26	02:42:00	1	0	0	0	0	0	1	8	0	5	0	0	0	0	0	0	0	0	0	4	2	0	0	0	0	0	5	0	1	0	1	0	1	4	2	6	0	0	6
1081	5 Mar 26	02:43:00	1	0	0	0	0	0	1	3	0	2	0	0	0	0	0	0	0	0	1	2	0	0	0	3	0	0	9	0	3	0	1	0	0	0	0	2	0	0	1
1082	5 Mar 26	02:44:00	1	0	0	0	0	0	1	0	0	4	0	0	0	0	0	0	0	0	1	3	0	0	0	3	0	0	10	0	3	2	4	0	1	2	0	4	0	0	3
1083	5 Mar 26	02:45:00	1	0	0	0	0	0	1	10	0	0	0	0	0	0	0	0	0	0	7	0	7	0	0	1	0	0	4	0	3	2	4	0	1	2	0	7	0	0	0
1084	5 Mar 26	02:46:00	1	0	0	0	0	0	1	6	0	0	2	0	0	0	0	0	0	0	1	4	4	4	4	6	0	0	5	0	0	1	1	0	5	1	0	3	3	0	0
1085	5 Mar 26	02:47:00	1	0	0	0	0	0	1	4	0	3	0	0	0	0	0	0	0	0	0	4	2	0	10	3	0	0	0	0	3	0	2	0	2	1	0	6	0	0	3
1086	5 Mar 26	02:48:00	1	0	0	0	0	0	1	1	0	4	0	0	0	3	0	0	0	0	3	4	4	0	10	2	0	0	2	0	2	3	3	0	1	5	0	4	5	0	2
1087	5 Mar 26	02:49:00	1	0	0	0	0	0	1	1	0	8	0	0	0	0	2	0	0	0	2	1	3	0	4	3	0	0	7	0	4	6	5	0	0	2	0	2	6	0	0
1088	5 Mar 26	02:50:00	1	0	0	0	0	0	1	3	0	8	0	0	0	0	1	0	0	0	4	2	2	0	3	0	0	0	4	0	5	0	2	0	1	2	0	3	8	0	3
1089	5 Mar 26	02:51:00	1	0	0	0	0	0	1	0	0	2	3	0	0	0	1	0	0	0	3	0	0	0	5	0	0	0	8	1	1	0	3	0	2	5	0	4	5	0	3
1090	5 Mar 26	02:52:00	1	0	0	0	0	0	1	0	0	5	0	0	0	0	0	0	0	0	0	3	0	0	7	4	0	3	2	3	8	3	1	0	2	3	0	5	3	3	0
1091	5 Mar 26	02:53:00	1	0	0	0	0	0	1	0	0	1	4	0	0	3	0	0	0	0	0	4	0	0	7	5	0	5	0	3	3	2	2	5	4	7	0	7	4	4	2
1092	5 Mar 26	02:54:00	1	0	0	0	0	0	1	0	0	2	1	0	0	2	0	0	0	0	0	1	0	0	4	0	0	6	0	1	2	2	0	3	1	7	0	5	5	5	7
1093	5 Mar 26	02:55:00	1	0	0	0	0	0	1	2	0	5	0	0	0	0	0	0	0	0	0	0	0	0	4	5	0	7	2	2	1	4	4	4	0	0	0	6	4	5	2
1094	5 Mar 26	02:56:00	1	0	0	0	0	0	1	1	0	6	0	0	0	0	1	0	0	0	0	3	0	0	6	12	0	5	2	0	1	1	3	0	3	5	0	6	0	5	3
1095	5 Mar 26	02:57:00	1	0	0	0	0	0	1	8	0	12	0	0	0	0	3	0	0	0	0	0	0	0	5	4	0	3	5	2	3	4	3	6	1	7	0	3	0	5	3
1096	5 Mar 26	02:58:00	1	0	0	0	0	0	1	11	0	8	2	0	0	0	2	9	0	0	0	0	0	0	7	6	0	1	2	2	1	0	5	1	0	4	0	8	0	4	0
1097	5 Mar 26	02:59:00	1	0	0	0	0	0	1	25	0	6	0	0	0	0	0	7	0	0	0	3	0	0	4	1	0	6	4	2	1	2	4	4	3	4	0	5	0	4	9
1098	5 Mar 26	03:00:00	1	0	0	0	0	0	1	8	0	4	0	0	0	0	0	4	0	0	0	1	0	0	3	4	0	4	4	0	5	0	3	2	3	0	0	4	0	0	2
1099	5 Mar 26	03:01:00	1	0	0	0	0	0	1	0	0	2	0	0	0	0	0	6	0	0	0	0	0	0	2	6	0	3	0	0	5	1	3	4	0	0	0	5	0	0	1
1100	5 Mar 26	03:02:00	1	0	0	0	0	0	1	0	0	6	1	0	0	0	0	0	0	0	0	1	0	1	8	1	8	3	9	0	1	0	3	1	3	0	0	3	0	0	2
1101	5 Mar 26	03:03:00	1	0	0	0	0	0	1	0	0	2	1	0	0	0	0	4	0	0	0	0	0	7	6	3	4	5	6	0	0	3	6	0	1	0	0	2	1	0	0
1102	5 Mar 26	03:04:00	1	0	0	0	0	0	1	0	0	2	0	0	0	0	0	3	0	0	0	0	0	2	6	2	4	3	5	0	0	3	4	2	3	0	0	5	5	0	7
1103	5 Mar 26	03:05:00	1	0	0	0	0	0	1	0	0	1	4	0	0	0	0	0	0	0	0	0	0	5	3	8	0	5	4	0	0	5	3	5	4	0	0	0	2	0	3
1104	5 Mar 26	03:06:00	1	0	0	0	0	0	1	0	0	0	0	0	0	0	0	5	0	0	5	0	0	0	7	2	1	0	4	0	0	4	2	8	2	0	0	0	3	0	3
1105	5 Mar 26	03:07:00	1	0	0	0	0	0	1	1	0	0	0	0	0	0	0	4	0	2	0	0	0	0	3	7	0	4	2	0	0	0	0	3	1	0	0	2	4	0	2
1106	5 Mar 26	03:08:00	1	0	0	0	0	0	1	5	0	0	0	0	0	0	0	5	0	1	0	0	4	0	4	2	3	1	2	0	1	5	3	4	5	0	7	0	3	0	0
1107	5 Mar 26	03:09:00	1	0	0	0	0	0	1	12	0	0	0	0	0	0	0	4	0	4	0	0	0	0	4	10	1	4	0	0	0	6	4	0	1	0	0	0	4	0	1
1108	5 Mar 26	03:10:00	1	0	0	0	0	0	1	5	3	0	0	0	0	0	0	4	0	6	0	0	5	0	4	4	1	2	0	0	1	4	5	0	1	0	0	1	4	0	1
1109	5 Mar 26	03:11:00	1	0	0	0	0	0	1	4	4	0	0	0	0	0	0	3	0	6	0	0	3	0	4	2	2	2	0	0	1	6	3	3	0	0	0	0	2	0	2
1110	5 Mar 26	03:12:00	1	0	0	0	0	0	1	9	20	0	0	0	0	1	0	4	0	10	0	1	10	0	4	2	6	0	0	0	1	2	3	3	0	1	0	2	2	0	2
1111	5 Mar 26	03:13:00	1	0	0	0	0	0	1	4	3	0	0	3	0	0	0	0	0	11	0	0	2	0	2	1	7	0	5	0	1	2	2	4	1	3	0	0	0	0	2
1112	5 Mar 26	03:14:00	1	0	0	0	0	0	1	6	4	0	0	0	0	0	0	2	0	3	10	0	2	0	2	3	6	0	5	0	5	3	3	0	0	1	0	0	3	0	0
1113	5 Mar 26	03:15:00	1	0	0	0	0	0	1	13	7	0	0	13	0	0	0	0	0	0	5	0	0	0	1	6	6	0	7	0	2	7	3	5	0	5	0	0	3	0	6
1114	5 Mar 26	03:16:00	1	0	0	0	0	0	1	8	7	0	9	1	0	0	0	0	0	9	0	2	1	0	2	5	9	0	4	0	1	5	6	0	0	3	0	0	3	0	8
1115	5 Mar 26	03:17:00	1	0	0	0	0	0	1	6	2	0	4	0	0	0	0	0	8	9	0	0	2	0	6	8	6	0	4	0	0	6	4	0	0	8	0	0	2	0	0
1116	5 Mar 26	03:18:00	1	0	0	0	0	0	1	0	4	0	1	4	0	0	0	0	4	1	0	0	2	0	0	3	5	0	6	1	3	0	7	10	0	5	0	0	4	0	0
1117	5 Mar 26	03:19:00	1	0	0	0	0	0	1	3	10	0	0	3	0	0	0	0	10	5	0	1	7	0	3	1	3	0	7	4	0	0	4	3	0	3	0	0	2	0	1
1118	5 Mar 26	03:20:00	1	0	0	0	0	0	1	11	10	0	0	3	0	2	0	0	5	13	5	0	2	0	1	6	3	0	5	2	0	8	5	8	0	4	3	3	4	0	3
1119	5 Mar 26	03:21:00	1	0	0	0	0	0	1	2	1	0	2	7	0	0	0	0	0	11	0	0	2	0	0	2	3	0	3	5	0	1	0	0	0	4	4	7	3	0	1
1120	5 Mar 26	03:22:00	1	0	0	0	0	0	1	5	1	0	2	3	0	0	0	0	1	12	2	1	1	0	0	3	1	1	5	2	0	5	0	1	0	6	1	4	4	0	1
1121	5 Mar 26	03:23:00	1	0	0	0	0	0	1	3	0	0	1	1	0	2	0	0	0	5	0	0	4	0	0	3	2	0	5	0	0	1	0	2	1	1	3	3	0	0	3
1122	5 Mar 26	03:24:00	1	0	0	0	0	0	1	0	6	0	3	5	0	2	0	0	0	6	0	0	0	0	0	5	4	0	0	0	0	0	0	0	2	3	0	6	0	0	0
1123	5 Mar 26	03:25:00	1	0	0	0	0	0	1	1	1	0	0	7	0	4	0	0	10	5	0	0	0	0	2	4	0	0	2	0	0	0	1	0	12	5	1	7	5	0	0
1124	5 Mar 26	03:26:00	1	0	0	0	0	0	1	2	4	0	0	2	0	0	3	3	2	5	0	0	0	0	5	4	5	8	0	0	0	2	2	5	11	0	3	7	0	0	2
1125	5 Mar 26	03:27:00	1	0	0	0	0	0	1	1	5	0	0	2	0	2	1	5	0	8	2	0	0	0	0	1	1	3	0	0	0	3	2	0	0	7	9	4	0	0	0
1126	5 Mar 26	03:28:00	1	0	0	0	0	0	1	0	2	0	1	1	0	1	0	2	3	5	5	0	0	0	4	3	0	1	0	0	0	0	2	0	0	0	4	5	0	0	0
1127	5 Mar 26	03:29:00	1	0	0	0	0	0	1	1	2	0	0	6	0	0	0	5	2	5	0	0	0	0	3	2	0	4	0	0	0	0	5	1	0	4	0	4	0	0	2
1128	5 Mar 26	03:30:00	1	0	0	0	0	0	1	3	2	0	2	3	0	0	0	0	5	1	0	0	0	0	2	4	0	2	0	0	1	0	0	2	0	1	0	4	6	4	3
1129	5 Mar 26	03:31:00	1	0	0	0	0	0	1	0	6	2	3	1	0	0	0	0	1	2	0	1	0	0	2	6	0	10	0	0	4	0	2	0	0	0	0	7	2	0	3
1130	5 Mar 26	03:32:00	1	0	0	0	0	0	1	0	1	0	2	0	0	0	0	4	1	0	0	0	0	0	1	8	0	14	0	0	0	0	1	4	0	1	0	3	5	0	3
1131	5 Mar 26	03:33:00	1	0	0	0	0	0	1	0	0	0	5	0	0	0	0	7	0	0	0	2	0	0	4	2	0	5	5	0	4	2	3	0	0	1	0	5	0	0	3
1132	5 Mar 26	03:34:00	1	0	0	0	0	0	1	0	1	0	1	0	0	0	0	4	0	0	0	0	0	0	2	1	0	5	7	0	3	3	3	0	2	5	0	3	0	0	1
1133	5 Mar 26	03:35:00	1	0	0	0	0	0	1	0	1	1	2	0	0	0	0	4	0	0	2	0	0	0	0	1	0	0	2	1	2	4	3	0	10	9	0	3	3	0	3
1134	5 Mar 26	03:36:00	1	0	0	0	0	0	1	1	0	0	0	0	0	0	0	4	0	0	0	1	0	0	0	3	0	1	10	1	1	3	1	0	2	4	0	3	5	0	0
1135	5 Mar 26	03:37:00	1	0	0	0	0	0	1	0	0	1	1	0	3	0	0	3	0	0	6	2	0	0	0	0	0	2	5	0	1	5	3	0	2	0	0	1	6	0	3
1136	5 Mar 26	03:38:00	1	0	0	0	0	0	1	0	0	2	0	0	1	0	0	6	0	0	9	0	0	0	0	0	0	0	2	0	2	5	0	6	4	4	0	0	5	0	3
1137	5 Mar 26	03:39:00	1	0	0	0	0	0	1	0	3	3	2	0	0	0	0	2	0	0	0	0	0	0	0	0	0	2	6	0	0	4	0	3	6	0	0	0	4	0	4
1138	5 Mar 26	03:40:00	1	0	0	0	0	0	1	2	7	3	0	0	4	0	0	4	0	0	0	2	0	0	0	1	0	6	6	0	5	0	0	0	1	0	0	0	3	0	4
1139	5 Mar 26	03:41:00	1	0	0	0	0	0	1	0	0	0	0	0	2	0	1	3	0	0	2	6	0	0	0	1	0	0	2	0	2	0	1	0	2	2	0	0	3	0	0
1140	5 Mar 26	03:42:00	1	0	0	0	0	0	1	0	7	0	2	0	0	0	0	5	0	0	2	2	0	0	0	2	0	0	5	1	5	3	2	0	1	3	0	0	3	5	2
1141	5 Mar 26	03:43:00	1	0	0	0	0	0	1	0	3	1	0	0	0	0	0	3	0	0	1	3	0	0	0	0	2	0	2	4	5	4	5	0	0	0	0	2	6	0	5
1142	5 Mar 26	03:44:00	1	0	0	0	0	0	1	1	0	1	0	0	4	0	1	6	0	0	0	1	0	0	0	0	0	2	2	2	5	0	4	0	1	0	0	2	1	3	4
1143	5 Mar 26	03:45:00	1	0	0	0	0	0	1	0	0	2	0	0	0	4	0	3	0	0	0	4	0	0	0	0	2	7	2	0	4	0	3	0	1	0	0	2	4	5	2
1144	5 Mar 26	03:46:00	1	0	0	0	0	0	1	0	0	5	0	0	1	0	0	3	0	0	0	1	0	0	0	0	1	5	3	2	2	0	1	0	3	2	0	3	3	5	1
1145	5 Mar 26	03:47:00	1	0	0	0	0	0	1	4	0	2	1	0	0	2	0	9	0	0	0	2	0	0	0	0	2	4	13	3	0	0	2	0	1	5	2	0	6	2	2
1146	5 Mar 26	03:48:00	1	0	0	0	0	0	1	6	0	6	0	0	0	0	0	0	0	0	0	4	0	0	0	0	2	5	8	5	2	0	2	0	0	0	5	3	6	3	0
1147	5 Mar 26	03:49:00	1	0	0	0	0	0	1	4	0	2	1	0	0	1	0	0	0	0	0	0	0	0	0	0	3	3	3	1	1	5	0	0	3	3	0	1	5	0	1
1148	5 Mar 26	03:50:00	1	0	0	0	0	0	1	15	0	4	6	0	0	6	0	1	0	0	0	0	0	0	0	0	1	2	2	0	2	2	2	0	2	3	2	6	4	0	0
1149	5 Mar 26	03:51:00	1	0	0	0	0	0	1	7	0	0	3	0	0	1	0	3	0	0	3	0	0	0	0	0	2	5	3	0	0	0	1	0	1	4	3	3	3	0	2
1150	5 Mar 26	03:52:00	1	0	0	0	0	0	1	8	0	0	2	0	0	1	0	4	0	0	0	5	0	0	0	0	4	2	5	0	1	1	3	0	6	6	0	4	2	0	1
1151	5 Mar 26	03:53:00	1	0	0	0	0	0	1	8	0	0	6	0	0	1	0	4	0	0	0	8	0	0	0	0	0	2	6	0	0	2	4	0	6	0	7	9	2	0	0
1152	5 Mar 26	03:54:00	1	0	0	0	0	0	1	7	0	9	6	0	0	0	0	2	0	0	0	5	0	0	0	0	0	0	0	0	3	2	3	0	2	0	7	4	3	0	1
1153	5 Mar 26	03:55:00	1	0	0	0	0	0	1	9	0	7	4	0	0	0	0	3	0	0	0	3	0	0	0	5	2	0	2	0	2	3	2	0	0	2	4	4	6	0	0
1154	5 Mar 26	03:56:00	1	0	0	0	0	0	1	7	0	3	3	0	0	0	0	3	0	0	0	1	0	0	0	4	0	0	2	0	2	0	3	0	2	5	3	4	5	0	0
1155	5 Mar 26	03:57:00	1	0	0	0	0	0	1	2	0	6	1	0	0	0	0	6	0	0	0	1	0	0	0	5	5	0	0	0	6	3	2	0	1	1	0	6	1	0	0
1156	5 Mar 26	03:58:00	1	0	0	0	0	0	1	3	0	7	0	0	0	0	0	1	0	0	2	0	0	0	0	5	6	0	0	0	2	2	7	0	0	2	2	4	0	0	5
1157	5 Mar 26	03:59:00	1	0	0	0	0	0	1	4	0	7	3	0	0	0	0	4	0	0	0	0	0	0	0	2	3	0	0	0	1	5	4	0	0	6	2	6	3	0	1
1158	5 Mar 26	04:00:00	1	0	0	0	0	0	1	1	0	6	4	0	0	1	0	5	0	0	0	0	0	0	0	2	1	0	0	0	0	2	4	0	0	4	1	3	3	0	2
1159	5 Mar 26	04:01:00	1	0	0	0	0	0	1	2	0	3	9	0	0	0	0	4	0	0	0	0	0	0	0	5	5	0	1	0	0	2	4	0	0	0	1	3	0	0	1
1160	5 Mar 26	04:02:00	1	0	0	0	0	0	1	1	0	7	5	0	0	1	0	1	0	0	0	0	0	0	0	1	4	0	6	6	0	2	5	0	0	3	1	0	8	0	0
1161	5 Mar 26	04:03:00	1	0	0	0	0	0	1	0	0	3	1	0	0	0	0	0	0	0	0	0	0	0	0	5	0	0	4	0	0	2	4	0	0	5	0	6	4	0	3
1162	5 Mar 26	04:04:00	1	0	0	0	0	0	1	0	0	0	1	0	0	0	0	0	0	0	0	0	0	0	0	5	0	0	10	0	0	3	3	0	0	5	0	4	4	0	4
1163	5 Mar 26	04:05:00	1	0	0	0	0	0	1	0	0	2	1	0	0	0	0	0	0	0	0	0	0	0	0	3	2	0	14	0	0	2	1	0	0	0	0	5	6	0	3
1164	5 Mar 26	04:06:00	1	0	0	0	0	0	1	0	0	6	2	0	0	9	0	0	0	0	0	0	1	0	0	12	0	0	5	0	4	0	2	0	0	6	1	8	6	0	0
1165	5 Mar 26	04:07:00	1	0	0	0	0	0	1	0	0	10	1	0	0	3	0	0	0	0	0	3	5	0	0	5	8	0	0	0	2	1	4	0	0	5	0	6	3	0	0
1166	5 Mar 26	04:08:00	1	0	0	0	0	0	1	0	0	1	2	0	0	0	0	0	0	0	0	0	4	0	0	3	5	0	6	0	0	0	2	0	0	7	0	5	5	0	0
1167	5 Mar 26	04:09:00	1	0	0	0	0	0	1	0	0	0	1	0	0	0	0	0	0	0	0	1	5	0	0	4	23	0	1	0	2	3	4	0	0	0	0	5	6	0	1
1168	5 Mar 26	04:10:00	1	0	0	0	0	0	1	0	2	0	5	0	0	0	0	0	0	0	0	2	5	0	0	4	2	0	5	0	0	0	4	0	0	2	0	2	2	0	2
1169	5 Mar 26	04:11:00	1	0	0	0	0	0	1	1	2	0	4	0	0	0	0	0	0	0	0	2	3	0	0	6	1	0	2	0	0	3	0	0	2	2	6	0	9	2	23
1170	5 Mar 26	04:12:00	1	0	0	0	0	0	1	0	9	0	6	0	0	0	0	7	0	0	0	0	2	0	0	1	8	0	5	0	1	2	4	0	3	0	0	2	8	4	5
1171	5 Mar 26	04:13:00	1	0	0	0	0	0	1	0	1	1	8	0	0	0	0	5	0	0	0	0	8	0	0	1	0	7	0	0	2	2	3	0	4	1	0	5	3	0	4
1172	5 Mar 26	04:14:00	1	0	0	0	0	0	1	0	7	1	4	0	0	0	0	8	0	0	0	2	1	0	0	2	1	9	2	0	2	4	3	0	6	1	1	1	4	0	2
1173	5 Mar 26	04:15:00	1	0	0	0	0	0	1	0	12	1	2	0	0	0	0	8	0	0	0	0	2	0	0	4	2	2	0	0	0	2	2	0	3	3	1	3	3	2	6
1174	5 Mar 26	04:16:00	1	0	0	0	0	0	1	0	6	1	2	0	0	0	0	6	0	0	0	0	9	0	0	4	0	6	4	0	2	0	2	0	8	2	0	4	1	1	1
1175	5 Mar 26	04:17:00	1	0	0	0	0	0	1	0	0	0	11	0	0	6	0	0	0	0	0	0	2	0	0	5	1	4	2	0	1	4	2	0	1	8	0	8	3	0	4
1176	5 Mar 26	04:18:00	1	0	0	0	0	0	1	0	5	1	5	0	0	4	0	2	0	0	0	0	2	0	0	5	0	1	6	0	0	2	3	0	8	2	1	7	3	0	2
1177	5 Mar 26	04:19:00	1	0	0	0	0	0	1	0	1	2	15	0	0	0	0	4	2	0	0	1	1	0	0	3	0	3	3	5	0	7	5	0	1	0	0	2	10	0	0
1178	5 Mar 26	04:20:00	1	0	0	0	0	0	1	0	4	0	6	0	0	0	0	0	8	0	0	0	2	0	0	2	0	4	3	1	0	5	0	0	0	9	0	4	5	0	1
1179	5 Mar 26	04:21:00	1	0	0	0	0	0	1	0	2	0	5	3	0	0	0	0	2	0	0	0	1	0	0	6	2	4	3	2	2	0	0	0	0	3	0	8	5	0	1
1180	5 Mar 26	04:22:00	1	0	0	0	0	0	1	8	0	0	4	2	0	0	0	0	8	0	0	0	0	0	0	3	1	4	5	0	0	0	1	4	2	4	0	1	5	0	1
1181	5 Mar 26	04:23:00	1	0	0	0	0	0	1	9	0	0	5	1	0	0	0	0	5	0	2	0	0	0	0	0	0	3	4	0	1	2	2	0	1	7	0	7	5	0	3
1182	5 Mar 26	04:24:00	1	0	0	0	0	0	1	8	1	1	11	3	0	0	0	0	6	0	0	1	0	0	0	9	0	2	4	0	0	1	2	0	1	4	0	2	5	0	0
1183	5 Mar 26	04:25:00	1	0	0	0	0	0	1	5	4	1	5	4	0	0	0	4	7	0	0	0	0	0	0	3	0	4	14	0	3	2	3	0	0	0	0	2	0	0	0
1184	5 Mar 26	04:26:00	1	0	0	0	0	0	1	6	3	3	10	3	0	0	0	7	1	0	0	0	0	0	0	0	2	3	1	0	0	4	2	0	2	6	0	4	0	0	2
1185	5 Mar 26	04:27:00	1	0	0	0	0	0	1	8	4	7	6	2	2	0	0	7	1	0	1	0	1	0	0	0	1	8	6	0	3	2	3	0	1	10	4	3	0	1	2
1186	5 Mar 26	04:28:00	1	0	0	0	0	0	1	15	9	4	7	0	0	0	0	6	0	0	0	2	2	0	1	0	8	4	4	0	3	1	4	0	3	6	1	5	3	0	0
1187	5 Mar 26	04:29:00	1	0	0	0	0	0	1	4	10	0	7	0	0	0	0	7	4	0	0	1	2	0	1	2	6	7	1	0	2	3	4	4	12	2	5	0	0	0	1
1188	5 Mar 26	04:30:00	1	0	0	0	0	0	1	8	4	2	5	0	0	0	2	2	1	0	15	0	1	1	3	0	3	3	3	0	5	3	0	3	1	2	3	1	0	0	2
1189	5 Mar 26	04:31:00	1	0	0	0	0	0	1	10	3	0	13	0	0	0	0	2	3	0	0	2	2	1	2	5	0	7	4	2	0	3	4	0	3	5	1	4	0	4	1
1190	5 Mar 26	04:32:00	1	0	0	0	0	0	1	7	5	7	4	0	0	3	0	2	2	0	0	5	4	0	3	6	0	5	2	1	3	4	2	2	4	4	2	7	3	0	0
1191	5 Mar 26	04:33:00	1	0	0	0	0	0	1	3	0	0	5	1	0	3	0	3	5	0	0	17	1	0	0	2	3	0	2	5	1	0	0	1	1	3	2	6	5	0	1
1192	5 Mar 26	04:34:00	1	0	0	0	0	0	1	10	2	0	7	2	0	3	0	4	3	0	0	0	0	0	1	3	3	0	4	2	3	4	2	0	3	9	3	8	6	0	0
1193	5 Mar 26	04:35:00	1	0	0	0	0	0	1	17	1	1	6	2	0	0	0	0	3	0	0	9	2	1	2	2	3	2	3	0	2	3	0	3	6	9	1	7	4	0	2
1194	5 Mar 26	04:36:00	1	0	0	0	0	0	1	5	2	1	11	4	0	0	0	8	1	0	0	6	3	3	5	4	1	4	1	0	3	12	4	9	8	0	1	5	5	0	4
1195	5 Mar 26	04:37:00	1	0	0	0	0	0	1	9	4	0	6	2	0	1	0	4	3	0	0	6	2	0	5	5	0	1	4	0	7	5	4	3	1	0	2	7	2	0	1
1196	5 Mar 26	04:38:00	1	0	0	0	0	0	1	1	0	6	5	0	3	0	0	0	0	0	0	6	1	0	4	2	3	0	6	0	0	5	3	4	3	0	0	7	2	0	2
1197	5 Mar 26	04:39:00	1	0	0	0	0	0	1	7	1	0	8	2	1	0	0	2	0	0	0	6	1	1	4	5	1	3	0	0	5	5	5	3	1	0	0	6	8	0	1
1198	5 Mar 26	04:40:00	1	0	0	0	0	0	1	5	0	3	7	4	0	0	0	0	1	0	0	3	0	0	4	4	1	3	5	0	5	4	6	2	3	0	0	1	3	0	0
1199	5 Mar 26	04:41:00	1	0	0	0	0	0	1	6	3	1	5	1	0	0	0	0	1	0	0	2	5	2	0	0	4	3	3	0	0	2	3	0	8	0	1	4	0	0	0
1200	5 Mar 26	04:42:00	1	0	0	0	0	0	1	7	1	2	4	1	0	5	0	3	2	0	0	6	7	0	4	2	0	4	2	0	3	3	3	2	5	0	4	5	1	4	0
1201	5 Mar 26	04:43:00	1	0	0	0	0	0	1	5	3	0	3	2	0	0	0	6	0	0	0	7	6	0	6	2	1	3	2	3	3	4	5	1	4	3	2	2	3	5	0
1202	5 Mar 26	04:44:00	1	0	0	0	0	0	1	7	2	0	5	0	1	2	0	7	0	0	2	7	6	0	3	3	2	4	8	2	5	1	4	0	6	7	0	5	2	5	1
1203	5 Mar 26	04:45:00	1	0	0	0	0	0	1	9	2	0	7	0	5	0	0	4	0	0	0	8	4	0	5	3	2	2	3	2	4	6	0	0	4	5	5	6	4	1	3
1204	5 Mar 26	04:46:00	1	0	0	0	0	0	1	17	0	0	5	0	0	1	0	2	0	0	4	8	4	0	0	3	0	6	6	0	3	4	3	0	1	1	0	7	4	1	1
1205	5 Mar 26	04:47:00	1	0	0	0	0	0	1	8	0	0	7	0	0	5	1	0	0	0	2	3	0	0	3	6	1	5	6	2	10	2	3	0	10	5	4	3	4	0	1
1206	5 Mar 26	04:48:00	1	0	0	0	0	0	1	6	0	0	6	0	0	0	0	2	0	0	8	0	5	0	4	2	0	0	0	2	2	0	6	0	6	4	0	3	11	0	0
1207	5 Mar 26	04:49:00	1	0	0	0	0	0	1	3	5	0	6	0	0	0	0	5	0	0	0	4	3	0	2	0	0	0	0	2	7	0	1	0	3	5	1	4	2	0	2
1208	5 Mar 26	04:50:00	1	0	0	0	0	0	1	1	5	0	5	0	0	0	0	4	0	0	0	3	1	0	0	0	0	0	2	2	4	3	7	0	6	4	2	3	4	0	1
1209	5 Mar 26	04:51:00	1	0	0	0	0	0	1	10	3	0	8	5	0	0	0	3	0	0	0	6	0	0	3	4	0	0	3	1	5	5	2	0	2	1	2	4	5	0	0
1210	5 Mar 26	04:52:00	1	0	0	0	0	0	1	2	1	0	4	3	0	0	0	0	0	0	0	3	0	0	3	6	5	1	4	3	0	8	1	3	3	7	0	2	4	0	4
1211	5 Mar 26	04:53:00	1	0	0	0	0	0	1	1	1	0	8	3	0	0	0	0	0	0	0	3	0	0	1	7	0	3	3	1	1	5	1	14	2	6	0	3	7	0	0
1212	5 Mar 26	04:54:00	1	0	0	0	0	0	1	0	2	0	4	6	0	0	0	0	0	0	0	4	0	0	1	6	1	0	0	2	1	3	1	4	8	0	0	0	6	0	0
1213	5 Mar 26	04:55:00	1	0	0	0	0	0	1	2	0	0	6	5	0	0	0	6	0	0	0	4	0	0	0	4	0	0	6	0	0	1	5	4	4	3	0	3	7	0	0
1214	5 Mar 26	04:56:00	1	0	0	0	0	0	1	6	3	0	5	2	0	0	0	5	0	0	0	7	0	0	0	0	2	0	3	0	8	3	7	5	2	6	0	3	5	0	0
1215	5 Mar 26	04:57:00	1	0	0	0	0	0	1	5	0	0	3	3	0	0	0	3	0	0	0	4	2	0	0	2	4	0	4	0	1	2	5	3	2	0	0	4	6	0	3
1216	5 Mar 26	04:58:00	1	0	0	0	0	0	1	6	1	8	4	0	0	0	0	0	0	0	2	4	3	0	0	6	2	0	3	0	0	3	2	5	4	2	0	5	5	0	0
1217	5 Mar 26	04:59:00	1	0	0	0	0	0	1	7	2	7	6	0	1	0	0	0	0	0	5	3	7	0	0	4	0	0	3	0	0	4	3	3	0	6	0	3	5	0	0
1218	5 Mar 26	05:00:00	1	0	0	0	0	0	1	1	0	5	7	1	2	0	0	0	0	0	3	4	3	0	0	3	0	0	1	0	0	9	4	1	3	4	0	3	2	0	0
1219	5 Mar 26	05:01:00	1	0	0	0	0	0	1	3	0	2	5	2	0	0	0	0	0	0	4	7	1	1	0	5	0	0	2	0	0	5	2	0	3	12	0	1	4	0	0
1220	5 Mar 26	05:02:00	1	0	0	0	0	0	1	5	1	8	5	0	0	2	0	6	0	0	10	6	6	2	0	7	0	0	2	0	0	3	0	1	3	3	0	6	3	0	2
1221	5 Mar 26	05:03:00	1	0	0	0	0	0	1	4	0	6	7	1	0	1	1	4	0	0	14	6	4	4	0	4	2	0	3	0	0	0	4	0	1	0	0	5	6	3	3
1222	5 Mar 26	05:04:00	1	0	0	0	0	0	1	2	0	8	6	1	0	5	0	5	0	0	0	2	1	5	0	4	2	0	0	0	0	4	4	0	0	2	0	5	6	2	3
1223	5 Mar 26	05:05:00	1	0	0	0	0	0	1	2	3	6	4	0	0	0	0	5	0	0	0	9	3	3	0	2	6	0	2	0	0	6	2	0	0	0	0	5	7	4	3
1224	5 Mar 26	05:06:00	1	0	0	0	0	0	1	0	3	0	7	0	0	7	0	3	0	0	0	6	0	0	0	3	0	0	9	0	1	4	1	0	1	0	0	7	7	1	0
1225	5 Mar 26	05:07:00	1	0	0	0	0	0	1	4	4	0	2	0	0	2	1	3	0	0	0	3	0	0	1	3	8	0	2	0	1	5	2	0	1	4	0	6	4	0	1
1226	5 Mar 26	05:08:00	1	0	0	0	0	0	1	3	1	0	5	0	0	5	2	2	0	0	1	5	0	0	3	2	3	0	4	0	4	3	2	0	3	3	0	1	5	0	4
1227	5 Mar 26	05:09:00	1	0	0	0	0	0	1	0	0	0	8	0	0	8	1	2	0	0	0	7	0	2	2	3	4	0	1	2	1	3	4	0	5	1	0	2	6	0	4
1228	5 Mar 26	05:10:00	1	0	0	0	0	0	1	0	0	1	11	0	0	6	2	2	0	0	0	3	0	1	2	3	6	0	3	4	3	4	2	0	4	4	1	6	4	0	1
1229	5 Mar 26	05:11:00	1	0	0	0	0	0	1	0	0	0	3	5	0	6	0	4	0	0	0	3	1	3	2	7	3	0	2	3	0	4	2	0	3	1	4	5	4	3	0
1230	5 Mar 26	05:12:00	1	0	0	0	0	0	1	1	0	1	5	0	0	8	0	4	0	0	0	5	5	2	5	9	2	0	4	2	1	2	1	1	1	2	3	5	3	2	0
1231	5 Mar 26	05:13:00	1	0	0	0	0	0	1	3	0	9	7	0	0	7	0	6	0	0	0	0	3	3	3	2	2	0	3	4	0	9	3	0	1	0	1	5	6	0	3
1232	5 Mar 26	05:14:00	1	0	0	0	0	0	1	17	0	12	5	4	0	11	0	6	0	0	0	2	4	2	7	4	4	0	1	2	3	0	4	1	0	0	0	5	3	0	0
1233	5 Mar 26	05:15:00	1	0	0	0	0	0	1	10	0	7	5	4	0	5	0	6	0	0	21	0	4	5	8	6	4	0	5	2	5	0	5	0	5	0	0	4	5	0	1
1234	5 Mar 26	05:16:00	1	0	0	0	0	0	1	17	0	13	3	5	0	7	0	0	1	0	2	3	1	0	6	3	0	6	0	0	6	0	2	0	0	0	0	6	5	0	3
1235	5 Mar 26	05:17:00	1	0	0	0	0	0	1	5	0	7	6	5	0	7	0	1	3	0	1	0	1	0	3	3	5	3	7	0	1	4	3	0	1	0	2	4	4	0	2
1236	5 Mar 26	05:18:00	1	0	0	0	0	0	1	3	0	6	5	2	0	2	0	1	3	0	2	1	1	4	0	6	0	3	1	0	1	7	2	0	0	3	0	4	9	0	1
1237	5 Mar 26	05:19:00	1	0	0	0	0	0	1	2	0	3	3	0	0	6	0	0	2	0	0	5	1	1	0	4	0	5	3	2	0	4	1	0	0	0	2	3	4	1	0
1238	5 Mar 26	05:20:00	1	0	0	0	0	0	1	7	0	8	4	3	0	3	0	0	2	0	0	2	3	8	1	6	5	5	2	4	4	3	2	0	1	6	4	5	6	1	0
1239	5 Mar 26	05:21:00	1	0	0	0	0	0	1	6	0	0	2	1	0	6	0	0	2	0	0	2	0	5	5	5	3	6	3	3	4	2	3	0	1	0	4	1	3	0	4
1240	5 Mar 26	05:22:00	1	0	0	0	0	0	1	11	0	0	0	0	0	3	0	9	6	0	0	0	2	2	4	5	2	6	0	0	0	5	2	0	0	0	1	0	3	0	1
1241	5 Mar 26	05:23:00	1	0	0	0	0	0	1	9	0	5	0	4	0	9	0	2	7	0	0	3	0	3	3	3	2	6	7	0	1	3	6	0	0	0	1	5	3	0	4
1242	5 Mar 26	05:24:00	1	0	0	0	0	0	1	5	0	0	0	0	0	4	0	2	0	0	0	7	0	0	5	6	1	2	1	0	1	0	6	0	0	10	8	6	5	0	2
1243	5 Mar 26	05:25:00	1	0	0	0	0	0	1	5	0	0	0	0	0	6	0	1	2	0	0	4	0	0	0	5	3	5	4	0	0	0	1	0	0	2	2	1	6	0	2
1244	5 Mar 26	05:26:00	1	0	0	0	0	0	1	0	0	0	0	0	0	3	0	1	0	0	0	2	1	1	0	2	0	8	3	0	0	7	2	0	0	1	4	6	5	0	2
1245	5 Mar 26	05:27:00	1	0	0	0	0	0	1	0	0	0	0	0	0	4	0	0	0	0	0	6	4	1	0	2	2	3	6	0	0	4	3	0	3	4	2	4	3	0	2
1246	5 Mar 26	05:28:00	1	0	0	0	0	0	1	0	0	0	0	0	0	4	0	0	0	0	0	2	4	2	0	6	6	3	4	0	1	0	1	0	7	5	3	4	3	0	3
1247	5 Mar 26	05:29:00	1	0	0	0	0	0	1	0	0	0	0	0	21	5	0	0	0	1	0	2	4	1	0	13	1	4	5	0	3	5	1	1	2	4	1	5	5	0	1
1248	5 Mar 26	05:30:00	1	0	0	0	0	0	1	1	0	0	0	0	30	3	0	2	0	0	0	5	1	1	0	8	2	4	3	0	1	4	2	8	1	0	0	6	7	0	2
1249	5 Mar 26	05:31:00	1	0	0	0	0	0	1	5	0	0	0	0	6	4	0	8	0	6	0	0	8	0	0	6	1	6	4	0	2	4	4	3	5	3	0	6	7	0	3
1250	5 Mar 26	05:32:00	1	0	0	0	0	0	1	7	0	1	0	0	0	4	0	5	0	0	0	4	1	0	0	6	0	6	0	0	1	2	3	4	2	1	0	7	7	0	3
1251	5 Mar 26	05:33:00	1	0	0	0	0	0	1	6	2	0	0	0	0	2	0	1	0	2	0	2	4	2	0	4	3	2	4	0	2	1	0	11	5	3	0	11	5	0	3
1252	5 Mar 26	05:34:00	1	0	0	0	0	0	1	4	7	10	0	0	0	4	0	4	0	0	2	0	3	3	0	3	1	1	0	0	0	3	0	4	4	4	0	0	2	0	3
1253	5 Mar 26	05:35:00	1	0	0	0	0	0	1	8	1	1	0	0	0	2	0	4	0	1	0	5	1	3	0	9	0	0	0	0	0	2	5	11	0	0	0	4	3	0	3
1254	5 Mar 26	05:36:00	1	0	0	0	0	0	1	2	4	5	0	0	0	5	0	0	0	2	0	4	2	0	0	2	0	0	4	0	1	4	2	1	2	0	0	5	5	0	4
1255	5 Mar 26	05:37:00	1	0	0	0	0	0	1	5	9	9	0	0	0	3	0	2	0	0	0	3	5	1	0	3	0	0	8	0	1	7	3	0	8	0	3	4	6	0	0
1256	5 Mar 26	05:38:00	1	0	0	0	0	0	1	6	5	0	0	2	0	3	0	4	0	1	0	0	4	2	0	5	0	0	0	0	8	2	1	0	2	0	0	7	6	0	0
1257	5 Mar 26	05:39:00	1	0	0	0	0	0	1	10	6	4	0	3	0	5	0	0	0	1	0	1	0	1	0	5	0	0	0	0	0	6	2	0	1	0	0	7	4	0	1
1258	5 Mar 26	05:40:00	1	0	0	0	0	0	1	6	7	2	0	1	0	0	0	0	0	2	0	2	5	4	0	5	0	1	3	3	5	2	0	0	3	0	0	4	3	0	3
1259	5 Mar 26	05:41:00	1	0	0	0	0	0	1	4	4	5	0	3	0	6	0	0	0	5	0	0	0	1	0	7	0	6	4	3	2	1	2	0	0	0	4	3	7	0	4
1260	5 Mar 26	05:42:00	1	0	0	0	0	0	1	8	2	1	0	0	0	0	0	0	0	1	0	0	4	2	0	7	0	4	1	1	2	0	0	3	1	0	4	5	4	0	3
1261	5 Mar 26	05:43:00	1	0	0	0	0	0	1	9	2	7	0	2	0	2	0	0	0	0	0	0	3	3	0	2	0	4	3	5	3	0	3	3	9	7	1	0	8	0	3
1262	5 Mar 26	05:44:00	1	0	0	0	0	0	1	4	4	5	0	0	0	2	0	0	0	1	4	0	2	2	2	3	0	6	6	0	5	0	2	1	3	2	0	4	9	0	2
1263	5 Mar 26	05:45:00	1	0	0	0	0	0	1	2	1	6	0	0	0	0	0	0	1	0	0	0	0	2	2	7	0	5	4	0	3	0	2	1	0	2	0	2	7	0	6
1264	5 Mar 26	05:46:00	1	0	0	0	0	0	1	1	0	13	0	0	1	2	5	1	3	8	0	0	11	3	3	5	0	6	4	3	2	4	1	0	0	1	0	3	3	0	3
1265	5 Mar 26	05:47:00	1	0	0	0	0	0	1	8	2	6	0	3	0	0	0	7	9	10	0	0	2	3	2	2	0	2	4	3	6	7	4	2	0	2	0	5	3	0	1
1266	5 Mar 26	05:48:00	1	0	0	0	0	0	1	1	1	0	0	3	0	5	0	4	4	4	0	0	0	0	4	9	0	0	1	0	1	5	5	0	0	0	0	3	6	0	0
1267	5 Mar 26	05:49:00	1	0	0	0	0	0	1	2	5	0	0	0	0	0	0	9	6	4	0	0	0	3	2	5	0	3	5	0	8	4	2	2	1	0	0	8	5	0	3
1268	5 Mar 26	05:50:00	1	0	0	0	0	0	1	4	5	0	0	0	0	0	0	6	0	10	5	4	0	2	8	7	2	2	0	0	6	6	2	0	4	0	0	7	5	0	0
1269	5 Mar 26	05:51:00	1	0	0	0	0	0	1	3	4	0	0	3	0	2	0	3	1	7	0	1	0	2	1	2	1	6	1	0	5	4	4	4	5	0	1	5	2	4	4
1270	5 Mar 26	05:52:00	1	0	0	0	0	0	1	4	7	0	0	3	0	0	0	3	3	11	0	0	0	0	4	5	0	2	1	0	6	7	3	3	2	0	0	2	4	5	1
1271	5 Mar 26	05:53:00	1	0	0	0	0	0	1	8	4	6	0	4	2	2	9	5	0	1	0	0	0	0	8	7	5	0	0	0	0	6	4	2	1	0	3	3	8	5	9
1272	5 Mar 26	05:54:00	1	0	0	0	0	0	1	6	1	3	0	3	0	5	3	6	0	7	0	0	0	1	3	5	4	8	0	0	7	0	1	3	9	1	8	1	5	2	0
1273	5 Mar 26	05:55:00	1	0	0	0	0	0	1	9	3	0	0	2	0	4	0	9	0	6	0	0	0	1	4	3	2	6	1	0	1	5	3	3	1	5	2	7	6	0	3
1274	5 Mar 26	05:56:00	1	0	0	0	0	0	1	4	2	5	0	2	0	1	1	5	0	3	3	0	0	3	1	6	5	6	6	0	2	2	3	3	0	3	4	5	4	8	0
1275	5 Mar 26	05:57:00	1	0	0	0	0	0	1	7	2	2	0	5	0	6	1	5	0	0	5	0	1	3	0	3	5	8	3	0	3	2	3	2	0	8	2	3	2	4	1
1276	5 Mar 26	05:58:00	1	0	0	0	0	0	1	0	0	0	0	0	0	3	0	2	0	0	0	0	1	0	0	3	2	7	1	0	2	9	1	1	0	1	2	4	3	3	0
1277	5 Mar 26	05:59:00	1	0	0	0	0	0	1	8	8	6	0	1	0	0	0	5	0	0	0	0	7	0	3	4	5	3	3	0	1	0	4	0	0	3	6	6	4	3	0
1278	5 Mar 26	06:00:00	1	0	0	0	0	0	1	6	0	5	0	0	0	5	2	4	0	0	12	2	3	0	2	0	5	4	1	0	2	6	2	3	0	7	3	5	5	3	3
1279	5 Mar 26	06:01:00	1	0	0	0	0	0	1	8	1	2	0	2	0	2	1	3	0	0	18	1	7	0	2	7	3	3	4	0	0	4	2	6	0	6	0	2	8	3	0
1280	5 Mar 26	06:02:00	1	0	0	0	0	0	1	7	8	7	0	3	0	1	0	8	0	0	7	4	5	0	3	0	1	6	3	2	1	0	2	0	0	4	0	3	10	0	1
1281	5 Mar 26	06:03:00	1	0	0	0	0	0	1	6	3	6	0	0	0	2	0	4	0	0	0	4	3	0	1	2	2	0	8	2	4	5	3	5	0	3	0	2	3	0	2
1282	5 Mar 26	06:04:00	1	0	0	0	0	0	1	6	7	1	0	0	0	2	0	5	0	0	0	4	5	0	1	6	8	0	6	3	2	3	4	4	2	3	0	1	3	0	2
1283	5 Mar 26	06:05:00	1	0	0	0	0	0	1	4	4	7	0	0	4	2	0	6	0	4	0	6	1	0	0	9	4	1	7	4	2	7	5	0	2	8	0	4	4	0	1
1284	5 Mar 26	06:06:00	1	0	0	0	0	0	1	4	0	4	0	0	0	1	0	6	0	7	0	1	0	0	0	3	7	4	4	2	1	3	0	0	5	0	0	5	6	0	4
1285	5 Mar 26	06:07:00	1	0	0	0	0	0	1	1	0	4	0	0	0	0	0	0	0	8	10	4	3	0	3	4	5	8	3	0	1	3	3	0	1	0	3	7	4	8	4
1286	5 Mar 26	06:08:00	1	0	0	0	0	0	1	0	0	9	0	0	0	1	0	0	0	5	1	7	2	0	1	5	4	5	5	0	1	1	3	0	2	2	0	5	3	2	4
1287	5 Mar 26	06:09:00	1	0	0	0	0	0	1	3	2	6	0	0	0	2	0	3	0	6	0	2	2	0	2	2	9	0	2	0	1	6	6	0	12	4	0	11	4	4	4
1288	5 Mar 26	06:10:00	1	0	0	0	0	0	1	6	4	0	1	0	0	5	0	4	0	5	3	3	2	0	0	7	2	7	1	0	0	5	4	3	0	4	0	3	2	0	3
1289	5 Mar 26	06:11:00	1	0	0	0	0	0	1	0	0	0	7	0	0	2	0	3	4	3	5	0	6	0	0	2	2	12	5	0	4	4	4	5	1	3	0	8	3	6	0
1290	5 Mar 26	06:12:00	1	0	0	0	0	0	1	0	0	0	4	0	0	4	0	3	6	6	6	3	2	0	3	3	2	4	5	0	0	1	3	2	4	8	2	4	0	2	3
1291	5 Mar 26	06:13:00	1	0	0	0	0	0	1	8	5	0	2	0	0	3	0	0	10	3	0	4	2	0	3	5	5	6	3	0	0	8	4	0	0	7	4	4	3	6	2
1292	5 Mar 26	06:14:00	1	0	0	0	0	0	1	2	2	0	8	0	0	2	0	9	4	6	0	0	3	0	3	4	8	5	0	6	0	7	0	0	1	8	0	6	4	5	0
1293	5 Mar 26	06:15:00	1	0	0	0	0	0	1	4	0	4	0	0	2	0	0	3	4	10	4	0	4	0	1	11	2	4	3	2	2	4	5	4	1	1	3	7	4	3	1
1294	5 Mar 26	06:16:00	1	0	0	0	0	0	1	6	1	8	0	0	0	0	0	4	4	5	0	1	2	0	2	2	0	9	7	0	0	10	3	2	4	6	1	8	5	3	2
1295	5 Mar 26	06:17:00	1	0	0	0	0	0	1	9	3	2	0	0	0	0	0	6	2	2	0	5	1	0	0	10	6	1	3	3	1	1	1	1	1	4	4	5	6	0	0
1296	5 Mar 26	06:18:00	1	0	0	0	0	0	1	3	0	6	0	0	0	0	0	3	0	4	0	2	1	0	0	6	2	5	1	3	2	1	2	5	5	2	0	5	7	0	0
1297	5 Mar 26	06:19:00	1	0	0	0	0	0	1	2	0	7	0	0	0	0	0	3	1	3	2	3	3	0	4	2	11	2	4	4	0	2	4	5	1	6	0	1	3	0	3
1298	5 Mar 26	06:20:00	1	0	0	0	0	0	1	9	0	3	0	0	0	0	0	0	2	9	0	1	0	0	2	7	3	5	2	0	1	2	1	2	1	3	5	6	5	5	2
1299	5 Mar 26	06:21:00	1	0	0	0	0	0	1	2	0	8	0	0	0	0	0	4	3	5	0	1	0	2	3	4	0	2	2	0	2	2	3	8	1	0	2	7	4	2	0
1300	5 Mar 26	06:22:00	1	0	0	0	0	0	1	1	0	7	0	0	0	0	0	1	2	10	4	0	0	3	5	5	5	3	2	0	0	4	9	2	3	4	0	3	5	4	2
1301	5 Mar 26	06:23:00	1	0	0	0	0	0	1	11	0	7	0	0	0	0	0	5	3	3	0	0	0	3	5	7	5	2	3	0	2	0	3	5	2	6	0	4	3	3	2
1302	5 Mar 26	06:24:00	1	0	0	0	0	0	1	6	0	3	0	0	0	0	0	3	2	5	0	1	0	2	2	8	9	2	0	0	2	4	3	5	7	2	0	8	4	3	2
1303	5 Mar 26	06:25:00	1	0	0	0	0	0	1	3	0	3	0	0	0	0	0	3	0	5	0	4	0	0	5	6	4	1	0	0	1	5	3	1	3	3	0	5	7	0	1
1304	5 Mar 26	06:26:00	1	0	0	0	0	0	1	8	0	5	0	2	0	0	0	4	4	6	5	4	0	3	3	3	1	4	3	0	3	7	4	4	1	8	0	4	3	0	1
1305	5 Mar 26	06:27:00	1	0	0	0	0	0	1	5	0	4	0	2	0	0	0	5	4	8	8	4	0	4	6	4	3	4	9	0	4	2	3	1	0	0	0	2	3	0	2
1306	5 Mar 26	06:28:00	1	0	0	0	0	0	1	6	0	4	0	0	1	0	3	5	9	8	2	1	0	1	2	8	2	5	6	0	2	4	1	4	0	1	1	3	3	0	3
1307	5 Mar 26	06:29:00	1	0	0	0	0	0	1	2	0	10	0	0	0	0	1	0	5	1	0	4	0	1	4	4	4	5	4	0	2	2	1	2	3	2	5	1	4	0	4
1308	5 Mar 26	06:30:00	1	0	0	0	0	0	1	5	0	5	0	0	0	0	0	2	8	2	1	2	0	0	5	0	4	8	4	0	4	4	0	1	3	0	4	3	3	3	0
1309	5 Mar 26	06:31:00	1	0	0	0	0	0	1	2	0	9	0	0	0	0	1	2	3	4	0	0	0	0	1	1	8	5	7	0	1	2	1	1	3	0	3	3	9	4	3
1310	5 Mar 26	06:32:00	1	0	0	0	0	0	1	6	0	6	0	0	0	0	5	10	4	4	0	0	0	2	2	2	4	2	2	0	8	5	4	2	2	3	4	5	9	2	2
1311	5 Mar 26	06:33:00	1	0	0	0	0	0	1	3	0	11	0	0	0	0	1	5	9	7	0	0	0	5	0	3	3	0	5	0	1	4	2	2	2	4	5	6	5	5	3
1312	5 Mar 26	06:34:00	1	0	0	0	0	0	1	4	0	7	0	0	0	0	4	6	3	4	0	0	0	0	0	5	6	0	6	0	2	1	4	0	4	3	4	2	3	4	4
1313	5 Mar 26	06:35:00	1	0	0	0	0	0	1	3	0	4	0	0	0	0	0	5	3	4	0	0	2	0	3	4	8	0	2	3	3	1	1	0	1	0	1	5	0	1	0
1314	5 Mar 26	06:36:00	1	0	0	0	0	0	1	3	0	0	0	0	0	0	2	6	0	0	0	0	5	0	8	5	4	0	3	3	2	3	3	0	9	5	3	4	2	3	6
1315	5 Mar 26	06:37:00	1	0	0	0	0	0	1	6	0	4	0	1	0	0	1	4	5	3	4	5	4	0	4	2	4	0	5	2	3	3	1	0	0	0	0	5	5	5	2
1316	5 Mar 26	06:38:00	1	0	0	0	0	0	1	0	0	4	0	0	0	0	2	5	3	2	7	3	1	1	0	5	5	0	10	5	1	4	2	4	1	4	0	0	5	3	0
1317	5 Mar 26	06:39:00	1	0	0	0	0	0	1	1	0	3	0	0	0	0	0	3	2	7	0	6	3	0	0	3	3	0	6	2	1	6	5	4	6	9	0	6	4	2	1
1318	5 Mar 26	06:40:00	1	0	0	0	0	0	1	19	0	6	0	0	4	0	0	5	1	6	0	4	1	1	0	5	4	0	4	2	3	2	4	6	3	2	2	6	1	4	0
1319	5 Mar 26	06:41:00	1	0	0	0	0	0	1	2	0	2	0	0	1	0	0	5	6	6	0	8	4	0	2	5	3	0	3	0	3	4	1	0	0	0	2	5	4	3	1
1320	5 Mar 26	06:42:00	1	0	0	0	0	0	1	2	0	3	0	0	1	0	0	4	2	4	0	5	0	0	4	3	0	4	5	0	1	4	2	9	0	0	0	7	10	5	5
1321	5 Mar 26	06:43:00	1	0	0	0	0	0	1	2	0	3	0	0	0	0	0	6	2	2	0	0	2	3	3	5	2	3	1	0	1	3	6	5	4	0	1	2	7	4	3
1322	5 Mar 26	06:44:00	1	0	0	0	0	0	1	6	0	3	0	0	2	0	0	6	2	7	0	0	6	0	4	7	3	5	5	0	4	3	2	0	5	0	1	3	9	0	0
1323	5 Mar 26	06:45:00	1	0	0	0	0	0	1	9	1	2	0	0	0	0	0	5	8	4	0	0	1	0	6	2	5	6	2	0	2	3	4	2	3	0	0	8	13	1	0
1324	5 Mar 26	06:46:00	1	0	0	0	0	0	1	3	5	4	2	0	0	0	0	2	8	6	0	0	11	1	5	5	5	3	8	0	3	3	4	0	6	0	0	4	12	6	2
1325	5 Mar 26	06:47:00	1	0	0	0	0	0	1	6	3	2	6	0	0	0	1	6	5	10	0	0	4	0	3	2	8	0	7	0	1	2	6	0	5	0	0	8	7	2	0
1326	5 Mar 26	06:48:00	1	0	0	0	0	0	1	7	1	2	6	1	0	0	3	6	3	1	0	0	8	1	5	4	5	5	4	0	1	0	6	0	0	0	1	9	5	5	3
1327	5 Mar 26	06:49:00	1	0	0	0	0	0	1	6	1	10	7	0	0	0	2	3	5	4	0	0	2	4	4	5	0	5	0	0	10	1	4	0	0	0	0	6	9	5	2
1328	5 Mar 26	06:50:00	1	0	0	0	0	0	1	4	4	8	6	0	0	0	1	3	1	9	0	3	2	0	3	5	5	6	4	0	0	1	3	0	2	0	6	4	5	3	4
1329	5 Mar 26	06:51:00	1	0	0	0	0	0	1	12	3	5	6	0	0	0	2	2	1	6	0	7	2	0	2	3	3	6	3	2	3	4	4	1	4	0	2	5	6	5	1
1330	5 Mar 26	06:52:00	1	0	0	0	0	0	1	8	5	0	3	0	0	0	0	7	0	4	4	9	0	0	1	2	0	3	4	0	2	3	4	7	7	0	5	7	4	4	1
1331	5 Mar 26	06:53:00	1	0	0	0	0	0	1	9	1	4	3	0	0	0	5	1	3	5	3	4	0	0	4	2	4	0	4	0	3	4	2	5	2	5	7	5	12	6	0
1332	5 Mar 26	06:54:00	1	0	0	0	0	0	1	10	1	7	9	1	0	0	0	1	0	3	0	10	0	4	2	1	3	0	2	0	1	3	0	5	3	6	1	2	7	7	3
1333	5 Mar 26	06:55:00	1	0	0	0	0	0	1	8	4	6	3	0	0	0	0	4	0	0	0	3	0	1	0	4	5	5	2	0	2	5	3	8	3	7	2	5	7	2	6
1334	5 Mar 26	06:56:00	1	0	0	0	0	0	1	5	3	6	6	1	0	0	0	8	0	2	0	5	0	1	0	0	7	4	5	0	2	3	2	8	3	6	3	4	3	6	4
1335	5 Mar 26	06:57:00	1	0	0	0	0	0	1	3	1	10	3	0	0	0	2	4	1	15	0	3	0	0	0	3	4	3	2	0	3	3	3	4	0	8	0	4	6	3	3
1336	5 Mar 26	06:58:00	1	0	0	0	0	0	1	4	1	0	3	5	0	0	4	2	4	4	0	2	0	0	0	1	4	5	3	0	2	4	5	0	2	6	0	3	6	4	2
1337	5 Mar 26	06:59:00	1	0	0	0	0	0	1	6	1	6	8	1	0	0	2	1	0	11	0	4	0	0	4	4	3	4	5	0	3	11	5	5	5	0	6	6	7	5	4
1338	5 Mar 26	07:00:00	1	0	0	0	0	0	1	6	6	8	6	4	0	0	6	5	6	2	0	2	0	0	2	3	2	0	2	0	2	2	7	0	0	7	0	4	4	1	1
1339	5 Mar 26	07:01:00	1	0	0	0	0	0	1	3	1	7	8	6	0	0	10	7	8	2	0	5	0	1	1	3	0	9	6	0	4	4	6	4	3	5	0	4	5	4	2
1340	5 Mar 26	07:02:00	1	0	0	0	0	0	1	6	3	0	3	8	0	0	2	1	2	6	0	4	0	0	3	5	2	3	5	0	6	0	4	7	0	3	2	4	8	2	1
1341	5 Mar 26	07:03:00	1	0	0	0	0	0	1	5	2	3	10	2	0	0	2	3	2	3	0	11	0	0	3	1	5	8	2	0	2	0	3	5	0	2	0	6	1	1	2
1342	5 Mar 26	07:04:00	1	0	0	0	0	0	1	9	3	3	3	1	0	0	3	6	0	5	3	2	0	0	4	8	0	5	2	0	4	2	1	8	0	0	0	8	0	2	0
1343	5 Mar 26	07:05:00	1	0	0	0	0	0	1	15	0	5	4	0	0	0	2	5	1	6	1	2	4	0	3	1	5	4	0	0	4	4	2	3	2	0	0	6	6	2	4
1344	5 Mar 26	07:06:00	1	0	0	0	0	0	1	11	0	1	4	0	0	0	5	5	3	3	11	4	4	0	7	7	0	2	0	0	5	2	0	17	2	0	0	6	3	3	2
1345	5 Mar 26	07:07:00	1	0	0	0	0	0	1	2	0	9	9	3	0	0	2	5	0	6	0	7	1	1	2	6	9	0	4	0	2	4	2	5	1	2	0	4	9	0	7
1346	5 Mar 26	07:08:00	1	0	0	0	0	0	1	9	0	6	6	1	0	0	1	4	2	3	0	2	4	2	2	5	5	0	0	0	5	6	1	4	2	2	0	3	12	1	5
1347	5 Mar 26	07:09:00	1	0	0	0	0	0	1	14	0	11	7	1	0	0	5	4	4	7	0	4	6	1	3	6	2	0	0	0	3	0	4	5	1	0	0	7	9	5	5
1348	5 Mar 26	07:10:00	1	0	0	0	0	0	1	7	5	6	8	0	0	0	0	6	3	7	5	3	0	0	2	7	1	4	7	0	4	0	2	8	2	0	0	5	11	6	1
1349	5 Mar 26	07:11:00	1	0	0	0	0	0	1	6	4	3	8	0	0	0	0	1	5	3	0	3	5	3	4	5	6	5	3	0	3	0	4	3	2	0	0	3	7	8	2
1350	5 Mar 26	07:12:00	1	0	0	0	0	0	1	8	3	10	11	1	0	0	1	2	2	3	10	2	1	4	3	10	2	4	6	0	3	0	2	1	2	0	1	7	7	4	2
1351	5 Mar 26	07:13:00	1	0	0	0	0	0	1	4	0	1	4	0	0	0	4	5	5	7	0	9	5	4	2	5	2	7	5	0	0	2	3	1	1	0	0	7	6	3	3
1352	5 Mar 26	07:14:00	1	0	0	0	0	0	1	2	2	0	5	0	0	0	3	8	1	6	0	9	0	2	0	8	3	4	5	0	0	3	7	9	2	0	0	4	4	5	3
1353	5 Mar 26	07:15:00	1	0	0	0	0	0	1	7	1	6	5	0	0	0	4	6	2	6	6	3	2	0	4	5	3	8	4	0	0	5	2	4	3	0	0	5	10	1	0
1354	5 Mar 26	07:16:00	1	0	0	0	0	0	1	4	1	2	4	8	0	0	5	7	2	4	0	4	0	0	1	2	0	9	8	0	0	4	4	3	0	3	2	6	3	3	0
1355	5 Mar 26	07:17:00	1	0	0	0	0	0	1	14	1	2	7	0	0	0	3	6	4	5	0	2	0	1	1	3	0	3	0	0	0	2	4	5	6	7	0	8	14	0	1
1356	5 Mar 26	07:18:00	1	0	0	0	0	0	1	0	5	0	6	0	0	0	1	5	4	5	0	6	2	1	4	4	3	7	3	0	2	6	0	5	2	2	0	2	10	0	5
1357	5 Mar 26	07:19:00	1	0	0	0	0	0	1	5	2	0	8	0	0	2	4	4	1	6	1	3	2	1	3	6	3	1	4	0	1	2	5	8	3	4	4	4	4	0	3
1358	5 Mar 26	07:20:00	1	0	0	0	0	0	1	0	4	0	2	0	0	1	3	5	3	10	0	3	8	1	4	4	0	5	5	0	1	1	2	7	0	0	2	6	7	0	1
1359	5 Mar 26	07:21:00	1	0	0	0	0	0	1	0	0	3	4	0	0	1	7	5	2	6	0	5	3	0	3	5	7	5	2	0	5	7	4	12	1	5	1	7	3	0	2
1360	5 Mar 26	07:22:00	1	0	0	0	0	0	1	16	2	0	6	7	0	1	3	4	0	8	3	3	4	0	7	2	4	8	2	0	3	5	5	2	2	2	3	3	7	0	5
1361	5 Mar 26	07:23:00	1	0	0	0	0	0	1	6	1	8	11	1	0	0	3	10	3	8	1	5	3	4	5	2	2	4	2	0	5	6	4	6	0	7	0	6	3	0	3
1362	5 Mar 26	07:24:00	1	0	0	0	0	0	1	6	1	14	5	2	0	0	7	3	6	3	0	4	1	0	1	3	9	4	3	0	4	2	3	4	0	4	7	7	6	0	3
1363	5 Mar 26	07:25:00	1	0	0	0	0	0	1	5	0	4	2	3	0	0	6	4	6	6	1	3	2	2	5	8	6	3	4	0	1	0	5	4	0	2	0	5	5	6	0
1364	5 Mar 26	07:26:00	1	0	0	0	0	0	1	3	0	4	6	2	0	0	3	2	6	6	12	3	3	1	5	10	4	1	4	0	6	1	6	5	0	5	0	7	5	8	2
1365	5 Mar 26	07:27:00	1	0	0	0	0	0	1	6	0	1	8	3	0	0	3	10	3	6	0	6	5	5	2	10	1	7	3	0	1	4	4	4	0	4	1	6	9	4	1
1366	5 Mar 26	07:28:00	1	0	0	0	0	0	1	7	1	3	7	2	2	0	0	9	9	9	0	7	7	2	5	8	3	4	4	0	4	5	4	7	0	6	0	6	5	10	4
1367	5 Mar 26	07:29:00	1	0	0	0	0	0	1	3	0	7	2	3	2	0	0	6	0	6	0	8	1	3	3	9	4	7	2	2	7	5	10	5	0	2	2	7	6	2	0
1368	5 Mar 26	07:30:00	1	0	0	0	0	0	1	7	1	5	2	0	0	0	0	8	4	5	0	3	3	3	6	7	3	6	3	5	3	4	4	4	0	2	0	6	6	5	2
1369	5 Mar 26	07:31:00	1	0	0	0	0	0	1	3	0	5	6	0	1	0	4	5	4	9	0	3	5	4	4	3	2	1	6	1	3	7	3	4	1	5	0	3	11	6	3
1370	5 Mar 26	07:32:00	1	0	0	0	0	0	1	5	0	7	4	0	3	0	5	8	4	5	0	3	3	0	6	2	0	4	3	0	2	4	1	5	3	1	1	5	3	7	2
1371	5 Mar 26	07:33:00	1	0	0	0	0	0	1	4	2	5	7	0	7	0	3	10	4	7	0	5	3	0	2	1	6	3	0	5	7	2	2	4	5	3	7	5	6	4	2
1372	5 Mar 26	07:34:00	1	0	0	0	0	0	1	2	3	9	7	0	0	0	8	4	4	4	0	3	1	0	3	5	3	3	2	1	9	4	3	6	13	3	3	7	11	0	3
1373	5 Mar 26	07:35:00	1	0	0	0	0	0	1	6	3	7	7	0	0	0	4	4	4	5	0	1	4	2	5	7	4	5	0	1	3	3	9	1	3	0	2	6	1	2	3
1374	5 Mar 26	07:36:00	1	0	0	0	0	0	1	12	6	6	1	0	0	0	3	5	4	6	0	7	0	1	4	1	10	2	0	2	4	0	2	5	1	0	4	3	4	4	0
1375	5 Mar 26	07:37:00	1	0	0	0	0	0	1	3	1	8	7	1	0	0	2	7	4	6	0	3	1	2	3	2	11	6	0	6	0	3	1	6	4	0	5	8	7	4	0
1376	5 Mar 26	07:38:00	1	0	0	0	0	0	1	4	0	9	4	0	0	0	7	7	4	10	0	3	6	2	3	2	4	2	2	6	5	3	3	2	3	0	6	6	5	5	1
1377	5 Mar 26	07:39:00	1	0	0	0	0	0	1	8	0	2	4	0	0	0	6	8	6	5	0	7	7	0	4	3	4	0	3	1	3	2	0	6	4	1	1	6	10	5	1
1378	5 Mar 26	07:40:00	1	0	0	0	0	0	1	5	5	11	3	0	0	0	4	4	2	7	0	1	3	0	4	3	2	2	4	5	3	2	0	4	9	0	2	7	2	3	2
1379	5 Mar 26	07:41:00	1	0	0	0	0	0	1	15	5	6	5	0	0	0	0	11	6	5	0	5	3	0	4	3	4	7	4	0	0	2	0	4	3	0	0	7	8	4	6
1380	5 Mar 26	07:42:00	1	0	0	0	0	0	1	6	3	12	9	0	0	0	0	5	9	4	0	3	4	0	5	3	2	5	4	0	3	6	8	0	1	0	1	4	5	3	6
1381	5 Mar 26	07:43:00	1	0	0	0	0	0	1	3	4	2	5	1	0	0	0	6	3	2	0	3	5	2	0	1	3	0	5	0	3	1	5	13	2	7	1	6	3	4	4
1382	5 Mar 26	07:44:00	1	0	0	0	0	0	1	8	0	6	5	3	0	0	1	3	7	6	0	4	4	3	6	8	8	11	0	2	5	1	1	8	6	2	4	7	8	5	2
1383	5 Mar 26	07:45:00	1	0	0	0	0	0	1	5	9	7	4	2	0	0	6	6	9	10	0	2	3	2	7	3	5	5	6	7	7	0	4	5	2	8	9	5	4	2	3
1384	5 Mar 26	07:46:00	1	0	0	0	0	0	1	8	4	12	6	3	0	0	2	7	4	8	0	2	6	3	5	3	1	6	6	3	0	2	3	3	3	5	2	7	7	3	4
1385	5 Mar 26	07:47:00	1	0	0	0	0	0	1	8	0	6	3	7	0	0	3	8	4	8	0	1	1	0	7	5	4	4	3	4	4	3	6	4	5	5	2	3	8	3	6
1386	5 Mar 26	07:48:00	1	0	0	0	0	0	1	9	1	3	6	1	0	0	0	6	5	5	0	2	5	1	4	5	3	4	5	5	5	3	6	2	0	6	3	4	7	1	5
1387	5 Mar 26	07:49:00	1	0	0	0	0	0	1	9	0	6	8	6	0	0	2	10	6	3	0	8	3	2	5	2	5	9	7	3	4	4	10	3	3	4	5	6	3	5	4
1388	5 Mar 26	07:50:00	1	0	0	0	0	0	1	6	0	5	3	1	0	0	5	9	3	11	0	7	2	0	3	0	3	4	1	4	3	0	1	7	1	7	5	5	5	5	3
1389	5 Mar 26	07:51:00	1	0	0	0	0	0	1	6	0	5	7	3	0	0	1	4	5	4	0	4	2	2	4	5	5	6	5	1	4	0	5	2	3	5	3	9	6	6	1
1390	5 Mar 26	07:52:00	1	0	0	0	0	0	1	7	0	10	3	3	0	0	5	10	7	4	0	2	4	1	3	6	2	2	1	5	2	3	7	7	0	3	0	6	5	6	2
1391	5 Mar 26	07:53:00	1	0	0	0	0	0	1	6	0	3	4	0	0	0	5	11	10	4	0	4	3	4	3	9	4	8	7	3	2	3	1	2	0	4	3	5	5	3	2
1392	5 Mar 26	07:54:00	1	0	0	0	0	0	1	5	0	9	10	0	0	0	5	11	4	5	0	6	3	5	5	5	2	6	3	4	4	3	3	5	0	0	7	4	10	2	5
1393	5 Mar 26	07:55:00	1	0	0	0	0	0	1	4	0	7	2	1	0	0	1	7	5	6	0	2	4	0	6	8	5	3	2	4	2	2	4	8	0	6	5	5	3	2	5
1394	5 Mar 26	07:56:00	1	0	0	0	0	0	1	2	0	7	7	1	0	0	4	5	4	0	0	3	3	3	4	7	2	1	3	10	3	3	5	17	26	6	3	7	5	4	3
1395	5 Mar 26	07:57:00	1	0	0	0	0	0	1	14	0	7	5	1	0	2	5	12	6	6	0	6	2	3	3	0	1	4	2	1	2	1	2	7	9	3	4	8	8	9	3
1396	5 Mar 26	07:58:00	1	0	0	0	0	0	1	12	0	6	4	0	0	7	6	10	2	5	0	4	2	3	5	5	7	4	3	2	3	5	4	2	7	3	2	4	6	3	4
1397	5 Mar 26	07:59:00	1	0	0	0	0	0	1	8	0	6	4	2	1	5	3	8	5	8	1	4	3	0	3	5	4	9	1	4	4	4	4	4	16	5	3	9	6	5	6
1398	5 Mar 26	08:00:00	1	0	0	0	0	0	1	11	0	6	5	5	3	5	10	5	8	5	0	7	5	6	5	4	3	3	4	4	8	6	3	4	5	1	2	5	6	3	3
1399	5 Mar 26	08:01:00	1	0	0	0	0	0	1	7	0	5	14	0	2	3	0	5	6	6	5	1	12	0	3	3	8	8	1	2	7	4	2	7	2	8	3	1	9	3	5
1400	5 Mar 26	08:02:00	1	0	0	0	0	0	1	9	0	4	10	2	2	0	0	8	6	4	12	4	10	2	5	6	7	5	4	5	3	1	4	0	2	6	6	4	3	5	5
1401	5 Mar 26	08:03:00	1	0	0	0	0	0	1	9	0	8	4	0	2	0	0	5	6	12	1	5	2	0	5	6	5	16	3	5	3	2	5	5	5	4	1	10	4	8	2
1402	5 Mar 26	08:04:00	1	0	0	0	0	0	1	9	2	6	4	0	0	0	4	5	5	7	0	4	2	0	7	8	2	4	4	6	1	2	2	6	13	3	4	5	5	3	3
1403	5 Mar 26	08:05:00	1	0	0	0	0	0	1	17	0	6	2	1	2	0	4	11	6	8	0	3	5	0	4	5	2	3	3	6	4	2	4	14	6	2	3	5	6	8	2
1404	5 Mar 26	08:06:00	1	0	0	0	0	0	1	8	6	8	3	3	1	0	4	9	4	7	0	4	5	3	3	1	4	4	2	4	4	4	6	2	3	2	5	4	7	1	4
1405	5 Mar 26	08:07:00	1	0	0	0	0	0	1	5	0	6	5	7	1	0	4	9	4	7	0	7	1	3	3	6	6	5	0	5	3	1	4	5	2	6	5	10	6	0	3
1406	5 Mar 26	08:08:00	1	0	0	0	0	0	1	8	8	16	7	5	2	0	3	8	8	5	0	7	1	4	3	3	6	4	4	5	5	3	7	13	1	6	4	9	5	0	1
1407	5 Mar 26	08:09:00	1	0	0	0	0	0	1	8	1	12	5	0	0	0	2	6	7	5	0	3	4	8	8	4	1	1	3	5	4	3	3	1	0	0	4	6	5	4	2
1408	5 Mar 26	08:10:00	1	0	0	0	0	0	1	9	2	7	6	0	0	0	0	12	13	6	1	2	4	1	3	2	5	4	2	2	4	6	5	4	13	0	3	5	3	4	4
1409	5 Mar 26	08:11:00	1	0	0	0	0	0	1	8	0	5	3	3	3	0	4	11	7	6	1	4	6	2	3	5	3	4	5	1	7	3	5	3	8	0	5	8	9	5	5
1410	5 Mar 26	08:12:00	1	0	0	0	0	0	1	9	2	12	6	0	0	4	4	7	6	5	0	3	2	3	3	5	1	5	3	0	5	3	1	9	2	3	5	8	8	4	3
1411	5 Mar 26	08:13:00	1	0	0	0	0	0	1	6	7	6	8	0	2	7	2	7	4	5	0	2	5	0	4	11	3	10	4	0	4	2	6	8	2	5	0	7	3	5	2
1412	5 Mar 26	08:14:00	1	0	0	0	0	0	1	7	1	7	8	0	0	4	0	6	6	7	0	4	4	2	5	8	6	9	1	3	2	5	4	2	3	2	3	4	8	0	4
1413	5 Mar 26	08:15:00	1	0	0	0	0	0	1	8	3	7	8	0	0	4	0	6	2	8	0	5	2	4	8	8	5	6	3	0	6	6	10	5	0	5	0	8	3	1	3
1414	5 Mar 26	08:16:00	1	0	0	0	0	0	1	13	4	8	5	0	0	4	0	9	7	8	0	5	13	0	4	3	7	3	4	3	2	5	2	3	0	2	7	9	0	2	3
1415	5 Mar 26	08:17:00	1	0	0	0	0	0	1	4	1	9	5	0	0	2	6	2	7	9	0	6	2	1	5	6	7	6	8	2	4	2	1	6	4	2	6	4	2	7	3
1416	5 Mar 26	08:18:00	1	0	0	0	0	0	1	8	1	12	8	0	3	9	6	6	7	10	0	8	6	1	3	8	4	6	3	5	6	3	2	7	4	11	5	7	7	7	3
1417	5 Mar 26	08:19:00	1	0	0	0	0	0	1	14	6	13	8	0	0	3	3	7	7	7	0	6	0	0	3	5	3	7	4	1	1	3	4	4	2	2	0	5	2	6	11
1418	5 Mar 26	08:20:00	1	0	0	0	0	0	1	6	1	6	9	0	0	5	8	6	4	8	0	4	0	1	3	5	5	7	4	0	4	6	2	10	0	4	4	5	7	4	5
1419	5 Mar 26	08:21:00	1	0	0	0	0	0	1	5	2	5	1	3	0	3	3	9	7	7	0	1	0	4	5	4	4	4	0	0	1	3	6	0	1	2	5	3	6	5	2
1420	5 Mar 26	08:22:00	1	0	0	0	0	0	1	19	2	11	5	2	1	4	2	6	6	5	1	6	0	0	6	5	4	5	4	0	8	5	1	3	3	3	3	5	6	6	4
1421	5 Mar 26	08:23:00	1	0	0	0	0	0	1	6	1	9	3	0	1	0	5	6	9	8	0	3	1	0	5	4	2	6	5	2	3	7	6	5	3	5	0	3	3	4	2
1422	5 Mar 26	08:24:00	1	0	0	0	0	0	1	6	3	6	4	4	1	0	0	2	9	13	3	7	5	2	5	6	7	2	3	2	4	6	2	2	5	0	8	5	7	2	4
1423	5 Mar 26	08:25:00	1	0	0	0	0	0	1	8	2	7	5	5	0	0	2	9	5	7	1	3	2	7	4	4	8	3	5	3	2	1	7	3	2	3	7	5	6	10	5
1424	5 Mar 26	08:26:00	1	0	0	0	0	0	1	8	5	2	2	1	4	0	6	5	7	11	4	2	3	6	3	7	9	4	3	1	8	4	4	4	5	4	3	6	10	6	2
1425	5 Mar 26	08:27:00	1	0	0	0	0	0	1	6	0	2	3	7	0	0	5	7	5	19	0	3	5	1	3	4	5	3	3	1	5	2	7	11	1	3	4	4	5	3	2
1426	5 Mar 26	08:28:00	1	0	0	0	0	0	1	7	1	2	8	1	0	1	1	14	8	5	8	4	5	3	7	5	5	2	4	2	5	7	3	6	7	4	8	7	7	7	8
1427	5 Mar 26	08:29:00	1	0	0	0	0	0	1	10	0	10	6	3	0	6	2	4	8	5	0	4	1	1	7	8	1	3	4	2	4	5	2	9	1	0	1	7	7	3	3
1428	5 Mar 26	08:30:00	1	0	0	0	0	0	1	6	1	18	4	1	0	4	7	4	6	10	0	4	5	8	5	4	6	6	8	2	5	4	4	10	3	0	0	6	2	6	4
1429	5 Mar 26	08:31:00	1	0	0	0	0	0	1	9	0	8	8	0	0	2	2	7	6	8	0	6	5	0	14	5	2	9	9	2	10	3	6	4	5	0	0	4	4	11	5
1430	5 Mar 26	08:32:00	1	0	0	0	0	0	1	7	0	8	5	2	0	0	4	9	6	7	0	10	5	0	5	13	5	9	4	0	11	8	8	7	4	0	2	5	6	10	4
1431	5 Mar 26	08:33:00	1	0	0	0	0	0	1	12	2	12	5	5	0	0	0	5	4	6	0	2	4	3	5	3	5	11	2	0	7	5	3	5	4	3	4	5	10	4	4
1432	5 Mar 26	08:34:00	1	0	0	0	0	0	1	10	0	4	3	2	0	2	1	4	8	7	0	4	5	1	7	6	4	6	3	2	12	3	3	1	2	0	1	5	5	4	4
1433	5 Mar 26	08:35:00	1	0	0	0	0	0	1	10	2	8	2	2	0	7	6	11	5	8	0	4	0	0	5	3	2	3	8	2	8	7	5	9	0	0	3	5	7	5	6
1434	5 Mar 26	08:36:00	1	0	0	0	0	0	1	6	0	9	8	1	0	7	1	13	7	3	0	11	4	4	4	6	5	7	6	2	7	2	3	3	0	0	11	9	6	3	6
1435	5 Mar 26	08:37:00	1	0	0	0	0	0	1	11	6	8	6	2	0	6	3	6	9	7	3	6	3	3	3	7	7	3	3	6	7	5	3	9	0	0	3	4	8	6	4
1436	5 Mar 26	08:38:00	1	0	0	0	0	0	1	10	2	10	5	2	0	7	7	11	4	5	1	6	4	6	8	1	7	8	4	3	4	6	1	1	0	0	2	7	6	2	3
1437	5 Mar 26	08:39:00	1	0	0	0	0	0	1	7	2	7	4	1	0	1	2	12	7	7	2	3	8	1	3	6	7	5	3	3	5	6	3	5	0	0	3	4	7	4	2
1438	5 Mar 26	08:40:00	1	0	0	0	0	0	1	14	0	5	5	0	2	2	2	6	7	13	3	7	5	0	3	7	12	7	3	4	4	5	6	3	0	0	0	5	12	5	5
1439	5 Mar 26	08:41:00	1	0	0	0	0	0	1	9	1	8	5	0	1	4	0	8	5	5	0	10	4	5	5	9	7	5	3	0	3	9	3	5	0	0	5	3	10	3	3
1440	5 Mar 26	08:42:00	1	0	0	0	0	0	1	7	4	7	4	0	3	4	0	7	7	8	0	2	6	0	10	6	3	5	3	0	4	2	3	6	0	0	7	4	8	4	2
1441	5 Mar 26	08:43:00	1	0	0	0	0	0	1	13	2	0	6	0	2	2	4	8	7	6	0	3	1	5	4	9	3	8	8	0	7	5	2	2	0	0	4	10	3	6	2
1442	5 Mar 26	08:44:00	1	0	0	0	0	0	1	9	2	14	8	2	1	0	2	7	7	13	0	2	4	2	4	7	7	8	7	1	5	5	6	8	0	0	4	5	7	3	1
1443	5 Mar 26	08:45:00	1	0	0	0	0	0	1	16	4	12	5	3	0	3	5	8	10	13	1	6	5	1	4	3	5	6	3	3	6	4	1	13	0	3	3	5	10	5	5
1444	5 Mar 26	08:46:00	1	0	0	0	0	0	1	6	2	8	2	6	0	3	9	8	6	6	0	5	1	4	4	10	7	8	3	2	4	5	2	4	0	5	3	5	6	4	4
1445	5 Mar 26	08:47:00	1	0	0	0	0	0	1	5	2	6	6	3	0	5	1	10	6	4	0	4	0	1	4	6	6	6	3	0	7	0	5	8	3	0	2	8	7	6	3
1446	5 Mar 26	08:48:00	1	0	0	0	0	0	1	9	0	10	4	0	0	3	6	13	6	2	0	8	4	6	6	7	3	5	10	0	4	2	10	5	1	0	8	4	4	10	4
1447	5 Mar 26	08:49:00	1	0	0	0	0	0	1	8	3	10	6	2	0	4	4	11	6	5	1	3	5	4	5	17	7	4	4	3	6	4	2	2	2	0	4	5	8	4	7
1448	5 Mar 26	08:50:00	1	0	0	0	0	0	1	13	3	12	7	3	6	1	4	7	7	9	0	4	6	0	4	10	6	7	4	0	3	3	5	3	3	4	0	3	2	5	3
1449	5 Mar 26	08:51:00	1	0	0	0	0	0	1	6	4	5	5	0	0	0	3	6	7	10	0	6	4	3	5	11	6	5	2	0	5	5	6	21	3	2	3	3	11	3	7
1450	5 Mar 26	08:52:00	1	0	0	0	0	0	1	8	0	9	4	3	2	0	3	6	11	7	0	6	5	0	3	15	6	2	5	0	3	2	5	5	0	7	0	6	9	3	4
1451	5 Mar 26	08:53:00	1	0	0	0	0	0	1	11	0	7	2	4	2	4	3	11	7	8	4	5	6	2	6	8	5	7	1	2	3	4	8	4	3	3	6	6	4	6	6
1452	5 Mar 26	08:54:00	1	0	0	0	0	0	1	5	2	7	2	1	0	0	8	7	10	12	2	4	4	3	2	10	4	6	5	1	4	4	4	4	4	0	4	7	2	6	2
1453	5 Mar 26	08:55:00	1	0	0	0	0	0	1	10	4	14	6	1	0	3	1	4	3	6	1	9	4	2	4	11	6	4	5	5	5	3	7	7	1	8	5	6	4	0	3
1454	5 Mar 26	08:56:00	1	0	0	0	0	0	1	8	5	10	6	11	5	8	1	6	6	12	0	8	3	1	4	9	5	6	3	7	4	2	5	4	2	11	3	6	6	9	4
1455	5 Mar 26	08:57:00	1	0	0	0	0	0	1	18	1	15	6	1	4	5	0	4	6	5	1	1	4	2	4	9	7	3	4	3	3	4	3	5	0	10	4	10	3	2	6
1456	5 Mar 26	08:58:00	1	0	0	0	0	0	1	12	3	9	4	1	0	2	3	9	2	11	2	3	1	3	9	6	6	4	5	4	6	5	3	5	1	4	4	8	9	5	2
1457	5 Mar 26	08:59:00	1	0	0	0	0	0	1	14	1	9	8	2	2	2	2	8	10	7	1	4	5	0	5	11	4	9	0	5	8	6	5	7	5	7	3	2	7	2	3
1458	5 Mar 26	09:00:00	1	0	0	0	0	0	1	8	3	12	5	3	0	2	1	7	7	6	1	5	9	0	3	10	2	10	2	1	5	2	9	1	2	5	4	7	4	5	6
1459	5 Mar 26	09:01:00	1	0	0	0	0	0	1	7	1	3	2	0	1	2	2	9	6	7	0	7	5	0	3	6	6	7	5	3	4	5	3	3	1	0	4	5	2	4	4
1460	5 Mar 26	09:02:00	1	0	0	0	0	0	1	9	3	4	9	0	1	9	1	10	5	12	1	5	9	1	4	4	4	3	4	3	3	4	4	7	2	0	0	5	4	3	5
1461	5 Mar 26	09:03:00	1	0	0	0	0	0	1	7	5	13	4	0	0	2	4	10	7	12	0	6	4	3	5	7	4	5	7	2	4	2	4	10	2	0	0	7	4	4	5
1462	5 Mar 26	09:04:00	1	0	0	0	0	0	1	10	3	6	7	6	0	0	1	12	9	10	0	7	2	2	3	6	4	7	9	0	9	0	3	0	1	0	2	9	5	3	3
1463	5 Mar 26	09:05:00	1	0	0	0	0	0	1	8	3	8	2	4	1	3	1	9	9	5	3	3	5	2	2	7	10	4	7	0	5	0	4	4	4	6	4	6	7	5	3
1464	5 Mar 26	09:06:00	1	0	0	0	0	0	1	7	0	9	9	3	0	6	4	4	9	8	0	8	3	2	4	6	2	9	5	0	4	0	2	4	0	4	5	6	5	3	6
1465	5 Mar 26	09:07:00	1	0	0	0	0	0	1	6	0	10	4	0	3	3	2	11	10	6	0	3	4	5	5	8	7	7	6	2	3	0	3	11	2	3	1	9	6	3	3
1466	5 Mar 26	09:08:00	1	0	0	0	0	0	1	8	0	7	5	1	1	1	7	7	3	7	1	6	5	5	6	5	5	3	4	3	4	0	11	6	0	7	2	7	7	8	4
1467	5 Mar 26	09:09:00	1	0	0	0	0	0	1	7	3	12	6	3	1	3	0	13	8	8	1	5	3	0	5	5	3	7	5	3	8	0	6	5	5	8	11	6	2	5	7
1468	5 Mar 26	09:10:00	1	0	0	0	0	0	1	9	3	17	6	0	1	7	4	5	4	4	0	5	3	5	5	3	8	5	9	2	3	4	3	4	4	4	4	6	5	6	1
1469	5 Mar 26	09:11:00	1	0	0	0	0	0	1	6	0	7	4	3	0	2	2	13	7	6	8	9	0	6	4	7	6	5	5	2	2	5	8	4	8	6	4	6	8	3	10
1470	5 Mar 26	09:12:00	1	0	0	0	0	0	1	8	0	5	5	1	0	3	4	8	7	8	0	6	6	2	3	3	2	5	0	2	3	4	8	9	5	5	3	4	7	5	2
1471	5 Mar 26	09:13:00	1	0	0	0	0	0	1	10	0	6	5	4	2	4	4	8	8	11	0	6	3	2	2	6	8	6	4	4	8	5	3	6	4	5	3	6	4	5	6
1472	5 Mar 26	09:14:00	1	0	0	0	0	0	1	7	8	6	6	3	0	2	1	6	13	5	0	3	3	2	4	7	3	7	5	5	3	4	3	3	8	5	5	8	1	3	2
1473	5 Mar 26	09:15:00	1	0	0	0	0	0	1	12	5	13	5	0	0	0	3	9	7	5	0	7	5	2	5	3	7	6	0	2	4	4	1	5	8	5	4	3	7	5	3
1474	5 Mar 26	09:16:00	1	0	0	0	0	0	1	12	2	8	7	4	3	0	5	6	7	6	1	6	2	0	8	11	4	14	3	0	3	4	3	8	1	5	7	1	4	4	5
1475	5 Mar 26	09:17:00	1	0	0	0	0	0	1	9	5	10	8	6	0	0	5	10	8	10	10	7	6	7	5	8	4	9	10	4	4	4	0	6	2	8	3	4	5	7	6
1476	5 Mar 26	09:18:00	1	0	0	0	0	0	1	5	0	4	5	1	7	0	0	10	6	8	0	7	3	4	6	13	5	7	6	1	8	4	2	14	1	8	3	7	4	4	5
1477	5 Mar 26	09:19:00	1	0	0	0	0	0	1	11	3	4	5	5	3	0	2	9	7	8	0	7	2	3	5	6	9	7	4	5	3	7	4	3	1	5	6	4	6	1	5
1478	5 Mar 26	09:20:00	1	0	0	0	0	0	1	12	2	13	6	3	1	0	2	10	0	5	0	9	2	0	7	8	11	7	5	2	5	4	0	3	7	7	8	3	6	7	6
1479	5 Mar 26	09:21:00	1	0	0	0	0	0	1	7	1	7	4	10	1	3	1	7	5	7	0	8	6	0	4	11	6	7	2	4	3	3	5	10	1	8	9	7	9	3	3
1480	5 Mar 26	09:22:00	1	0	0	0	0	0	1	16	2	7	5	3	0	1	6	14	7	5	0	8	3	1	3	10	9	3	4	0	4	2	5	2	2	4	3	4	9	4	4
1481	5 Mar 26	09:23:00	1	0	0	0	0	0	1	7	1	8	3	0	0	3	2	15	7	5	4	7	1	1	4	11	3	4	3	6	7	7	5	4	0	7	5	1	2	8	2
1482	5 Mar 26	09:24:00	1	0	0	0	0	0	1	7	3	7	6	0	0	4	1	4	4	7	2	8	8	9	8	11	11	6	6	3	4	2	4	8	0	4	6	6	11	5	5
1483	5 Mar 26	09:25:00	1	0	0	0	0	0	1	4	3	17	5	3	0	3	0	9	9	8	0	6	8	5	3	4	9	5	4	1	5	5	4	11	0	12	4	6	5	8	6
1484	5 Mar 26	09:26:00	1	0	0	0	0	0	1	7	1	11	8	6	1	6	1	8	7	5	1	7	4	2	2	10	11	4	4	3	5	4	5	4	5	5	5	5	7	6	2
1485	5 Mar 26	09:27:00	1	0	0	0	0	0	0	7	0	5	2	7	1	7	0	9	5	7	0	5	6	2	8	6	4	8	4	3	8	0	5	4	0	1	10	2	2	9	6
1486	5 Mar 26	09:28:00	1	0	0	0	0	0	0	5	0	7	6	4	1	7	2	7	5	14	0	7	5	0	5	7	9	3	5	2	3	0	6	5	4	3	6	8	3	6	6
1487	5 Mar 26	09:29:00	1	0	0	0	0	0	0	11	0	2	7	7	2	6	2	8	4	12	0	6	7	0	6	6	4	7	2	3	5	0	6	6	2	6	7	5	2	2	7
1488	5 Mar 26	09:30:00	1	0	0	0	0	0	0	8	0	0	13	3	3	4	0	6	6	9	0	5	6	0	2	5	5	2	7	3	7	0	8	1	3	6	2	6	3	6	5
1489	5 Mar 26	09:31:00	1	0	0	0	0	0	0	9	0	1	9	5	1	6	0	7	6	10	0	7	6	0	2	7	2	7	5	3	7	0	4	4	5	0	6	6	6	5	4
1490	5 Mar 26	09:32:00	1	0	0	0	0	0	0	10	0	0	9	3	0	6	0	7	9	12	0	6	6	3	2	6	7	7	4	2	4	0	4	3	0	3	3	4	6	5	4
1491	5 Mar 26	09:33:00	1	0	0	0	0	0	0	7	0	3	11	7	3	8	5	6	9	9	0	7	6	3	0	10	4	6	6	3	4	0	4	2	6	8	11	6	4	7	5
1492	5 Mar 26	09:34:00	1	0	0	0	0	0	0	6	0	7	5	6	0	7	2	6	6	7	0	6	7	3	1	4	2	4	8	3	6	0	2	3	2	5	5	5	4	5	5
1493	5 Mar 26	09:35:00	1	0	0	0	0	0	0	6	0	5	5	8	1	7	0	9	9	5	0	3	5	0	0	6	3	5	7	4	6	0	6	5	4	2	5	4	0	6	4
1494	5 Mar 26	09:36:00	1	0	0	0	0	0	0	6	0	6	10	7	1	5	4	10	7	10	0	7	6	0	0	8	5	5	6	3	4	0	5	2	0	2	3	0	9	4	5
1495	5 Mar 26	09:37:00	1	0	0	0	0	0	0	6	0	4	6	6	0	8	2	9	7	12	0	7	5	0	0	9	4	8	9	3	6	0	3	2	0	0	5	2	8	4	5
1496	5 Mar 26	09:38:00	1	0	0	0	0	0	0	5	0	0	8	6	0	6	2	6	3	6	1	7	5	0	0	6	5	5	4	3	4	0	2	3	0	0	1	0	3	4	10
1497	5 Mar 26	09:39:00	1	0	0	0	0	0	0	6	0	0	12	1	0	7	0	8	8	8	1	6	4	0	0	7	3	5	3	2	5	0	2	4	0	0	3	0	5	2	4
1498	5 Mar 26	09:40:00	1	0	0	0	0	0	0	4	0	0	7	4	0	6	0	7	4	6	0	7	5	0	0	6	3	8	6	4	4	0	4	3	2	4	0	0	6	4	2
1499	5 Mar 26	09:41:00	1	0	0	0	0	0	0	9	0	1	8	4	0	4	0	5	4	8	1	7	4	0	0	6	4	10	8	5	7	0	4	4	0	0	3	0	2	6	5
1500	5 Mar 26	09:42:00	1	0	0	0	0	0	0	7	0	0	7	5	0	5	0	5	7	8	0	6	6	0	0	7	5	6	9	2	5	0	0	4	0	0	0	0	4	4	3
1501	5 Mar 26	09:43:00	1	0	0	0	0	0	0	7	0	0	8	4	0	0	0	13	8	8	4	3	5	0	0	5	2	6	9	3	3	0	3	4	0	0	0	0	4	5	0
1502	5 Mar 26	09:44:00	1	0	0	0	0	0	0	8	0	0	7	5	0	4	0	3	4	12	0	5	0	0	0	6	5	9	3	4	4	0	6	3	0	0	5	0	5	4	1
1503	5 Mar 26	09:45:00	1	0	0	0	0	0	0	7	0	0	8	6	1	1	0	7	3	9	0	4	4	0	0	4	5	7	3	0	5	0	1	3	0	0	0	0	6	5	0
1504	5 Mar 26	09:46:00	1	0	0	0	0	0	0	8	0	0	8	6	0	4	0	0	5	9	0	6	3	0	0	6	1	7	6	2	2	0	1	4	0	0	5	0	6	7	0
1505	5 Mar 26	09:47:00	1	0	0	0	0	0	0	5	0	0	5	4	0	3	0	0	4	11	0	7	0	0	0	7	1	6	4	7	7	0	0	5	0	0	1	0	4	7	0
1506	5 Mar 26	09:48:00	1	0	0	0	0	0	0	8	0	0	6	4	0	4	0	0	3	5	5	5	2	0	0	3	7	5	4	4	5	0	0	6	0	0	2	0	7	6	0
1507	5 Mar 26	09:49:00	1	0	0	0	0	0	0	8	0	0	12	3	0	2	0	0	6	9	0	2	0	0	0	9	5	3	5	5	3	0	0	1	0	0	1	0	5	2	0
1508	5 Mar 26	09:50:00	1	0	0	0	0	0	0	4	0	0	11	5	0	1	0	0	2	8	0	7	0	0	0	7	3	7	6	4	7	0	0	3	0	0	1	0	7	1	0
1509	5 Mar 26	09:51:00	1	0	0	0	0	0	0	4	0	0	8	0	0	4	0	0	6	9	0	5	1	0	0	4	0	1	5	0	4	0	0	1	0	0	9	0	7	1	0
1510	5 Mar 26	09:52:00	1	0	0	0	0	0	0	4	0	0	8	0	0	2	0	0	6	8	0	3	1	0	0	4	5	0	6	0	4	0	0	2	0	0	5	0	4	0	0
1511	5 Mar 26	09:53:00	1	0	0	0	0	0	0	7	0	0	9	0	0	2	0	0	2	10	0	3	0	0	0	5	3	0	6	0	4	0	0	0	0	0	0	0	6	15	0
1512	5 Mar 26	09:54:00	1	0	0	0	0	0	0	8	0	0	4	5	0	1	0	0	5	6	0	3	0	0	0	4	2	0	4	0	5	0	0	1	0	0	0	0	7	1	0
1513	5 Mar 26	09:55:00	1	0	0	0	0	0	0	4	0	0	4	8	0	4	0	0	3	7	0	2	0	0	0	4	4	0	4	0	1	0	0	0	0	0	0	0	6	0	0
1514	5 Mar 26	09:56:00	1	0	0	0	0	0	0	8	0	3	6	3	0	2	0	0	0	6	0	1	0	0	0	9	5	0	4	0	7	0	0	0	0	0	0	0	6	0	0
1515	5 Mar 26	09:57:00	1	0	0	0	0	0	0	8	0	0	7	4	0	3	0	0	0	10	0	3	0	0	0	11	2	0	6	0	6	0	0	3	0	0	0	0	7	0	0
1516	5 Mar 26	09:58:00	1	0	0	0	0	0	0	7	0	0	8	3	0	5	0	0	1	8	1	2	0	0	0	5	3	0	4	0	1	0	0	1	0	0	0	0	5	0	0
1517	5 Mar 26	09:59:00	1	0	0	0	0	0	0	7	0	0	9	2	0	0	0	0	4	8	0	0	0	0	0	6	5	0	8	2	7	0	0	0	0	0	0	0	3	0	0
1518	5 Mar 26	10:00:00	1	0	0	0	0	0	0	5	0	0	7	1	0	0	0	0	2	12	0	1	0	0	0	7	4	0	7	0	4	0	0	1	0	0	0	0	4	0	0
1519	5 Mar 26	10:01:00	1	0	0	0	0	0	0	6	0	0	5	2	0	0	0	0	0	6	0	0	0	0	0	7	7	0	3	4	5	0	0	0	0	7	0	0	4	0	0
1520	5 Mar 26	10:02:00	1	0	0	0	0	0	0	8	0	0	7	0	0	2	0	0	3	5	0	0	0	0	0	6	3	0	4	5	3	0	0	0	0	0	0	0	5	0	0
1521	5 Mar 26	10:03:00	1	0	0	0	0	0	0	9	0	0	0	0	0	1	0	0	1	7	1	1	0	0	0	6	6	0	3	4	5	0	0	0	0	0	0	0	3	0	0
1522	5 Mar 26	10:04:00	1	0	0	0	0	0	0	9	0	0	8	2	0	1	0	0	0	9	1	0	2	0	0	6	2	0	3	2	4	0	0	0	0	0	0	0	4	0	0
1523	5 Mar 26	10:05:00	1	0	0	0	0	0	0	5	0	0	4	0	0	0	0	0	0	10	1	0	0	0	0	14	6	0	3	0	4	0	0	0	0	2	0	0	5	0	0
1524	5 Mar 26	10:06:00	1	0	0	0	0	0	0	6	0	0	4	0	0	0	0	0	5	8	0	0	0	0	0	11	5	0	4	2	5	0	0	0	0	1	0	0	8	0	0
1525	5 Mar 26	10:07:00	1	0	0	0	0	0	0	8	0	0	2	0	0	0	0	0	0	8	0	0	1	0	0	1	3	0	6	0	6	0	0	0	0	2	0	0	2	0	0
1526	5 Mar 26	10:08:00	1	0	0	0	0	0	0	6	0	0	1	0	0	0	0	0	0	10	0	0	0	0	0	8	2	0	7	0	6	0	0	0	0	0	0	0	0	0	0
1527	5 Mar 26	10:09:00	1	0	0	0	0	0	0	3	0	0	5	0	0	0	0	0	0	8	0	0	0	0	0	7	2	0	5	0	5	0	0	0	0	5	0	0	0	0	0
1528	5 Mar 26	10:10:00	1	0	0	0	0	0	0	6	0	0	0	0	0	0	0	0	2	7	0	0	1	0	0	7	3	0	6	0	6	0	0	0	0	0	0	0	0	0	0
1529	5 Mar 26	10:11:00	1	0	0	0	0	0	0	3	0	0	4	0	0	0	0	0	0	1	0	0	0	0	0	4	4	0	3	0	7	0	0	0	0	1	0	0	1	0	0
1530	5 Mar 26	10:12:00	1	0	0	0	0	0	0	6	0	0	2	0	0	0	0	0	1	4	2	0	1	0	0	5	1	0	7	0	5	0	0	0	0	0	0	0	2	0	0
1531	5 Mar 26	10:13:00	1	0	0	0	0	0	0	6	0	0	2	0	0	0	0	0	23	5	3	0	0	0	0	6	5	0	5	0	6	0	0	0	0	0	0	0	0	0	0
1532	5 Mar 26	10:14:00	1	0	0	0	0	0	0	5	0	0	0	0	0	0	0	0	6	8	0	0	1	0	0	2	11	0	1	0	4	0	0	0	0	1	0	0	8	0	0
1533	5 Mar 26	10:15:00	1	0	0	0	0	0	0	7	0	0	4	0	0	0	0	0	0	7	0	0	0	0	0	9	3	0	2	0	5	0	0	0	0	7	0	0	4	1	0
1534	5 Mar 26	10:16:00	1	0	0	0	0	0	0	7	0	0	5	0	0	0	0	0	3	7	1	0	0	0	0	6	3	0	6	0	5	0	0	0	0	2	0	0	1	0	0
1535	5 Mar 26	10:17:00	1	0	0	0	0	0	0	5	0	0	7	0	0	0	0	0	1	6	0	0	0	0	0	4	5	0	4	0	5	0	0	0	0	0	0	0	0	0	0
1536	5 Mar 26	10:18:00	1	0	0	0	0	0	0	7	0	0	3	0	0	0	0	0	0	10	0	0	0	0	0	7	2	0	7	0	1	0	0	0	0	0	0	0	1	3	0
1537	5 Mar 26	10:19:00	1	0	0	0	0	0	0	5	0	0	4	0	0	0	0	0	0	11	0	0	0	0	0	4	4	0	2	1	3	0	0	5	2	0	0	0	1	0	0
1538	5 Mar 26	10:20:00	1	0	0	0	0	0	0	6	0	0	0	0	0	0	0	0	0	7	0	0	0	0	0	2	3	0	6	0	6	0	0	0	2	0	0	0	0	0	0
1539	5 Mar 26	10:21:00	1	0	0	0	0	0	0	7	0	0	3	0	0	0	0	0	0	6	1	0	0	0	0	3	0	0	4	1	4	0	0	0	0	0	0	0	0	1	0
1540	5 Mar 26	10:22:00	1	0	0	0	0	0	0	8	0	0	4	0	0	0	0	0	0	8	0	0	0	0	0	4	3	0	2	0	7	0	0	0	0	0	0	0	0	1	0
1541	5 Mar 26	10:23:00	1	0	0	0	0	0	0	5	0	0	4	0	0	0	0	0	0	8	0	0	0	0	0	2	3	0	4	0	4	0	0	0	0	0	0	0	0	0	0
1542	5 Mar 26	10:24:00	1	0	0	0	0	0	0	6	0	0	5	0	0	0	0	0	0	10	0	0	1	0	0	7	4	0	6	1	3	0	0	0	0	0	0	0	0	0	0
1543	5 Mar 26	10:25:00	1	0	0	0	0	0	0	7	0	0	3	0	0	0	0	0	0	7	1	0	0	0	0	0	3	0	7	0	5	0	0	0	0	0	0	0	0	0	0
1544	5 Mar 26	10:26:00	1	0	0	0	0	0	0	7	0	0	3	0	0	0	0	0	0	7	1	0	0	0	0	0	0	0	6	3	6	0	0	0	0	0	0	0	0	0	0
1545	5 Mar 26	10:27:00	1	0	0	0	0	0	0	8	0	0	2	0	0	0	0	0	0	7	0	0	0	0	0	0	2	0	5	1	1	0	0	0	0	0	3	0	0	0	0
1546	5 Mar 26	10:28:00	1	0	0	0	0	0	0	8	0	0	7	0	0	0	0	0	0	7	0	0	5	0	0	0	8	0	3	0	1	0	0	0	0	0	0	0	0	0	0
1547	5 Mar 26	10:29:00	1	0	0	0	0	0	0	7	0	0	2	0	0	0	0	0	0	4	0	0	0	0	0	0	2	0	4	0	4	0	0	0	0	0	0	0	0	2	0
1548	5 Mar 26	10:30:00	1	0	0	0	0	0	0	5	0	0	1	0	0	0	0	0	0	6	0	0	2	0	0	0	6	0	4	0	5	0	0	0	0	0	0	0	0	1	0
1549	5 Mar 26	10:31:00	1	0	0	0	0	0	0	7	0	0	4	0	0	0	0	0	0	5	0	0	1	0	0	0	4	0	5	0	0	0	0	0	0	0	0	0	0	0	0
1550	5 Mar 26	10:32:00	1	0	0	0	0	0	0	4	3	0	2	0	0	0	0	0	0	7	0	0	5	0	0	0	5	0	4	0	1	0	0	0	0	0	0	0	0	0	0
1551	5 Mar 26	10:33:00	1	0	0	0	0	0	0	14	0	0	0	0	0	0	0	0	0	10	0	0	0	0	0	0	6	0	5	0	0	0	0	0	0	0	0	0	0	0	0
1552	5 Mar 26	10:34:00	1	0	0	0	0	0	0	4	0	0	1	0	0	0	0	0	0	3	0	0	1	0	0	0	0	0	0	0	2	0	0	0	0	0	0	0	0	0	0
1553	5 Mar 26	10:35:00	1	0	0	0	0	0	0	4	0	0	2	0	0	0	0	0	5	7	2	0	6	0	0	0	7	0	3	0	7	0	0	0	0	0	0	0	0	0	0
1554	5 Mar 26	10:36:00	1	0	0	0	0	0	0	2	0	0	2	0	0	0	0	0	1	6	0	0	0	0	0	0	1	0	5	0	5	0	0	0	0	0	0	0	0	0	0
1555	5 Mar 26	10:37:00	1	0	0	0	0	0	0	2	0	0	6	0	0	0	0	0	3	8	0	0	1	0	0	0	3	0	3	0	0	0	0	0	0	0	0	0	0	0	0
1556	5 Mar 26	10:38:00	1	0	0	0	0	0	0	6	0	0	1	0	0	0	0	0	2	4	1	0	0	0	0	0	0	0	8	0	2	0	0	0	0	0	0	0	0	0	0
1557	5 Mar 26	10:39:00	1	0	0	0	0	0	0	4	0	0	0	0	0	0	0	0	0	10	1	0	4	0	0	0	3	0	6	0	1	0	0	0	0	0	0	0	0	0	0
1558	5 Mar 26	10:40:00	1	0	0	0	0	0	0	5	0	0	0	0	0	0	0	0	0	7	0	0	0	0	0	0	8	0	3	0	4	0	0	0	0	0	0	0	0	0	0
1559	5 Mar 26	10:41:00	1	0	0	0	0	0	0	6	0	0	0	0	0	0	0	0	0	4	0	0	0	0	0	0	6	0	3	0	6	0	0	0	0	0	0	0	0	0	0
1560	5 Mar 26	10:42:00	1	0	0	0	0	0	0	8	0	0	0	0	0	0	0	0	0	7	0	0	1	0	0	0	5	0	6	0	0	0	0	0	0	0	0	0	0	1	0
1561	5 Mar 26	10:43:00	1	0	0	0	0	0	0	4	0	0	2	0	0	0	0	0	0	5	1	0	1	0	0	2	3	0	4	0	2	0	0	0	0	0	0	0	0	0	0
1562	5 Mar 26	10:44:00	1	0	0	0	0	0	0	3	0	0	0	0	0	0	0	0	0	7	1	0	1	0	0	2	2	0	3	0	0	0	0	0	0	0	0	0	0	1	0
1563	5 Mar 26	10:45:00	1	0	0	0	0	0	0	8	0	0	0	0	0	0	0	0	0	6	2	0	1	0	0	1	5	0	7	0	0	0	0	0	0	0	0	0	0	0	0
1564	5 Mar 26	10:46:00	1	0	0	0	0	0	0	4	0	0	0	0	0	0	0	0	0	6	0	0	0	0	0	1	5	0	3	0	2	0	0	0	0	0	0	0	0	0	0
1565	5 Mar 26	10:47:00	1	0	0	0	0	0	0	2	5	0	0	0	0	0	0	0	0	8	0	0	1	0	0	0	6	0	3	0	4	0	0	0	0	0	0	0	0	0	0
1566	5 Mar 26	10:48:00	1	0	0	0	0	0	0	1	5	0	0	0	0	0	0	0	0	5	0	0	2	0	0	0	2	0	1	0	0	0	0	0	1	0	0	0	0	0	0
1567	5 Mar 26	10:49:00	1	0	0	0	0	0	0	7	4	0	0	0	0	0	0	0	0	7	0	0	0	0	0	2	0	0	2	0	0	0	0	0	1	0	0	0	0	0	0
1568	5 Mar 26	10:50:00	1	0	0	0	0	0	0	6	10	0	0	0	0	0	0	0	0	5	0	0	0	0	0	0	2	0	3	0	0	0	0	0	0	0	0	0	0	0	0
1569	5 Mar 26	10:51:00	1	0	0	0	0	0	0	4	1	0	0	0	0	0	0	0	0	4	0	0	2	0	0	0	2	0	4	0	0	0	0	0	0	5	0	0	0	0	0
1570	5 Mar 26	10:52:00	1	0	0	0	0	0	0	8	1	0	0	0	0	0	0	0	0	6	0	0	4	0	0	0	3	0	2	0	0	0	0	0	0	0	0	0	0	0	0
1571	5 Mar 26	10:53:00	1	0	0	0	0	0	0	8	0	0	0	0	0	0	0	0	0	6	0	0	2	0	0	0	2	0	1	0	0	0	0	0	0	3	0	0	0	0	0
1572	5 Mar 26	10:54:00	1	0	0	0	0	0	0	10	0	0	0	0	0	0	0	0	0	6	0	0	0	0	0	0	2	0	1	0	0	0	0	0	0	0	0	0	0	0	0
1573	5 Mar 26	10:55:00	1	0	0	0	0	0	0	7	2	0	0	0	0	0	0	0	0	2	0	0	0	0	0	0	4	0	0	0	1	0	0	0	0	0	0	0	0	0	0
1574	5 Mar 26	10:56:00	1	0	0	0	0	0	0	5	0	0	0	0	0	0	0	0	0	5	0	0	0	0	0	0	2	0	6	0	0	0	0	0	0	0	0	0	0	0	0
1575	5 Mar 26	10:57:00	1	0	0	0	0	0	0	6	1	0	0	0	0	0	0	0	0	7	0	0	0	0	0	0	10	0	5	0	0	0	0	0	0	0	0	0	0	4	0
1576	5 Mar 26	10:58:00	1	0	0	0	0	0	0	7	0	0	9	0	0	0	0	0	6	8	0	0	0	0	0	0	4	0	0	0	0	0	0	0	0	0	0	0	0	1	0
1577	5 Mar 26	10:59:00	1	0	0	0	0	0	0	7	0	0	0	0	0	0	0	0	2	10	0	0	0	0	0	0	5	0	3	0	0	0	0	0	0	0	0	0	0	2	0
1578	5 Mar 26	11:00:00	1	0	0	0	0	0	0	8	0	0	0	0	0	0	0	0	0	8	0	0	0	0	0	0	11	0	3	0	0	0	0	0	0	0	0	0	0	0	0
1579	5 Mar 26	11:01:00	1	0	0	0	0	0	0	7	0	0	0	0	0	0	0	0	0	9	0	0	0	0	0	2	1	0	2	0	0	0	0	0	0	2	0	0	0	0	0
1580	5 Mar 26	11:02:00	1	0	0	0	0	0	0	8	0	0	0	0	0	0	0	0	0	5	0	0	0	0	0	0	2	0	0	0	0	0	0	0	0	0	0	0	0	0	0
1581	5 Mar 26	11:03:00	1	0	0	0	0	0	0	8	0	0	2	0	0	1	0	0	0	6	0	0	5	0	0	4	2	0	1	0	0	0	0	0	0	0	0	0	0	0	0
1582	5 Mar 26	11:04:00	1	0	0	0	0	0	0	5	0	0	0	0	0	1	0	0	0	9	0	0	1	0	0	6	4	0	6	0	0	0	0	0	3	0	0	0	0	0	0
1583	5 Mar 26	11:05:00	1	0	0	0	0	0	0	7	0	0	0	0	0	4	0	3	0	5	0	0	0	0	0	16	6	0	4	0	0	0	0	0	4	0	0	0	0	0	0
1584	5 Mar 26	11:06:00	1	0	0	0	0	0	0	5	0	0	0	0	0	0	0	5	0	7	0	0	0	0	0	3	3	0	6	0	0	0	0	0	2	0	0	0	0	1	0
1585	5 Mar 26	11:07:00	1	0	0	0	0	0	0	7	0	0	0	0	0	0	0	7	0	5	0	0	3	0	0	0	6	0	8	0	0	0	0	0	0	0	0	0	0	1	0
1586	5 Mar 26	11:08:00	1	0	0	0	0	0	0	5	0	0	0	0	0	0	0	9	0	7	0	0	0	0	0	0	0	0	6	0	0	0	0	0	0	0	0	0	0	2	0
1587	5 Mar 26	11:09:00	1	0	0	0	0	0	0	4	0	0	2	0	0	0	0	2	0	5	0	0	0	0	0	1	0	0	3	0	0	0	0	0	0	0	0	0	0	2	0
1588	5 Mar 26	11:10:00	1	0	0	0	0	0	0	6	0	0	3	0	0	0	0	7	0	2	0	0	0	0	0	11	0	0	5	0	0	0	0	0	0	0	0	0	0	1	0
1589	5 Mar 26	11:11:00	1	0	0	0	0	0	0	11	0	0	1	0	0	0	0	5	0	7	0	0	4	0	0	2	3	0	5	0	0	0	0	0	0	0	0	0	0	2	0
1590	5 Mar 26	11:12:00	1	0	0	0	0	0	0	8	0	0	0	0	0	0	0	5	0	4	0	0	2	0	0	2	5	0	4	0	0	0	0	0	0	0	0	0	0	0	0
1591	5 Mar 26	11:13:00	1	0	0	0	0	0	0	6	0	0	2	0	0	0	0	4	0	6	0	0	2	0	0	4	2	0	2	0	0	0	0	0	0	0	0	0	0	0	0
1592	5 Mar 26	11:14:00	1	0	0	0	0	0	0	5	0	0	9	0	0	0	0	7	0	8	0	0	2	0	0	0	5	0	4	0	0	0	0	0	0	0	0	0	0	0	0
1593	5 Mar 26	11:15:00	1	0	0	0	0	0	0	6	0	0	2	0	0	0	0	8	0	6	0	0	0	0	0	0	2	0	5	0	0	0	0	0	0	0	0	0	0	0	0
1594	5 Mar 26	11:16:00	1	0	0	0	0	0	0	6	7	0	2	0	0	0	0	8	0	1	0	0	2	0	0	0	5	0	4	0	0	0	0	0	0	0	0	0	0	0	0
1595	5 Mar 26	11:17:00	1	0	0	0	0	0	0	4	0	0	4	0	0	0	0	7	0	5	0	0	0	0	0	1	0	0	7	0	0	0	0	0	0	0	0	0	0	0	0
1596	5 Mar 26	11:18:00	1	0	0	0	0	0	0	7	2	0	1	0	0	5	0	8	0	6	0	0	5	0	0	0	0	0	4	0	0	0	0	0	0	0	0	0	0	0	0
1597	5 Mar 26	11:19:00	1	0	0	0	0	0	0	8	3	0	1	0	0	3	0	6	0	6	0	0	1	0	0	0	2	0	4	0	0	0	0	0	0	0	0	0	0	0	0
1598	5 Mar 26	11:20:00	1	0	0	0	0	0	0	4	2	0	0	0	0	0	0	1	0	10	0	0	3	0	0	0	3	0	2	0	0	0	0	0	0	0	0	0	0	0	0
1599	5 Mar 26	11:21:00	1	0	0	0	0	0	0	7	1	0	0	0	0	1	0	3	5	9	0	0	0	0	0	0	2	0	4	0	0	0	0	0	0	0	0	0	0	0	0
1600	5 Mar 26	11:22:00	1	0	0	0	0	0	0	8	4	0	1	0	0	0	0	6	5	8	0	0	3	0	0	0	5	0	3	0	0	0	0	0	0	0	0	0	0	0	0
1601	5 Mar 26	11:23:00	1	0	0	0	0	0	0	8	0	0	1	0	0	0	0	6	0	5	0	0	5	0	0	0	1	0	3	0	0	0	0	0	0	0	0	0	0	0	4
1602	5 Mar 26	11:24:00	1	0	0	0	0	0	0	7	2	0	0	0	0	1	0	6	0	5	0	0	3	0	0	0	0	0	3	0	0	0	0	0	0	5	0	0	0	0	0
1603	5 Mar 26	11:25:00	1	0	0	0	0	0	0	6	1	0	0	0	0	5	0	5	0	8	0	0	4	0	0	0	1	0	6	0	0	0	0	0	0	0	0	0	0	0	0
1604	5 Mar 26	11:26:00	1	0	0	0	0	0	0	7	0	0	0	0	0	0	0	0	0	5	0	0	3	0	0	0	0	0	5	0	0	0	0	0	0	0	0	0	0	0	0
1605	5 Mar 26	11:27:00	1	0	0	0	0	0	0	6	0	0	0	0	0	6	0	6	4	6	0	0	2	0	0	0	0	0	4	0	0	0	0	1	0	0	0	0	0	1	0
1606	5 Mar 26	11:28:00	1	0	0	0	0	0	0	4	0	0	0	0	0	1	0	9	14	0	0	0	4	0	0	0	0	0	4	0	0	0	0	2	0	0	0	0	0	0	0
1607	5 Mar 26	11:29:00	1	0	0	0	0	0	0	5	0	0	0	0	0	0	0	9	4	1	0	0	1	0	0	0	0	0	6	0	0	0	0	0	0	0	0	0	0	0	0
1608	5 Mar 26	11:30:00	1	0	0	0	0	0	0	5	0	0	4	0	0	0	0	4	2	3	0	0	2	0	0	0	0	0	6	0	0	0	0	0	0	0	0	0	0	0	0
1609	5 Mar 26	11:31:00	1	0	0	0	0	0	0	6	0	0	1	0	0	0	0	5	0	1	0	0	1	0	0	0	1	0	5	0	0	0	0	2	0	0	0	0	0	1	0
1610	5 Mar 26	11:32:00	1	0	0	0	0	0	0	3	0	0	0	0	0	3	0	2	0	2	0	0	0	0	0	0	3	0	4	0	0	0	0	1	0	0	0	0	0	0	0
1611	5 Mar 26	11:33:00	1	0	0	0	0	0	0	3	0	0	0	0	0	0	0	1	0	0	0	0	4	0	0	0	5	0	5	0	0	0	0	0	0	2	0	0	0	0	0
1612	5 Mar 26	11:34:00	1	0	0	0	0	0	0	0	0	0	0	0	0	0	0	4	0	0	0	0	3	0	0	0	0	0	6	0	0	0	0	0	0	0	0	0	0	0	0
1613	5 Mar 26	11:35:00	1	0	0	0	0	0	0	0	0	0	0	0	0	0	0	6	0	0	0	0	5	0	0	0	1	0	4	0	0	0	0	0	0	0	0	0	0	0	0
1614	5 Mar 26	11:36:00	1	0	0	0	0	0	0	1	0	0	0	0	0	0	0	2	0	0	0	0	2	0	0	0	1	0	4	0	0	0	0	0	0	0	0	0	0	0	0
1615	5 Mar 26	11:37:00	1	0	0	0	0	0	0	0	0	0	0	0	0	0	0	3	0	0	0	0	0	0	0	0	0	0	2	0	0	0	0	0	0	4	0	0	0	0	0
1616	5 Mar 26	11:38:00	1	0	0	0	0	0	0	0	0	0	0	0	0	0	0	7	0	0	0	0	0	0	0	1	0	1	2	0	0	0	0	0	0	0	0	0	0	0	0
1617	5 Mar 26	11:39:00	1	0	0	0	0	0	0	1	0	0	0	0	0	0	0	13	0	0	0	0	0	0	0	1	0	1	4	0	0	0	0	0	0	0	0	0	0	0	0
1618	5 Mar 26	11:40:00	1	0	0	0	0	0	0	4	0	0	0	0	0	0	0	0	0	0	0	0	0	0	0	3	0	0	2	0	0	0	0	0	0	0	0	0	0	3	0
1619	5 Mar 26	11:41:00	1	0	0	0	0	0	0	6	0	0	0	0	0	2	0	0	0	0	0	0	0	0	0	6	0	0	3	0	0	0	0	0	2	0	0	0	0	3	0
1620	5 Mar 26	11:42:00	1	0	0	0	0	0	0	11	0	0	0	0	0	4	0	0	0	0	0	0	0	0	0	2	0	0	1	0	0	0	0	0	0	0	0	0	0	0	0
1621	5 Mar 26	11:43:00	1	0	0	0	0	0	0	6	0	0	0	0	0	0	0	0	0	0	0	0	0	0	0	0	0	0	0	0	0	0	0	0	2	0	0	0	0	0	0
1622	5 Mar 26	11:44:00	1	0	0	0	0	0	0	10	0	0	0	0	0	0	0	0	0	0	0	0	0	0	0	0	0	0	0	0	0	0	0	0	3	0	0	0	0	2	0
1623	5 Mar 26	11:45:00	1	0	0	0	0	0	0	12	0	0	0	0	0	0	0	0	0	0	0	0	0	0	0	0	0	0	0	0	0	0	0	0	0	0	0	0	0	0	0
1624	5 Mar 26	11:46:00	1	0	0	0	0	0	0	4	0	0	0	0	0	0	0	0	0	0	0	0	1	0	0	0	0	0	4	0	0	0	0	0	0	0	0	0	0	0	0
1625	5 Mar 26	11:47:00	1	0	0	0	0	0	0	6	0	0	0	0	0	0	0	5	0	0	0	0	1	0	0	0	0	0	5	0	0	0	0	0	0	0	0	0	0	3	0
1626	5 Mar 26	11:48:00	1	0	0	0	0	0	0	6	0	0	0	0	0	0	0	7	0	0	0	0	0	0	0	0	0	0	4	0	0	0	0	0	0	0	0	0	0	0	0
1627	5 Mar 26	11:49:00	1	0	0	0	0	0	0	7	0	0	0	0	0	0	0	6	0	0	0	0	0	0	0	0	0	0	1	0	0	0	0	0	0	0	0	0	0	0	0
1628	5 Mar 26	11:50:00	1	0	0	0	0	0	0	6	0	0	0	0	0	0	0	3	0	0	0	0	3	0	0	0	0	0	1	0	0	0	0	0	0	0	0	0	0	0	0
1629	5 Mar 26	11:51:00	1	0	0	0	0	0	0	5	0	0	0	0	0	0	0	8	0	0	1	0	0	0	0	0	0	0	2	0	0	0	0	0	0	0	0	0	0	1	0
1630	5 Mar 26	11:52:00	1	0	0	0	0	0	0	4	0	0	6	0	0	0	0	7	0	0	0	0	1	0	0	0	0	0	0	0	0	0	0	0	0	0	0	0	0	0	0
1631	5 Mar 26	11:53:00	1	0	0	0	0	0	0	9	0	2	2	0	0	2	0	4	0	0	0	0	3	0	0	0	0	0	2	0	0	0	0	0	0	0	0	0	0	0	0
1632	5 Mar 26	11:54:00	1	0	0	0	0	0	0	9	0	0	2	0	0	0	0	6	0	0	1	0	0	0	0	0	0	0	4	0	0	0	0	0	0	0	0	0	0	1	0
1633	5 Mar 26	11:55:00	1	0	0	0	0	0	0	4	0	0	0	0	0	3	0	4	0	0	0	0	3	0	0	0	0	0	1	0	0	0	0	0	0	0	0	0	0	0	0
1634	5 Mar 26	11:56:00	1	0	0	0	0	0	0	9	0	0	4	0	0	0	0	5	0	0	0	0	2	0	0	2	0	0	2	0	0	0	0	0	0	0	0	0	0	0	0
1635	5 Mar 26	11:57:00	1	0	0	0	0	0	0	6	0	0	0	0	0	0	0	7	0	0	0	0	6	0	0	3	0	0	0	0	0	0	0	0	0	0	0	0	0	0	0
1636	5 Mar 26	11:58:00	1	0	0	0	0	0	0	6	0	0	0	0	0	0	0	2	0	0	0	0	1	0	0	0	0	0	2	0	0	0	0	0	0	1	0	0	0	0	0
1637	5 Mar 26	11:59:00	1	0	0	0	0	0	0	7	0	0	0	0	0	0	0	1	0	0	0	0	2	0	0	0	0	0	5	0	0	0	0	0	0	0	0	0	0	0	0
1638	5 Mar 26	12:00:00	1	0	0	0	0	0	0	9	0	0	0	0	0	0	0	2	0	0	0	0	8	0	0	0	0	0	3	0	0	0	0	0	0	3	0	0	0	0	0
1639	5 Mar 26	12:01:00	1	0	0	0	0	0	0	7	0	0	3	0	0	0	0	5	0	0	3	0	0	0	0	0	0	0	0	0	0	0	0	0	0	8	0	0	0	0	0
1640	5 Mar 26	12:02:00	1	0	0	0	0	0	0	5	0	0	2	0	0	0	0	7	5	0	0	0	0	0	0	0	0	0	2	0	0	0	0	0	0	4	0	0	0	0	0
1641	5 Mar 26	12:03:00	1	0	0	0	0	0	0	4	0	0	3	0	0	0	0	3	2	0	0	0	0	0	0	0	0	0	4	0	0	0	0	0	0	0	0	0	0	0	0
1642	5 Mar 26	12:04:00	1	0	0	0	0	0	0	5	0	0	4	0	0	0	0	3	4	0	0	0	0	0	0	0	0	0	1	0	0	0	0	0	0	0	0	0	0	0	0
1643	5 Mar 26	12:05:00	1	0	0	0	0	0	0	3	0	0	4	0	0	0	0	6	0	0	0	0	0	0	0	0	0	0	0	0	0	0	0	0	0	0	0	0	0	0	0
1644	5 Mar 26	12:06:00	1	0	0	0	0	0	0	4	0	0	5	0	0	0	0	5	0	0	0	0	0	0	0	0	0	0	0	0	0	0	0	0	0	0	0	0	0	0	0
1645	5 Mar 26	12:07:00	1	0	0	0	0	0	0	4	0	4	0	0	0	0	0	6	3	0	1	0	0	0	0	0	0	0	0	0	0	0	0	0	0	0	0	0	0	0	0
1646	5 Mar 26	12:08:00	1	0	0	0	0	0	0	0	0	4	0	0	0	1	0	6	0	0	0	0	5	0	0	0	0	0	0	0	0	0	0	0	0	0	0	0	0	0	0
1647	5 Mar 26	12:09:00	1	0	0	0	0	0	0	5	0	1	3	0	0	1	0	5	0	0	0	0	2	0	0	0	0	0	0	0	0	0	0	0	0	2	0	0	0	0	0
1648	5 Mar 26	12:10:00	1	0	0	0	0	0	0	4	0	0	4	0	0	0	0	5	0	0	0	0	0	0	0	0	0	0	1	0	0	0	0	0	0	0	0	0	0	0	0
1649	5 Mar 26	12:11:00	1	0	0	0	0	0	0	6	0	1	1	0	0	0	0	2	0	0	0	0	0	0	0	0	0	0	0	0	0	0	0	0	0	0	0	0	0	0	0
1650	5 Mar 26	12:12:00	1	0	0	0	0	0	0	2	0	5	1	0	0	0	0	5	0	0	0	0	3	0	0	0	0	0	3	0	0	0	0	0	0	0	0	0	0	0	0
1651	5 Mar 26	12:13:00	1	0	0	0	0	0	0	6	0	0	6	0	0	0	0	4	0	0	0	0	5	0	0	11	0	0	0	0	0	0	0	0	0	0	0	0	0	0	0
1652	5 Mar 26	12:14:00	1	0	0	0	0	0	0	5	0	0	0	0	0	0	0	4	0	0	0	0	1	0	0	1	0	0	7	0	0	0	0	0	0	0	0	0	0	0	0
1653	5 Mar 26	12:15:00	1	0	0	0	0	0	0	8	0	0	0	0	0	0	0	0	0	0	0	0	2	0	0	0	4	0	3	0	0	0	0	0	0	0	0	0	0	0	0
1654	5 Mar 26	12:16:00	1	0	0	0	0	0	0	7	0	0	2	0	0	0	0	0	0	0	0	0	0	0	0	2	0	0	0	0	0	0	0	0	0	0	0	0	0	0	0
1655	5 Mar 26	12:17:00	1	0	0	0	0	0	0	4	0	0	3	0	0	0	0	0	0	0	0	0	5	0	0	7	0	0	0	0	0	0	0	0	0	0	0	0	0	0	0
1656	5 Mar 26	12:18:00	1	0	0	0	0	0	0	2	0	0	1	0	0	0	0	0	0	0	0	0	1	0	0	7	0	0	0	4	0	0	0	0	0	0	0	0	0	1	0
1657	5 Mar 26	12:19:00	1	0	0	0	0	0	0	7	0	0	0	0	0	0	0	0	0	0	0	0	0	0	0	3	0	0	0	0	0	0	0	0	0	0	0	0	0	2	0
1658	5 Mar 26	12:20:00	1	0	0	0	0	0	0	4	0	0	0	0	0	0	0	0	0	0	0	0	3	0	0	0	0	0	0	3	0	0	0	0	0	0	0	0	0	0	0
1659	5 Mar 26	12:21:00	1	0	0	0	0	0	0	4	0	0	0	0	0	0	0	0	3	0	0	0	2	0	0	4	0	0	0	4	0	0	0	0	0	0	0	0	0	1	0
1660	5 Mar 26	12:22:00	1	0	0	0	0	0	0	7	0	0	0	0	0	0	0	1	7	0	0	0	0	0	0	9	0	0	0	1	0	0	0	0	0	0	0	0	0	0	0
1661	5 Mar 26	12:23:00	1	0	0	0	0	0	0	4	0	0	0	0	0	1	0	0	2	0	0	0	3	0	0	2	0	0	0	3	0	0	0	0	0	0	0	0	0	0	0
1662	5 Mar 26	12:24:00	1	0	0	0	0	0	0	6	0	0	0	0	0	2	0	5	0	0	0	0	1	0	0	1	0	0	1	4	0	0	0	0	0	0	0	0	0	0	0
1663	5 Mar 26	12:25:00	1	0	0	0	0	0	0	9	0	0	0	0	0	1	0	1	0	0	0	0	2	0	0	4	0	0	2	5	0	0	0	0	0	0	0	0	0	0	0
1664	5 Mar 26	12:26:00	1	0	0	0	0	0	0	6	0	0	0	0	0	0	2	6	0	0	0	0	3	0	0	0	0	0	0	3	0	0	0	0	0	0	0	0	0	0	0
1665	5 Mar 26	12:27:00	1	0	0	0	0	0	0	6	0	0	0	0	0	1	4	0	0	0	0	0	0	0	0	1	0	0	2	2	0	0	0	0	0	0	0	0	0	0	0
1666	5 Mar 26	12:28:00	1	0	0	0	0	0	0	2	0	0	0	0	0	4	0	7	0	2	0	0	0	0	0	0	0	0	0	2	0	0	0	0	0	0	0	0	0	2	0
1667	5 Mar 26	12:29:00	1	0	0	0	0	0	0	9	0	0	0	0	0	5	0	0	0	0	0	0	0	0	0	0	0	0	0	5	0	0	0	0	0	0	0	0	0	1	0
1668	5 Mar 26	12:30:00	1	0	0	0	0	0	0	5	0	0	0	0	0	6	0	0	4	0	0	0	0	0	0	3	0	0	0	7	0	0	0	0	0	0	0	0	0	0	0
1669	5 Mar 26	12:31:00	1	0	0	0	0	0	0	6	0	0	0	0	0	5	0	0	1	0	0	0	0	0	0	2	0	0	0	3	0	0	0	0	0	0	0	0	0	0	0
1670	5 Mar 26	12:32:00	1	0	0	0	0	0	0	5	0	0	0	0	0	0	0	0	0	0	0	0	0	0	0	2	0	0	0	2	0	0	0	0	3	0	0	0	0	0	0
1671	5 Mar 26	12:33:00	1	0	0	0	0	0	0	7	0	0	0	0	0	3	0	0	0	0	0	0	0	0	0	9	0	0	0	4	0	0	0	0	2	0	0	0	0	1	0
1672	5 Mar 26	12:34:00	1	0	0	0	0	0	0	6	0	0	0	0	0	2	0	1	3	0	0	0	0	0	0	6	0	0	0	2	0	0	0	0	0	0	0	0	0	0	0
1673	5 Mar 26	12:35:00	1	0	0	0	0	0	0	5	0	0	0	0	0	3	0	1	2	0	0	0	3	0	0	0	0	0	0	5	0	0	0	0	3	0	0	0	0	1	0
1674	5 Mar 26	12:36:00	1	0	0	0	0	0	0	6	0	0	0	0	0	3	0	0	0	0	0	0	4	0	0	4	0	0	0	4	0	0	0	0	8	0	0	0	0	0	0
1675	5 Mar 26	12:37:00	1	0	0	0	0	0	0	7	0	0	0	0	0	4	0	0	1	5	0	0	0	0	0	5	0	0	0	8	0	0	0	0	0	0	0	0	0	0	0
1676	5 Mar 26	12:38:00	1	0	0	0	0	0	0	0	0	0	0	0	0	4	0	0	1	7	0	0	7	0	0	3	0	0	0	5	0	0	0	0	0	0	0	0	0	0	0
1677	5 Mar 26	12:39:00	1	0	0	0	0	0	0	2	0	0	0	0	0	5	0	0	0	0	0	0	3	0	0	0	0	0	0	3	0	0	0	0	0	0	0	0	2	0	0
1678	5 Mar 26	12:40:00	1	0	0	0	0	0	0	0	0	0	0	0	0	4	0	0	6	0	0	0	0	0	0	0	0	0	0	5	0	0	0	0	0	0	0	0	0	0	0
1679	5 Mar 26	12:41:00	1	0	0	0	0	0	0	0	0	0	0	0	0	2	0	0	2	0	0	0	1	0	0	0	2	0	0	7	0	0	0	0	0	0	0	0	0	0	0
1680	5 Mar 26	12:42:00	1	0	0	0	0	0	0	0	5	0	0	0	0	4	1	0	2	0	0	0	0	0	0	8	0	0	1	5	0	0	0	0	0	0	0	0	0	0	0
1681	5 Mar 26	12:43:00	1	0	0	0	0	0	0	0	3	0	0	0	0	6	0	0	3	0	0	0	0	0	0	6	0	0	0	5	0	0	0	0	0	0	0	0	0	0	0
1682	5 Mar 26	12:44:00	1	0	0	0	0	0	0	0	4	3	0	0	0	2	0	0	5	0	0	0	2	0	0	4	0	0	1	1	0	0	0	0	0	0	0	0	0	0	0
1683	5 Mar 26	12:45:00	1	0	0	0	0	0	0	0	2	8	0	0	0	6	0	0	2	0	0	0	2	0	0	2	0	0	0	4	0	0	0	0	0	6	0	0	0	0	0
1684	5 Mar 26	12:46:00	1	0	0	0	0	0	0	0	1	3	0	0	0	8	0	0	0	0	0	0	0	0	0	5	0	0	0	2	0	0	0	0	0	0	0	0	0	0	0
1685	5 Mar 26	12:47:00	1	0	0	0	0	0	0	1	1	0	0	0	0	5	0	0	0	0	0	0	3	0	0	7	0	0	0	4	0	0	0	0	1	0	0	0	0	0	0
1686	5 Mar 26	12:48:00	1	0	0	0	0	0	0	0	1	0	0	0	0	2	0	0	0	0	0	0	4	0	0	4	0	0	1	2	0	0	0	0	0	0	0	0	0	0	0
1687	5 Mar 26	12:49:00	1	0	0	0	0	0	0	0	2	0	0	0	0	5	0	0	0	0	0	0	4	0	0	3	0	0	4	2	0	0	0	0	2	0	0	0	0	0	0
1688	5 Mar 26	12:50:00	1	0	0	0	0	0	0	5	0	0	0	0	0	1	0	0	0	1	0	0	4	0	0	0	0	0	2	4	0	0	0	0	1	0	0	0	0	0	0
1689	5 Mar 26	12:51:00	1	0	0	0	0	0	0	0	0	0	2	0	0	2	0	0	0	0	0	0	1	0	0	0	0	0	2	4	0	0	0	0	1	0	0	0	0	0	0
1690	5 Mar 26	12:52:00	1	0	0	0	0	0	0	0	0	0	2	0	0	1	0	0	0	0	0	0	3	0	0	0	0	0	0	1	0	0	0	0	3	0	0	0	0	0	0
1691	5 Mar 26	12:53:00	1	0	0	0	0	0	0	0	0	0	1	0	0	3	0	0	0	4	0	0	0	0	0	0	0	0	4	1	0	0	0	0	0	0	0	0	0	0	0
1692	5 Mar 26	12:54:00	1	0	0	0	0	0	0	0	0	0	1	0	0	0	0	0	0	2	0	0	0	0	0	0	0	0	0	0	0	0	0	0	2	0	0	0	0	0	0
1693	5 Mar 26	12:55:00	1	0	0	0	0	0	0	0	0	0	2	0	0	0	0	0	0	1	0	0	0	0	0	0	0	0	2	3	0	0	0	0	3	0	0	0	0	0	0
1694	5 Mar 26	12:56:00	1	0	0	0	0	0	0	2	1	5	3	0	0	0	2	0	0	0	0	0	0	0	0	0	0	0	2	0	0	0	0	0	6	2	0	0	0	0	0
1695	5 Mar 26	12:57:00	1	0	0	0	0	0	0	0	0	6	0	0	0	4	0	0	0	0	0	0	0	0	0	0	0	0	3	0	0	0	0	0	0	0	0	0	0	0	0
1696	5 Mar 26	12:58:00	1	0	0	0	0	0	0	0	0	5	2	0	0	0	0	0	5	0	0	0	0	0	0	1	0	0	2	0	0	0	0	0	0	0	0	0	0	0	0
1697	5 Mar 26	12:59:00	1	0	0	0	0	0	0	0	0	3	2	0	0	5	0	0	7	0	0	0	0	0	0	0	0	0	3	0	0	0	0	0	3	0	0	0	0	0	0
1698	5 Mar 26	13:00:00	1	0	0	0	0	0	0	0	0	2	0	0	0	5	0	0	1	0	0	0	0	0	0	0	0	0	0	0	0	0	0	0	2	0	0	0	0	0	0
1699	5 Mar 26	13:01:00	1	0	0	0	0	0	0	0	0	3	0	0	0	5	0	0	3	0	0	0	0	0	0	0	0	0	3	0	0	0	0	0	1	0	0	0	0	0	0
1700	5 Mar 26	13:02:00	1	0	0	0	0	0	0	0	0	7	0	0	0	1	0	0	0	0	0	0	0	0	0	0	0	0	0	0	0	0	0	0	3	0	0	0	0	0	0
1701	5 Mar 26	13:03:00	1	0	0	0	0	0	0	0	0	0	2	0	0	3	0	0	0	0	0	0	0	0	0	0	0	0	0	0	0	0	0	0	3	0	0	0	0	0	0
1702	5 Mar 26	13:04:00	1	0	0	0	0	0	0	0	0	0	5	0	0	2	0	0	2	0	0	0	5	0	0	0	0	0	0	0	0	0	0	0	0	0	0	0	0	0	0
1703	5 Mar 26	13:05:00	1	0	0	0	0	0	0	0	0	0	4	0	0	2	0	0	0	0	0	0	3	0	0	0	0	0	0	0	0	0	0	0	8	0	0	0	0	0	0
1704	5 Mar 26	13:06:00	1	0	0	0	0	0	0	0	0	0	3	0	0	2	0	0	0	0	0	0	3	0	0	0	0	0	0	0	0	0	0	0	0	0	0	0	0	0	0
1705	5 Mar 26	13:07:00	1	0	0	0	0	0	0	0	0	0	3	0	0	0	0	0	0	0	0	0	2	0	0	0	0	0	0	0	0	0	0	0	2	0	0	0	0	0	0
1706	5 Mar 26	13:08:00	1	0	0	0	0	0	0	0	0	0	2	0	0	0	1	0	0	0	0	0	3	0	0	0	0	0	0	0	0	0	0	0	0	0	0	0	0	0	0
1707	5 Mar 26	13:09:00	1	0	0	0	0	0	0	0	0	0	1	0	0	4	0	0	0	0	0	0	0	0	0	0	0	0	0	0	0	0	0	0	6	0	0	0	3	0	0
1708	5 Mar 26	13:10:00	1	0	0	0	0	0	0	0	0	0	6	0	0	2	0	0	0	0	0	0	0	0	0	0	0	0	0	0	0	0	0	0	2	0	0	0	0	0	0
1709	5 Mar 26	13:11:00	1	0	0	0	0	0	0	0	1	0	3	0	0	1	0	0	0	0	0	0	0	0	0	0	0	0	0	0	0	0	0	0	2	0	0	0	0	0	0
1710	5 Mar 26	13:12:00	1	0	0	0	0	0	0	0	1	0	1	0	2	0	0	0	0	0	0	0	0	0	0	0	0	0	0	0	0	0	0	0	0	0	0	0	0	0	0
1711	5 Mar 26	13:13:00	1	0	0	0	0	0	0	0	2	0	2	0	0	1	0	0	0	0	0	0	0	0	0	0	0	0	0	0	0	0	0	0	0	0	0	0	2	0	0
1712	5 Mar 26	13:14:00	1	0	0	0	0	0	0	0	1	0	7	0	0	1	1	0	1	0	0	0	0	0	0	0	0	0	0	0	0	0	0	0	0	0	0	0	3	0	0
1713	5 Mar 26	13:15:00	1	0	0	0	0	0	0	0	0	0	0	0	0	0	0	0	0	0	0	0	0	0	0	0	0	0	0	0	0	0	0	0	3	0	0	0	0	0	0
1714	5 Mar 26	13:16:00	1	0	0	0	0	0	0	1	0	0	0	0	0	3	0	0	0	0	0	0	0	0	0	0	0	0	0	0	0	0	0	0	4	0	0	0	0	0	0
1715	5 Mar 26	13:17:00	1	0	0	0	0	0	0	0	2	0	0	0	0	3	0	0	0	0	0	0	0	0	0	0	0	0	0	0	0	0	0	0	1	0	0	0	0	2	0
1716	5 Mar 26	13:18:00	1	0	0	0	0	0	0	0	2	0	2	0	0	3	0	0	0	0	0	0	0	0	0	0	0	0	0	0	0	0	0	0	0	0	0	0	0	0	0
1717	5 Mar 26	13:19:00	1	0	0	0	0	0	0	0	0	0	0	0	0	1	0	0	0	0	0	0	0	0	0	0	0	0	0	0	0	0	0	0	0	0	0	0	0	2	0
1718	5 Mar 26	13:20:00	1	0	0	0	0	0	0	0	0	0	0	0	0	0	0	0	0	0	0	0	0	0	0	0	0	0	0	0	0	0	0	0	0	0	0	0	0	0	0
1719	5 Mar 26	13:21:00	1	0	0	0	0	0	0	0	0	0	0	0	0	2	0	0	0	0	0	0	0	0	0	0	0	0	0	0	0	0	0	0	1	2	0	0	0	0	0
1720	5 Mar 26	13:22:00	1	0	0	0	0	0	0	0	0	0	0	0	0	0	0	0	0	0	0	0	0	0	0	0	0	0	0	0	0	0	0	0	0	3	0	0	0	0	0
1721	5 Mar 26	13:23:00	1	0	0	0	0	0	0	0	0	0	0	0	0	0	0	0	0	0	0	0	0	0	0	0	0	0	0	0	0	0	0	0	3	0	0	0	0	0	0
1722	5 Mar 26	13:24:00	1	0	0	0	0	0	0	0	0	0	0	0	0	0	0	0	0	0	0	0	2	0	0	0	0	0	0	0	0	0	0	0	4	0	0	0	0	0	0
1723	5 Mar 26	13:25:00	1	0	0	0	0	0	0	0	0	0	0	0	0	0	0	0	0	0	0	0	0	0	0	0	0	0	1	0	0	0	0	0	0	0	0	0	0	0	0
1724	5 Mar 26	13:26:00	1	0	0	0	0	0	0	0	0	0	0	0	0	0	0	0	0	0	0	0	0	0	0	0	0	0	3	0	0	0	0	0	0	0	0	0	0	0	0
1725	5 Mar 26	13:27:00	1	0	0	0	0	0	0	0	0	0	0	0	0	0	0	3	0	6	0	0	0	0	0	0	0	0	0	0	0	0	0	0	0	0	0	0	0	0	0
1726	5 Mar 26	13:28:00	1	0	0	0	0	0	0	0	0	0	0	0	0	0	0	9	0	5	4	0	3	0	0	0	0	0	0	0	0	0	0	0	0	0	0	0	0	0	0
1727	5 Mar 26	13:29:00	1	0	0	0	0	0	0	0	0	0	0	0	0	0	1	4	0	0	16	0	0	0	0	0	7	0	0	0	0	0	0	0	0	0	0	0	0	0	0
1728	5 Mar 26	13:30:00	1	0	0	0	0	0	0	0	0	0	0	0	0	0	0	7	0	0	2	0	0	0	0	0	4	0	0	0	0	0	0	0	0	0	0	0	0	0	0
1729	5 Mar 26	13:31:00	1	0	0	0	0	0	0	0	0	0	0	0	0	0	1	8	0	0	0	0	0	0	0	0	2	0	0	0	0	0	0	0	0	0	0	0	0	0	0
1730	5 Mar 26	13:32:00	1	0	0	0	0	0	0	0	0	0	3	0	0	0	0	5	0	4	1	0	7	0	0	0	0	0	0	0	0	0	0	0	0	0	0	0	0	0	0
1731	5 Mar 26	13:33:00	1	0	0	0	0	0	0	1	0	0	0	0	0	0	2	5	12	2	0	0	4	0	0	5	0	0	0	0	0	0	0	0	0	0	0	0	3	0	0
1732	5 Mar 26	13:34:00	1	0	0	0	0	0	0	0	0	0	0	0	0	2	0	7	13	0	0	0	3	0	0	4	2	0	0	0	0	0	0	3	0	2	0	0	0	0	0
1733	5 Mar 26	13:35:00	1	0	0	0	0	0	0	6	0	0	5	0	0	1	0	6	0	0	0	0	3	0	0	0	0	0	0	0	0	0	0	0	0	1	0	0	1	0	0
1734	5 Mar 26	13:36:00	1	0	0	0	0	0	0	3	0	0	2	0	0	1	0	10	0	0	0	0	2	0	0	1	0	0	0	0	0	0	0	0	0	3	0	0	2	0	0
1735	5 Mar 26	13:37:00	1	0	0	0	0	0	0	6	0	0	0	0	0	1	0	5	3	0	0	0	0	0	0	0	0	0	2	0	0	0	0	0	0	0	0	0	0	0	0
1736	5 Mar 26	13:38:00	1	0	0	0	0	0	0	7	0	0	0	0	0	1	0	5	0	0	0	0	1	0	0	0	0	0	0	0	0	0	0	0	0	0	0	0	5	0	0
1737	5 Mar 26	13:39:00	1	0	0	0	0	0	0	3	0	0	0	0	0	0	0	7	2	0	0	0	0	0	0	0	0	0	2	0	0	0	0	0	0	0	0	0	2	0	0
1738	5 Mar 26	13:40:00	1	0	0	0	0	0	0	7	0	0	0	0	0	0	0	2	4	0	0	0	1	0	0	0	0	1	0	0	0	0	0	0	1	0	0	0	1	3	0
1739	5 Mar 26	13:41:00	1	0	0	0	0	0	0	6	0	0	0	0	0	0	0	2	0	0	0	0	4	0	0	0	0	0	0	0	0	0	0	0	0	0	0	0	2	0	0
1740	5 Mar 26	13:42:00	1	0	0	0	0	0	0	4	0	0	0	0	0	0	0	6	0	0	0	0	1	0	0	0	0	2	0	0	0	0	0	0	0	0	0	0	0	0	0
1741	5 Mar 26	13:43:00	1	0	0	0	0	0	0	5	0	0	0	0	0	0	0	6	0	0	0	0	1	0	0	0	0	0	0	0	0	0	0	0	1	0	0	0	0	0	0
1742	5 Mar 26	13:44:00	1	0	0	0	0	0	0	7	0	0	0	0	0	0	0	6	0	0	0	0	5	0	0	0	0	0	0	0	0	0	0	0	0	2	0	0	0	0	0
1743	5 Mar 26	13:45:00	1	0	0	0	0	0	0	4	0	0	0	0	0	0	0	3	0	0	0	0	3	0	0	0	0	0	0	0	0	0	0	0	0	0	0	0	0	0	0
1744	5 Mar 26	13:46:00	1	0	0	0	0	0	0	9	0	0	0	0	0	0	0	2	0	0	0	0	0	0	0	0	0	0	2	0	0	0	0	0	1	0	0	0	0	0	0
1745	5 Mar 26	13:47:00	1	0	0	0	0	0	0	11	0	0	0	0	0	0	0	4	0	3	0	0	0	0	0	0	0	0	3	0	0	0	0	0	2	0	0	0	0	0	0
1746	5 Mar 26	13:48:00	1	0	0	0	0	0	0	3	0	0	0	0	0	0	0	8	0	6	0	0	0	0	0	0	0	0	2	0	0	0	0	0	1	0	0	0	0	0	0
1747	5 Mar 26	13:49:00	1	0	0	0	0	0	0	3	0	0	0	0	0	0	0	5	0	7	0	0	0	0	0	0	0	0	0	0	0	0	0	0	2	0	0	0	0	0	0
1748	5 Mar 26	13:50:00	1	0	0	0	0	0	0	4	0	0	0	0	0	0	0	1	0	0	0	0	0	0	0	0	0	0	1	0	0	0	0	0	0	0	0	0	0	0	0
1749	5 Mar 26	13:51:00	1	0	0	0	0	0	0	7	0	0	0	0	0	0	0	8	2	0	0	0	0	0	0	0	0	0	2	2	0	0	0	0	2	0	0	0	0	0	0
1750	5 Mar 26	13:52:00	1	0	0	0	0	0	0	4	0	0	0	0	0	0	0	5	0	11	0	0	0	0	0	0	0	0	0	3	0	0	0	0	0	5	0	0	0	0	0
1751	5 Mar 26	13:53:00	1	0	0	0	0	0	0	5	0	0	0	0	0	0	0	0	0	5	0	0	0	0	0	0	0	0	0	3	0	0	0	0	0	2	0	0	0	0	0
1752	5 Mar 26	13:54:00	1	0	0	0	0	0	0	5	2	0	0	0	0	0	0	3	1	2	0	0	4	0	0	0	0	0	4	5	0	0	0	0	0	0	0	0	0	0	0
1753	5 Mar 26	13:55:00	1	0	0	0	0	0	0	3	0	0	0	0	0	0	0	7	4	0	0	0	3	0	0	0	0	0	0	3	0	0	0	0	1	0	0	0	0	0	0
1754	5 Mar 26	13:56:00	1	0	0	0	0	0	0	11	3	0	0	0	0	0	0	3	1	0	0	0	2	0	0	1	0	0	0	4	0	0	0	0	0	0	0	0	0	0	0
1755	5 Mar 26	13:57:00	1	0	0	0	0	0	0	6	3	0	0	0	0	0	0	5	0	0	0	0	2	0	0	6	0	0	0	0	0	0	0	0	4	0	0	0	0	0	0
1756	5 Mar 26	13:58:00	1	0	0	0	0	0	0	6	0	0	0	0	0	3	0	1	5	0	0	0	2	0	0	12	0	0	0	3	0	0	0	0	1	0	0	0	0	0	0
1757	5 Mar 26	13:59:00	1	0	0	0	0	0	0	7	0	0	0	0	0	1	0	3	2	2	0	0	4	0	0	4	0	0	0	0	0	0	0	0	1	0	0	0	0	0	0
1758	5 Mar 26	14:00:00	1	0	0	0	0	0	0	4	1	0	0	0	0	0	0	1	0	5	0	0	5	0	0	0	0	0	0	2	0	0	0	0	0	0	0	0	2	0	0
1759	5 Mar 26	14:01:00	1	0	0	0	0	0	0	4	0	0	0	0	0	4	0	4	0	1	0	0	4	0	0	0	0	0	0	0	0	0	0	0	0	3	0	0	1	0	0
1760	5 Mar 26	14:02:00	1	0	0	0	0	0	0	6	1	0	0	0	0	0	0	8	0	0	0	0	2	0	0	0	0	0	0	0	0	0	0	0	0	0	0	0	3	0	0
1761	5 Mar 26	14:03:00	1	0	0	0	0	0	0	5	1	0	0	0	0	0	0	2	0	0	0	0	4	0	0	8	0	0	0	0	0	0	0	0	0	0	0	0	3	0	0
1762	5 Mar 26	14:04:00	1	0	0	0	0	0	0	8	1	0	0	0	0	0	0	2	0	0	0	0	4	0	0	3	0	0	0	0	0	0	0	0	2	0	0	0	5	0	0
1763	5 Mar 26	14:05:00	1	0	0	0	0	0	0	4	2	0	0	0	0	0	0	6	0	0	0	0	4	0	0	6	0	0	0	0	0	0	0	0	5	0	0	0	0	0	0
1764	5 Mar 26	14:06:00	1	0	0	0	0	0	0	3	1	0	0	0	0	0	0	3	0	0	0	0	4	0	0	0	0	0	0	0	0	0	0	0	11	0	0	0	0	0	0
1765	5 Mar 26	14:07:00	1	0	0	0	0	0	0	4	0	0	0	0	0	0	0	2	0	0	0	0	4	0	0	1	0	0	0	0	0	0	0	0	2	0	0	0	0	0	0
1766	5 Mar 26	14:08:00	1	0	0	0	0	0	0	4	0	0	0	0	0	0	0	0	0	0	0	0	4	0	0	4	0	0	0	0	0	0	0	0	2	0	0	0	0	1	0
1767	5 Mar 26	14:09:00	1	0	0	0	0	0	0	4	0	0	4	0	0	0	0	0	0	6	0	0	4	0	0	3	0	0	0	0	0	0	0	0	1	0	0	0	0	0	0
1768	5 Mar 26	14:10:00	1	0	0	0	0	0	0	7	0	0	3	0	0	0	0	2	0	2	0	0	0	0	0	6	0	0	0	0	0	0	0	0	0	0	0	0	0	0	0
1769	5 Mar 26	14:11:00	1	0	0	0	0	0	0	3	0	0	0	0	0	0	0	0	0	3	0	0	0	0	0	0	0	0	0	0	0	0	0	0	0	0	0	0	0	2	0
1770	5 Mar 26	14:12:00	1	0	0	0	0	0	0	2	0	0	3	0	0	0	0	0	0	2	0	0	0	0	0	0	0	0	0	0	0	0	0	0	0	0	0	0	0	2	0
1771	5 Mar 26	14:13:00	1	0	0	0	0	0	0	4	0	0	4	0	0	0	0	9	0	0	0	0	0	0	0	0	0	0	0	0	0	0	0	0	0	0	0	0	0	0	0
1772	5 Mar 26	14:14:00	1	0	0	0	0	0	0	4	0	0	0	0	0	1	0	13	0	0	0	0	0	0	0	0	0	0	0	0	0	0	0	0	0	0	0	0	0	0	0
1773	5 Mar 26	14:15:00	1	0	0	0	0	0	0	5	0	0	0	0	0	2	0	13	0	0	0	0	0	1	0	0	0	0	0	0	0	0	0	0	0	0	0	0	0	0	0
1774	5 Mar 26	14:16:00	1	0	0	0	0	0	0	6	0	0	0	0	0	3	0	4	0	0	0	0	0	0	0	0	0	0	0	0	0	0	0	0	0	0	0	0	0	0	0
1775	5 Mar 26	14:17:00	1	0	0	0	0	0	0	1	0	0	0	0	0	1	0	12	0	0	0	0	0	0	0	0	0	0	0	0	0	0	0	0	0	0	0	0	0	0	0
1776	5 Mar 26	14:18:00	1	0	0	0	0	0	0	8	0	0	0	0	0	2	0	6	2	0	0	0	0	0	0	0	0	0	0	0	0	0	0	3	3	0	0	0	0	0	0
1777	5 Mar 26	14:19:00	1	0	0	0	0	0	0	5	0	0	0	0	0	0	0	8	3	0	0	0	3	0	0	0	0	0	0	0	0	0	0	4	0	0	0	0	0	0	0
1778	5 Mar 26	14:20:00	1	0	0	0	0	0	0	6	0	0	0	0	0	1	0	5	1	0	0	0	5	0	0	0	0	0	0	0	0	0	0	0	0	0	0	0	0	0	0
1779	5 Mar 26	14:21:00	1	0	0	0	0	0	0	5	0	0	0	0	0	1	0	8	0	0	0	0	6	0	0	0	0	0	0	0	0	0	0	0	0	0	0	0	0	0	0
1780	5 Mar 26	14:22:00	1	0	0	0	0	0	0	5	0	0	0	0	0	0	0	4	0	0	0	0	2	0	0	0	0	0	0	0	0	0	0	0	0	3	0	0	0	0	0
1781	5 Mar 26	14:23:00	1	0	0	0	0	0	0	6	0	1	0	0	0	2	0	5	0	0	0	0	1	0	0	0	0	0	0	0	0	0	0	0	0	0	0	0	0	0	0
1782	5 Mar 26	14:24:00	1	0	0	0	0	0	0	6	0	2	0	0	0	4	0	7	0	0	0	0	0	3	0	2	0	0	0	0	0	0	0	0	0	0	0	0	0	0	0
1783	5 Mar 26	14:25:00	1	0	0	0	0	0	0	2	5	0	0	0	0	0	0	7	0	0	0	0	3	0	0	2	0	0	0	0	0	0	0	0	0	0	0	0	0	0	0
1784	5 Mar 26	14:26:00	1	0	0	0	0	0	0	0	1	0	0	0	0	0	0	3	0	0	0	0	0	0	0	10	0	0	0	0	0	0	0	0	0	0	0	0	0	0	0
1785	5 Mar 26	14:27:00	1	0	0	0	0	0	0	5	2	0	0	0	0	0	0	7	0	1	0	0	0	0	0	2	0	0	0	0	0	0	0	0	0	0	0	0	0	0	0
1786	5 Mar 26	14:28:00	1	0	0	0	0	0	0	5	0	0	0	0	0	0	0	6	0	7	0	0	0	0	0	0	0	0	0	0	0	0	0	0	0	0	0	0	0	0	0
1787	5 Mar 26	14:29:00	1	0	0	0	0	0	0	3	0	0	0	0	0	0	0	8	0	3	0	0	0	0	0	1	0	0	0	0	0	0	0	0	0	0	0	0	0	0	0
1788	5 Mar 26	14:30:00	1	0	0	0	0	0	0	7	1	0	0	0	0	0	0	2	0	2	0	0	0	0	0	7	0	0	0	0	0	0	0	0	0	0	0	0	0	0	0
1789	5 Mar 26	14:31:00	1	0	0	0	0	0	0	8	2	0	0	0	0	0	0	2	0	2	0	0	0	0	0	5	0	0	0	0	0	0	0	0	0	0	0	0	0	0	0
1790	5 Mar 26	14:32:00	1	0	0	0	0	0	0	8	1	0	0	0	0	0	0	2	0	4	0	0	1	0	0	0	0	0	0	0	0	0	0	0	0	0	0	0	0	0	0
1791	5 Mar 26	14:33:00	1	0	0	0	0	0	0	4	2	0	0	0	0	0	0	0	0	1	0	0	0	1	0	9	0	0	0	0	0	0	0	0	0	0	0	0	0	0	0
1792	5 Mar 26	14:34:00	1	0	0	0	0	0	0	4	0	0	0	0	0	0	0	0	0	0	0	0	0	4	0	12	0	3	0	0	0	0	0	0	0	0	0	0	0	0	0
1793	5 Mar 26	14:35:00	1	0	0	0	0	0	0	6	0	0	0	0	0	0	0	2	0	0	0	0	0	2	0	0	0	0	0	0	0	0	0	0	0	0	0	0	0	0	0
1794	5 Mar 26	14:36:00	1	0	0	0	0	0	0	6	0	0	0	0	0	0	0	3	0	0	0	0	0	0	0	0	0	3	0	0	0	0	0	0	0	0	0	0	0	0	0
1795	5 Mar 26	14:37:00	1	0	0	0	0	0	0	4	0	0	0	0	0	0	0	0	0	0	0	0	0	0	0	0	0	1	0	0	0	0	0	0	0	0	0	0	0	0	0
1796	5 Mar 26	14:38:00	1	0	0	0	0	0	0	3	0	0	0	0	0	0	0	0	4	0	0	0	0	0	0	0	0	0	3	0	0	0	0	0	0	0	0	0	0	1	0
1797	5 Mar 26	14:39:00	1	0	0	0	0	0	0	5	0	0	0	0	0	0	0	0	6	0	0	0	0	0	0	0	0	0	0	0	0	0	0	0	0	0	0	0	0	0	0
1798	5 Mar 26	14:40:00	1	0	0	0	0	0	0	7	0	0	0	0	0	4	0	3	3	0	0	0	0	0	0	0	0	0	3	0	0	0	0	0	0	0	0	0	0	0	0
1799	5 Mar 26	14:41:00	1	0	0	0	0	0	0	2	0	0	0	0	0	0	0	0	0	0	0	0	0	0	0	0	0	0	1	0	0	0	0	0	0	0	0	0	0	0	0
1800	5 Mar 26	14:42:00	1	0	0	0	0	0	0	2	0	0	0	0	0	0	0	0	0	0	0	0	1	0	0	0	0	0	12	0	0	0	0	0	0	0	0	0	0	0	0
1801	5 Mar 26	14:43:00	1	0	0	0	0	0	0	0	0	0	0	0	0	2	0	0	0	0	0	0	2	0	0	0	0	0	0	0	0	0	0	0	0	0	0	0	0	0	0
1802	5 Mar 26	14:44:00	1	0	0	0	0	0	0	2	0	0	2	0	0	0	0	0	0	0	0	0	0	0	0	0	0	0	0	0	0	0	0	0	0	0	0	0	0	0	0
1803	5 Mar 26	14:45:00	1	0	0	0	0	0	0	0	0	0	5	0	0	0	0	0	0	0	0	0	0	0	0	0	0	0	2	0	0	0	0	0	0	0	0	0	0	0	0
1804	5 Mar 26	14:46:00	1	0	0	0	0	0	0	0	0	0	6	0	0	0	0	0	3	0	0	0	0	0	0	0	0	0	3	0	0	0	0	0	0	0	0	0	0	0	0
1805	5 Mar 26	14:47:00	1	0	0	0	0	0	0	0	0	0	1	0	0	0	0	0	0	0	0	0	0	0	0	5	0	0	2	0	0	0	0	0	0	0	0	0	0	0	0
1806	5 Mar 26	14:48:00	1	0	0	0	0	0	0	1	0	0	4	0	0	6	0	0	2	0	0	0	0	0	0	3	0	0	0	0	0	0	0	0	0	0	0	0	0	0	0
1807	5 Mar 26	14:49:00	1	0	0	0	0	0	0	0	0	0	1	0	0	2	0	0	2	0	0	0	0	0	0	1	0	0	1	0	0	0	0	0	0	0	0	0	0	0	0
1808	5 Mar 26	14:50:00	1	0	0	0	0	0	0	0	0	0	4	0	0	2	0	0	4	0	0	0	0	0	0	2	0	0	0	0	0	0	0	0	0	0	0	0	0	0	0
1809	5 Mar 26	14:51:00	1	0	0	0	0	0	0	0	0	0	6	0	0	3	0	0	0	0	0	0	0	0	0	1	0	0	0	0	0	0	0	0	0	0	0	0	0	0	0
1810	5 Mar 26	14:52:00	1	0	0	0	0	0	0	0	0	0	4	0	0	4	0	0	2	0	0	0	2	0	0	0	0	0	0	0	0	0	0	0	0	0	0	0	0	0	0
1811	5 Mar 26	14:53:00	1	0	0	0	0	0	0	0	1	0	0	0	0	0	0	0	0	0	0	0	4	0	0	0	0	0	0	0	0	0	0	0	0	0	0	0	0	0	0
1812	5 Mar 26	14:54:00	1	0	0	0	0	0	0	0	1	0	4	0	0	0	0	0	0	0	0	0	6	0	0	0	0	0	0	0	0	0	0	0	0	0	0	0	0	0	0
1813	5 Mar 26	14:55:00	1	0	0	0	0	0	0	0	0	0	1	0	0	0	0	0	0	0	0	0	1	0	0	0	0	0	0	0	0	0	0	0	0	0	0	0	0	0	0
1814	5 Mar 26	14:56:00	1	0	0	0	0	0	0	0	1	0	7	0	0	2	2	0	0	0	0	0	0	0	0	1	0	0	0	0	0	0	0	0	0	0	0	0	0	0	0
1815	5 Mar 26	14:57:00	1	0	0	0	0	0	0	1	0	0	3	0	0	1	0	0	0	0	0	0	0	0	0	1	0	0	0	0	0	0	0	0	0	0	0	0	0	0	0
1816	5 Mar 26	14:58:00	1	0	0	0	0	0	0	0	0	0	4	0	0	3	0	0	0	0	0	0	1	0	0	1	0	0	0	0	0	0	0	0	0	0	0	0	0	0	0
1817	5 Mar 26	14:59:00	1	0	0	0	0	0	0	0	0	0	3	1	0	2	0	0	0	0	0	0	0	0	0	1	0	0	0	8	0	0	0	0	0	0	0	0	0	0	0
1818	5 Mar 26	15:00:00	1	0	0	0	0	0	0	0	0	0	8	1	0	0	1	0	0	0	2	0	0	0	0	0	0	0	0	4	0	0	0	0	0	0	0	0	0	0	0
1819	5 Mar 26	15:01:00	1	0	0	0	0	0	0	0	0	0	5	2	0	0	0	0	0	0	0	0	0	0	0	0	0	0	0	2	0	0	0	0	0	0	0	0	0	0	0
1820	5 Mar 26	15:02:00	1	0	0	0	0	0	0	0	0	0	5	0	0	1	0	0	0	0	1	0	2	0	0	0	0	0	0	1	0	0	0	0	0	0	0	0	0	0	0
1821	5 Mar 26	15:03:00	1	0	0	0	0	0	0	0	0	0	5	0	0	0	0	0	0	0	3	0	3	0	0	1	0	0	0	9	0	0	0	0	0	1	0	0	0	0	0
1822	5 Mar 26	15:04:00	1	0	0	0	0	0	0	0	0	0	2	5	0	0	0	0	0	0	3	0	2	0	0	2	0	0	0	2	0	0	0	0	0	2	0	0	0	0	0
1823	5 Mar 26	15:05:00	1	0	0	0	0	0	0	0	0	0	5	2	0	0	0	0	0	0	0	0	3	0	0	0	0	6	0	4	0	0	0	0	0	0	0	0	0	0	0
1824	5 Mar 26	15:06:00	1	0	0	0	0	0	0	0	0	0	7	0	0	0	0	0	0	0	7	0	5	0	0	0	0	2	0	7	0	0	0	0	0	0	0	0	0	0	0
1825	5 Mar 26	15:07:00	1	0	0	0	0	0	0	0	0	0	3	0	0	0	0	0	0	0	3	0	4	0	0	0	0	0	0	4	0	0	0	0	0	0	0	0	0	0	0
1826	5 Mar 26	15:08:00	1	0	0	0	0	0	0	0	0	0	4	0	0	0	2	5	0	0	6	0	3	0	0	0	0	0	0	3	0	0	0	0	0	0	0	0	0	0	0
1827	5 Mar 26	15:09:00	1	0	0	0	0	0	0	0	0	0	7	0	0	0	0	0	0	0	0	0	3	0	0	0	0	0	0	3	0	0	0	0	0	0	0	0	0	0	0
1828	5 Mar 26	15:10:00	1	0	0	0	0	0	0	0	0	0	4	0	0	0	0	0	0	0	2	0	2	0	0	0	0	0	0	4	0	0	0	0	1	0	0	0	0	0	0
1829	5 Mar 26	15:11:00	1	0	0	0	0	0	0	0	0	0	3	0	0	0	0	0	0	0	6	0	0	0	0	0	0	0	0	4	0	0	0	0	1	0	0	0	0	0	0
1830	5 Mar 26	15:12:00	1	0	0	0	0	0	0	0	0	0	3	0	0	0	0	0	0	0	0	0	0	0	0	0	0	0	0	2	0	0	0	0	0	0	0	0	0	0	0
1831	5 Mar 26	15:13:00	1	0	0	0	0	0	0	0	0	0	6	0	0	0	1	0	0	0	0	0	0	0	0	0	0	0	0	2	0	0	0	0	1	0	0	0	0	0	0
1832	5 Mar 26	15:14:00	1	0	0	0	0	0	0	0	0	0	5	0	0	0	3	7	5	0	0	0	0	0	0	0	0	0	0	4	0	0	0	0	1	0	0	0	0	0	0
1833	5 Mar 26	15:15:00	1	0	0	0	0	0	0	0	0	0	9	0	0	0	1	9	0	0	0	0	0	0	0	0	0	0	0	3	0	0	0	0	0	0	0	0	0	0	0
1834	5 Mar 26	15:16:00	1	0	0	0	0	0	0	0	0	0	4	0	0	0	0	8	2	0	0	0	0	0	0	0	0	0	0	4	0	0	0	0	0	0	0	0	0	0	0
1835	5 Mar 26	15:17:00	1	0	0	0	0	0	0	0	0	0	6	0	0	0	0	2	1	0	0	0	0	0	0	0	0	0	0	5	2	0	0	0	0	0	0	0	0	0	0
1836	5 Mar 26	15:18:00	1	0	0	0	0	0	0	0	0	0	4	0	0	0	0	1	0	0	0	0	0	0	0	1	0	0	0	4	0	0	0	0	0	0	0	0	0	0	0
1837	5 Mar 26	15:19:00	1	0	0	0	0	0	0	0	0	0	5	0	0	0	0	4	4	0	0	0	0	0	0	0	0	0	0	0	0	0	0	0	0	0	0	0	0	1	0
1838	5 Mar 26	15:20:00	1	0	0	0	0	0	0	0	0	0	5	0	0	0	4	6	3	0	0	0	0	0	0	0	0	0	0	0	0	0	0	0	0	0	0	0	0	0	0
1839	5 Mar 26	15:21:00	1	0	0	0	0	0	0	0	0	0	7	0	0	0	1	5	2	0	0	0	0	0	0	0	0	0	0	0	0	0	0	0	0	0	0	0	0	4	0
1840	5 Mar 26	15:22:00	1	0	0	0	0	0	0	0	0	0	5	0	0	0	0	7	6	0	0	0	0	0	0	0	0	0	0	0	0	0	0	0	0	0	0	0	0	0	0
1841	5 Mar 26	15:23:00	1	0	0	0	0	0	0	0	0	0	3	0	0	0	0	7	5	0	0	0	0	0	0	0	0	0	0	0	0	0	0	0	0	0	0	0	0	0	0
1842	5 Mar 26	15:24:00	1	0	0	0	0	0	0	0	0	0	4	0	0	1	0	4	0	0	0	1	0	0	0	0	0	0	0	0	0	0	0	0	0	0	0	0	0	0	0
1843	5 Mar 26	15:25:00	1	0	0	0	0	0	0	0	0	0	7	0	0	0	0	2	1	0	0	0	1	0	0	0	0	0	0	0	0	0	0	0	0	0	0	0	0	0	0
1844	5 Mar 26	15:26:00	1	0	0	0	0	0	0	0	0	0	4	0	0	0	0	0	0	0	0	0	2	0	0	0	0	0	0	0	0	0	0	0	0	0	0	0	0	0	0
1845	5 Mar 26	15:27:00	1	0	0	0	0	0	0	0	0	0	2	0	0	0	0	9	1	0	0	0	2	0	0	0	0	0	0	0	0	0	0	0	0	3	0	0	0	0	0
1846	5 Mar 26	15:28:00	1	0	0	0	0	0	0	0	0	0	7	0	0	0	3	0	0	0	2	0	2	0	0	0	0	0	0	0	0	0	0	0	0	0	0	0	0	0	0
1847	5 Mar 26	15:29:00	1	0	0	0	0	0	0	0	0	0	6	0	0	0	2	2	0	0	2	1	0	0	0	0	0	0	0	0	0	0	0	0	0	0	0	0	0	0	0
1848	5 Mar 26	15:30:00	1	0	0	0	0	0	0	0	0	0	5	0	0	0	3	6	0	0	0	0	0	0	0	1	0	0	0	0	0	0	0	0	0	0	0	0	0	0	0
1849	5 Mar 26	15:31:00	1	0	0	0	0	0	0	0	0	0	6	0	0	0	0	1	0	0	0	3	0	0	0	0	0	0	0	0	0	0	0	0	0	0	0	0	0	0	0
1850	5 Mar 26	15:32:00	1	0	0	0	0	0	0	0	0	0	2	0	0	0	2	0	0	0	1	0	0	0	0	1	0	0	0	0	0	0	0	0	0	0	0	0	0	0	0
1851	5 Mar 26	15:33:00	1	0	0	0	0	0	0	0	0	0	6	0	0	0	1	0	0	0	13	0	5	0	0	0	0	0	0	0	0	0	0	0	0	0	0	0	0	0	0
1852	5 Mar 26	15:34:00	1	0	0	0	0	0	0	0	0	0	6	0	0	0	2	3	0	0	10	5	3	0	0	0	0	0	0	0	0	0	0	0	2	0	0	0	0	0	0
1853	5 Mar 26	15:35:00	1	0	0	0	0	0	0	0	0	0	5	0	0	0	3	0	0	0	9	2	3	0	0	0	0	0	1	0	0	0	0	0	0	0	0	0	0	0	0
1854	5 Mar 26	15:36:00	1	0	0	0	0	0	0	0	0	0	5	3	0	0	0	0	0	0	0	0	0	0	0	0	0	0	0	0	0	0	0	0	0	0	0	0	0	0	0
1855	5 Mar 26	15:37:00	1	0	0	0	0	0	0	0	0	0	4	0	0	1	0	0	0	0	7	0	1	0	0	0	0	0	0	3	0	0	0	0	0	0	0	0	0	0	0
1856	5 Mar 26	15:38:00	1	0	0	0	0	0	0	0	0	0	3	3	0	2	0	0	0	0	3	4	0	0	0	0	0	0	1	0	0	0	0	0	0	0	0	0	0	0	0
1857	5 Mar 26	15:39:00	1	0	0	0	0	0	0	0	0	0	5	1	0	0	0	0	0	0	12	0	2	0	0	0	0	0	0	3	0	0	0	0	0	0	0	0	0	0	0
1858	5 Mar 26	15:40:00	1	0	0	0	0	0	0	0	2	0	6	0	0	0	3	0	0	0	19	1	3	0	0	0	0	0	0	0	0	0	0	0	1	0	0	0	0	0	0
1859	5 Mar 26	15:41:00	1	0	0	0	0	0	0	0	0	0	5	0	0	0	0	0	0	0	6	4	0	0	0	0	0	0	0	2	0	0	0	0	1	0	0	0	0	0	0
1860	5 Mar 26	15:42:00	1	0	0	0	0	0	0	0	3	1	4	0	0	0	0	0	0	0	12	3	3	0	0	0	0	0	1	6	0	0	0	0	0	0	0	0	0	0	0
1861	5 Mar 26	15:43:00	1	0	0	0	0	0	0	0	0	1	4	0	0	0	0	0	0	0	9	1	4	0	0	0	0	0	0	6	0	0	0	0	0	0	0	0	0	0	0
1862	5 Mar 26	15:44:00	1	0	0	0	0	0	0	0	0	0	6	0	0	0	0	0	0	0	0	0	2	0	0	0	0	0	0	4	0	0	0	0	0	0	0	0	0	0	0
1863	5 Mar 26	15:45:00	1	0	0	0	0	0	0	0	0	3	7	3	0	0	0	0	0	0	0	0	2	0	0	0	0	0	0	4	0	0	0	0	0	1	0	0	0	2	0
1864	5 Mar 26	15:46:00	1	0	0	0	0	0	0	0	1	9	4	2	0	2	0	0	0	0	0	0	0	0	0	0	0	0	4	0	0	0	0	0	0	2	0	0	0	4	0
1865	5 Mar 26	15:47:00	1	0	0	0	0	0	0	0	3	1	1	4	0	0	2	0	0	2	0	0	0	0	0	0	0	0	4	2	0	0	0	0	0	0	0	0	0	1	0
1866	5 Mar 26	15:48:00	1	0	0	0	0	0	0	0	0	4	4	1	0	2	0	0	0	9	7	2	0	0	0	0	0	0	0	4	0	0	0	0	0	0	0	0	0	0	0
1867	5 Mar 26	15:49:00	1	0	0	0	0	0	0	0	1	10	4	3	0	6	2	0	0	7	2	2	0	0	0	0	0	0	0	4	0	0	0	0	0	0	0	0	0	0	0
1868	5 Mar 26	15:50:00	1	0	0	0	0	0	0	0	1	6	2	0	0	3	0	0	0	5	27	0	0	0	0	0	0	0	0	3	0	0	0	0	0	0	0	0	0	0	0
1869	5 Mar 26	15:51:00	1	0	0	0	0	0	0	0	0	3	0	3	0	4	2	0	0	5	22	4	0	0	0	0	0	0	0	7	0	0	0	0	0	0	0	0	0	0	0
1870	5 Mar 26	15:52:00	1	0	0	0	0	0	0	0	1	6	0	0	0	0	2	0	4	1	0	0	0	0	0	0	0	0	0	2	0	0	0	0	0	0	0	0	0	1	0
1871	5 Mar 26	15:53:00	1	0	0	0	0	0	0	0	0	2	1	0	3	3	2	0	1	4	0	12	0	0	0	0	0	0	0	6	0	0	0	0	0	0	0	0	0	0	0
1872	5 Mar 26	15:54:00	1	0	0	0	0	0	0	0	0	3	0	0	0	1	0	0	3	1	0	2	0	0	0	0	0	0	0	3	0	0	0	0	0	0	0	0	0	0	0
1873	5 Mar 26	15:55:00	1	0	0	0	0	0	0	0	0	1	0	0	0	2	2	0	0	2	0	0	0	0	0	0	0	0	0	6	0	0	0	0	2	0	0	0	0	0	0
1874	5 Mar 26	15:56:00	1	0	0	0	0	0	0	0	1	3	0	0	0	0	2	0	4	0	0	0	0	0	0	0	0	0	0	5	0	0	0	0	0	0	0	0	0	0	0
1875	5 Mar 26	15:57:00	1	0	0	0	0	0	0	0	1	2	0	0	0	0	0	0	3	3	0	0	0	0	0	0	0	0	1	4	0	0	0	0	0	0	0	0	0	0	0
1876	5 Mar 26	15:58:00	1	0	0	0	0	0	0	0	0	0	0	0	0	0	2	0	0	1	0	1	0	0	0	0	0	0	2	4	0	0	0	0	0	0	0	0	0	0	0
1877	5 Mar 26	15:59:00	1	0	0	0	0	0	0	0	0	0	0	0	0	0	1	0	2	0	0	3	0	0	0	0	0	0	0	2	0	0	0	0	0	0	0	0	0	0	0
1878	5 Mar 26	16:00:00	1	0	0	0	0	0	0	0	0	10	0	0	0	0	1	0	4	3	0	3	0	0	0	0	0	0	0	4	0	0	0	0	0	0	0	0	0	0	0
1879	5 Mar 26	16:01:00	1	0	0	0	0	0	0	0	0	1	0	0	0	0	1	0	2	0	0	0	0	0	0	0	0	0	0	0	0	0	0	0	0	0	0	0	0	0	0
1880	5 Mar 26	16:02:00	1	0	0	0	0	0	0	0	0	3	0	0	0	0	4	0	0	0	0	0	0	0	0	0	0	0	0	2	0	0	0	0	5	0	0	0	0	0	0
1881	5 Mar 26	16:03:00	1	0	0	0	0	0	0	0	0	3	0	0	0	0	4	0	0	0	1	6	2	0	0	0	0	0	0	6	0	0	0	0	7	0	0	0	0	0	0
1882	5 Mar 26	16:04:00	1	0	0	0	0	0	0	0	0	3	0	0	0	0	2	0	3	0	1	1	1	0	0	0	0	0	0	3	0	0	0	0	0	0	0	0	0	0	0
1883	5 Mar 26	16:05:00	1	0	0	0	0	0	0	0	0	0	0	0	0	0	2	0	2	0	0	0	0	0	0	0	0	0	0	1	0	0	0	0	13	0	0	0	0	0	0
1884	5 Mar 26	16:06:00	1	0	0	0	0	0	0	0	0	0	0	0	0	0	0	0	3	0	0	0	0	0	0	0	0	0	0	0	0	0	0	0	25	0	0	0	0	0	0
1885	5 Mar 26	16:07:00	1	0	0	0	0	0	0	0	0	0	0	0	0	0	0	0	4	0	0	0	0	0	0	0	0	0	0	0	0	0	0	0	6	0	0	0	1	0	0
1886	5 Mar 26	16:08:00	1	0	0	0	0	0	0	0	0	0	0	0	0	0	0	0	2	0	0	0	0	0	0	0	0	0	0	0	0	0	0	0	3	0	0	0	4	0	0
1887	5 Mar 26	16:09:00	1	0	0	0	0	0	0	0	0	4	0	0	0	1	0	0	1	0	0	0	0	0	0	0	0	0	0	0	0	0	0	0	0	0	0	0	7	0	0
1888	5 Mar 26	16:10:00	1	0	0	0	0	0	0	0	0	1	0	0	0	0	0	0	4	0	0	0	0	0	0	0	0	0	0	0	0	0	0	0	0	0	0	0	0	0	0
1889	5 Mar 26	16:11:00	1	0	0	0	0	0	0	0	0	0	0	0	0	0	0	0	0	0	0	3	0	0	0	0	0	0	0	0	0	0	0	0	0	0	0	0	4	4	0
1890	5 Mar 26	16:12:00	1	0	0	0	0	0	0	0	0	1	0	0	0	0	1	0	0	0	0	0	0	0	0	0	0	0	0	0	0	0	0	0	0	0	0	0	1	0	0
1891	5 Mar 26	16:13:00	1	0	0	0	0	0	0	0	0	0	0	0	0	0	3	0	0	0	0	0	0	0	0	2	0	0	0	0	0	0	0	0	0	0	0	0	0	0	0
1892	5 Mar 26	16:14:00	1	0	0	0	0	0	0	0	0	0	0	0	0	0	0	0	0	0	0	0	0	0	0	0	0	0	0	0	0	0	0	0	0	0	0	0	3	0	0
1893	5 Mar 26	16:15:00	1	0	0	0	0	0	0	0	0	0	0	0	0	2	0	0	0	0	0	3	0	0	0	0	0	0	0	0	0	0	0	0	0	0	0	0	0	0	0
1894	5 Mar 26	16:16:00	1	0	0	0	0	0	0	0	0	0	0	0	0	0	0	0	0	0	0	1	0	0	0	0	0	0	0	0	0	0	0	0	0	0	0	0	3	0	0
1895	5 Mar 26	16:17:00	1	0	0	0	0	0	0	0	0	0	0	0	0	0	0	0	0	0	0	4	9	0	0	0	0	0	0	0	0	0	0	0	0	0	0	0	0	2	0
1896	5 Mar 26	16:18:00	1	0	0	0	0	0	0	0	0	1	0	0	0	0	0	0	0	0	0	0	3	0	0	0	0	0	0	0	0	0	0	0	0	0	0	0	0	0	0
1897	5 Mar 26	16:19:00	1	0	0	0	0	0	0	0	0	0	0	0	0	0	0	0	0	0	0	3	2	0	0	0	0	0	0	0	0	0	0	0	0	0	0	0	0	0	0
1898	5 Mar 26	16:20:00	1	0	0	0	0	0	0	0	0	0	0	0	0	0	0	0	0	0	0	7	3	0	0	0	0	0	0	0	0	0	0	0	0	0	0	0	0	0	0
1899	5 Mar 26	16:21:00	1	0	0	0	0	0	0	0	0	0	0	0	0	0	0	0	0	0	0	0	2	0	0	2	0	0	0	0	0	0	0	0	0	0	0	0	0	0	0
1900	5 Mar 26	16:22:00	1	0	0	0	0	0	0	0	0	0	0	0	0	2	0	0	2	0	0	0	7	0	0	0	0	0	0	0	0	0	0	0	0	0	0	0	0	0	0
1901	5 Mar 26	16:23:00	1	0	0	0	0	0	0	0	0	8	0	0	0	0	2	0	5	0	0	0	0	0	0	0	0	0	0	0	0	0	0	0	0	0	0	0	0	0	0
1902	5 Mar 26	16:24:00	1	0	0	0	0	0	0	0	0	2	0	0	0	0	2	0	7	0	0	0	1	0	0	0	0	0	0	0	0	0	0	0	0	0	0	0	0	0	0
1903	5 Mar 26	16:25:00	1	0	0	0	0	0	0	0	0	1	0	0	0	0	3	0	3	0	0	3	2	0	0	0	0	0	0	0	0	0	0	0	0	0	0	0	0	0	0
1904	5 Mar 26	16:26:00	1	0	0	0	0	0	0	0	0	0	0	0	0	0	0	0	5	0	0	3	0	0	0	0	0	0	0	0	0	0	0	0	0	0	0	0	0	0	0
1905	5 Mar 26	16:27:00	1	0	0	0	0	0	0	0	0	0	0	0	0	0	0	0	4	0	0	2	0	0	0	0	0	0	0	0	0	0	0	0	0	0	0	0	0	0	0
1906	5 Mar 26	16:28:00	1	0	0	0	0	0	0	0	0	0	0	0	0	0	0	0	2	0	0	2	4	0	0	0	0	0	0	0	0	0	0	0	0	0	0	0	0	0	0
1907	5 Mar 26	16:29:00	1	0	0	0	0	0	0	0	0	0	0	0	0	0	0	0	5	0	0	1	0	0	0	0	0	0	0	0	0	0	0	0	0	0	0	0	0	0	0
1908	5 Mar 26	16:30:00	1	0	0	0	0	0	0	0	0	0	0	0	0	0	3	0	1	0	0	5	2	0	0	0	0	0	0	0	0	0	0	0	0	0	0	0	0	0	0
1909	5 Mar 26	16:31:00	1	0	0	0	0	0	0	0	0	1	0	0	0	0	4	0	1	0	0	8	2	0	0	0	0	0	0	0	0	0	0	0	0	0	0	0	0	0	0
1910	5 Mar 26	16:32:00	1	0	0	0	0	0	0	0	0	0	0	0	0	0	0	0	2	0	0	0	1	0	0	0	0	0	0	0	0	0	0	0	0	0	0	0	0	0	0
1911	5 Mar 26	16:33:00	1	0	0	0	0	0	0	0	0	0	0	0	0	0	0	0	0	0	0	3	1	0	0	21	0	0	0	0	0	0	0	0	0	0	0	0	0	0	0
1912	5 Mar 26	16:34:00	1	0	0	0	0	0	0	0	0	0	0	0	0	0	2	0	1	0	0	0	1	0	0	2	0	0	0	0	0	0	0	0	0	0	0	0	0	0	0
1913	5 Mar 26	16:35:00	1	0	0	0	0	0	0	0	0	0	0	0	0	0	0	0	4	0	0	0	0	0	0	0	0	0	0	0	0	0	0	0	0	0	0	0	0	0	0
1914	5 Mar 26	16:36:00	1	0	0	0	0	0	0	0	0	0	0	0	0	0	0	0	4	2	0	3	0	0	0	0	0	0	0	0	0	0	0	0	3	0	0	0	0	0	0
1915	5 Mar 26	16:37:00	1	0	0	0	0	0	0	0	0	0	0	0	0	0	0	0	0	0	0	8	0	0	0	0	0	0	0	0	0	0	0	0	0	0	0	0	0	0	0
1916	5 Mar 26	16:38:00	1	0	0	0	0	0	0	0	0	0	0	0	0	0	0	0	0	2	0	4	0	0	5	0	0	0	0	0	0	0	0	0	0	0	0	0	0	0	0
1917	5 Mar 26	16:39:00	1	0	0	0	0	0	0	0	0	1	0	0	0	0	0	0	0	8	0	0	0	0	3	0	0	0	0	0	0	0	0	0	0	0	0	0	0	0	0
1918	5 Mar 26	16:40:00	1	0	0	0	0	0	0	0	0	0	0	0	0	0	0	0	0	8	0	0	0	0	0	0	0	0	0	0	0	0	0	0	0	0	0	0	0	0	0
1919	5 Mar 26	16:41:00	1	0	0	0	0	0	0	0	0	0	0	0	0	0	0	0	0	1	0	0	0	0	0	1	0	3	0	0	0	0	0	0	0	0	0	0	0	0	0
1920	5 Mar 26	16:42:00	1	0	0	0	0	0	0	0	0	0	0	0	0	0	0	0	0	4	0	0	0	0	0	0	0	1	0	0	0	0	0	0	0	0	0	0	0	0	0
1921	5 Mar 26	16:43:00	1	0	0	0	0	0	0	0	0	0	0	0	0	0	0	0	0	2	0	0	0	0	0	4	0	2	0	0	0	0	0	0	0	3	0	0	0	0	0
1922	5 Mar 26	16:44:00	1	0	0	0	0	0	0	0	0	0	0	0	0	0	0	0	0	0	0	3	0	0	0	0	0	1	0	0	0	0	0	0	0	0	0	0	0	0	0
1923	5 Mar 26	16:45:00	1	0	0	0	0	0	0	0	0	0	0	0	0	0	0	0	0	1	0	0	0	0	1	0	0	0	0	0	0	0	0	0	0	0	0	0	0	0	0
1924	5 Mar 26	16:46:00	1	0	0	0	0	0	0	0	0	0	0	0	0	0	0	0	0	0	0	2	0	0	4	0	0	0	0	0	0	0	0	0	0	0	0	0	0	1	0
1925	5 Mar 26	16:47:00	1	0	0	0	0	0	0	0	0	3	0	0	0	0	0	0	1	0	0	0	0	0	7	0	0	0	0	0	0	0	0	0	0	0	0	0	0	2	0
1926	5 Mar 26	16:48:00	1	0	0	0	0	0	0	0	0	10	0	0	0	5	0	0	3	0	0	0	0	0	0	0	0	0	0	0	0	0	0	0	0	0	0	0	0	0	0
1927	5 Mar 26	16:49:00	1	0	0	0	0	0	0	0	0	1	0	0	0	2	0	0	6	0	0	7	0	0	0	0	0	0	0	0	0	0	0	0	0	0	0	0	0	0	0
1928	5 Mar 26	16:50:00	1	0	0	0	0	0	0	0	0	0	0	0	0	0	0	0	2	1	0	4	0	0	0	0	0	0	0	0	0	0	0	0	0	0	0	0	0	0	0
1929	5 Mar 26	16:51:00	1	0	0	0	0	0	0	0	0	0	0	0	0	5	0	0	3	0	0	3	0	0	2	0	0	0	0	0	0	0	0	0	0	0	0	0	0	0	0
1930	5 Mar 26	16:52:00	1	0	0	0	0	0	0	0	0	1	0	0	0	3	0	0	6	0	0	0	0	0	1	0	0	0	0	0	0	0	0	0	0	0	0	0	0	0	0
1931	5 Mar 26	16:53:00	1	0	0	0	0	0	0	0	0	0	0	0	0	3	0	0	4	0	0	0	0	0	0	0	0	0	0	0	0	0	0	0	0	0	0	0	0	4	0
1932	5 Mar 26	16:54:00	1	0	0	0	0	0	0	0	0	0	0	0	0	1	0	0	5	0	0	0	0	0	0	0	0	0	0	0	0	0	0	0	0	0	0	0	0	0	0
1933	5 Mar 26	16:55:00	1	0	0	0	0	0	0	0	0	3	0	0	0	4	0	0	2	0	0	0	0	0	0	0	0	0	0	0	0	0	0	0	0	0	0	0	0	1	0
1934	5 Mar 26	16:56:00	1	0	0	0	0	0	0	0	0	0	0	0	0	2	0	0	0	0	0	0	0	0	0	0	0	0	0	0	0	0	0	0	0	0	0	0	0	0	0
1935	5 Mar 26	16:57:00	1	0	0	0	0	0	0	0	0	0	0	0	0	0	0	0	0	0	0	0	0	0	0	0	0	0	0	0	0	0	0	0	0	0	0	0	0	0	0
1936	5 Mar 26	16:58:00	1	0	0	0	0	0	0	0	0	9	0	0	0	4	0	0	0	0	0	0	0	0	0	0	0	0	0	0	0	0	0	0	0	0	0	0	0	0	0
1937	5 Mar 26	16:59:00	1	0	0	0	0	0	0	0	0	0	0	0	0	1	0	0	0	0	0	0	0	0	0	0	0	0	0	0	0	0	0	0	0	0	0	0	0	0	0
1938	5 Mar 26	17:00:00	1	0	0	0	0	0	0	0	0	0	0	0	0	3	0	0	0	0	0	0	0	3	0	0	0	0	0	0	0	0	0	0	0	0	0	0	0	0	0
1939	5 Mar 26	17:01:00	1	0	0	0	0	0	0	0	0	0	0	0	0	0	0	0	0	0	0	0	0	0	0	0	0	0	0	0	0	0	0	0	0	0	0	0	0	0	0
1940	5 Mar 26	17:02:00	1	0	0	0	0	0	0	0	0	0	0	0	0	4	0	0	0	2	0	0	0	0	0	0	0	0	0	0	0	0	0	0	0	0	0	0	0	0	0
1941	5 Mar 26	17:03:00	1	0	0	0	0	0	0	0	0	0	0	0	0	3	0	0	0	2	0	0	0	2	0	0	0	0	0	0	0	0	0	0	0	0	0	0	0	4	0
1942	5 Mar 26	17:04:00	1	0	0	0	0	0	0	0	0	0	0	0	0	1	0	0	0	0	0	0	0	1	0	0	0	0	0	0	0	0	0	0	0	0	0	0	0	1	0
1943	5 Mar 26	17:05:00	1	0	0	0	0	0	0	0	0	0	0	0	0	0	0	0	0	0	0	0	0	1	0	0	0	0	0	0	0	0	0	0	0	0	0	0	0	0	0
1944	5 Mar 26	17:06:00	1	0	0	0	0	0	0	0	0	0	0	0	0	0	0	0	0	0	0	0	0	2	0	0	0	0	0	4	0	0	0	0	0	0	0	0	0	0	0
1945	5 Mar 26	17:07:00	1	0	0	0	0	0	0	0	1	0	0	0	0	0	0	0	0	0	0	0	1	3	0	0	0	0	0	0	0	0	0	0	0	0	0	0	0	1	0
1946	5 Mar 26	17:08:00	1	0	0	0	0	0	0	0	2	0	0	0	0	0	0	0	0	0	0	4	2	0	0	0	0	0	0	5	0	0	0	0	0	0	0	0	0	0	0
1947	5 Mar 26	17:09:00	1	0	0	0	0	0	0	0	2	0	0	0	0	0	0	0	0	0	0	1	3	0	0	0	0	0	0	6	0	0	0	0	0	0	0	0	0	0	0
1948	5 Mar 26	17:10:00	1	0	0	0	0	0	0	0	0	0	0	0	0	0	0	0	0	1	0	5	2	0	0	0	0	0	0	3	0	0	0	0	0	0	0	0	0	0	0
1949	5 Mar 26	17:11:00	1	0	0	0	0	0	0	0	0	0	0	0	0	0	0	0	0	0	0	2	3	0	0	0	0	0	0	5	0	0	0	0	0	0	0	0	0	0	0
1950	5 Mar 26	17:12:00	1	0	0	0	0	0	0	0	2	5	0	0	0	0	0	0	0	0	0	0	1	0	0	0	0	0	0	7	0	0	0	0	0	0	0	0	0	0	0
1951	5 Mar 26	17:13:00	1	0	0	0	0	0	0	0	2	12	0	1	0	0	0	0	0	0	0	0	0	0	0	0	0	0	0	3	0	0	0	0	0	0	0	0	0	0	0
1952	5 Mar 26	17:14:00	1	0	0	0	0	0	0	0	1	7	0	0	0	0	0	0	0	0	0	0	4	0	0	0	0	0	0	3	0	0	0	0	0	0	0	0	0	1	0
1953	5 Mar 26	17:15:00	1	0	0	0	0	0	0	0	2	3	0	2	0	0	0	0	0	0	0	0	7	0	0	0	0	0	0	8	0	0	0	0	0	0	0	0	0	0	0
1954	5 Mar 26	17:16:00	1	0	0	0	0	0	0	0	1	6	0	2	0	0	0	0	0	0	0	0	0	0	0	0	0	0	0	2	0	0	0	0	0	0	0	0	0	0	0
1955	5 Mar 26	17:17:00	1	0	0	0	0	0	0	0	1	3	0	10	0	2	0	0	0	0	0	0	6	0	0	0	0	0	0	3	0	0	0	0	0	0	0	0	0	0	0
1956	5 Mar 26	17:18:00	1	0	0	0	0	0	0	0	0	6	0	0	0	1	0	0	0	0	0	0	2	0	0	0	0	0	0	5	0	0	0	0	0	0	0	0	0	0	0
1957	5 Mar 26	17:19:00	1	0	0	0	0	0	0	0	0	6	0	0	0	0	0	0	4	0	0	0	2	2	2	0	0	0	0	2	0	0	0	0	0	0	0	0	0	0	0
1958	5 Mar 26	17:20:00	1	0	0	0	0	0	0	0	0	2	0	4	0	0	0	0	0	0	0	5	2	7	0	0	2	0	0	0	0	0	0	0	0	0	0	0	0	1	0
1959	5 Mar 26	17:21:00	1	0	0	0	0	0	0	0	5	2	0	8	0	3	0	0	2	0	0	1	0	1	0	0	0	0	0	3	0	0	0	0	0	0	0	0	0	0	0
1960	5 Mar 26	17:22:00	1	0	0	0	0	0	0	0	4	3	0	4	0	3	0	0	0	0	0	5	0	0	0	0	0	0	0	2	0	0	0	0	0	0	0	0	0	2	0
1961	5 Mar 26	17:23:00	1	0	0	0	0	0	0	0	0	1	0	0	0	3	0	0	0	0	0	7	0	0	4	0	0	0	0	2	0	0	0	0	0	0	0	0	0	0	0
1962	5 Mar 26	17:24:00	1	0	0	0	0	0	0	0	0	2	0	1	0	5	0	4	0	0	0	4	0	0	0	0	0	0	0	3	0	0	0	0	0	0	0	0	0	0	0
1963	5 Mar 26	17:25:00	1	0	0	0	0	0	0	0	0	2	0	2	0	0	0	6	0	0	0	2	0	0	0	0	0	0	0	3	0	0	0	0	0	0	0	0	0	0	0
1964	5 Mar 26	17:26:00	1	0	0	0	0	0	0	0	3	2	0	1	0	2	0	8	0	0	0	0	0	0	0	0	0	0	0	2	0	0	0	0	0	0	0	0	0	0	0
1965	5 Mar 26	17:27:00	1	0	0	0	0	0	0	0	0	0	0	4	0	0	0	6	0	0	0	0	0	0	0	0	0	0	0	2	0	0	0	0	0	0	0	0	0	0	0
1966	5 Mar 26	17:28:00	1	0	0	0	0	0	0	0	0	1	0	3	0	0	0	6	0	0	0	0	0	0	2	0	0	0	0	0	0	0	0	0	0	0	0	0	0	0	0
1967	5 Mar 26	17:29:00	1	0	0	0	0	0	0	0	0	2	0	0	0	0	0	11	0	0	0	0	0	0	0	0	0	0	0	0	0	0	0	0	0	0	0	0	0	1	0
1968	5 Mar 26	17:30:00	1	0	0	0	0	0	0	0	0	0	0	0	0	0	0	4	0	0	0	0	0	0	1	0	0	0	0	0	0	0	0	0	0	0	0	0	0	0	0
1969	5 Mar 26	17:31:00	1	0	0	0	0	0	0	0	0	13	0	0	0	0	0	9	0	0	0	0	0	0	3	0	0	0	0	0	0	0	0	0	0	0	0	0	0	0	0
1970	5 Mar 26	17:32:00	1	0	0	0	0	0	0	0	0	4	0	0	0	0	0	8	0	0	0	0	0	0	1	0	0	0	0	0	0	0	0	0	0	0	0	0	0	0	0
1971	5 Mar 26	17:33:00	1	0	0	0	0	0	0	0	0	2	0	0	0	0	0	5	0	0	0	0	0	0	0	0	0	0	0	0	0	0	0	0	0	0	0	0	0	0	0
1972	5 Mar 26	17:34:00	1	0	0	0	0	0	0	0	0	0	0	0	0	0	0	2	0	0	0	0	0	0	2	0	0	0	0	0	0	0	0	0	0	0	0	0	0	0	0
1973	5 Mar 26	17:35:00	1	0	0	0	0	0	0	0	0	0	0	0	0	0	0	12	3	0	0	0	0	0	0	0	0	0	0	0	0	0	0	0	0	0	0	0	0	0	0
1974	5 Mar 26	17:36:00	1	0	0	0	0	0	0	0	0	3	0	0	0	0	0	2	4	0	0	0	0	0	0	0	0	0	0	0	0	0	0	0	0	0	0	0	0	3	0
1975	5 Mar 26	17:37:00	1	0	0	0	0	0	0	0	0	2	0	0	0	0	0	4	2	0	0	0	0	0	0	0	0	0	0	0	0	0	0	0	0	0	0	0	0	0	0
1976	5 Mar 26	17:38:00	1	0	0	0	0	0	0	0	0	0	0	0	0	0	0	7	2	0	0	0	0	0	0	0	0	0	0	0	0	0	0	0	0	0	0	0	0	0	0
1977	5 Mar 26	17:39:00	1	0	0	0	0	0	0	0	0	0	0	0	0	0	0	4	1	0	0	0	0	0	0	0	0	0	0	0	0	0	0	0	0	2	0	0	0	0	0
1978	5 Mar 26	17:40:00	1	0	0	0	0	0	0	0	0	0	0	0	0	0	0	4	6	0	0	0	0	0	0	0	0	0	0	0	0	0	0	0	0	0	0	0	0	0	0
1979	5 Mar 26	17:41:00	1	0	0	0	0	0	0	0	0	0	0	0	0	0	0	6	1	0	0	0	0	0	0	0	0	0	0	0	0	0	0	0	0	0	0	0	0	0	0
1980	5 Mar 26	17:42:00	1	0	0	0	0	0	0	0	0	0	0	0	0	0	0	6	0	0	0	0	0	0	4	0	0	0	0	0	0	0	0	0	0	0	0	0	0	0	0
1981	5 Mar 26	17:43:00	1	0	0	0	0	0	0	0	0	0	0	0	0	0	0	6	2	0	0	3	0	0	0	0	0	0	0	0	0	0	0	0	0	0	0	0	0	0	0
1982	5 Mar 26	17:44:00	1	0	0	0	0	0	0	0	0	0	0	0	0	0	0	8	1	0	0	1	0	0	0	0	0	0	0	0	0	0	0	0	0	0	0	0	0	0	0
1983	5 Mar 26	17:45:00	1	0	0	0	0	0	0	0	0	0	0	0	0	0	0	8	6	0	0	4	0	0	0	0	0	0	0	0	0	0	0	0	0	0	0	0	0	0	0
1984	5 Mar 26	17:46:00	1	0	0	0	0	0	0	0	0	0	0	2	0	0	0	6	2	2	0	1	0	0	0	0	0	0	0	0	0	0	0	0	0	0	0	0	0	0	0
1985	5 Mar 26	17:47:00	1	0	0	0	0	0	0	0	0	0	0	3	0	0	0	2	3	2	0	4	0	0	0	0	0	0	0	0	0	0	0	0	0	0	0	0	0	1	0
1986	5 Mar 26	17:48:00	1	0	0	0	0	0	0	0	0	0	0	0	0	0	0	4	3	3	0	2	0	0	3	0	0	0	0	0	0	0	0	0	0	0	0	0	0	0	0
1987	5 Mar 26	17:49:00	1	0	0	0	0	0	0	0	0	0	0	0	0	0	0	3	7	4	0	2	0	0	0	0	0	0	0	0	0	0	0	0	0	0	0	0	0	1	0
1988	5 Mar 26	17:50:00	1	0	0	0	0	0	0	0	0	0	0	0	0	0	0	5	3	3	0	0	0	0	0	0	0	0	0	0	0	0	0	0	0	0	0	0	0	0	0
1989	5 Mar 26	17:51:00	1	0	0	0	0	0	0	0	0	0	0	0	0	0	0	4	3	3	0	0	0	0	2	0	0	0	0	0	0	0	0	0	0	0	0	0	0	4	0
1990	5 Mar 26	17:52:00	1	0	0	0	0	0	0	0	0	0	0	0	0	0	0	1	1	0	4	0	0	0	0	0	0	0	0	0	0	0	0	0	0	0	0	0	0	2	0
1991	5 Mar 26	17:53:00	1	0	0	0	0	0	0	0	0	0	0	0	0	0	0	4	0	0	0	0	0	0	0	0	0	0	0	0	0	0	0	0	0	0	0	0	0	0	0
1992	5 Mar 26	17:54:00	1	0	0	0	0	0	0	0	0	0	0	0	0	0	0	1	0	0	0	0	0	0	4	0	0	0	0	0	0	0	0	0	0	0	0	0	0	0	0
1993	5 Mar 26	17:55:00	1	0	0	0	0	0	0	0	0	0	0	3	0	0	0	0	4	5	0	0	0	0	1	0	0	0	0	0	0	0	0	0	0	0	0	0	0	0	0
1994	5 Mar 26	17:56:00	1	0	0	0	0	0	0	0	0	0	0	0	0	0	0	6	0	6	0	0	0	0	4	0	0	0	0	0	0	0	0	0	0	0	0	0	0	0	0
1995	5 Mar 26	17:57:00	1	0	0	0	0	0	0	0	0	0	0	0	0	0	0	4	0	6	0	0	0	0	2	0	0	0	0	0	0	0	0	0	0	0	1	0	0	0	0
1996	5 Mar 26	17:58:00	1	0	0	0	0	0	0	0	0	0	0	8	0	0	0	0	0	5	0	0	0	0	0	0	0	0	0	0	0	0	0	0	0	0	0	0	0	0	0
1997	5 Mar 26	17:59:00	1	0	0	0	0	0	0	0	0	0	0	3	0	0	0	0	0	1	0	0	0	0	2	0	0	2	0	0	0	0	0	0	0	0	0	0	0	0	0
1998	5 Mar 26	18:00:00	1	0	0	0	0	0	0	0	0	0	0	1	0	0	0	13	4	4	0	0	0	0	1	0	0	4	0	0	0	0	0	0	0	0	0	0	0	0	0
1999	5 Mar 26	18:01:00	1	0	0	0	0	0	0	0	0	0	0	0	0	0	0	0	5	5	0	0	0	0	1	0	0	0	0	0	0	0	0	0	0	0	0	0	0	0	0
2000	5 Mar 26	18:02:00	1	0	0	0	0	0	0	0	0	0	0	0	0	0	0	0	2	0	0	0	0	0	0	0	0	0	0	0	0	0	0	0	0	0	0	0	0	0	0
2001	5 Mar 26	18:03:00	1	0	0	0	0	0	0	0	0	0	0	0	0	0	0	0	4	1	0	0	0	0	2	0	0	0	0	0	0	0	0	0	0	0	0	0	0	0	0
2002	5 Mar 26	18:04:00	1	0	0	0	0	0	0	0	0	4	0	0	0	0	0	0	4	5	0	0	0	0	2	0	0	0	0	0	0	0	0	1	0	0	0	0	0	0	0
2003	5 Mar 26	18:05:00	1	0	0	0	0	0	0	0	0	0	0	0	0	0	0	2	3	3	0	0	0	0	8	0	0	0	0	0	0	0	0	1	0	0	0	0	0	1	0
2004	5 Mar 26	18:06:00	1	0	0	0	0	0	0	0	0	0	0	0	0	0	0	3	2	5	0	0	0	0	2	0	0	0	0	0	0	0	0	0	0	0	0	0	0	6	0
2005	5 Mar 26	18:07:00	1	0	0	0	0	0	0	0	0	0	0	0	0	0	0	4	2	0	0	0	0	0	3	0	0	0	0	0	0	0	0	0	0	0	0	0	0	4	0
2006	5 Mar 26	18:08:00	1	0	0	0	0	0	0	0	0	0	0	0	0	0	0	1	0	2	0	0	0	0	4	0	0	0	0	0	0	0	0	0	0	0	0	0	0	0	0
2007	5 Mar 26	18:09:00	1	0	0	0	0	0	0	1	0	0	0	0	0	0	0	0	0	0	0	0	0	0	3	0	0	0	0	0	0	0	0	0	0	0	0	0	0	0	0
2008	5 Mar 26	18:10:00	1	0	0	0	0	0	0	4	0	0	0	0	0	0	0	1	0	1	0	0	0	0	2	0	0	0	0	0	0	0	0	0	0	0	0	0	0	0	0
2009	5 Mar 26	18:11:00	1	0	0	0	0	0	0	2	0	0	0	0	0	0	0	0	0	5	0	0	2	0	1	0	0	0	0	0	0	0	0	0	0	0	0	0	0	0	0
2010	5 Mar 26	18:12:00	1	0	0	0	0	0	0	5	0	0	0	0	0	0	0	0	5	2	0	0	2	0	0	0	0	0	0	0	0	0	0	0	0	0	0	0	0	0	0
2011	5 Mar 26	18:13:00	1	0	0	0	0	0	0	3	0	0	0	0	0	0	0	0	4	0	0	0	2	0	0	0	0	0	0	0	0	0	0	0	0	0	0	0	0	0	0
2012	5 Mar 26	18:14:00	1	0	0	0	0	0	0	4	0	0	0	0	0	1	0	0	3	4	0	8	2	0	2	0	0	0	0	0	0	0	0	0	0	0	0	0	0	0	0
2013	5 Mar 26	18:15:00	1	0	0	0	0	0	0	6	0	0	0	0	0	1	0	0	1	4	0	1	2	0	4	0	0	0	0	0	0	0	0	0	0	0	0	0	0	0	0
2014	5 Mar 26	18:16:00	1	0	0	0	0	0	0	0	0	0	0	0	0	1	0	0	5	2	0	1	0	0	4	1	0	0	0	0	0	0	0	0	0	0	0	0	0	0	0
2015	5 Mar 26	18:17:00	1	0	0	0	0	0	0	3	0	0	0	0	0	0	0	0	0	1	0	5	2	0	2	2	0	0	0	0	0	0	0	0	0	0	0	0	0	0	0
2016	5 Mar 26	18:18:00	1	0	0	0	0	0	0	6	0	0	0	0	0	0	0	0	0	4	0	4	0	0	0	1	0	0	0	0	0	0	0	0	0	0	0	0	0	0	0
2017	5 Mar 26	18:19:00	1	0	0	0	0	0	0	6	0	0	0	0	0	0	0	0	3	1	0	3	1	0	1	5	0	0	0	0	0	0	0	0	0	0	0	0	0	0	0
2018	5 Mar 26	18:20:00	1	0	0	0	0	0	0	6	0	0	0	0	0	0	0	0	3	0	0	1	3	0	1	10	0	0	0	0	0	0	0	0	0	0	5	0	0	0	0
2019	5 Mar 26	18:21:00	1	0	0	0	0	0	0	1	0	5	0	6	0	0	0	0	3	3	0	11	0	0	2	2	0	0	0	0	0	0	0	0	0	0	1	0	0	1	0
2020	5 Mar 26	18:22:00	1	0	0	0	0	0	0	4	0	6	0	1	0	0	0	0	0	3	0	2	5	0	2	5	0	0	0	0	0	0	0	0	0	0	0	0	0	0	0
2021	5 Mar 26	18:23:00	1	0	0	0	0	0	0	8	0	6	0	0	0	0	0	0	1	2	0	5	0	0	3	1	0	0	1	0	0	0	0	0	0	0	0	0	0	2	0
2022	5 Mar 26	18:24:00	1	0	0	0	0	0	0	6	0	1	0	0	0	0	0	0	4	3	0	7	1	0	3	2	0	0	10	0	0	0	0	0	0	0	0	0	0	4	0
2023	5 Mar 26	18:25:00	1	0	0	0	0	0	0	4	0	3	0	0	0	0	0	0	2	3	0	1	1	0	2	1	0	0	2	0	0	0	0	0	0	0	0	0	0	4	0
2024	5 Mar 26	18:26:00	1	0	0	0	0	0	0	2	0	2	0	0	0	0	0	0	5	4	0	1	2	0	2	0	0	0	0	0	0	0	0	0	2	0	0	0	0	3	0
2025	5 Mar 26	18:27:00	1	0	0	0	0	0	0	5	0	0	0	0	0	0	0	0	7	6	0	6	0	0	5	0	0	0	0	0	0	0	0	0	0	0	0	0	0	5	0
2026	5 Mar 26	18:28:00	1	0	0	0	0	0	0	6	0	0	0	0	0	0	0	0	1	3	0	0	1	0	2	0	0	0	0	0	0	0	0	0	0	0	0	0	0	2	0
2027	5 Mar 26	18:29:00	1	0	0	0	0	0	0	4	0	0	0	0	0	0	0	0	3	3	0	0	2	0	4	0	0	0	4	0	0	0	0	0	0	0	0	0	0	3	0
2028	5 Mar 26	18:30:00	1	0	0	0	0	0	0	7	0	0	0	0	0	0	0	0	1	3	0	1	4	0	4	0	0	0	4	0	0	0	0	0	0	0	0	0	0	1	0
2029	5 Mar 26	18:31:00	1	0	0	0	0	0	0	6	0	0	0	1	0	0	0	0	3	4	0	3	4	0	1	0	0	0	0	0	0	0	0	0	2	0	0	0	0	4	0
2030	5 Mar 26	18:32:00	1	0	0	0	0	0	0	3	0	0	0	1	0	0	0	0	1	0	0	0	2	0	2	0	0	0	0	0	0	0	0	0	1	0	0	0	0	5	0
2031	5 Mar 26	18:33:00	1	0	0	0	0	0	0	3	0	0	0	0	0	0	0	0	1	0	0	0	0	0	0	0	0	0	0	0	0	0	0	0	0	0	0	0	0	6	0
2032	5 Mar 26	18:34:00	1	0	0	0	0	0	0	4	0	0	0	0	0	0	0	0	0	2	0	0	0	0	0	0	0	0	1	0	0	0	0	0	4	0	0	0	0	6	0
2033	5 Mar 26	18:35:00	1	0	0	0	0	0	0	2	0	0	0	0	0	0	0	0	0	1	0	0	0	0	0	0	0	0	0	0	0	0	0	0	0	0	0	0	0	5	0
2034	5 Mar 26	18:36:00	1	0	0	0	0	0	0	6	0	0	0	0	0	0	0	0	0	0	0	0	0	0	4	0	0	0	0	0	0	0	0	0	2	0	0	0	0	6	0
2035	5 Mar 26	18:37:00	1	0	0	0	0	0	0	7	0	0	0	0	0	0	0	0	0	0	0	0	0	0	0	0	0	0	0	0	0	0	0	0	0	0	0	0	0	3	0
2036	5 Mar 26	18:38:00	1	0	0	0	0	0	0	5	0	0	0	0	0	0	0	0	0	1	0	0	0	0	0	0	0	0	0	0	0	0	0	2	0	0	0	0	0	3	0
2037	5 Mar 26	18:39:00	1	0	0	0	0	0	0	5	0	0	0	0	0	0	0	0	0	0	0	0	0	0	1	0	0	0	0	0	0	0	0	0	0	0	0	0	0	6	0
2038	5 Mar 26	18:40:00	1	0	0	0	0	0	0	5	0	0	0	0	0	0	0	0	0	0	0	0	0	0	0	0	0	0	0	0	0	0	0	0	0	0	0	0	0	6	0
2039	5 Mar 26	18:41:00	1	0	0	0	0	0	0	2	0	7	0	0	0	0	0	0	0	0	0	0	0	0	4	0	0	0	0	0	0	0	0	0	0	0	0	0	0	0	0
2040	5 Mar 26	18:42:00	1	0	0	0	0	0	0	8	0	5	0	0	0	0	0	0	0	0	0	0	0	0	2	0	0	0	0	0	0	0	0	0	0	0	0	0	0	2	0
2041	5 Mar 26	18:43:00	1	0	0	0	0	0	0	8	0	3	0	0	0	0	0	0	0	0	0	0	0	0	2	0	0	0	0	0	0	0	0	0	0	0	0	0	0	5	0
2042	5 Mar 26	18:44:00	1	0	0	0	0	0	0	8	0	0	0	0	0	0	0	0	0	0	0	0	0	0	3	0	0	0	0	0	0	0	0	0	2	0	0	0	0	3	0
2043	5 Mar 26	18:45:00	1	0	0	0	0	0	0	7	0	2	0	0	0	0	0	0	0	0	0	0	0	0	2	0	0	0	0	0	0	0	0	0	0	0	0	0	0	5	0
2044	5 Mar 26	18:46:00	1	0	0	0	0	0	0	4	0	0	0	0	0	0	0	0	0	0	0	0	0	0	3	0	0	0	0	0	0	0	0	0	0	0	0	0	0	1	0
2045	5 Mar 26	18:47:00	1	0	0	0	0	0	0	4	0	3	0	0	0	0	0	0	0	0	0	0	0	0	4	0	0	0	0	0	0	0	0	0	0	0	0	0	0	4	0
2046	5 Mar 26	18:48:00	1	0	0	0	0	0	0	6	0	0	0	2	0	0	0	0	0	0	0	0	1	0	3	0	0	0	0	0	0	0	0	0	0	0	0	0	0	5	0
2047	5 Mar 26	18:49:00	1	0	0	0	0	0	0	5	0	0	0	0	0	0	0	0	0	0	0	0	1	0	0	0	0	0	0	0	0	0	0	0	2	0	0	0	0	2	0
2048	5 Mar 26	18:50:00	1	0	0	0	0	0	0	4	0	0	0	0	0	0	0	0	0	0	0	0	0	0	0	0	0	0	0	0	0	0	0	0	1	0	0	0	0	0	0
2049	5 Mar 26	18:51:00	1	0	0	0	0	0	0	3	0	0	0	3	0	0	0	0	0	0	0	0	3	0	1	0	0	0	0	0	0	0	0	0	2	0	0	0	0	11	0
2050	5 Mar 26	18:52:00	1	0	0	0	0	0	0	2	0	0	0	1	0	0	0	0	0	0	0	0	2	0	0	0	0	0	0	0	0	0	0	0	0	0	0	0	0	4	2
2051	5 Mar 26	18:53:00	1	0	0	0	0	0	0	6	0	0	0	7	0	0	0	0	0	0	0	0	2	0	0	0	0	0	0	0	0	0	0	0	0	0	0	0	0	4	0
2052	5 Mar 26	18:54:00	1	0	0	0	0	0	0	6	0	0	0	2	0	0	0	0	0	0	0	3	6	0	0	0	0	0	0	0	0	0	0	0	0	0	0	0	0	4	0
2053	5 Mar 26	18:55:00	1	0	0	0	0	0	0	8	0	0	0	2	0	0	0	0	0	0	0	3	0	0	0	0	0	0	0	0	0	0	0	0	0	0	0	0	0	6	0
2054	5 Mar 26	18:56:00	1	0	0	0	0	0	0	7	0	0	0	3	0	0	0	0	0	0	0	2	3	0	0	0	0	0	0	0	0	0	0	3	0	0	0	0	0	5	0
2055	5 Mar 26	18:57:00	1	0	0	0	0	0	0	6	0	0	0	0	0	0	0	0	0	0	0	0	3	0	0	0	0	0	0	0	0	0	0	11	0	0	0	0	0	4	0
2056	5 Mar 26	18:58:00	1	0	0	0	0	0	0	5	1	0	0	0	0	0	0	0	0	0	0	0	3	0	0	0	0	0	0	0	0	0	0	0	0	3	0	0	0	6	0
2057	5 Mar 26	18:59:00	1	0	0	0	0	0	0	6	2	0	0	0	0	0	0	0	0	0	0	0	3	0	3	0	0	0	0	0	0	0	0	0	0	1	0	0	0	3	0
2058	5 Mar 26	19:00:00	1	0	0	0	0	0	0	6	2	0	0	0	0	0	0	0	0	0	0	2	2	0	1	0	0	0	0	0	0	0	0	0	0	0	0	0	0	4	0
2059	5 Mar 26	19:01:00	1	0	0	0	0	0	0	3	5	0	0	0	0	0	0	0	0	0	0	3	5	0	4	0	0	0	0	0	0	0	0	3	0	2	0	0	0	3	0
2060	5 Mar 26	19:02:00	1	0	0	0	0	0	0	4	1	0	0	0	0	0	0	0	0	0	0	0	2	0	0	0	0	0	0	0	0	0	0	3	0	0	0	0	0	3	0
2061	5 Mar 26	19:03:00	1	0	0	0	0	0	0	6	2	0	1	0	0	0	0	0	0	0	0	0	0	0	0	0	0	0	0	0	0	0	0	0	0	0	0	0	0	4	0
2062	5 Mar 26	19:04:00	1	0	0	0	0	0	0	4	0	0	0	0	0	0	0	0	0	0	0	0	4	0	0	0	0	0	0	0	0	0	0	0	0	0	0	0	0	4	0
2063	5 Mar 26	19:05:00	1	0	0	0	0	0	0	3	1	0	0	0	0	0	0	0	0	0	0	0	0	0	0	0	0	0	1	0	0	0	0	0	0	0	0	0	0	3	0
2064	5 Mar 26	19:06:00	1	0	0	0	0	0	0	4	3	0	0	0	0	0	0	0	2	0	0	0	0	4	0	0	0	0	0	0	0	0	0	0	0	0	0	0	0	3	0
2065	5 Mar 26	19:07:00	1	0	0	0	0	0	0	5	1	0	0	0	0	0	0	0	2	1	0	4	0	0	0	0	0	0	1	0	0	0	0	0	0	0	0	0	0	6	0
2066	5 Mar 26	19:08:00	1	0	0	0	0	0	0	5	1	0	0	0	0	3	0	0	3	0	0	4	0	0	1	0	0	0	5	0	0	0	0	0	0	0	0	0	0	3	0
2067	5 Mar 26	19:09:00	1	0	0	0	0	0	0	6	3	0	4	0	0	7	0	0	0	0	0	0	0	0	3	0	0	0	5	0	0	0	0	0	0	0	0	0	0	5	0
2068	5 Mar 26	19:10:00	1	0	0	0	0	0	0	7	7	0	7	0	0	1	0	0	2	0	0	0	0	0	3	0	0	0	0	0	0	0	0	0	0	0	0	0	0	1	0
2069	5 Mar 26	19:11:00	1	0	0	0	0	0	0	5	0	0	6	0	0	0	0	0	0	0	0	0	0	0	2	0	0	0	0	0	0	0	0	0	0	0	0	0	0	4	0
2070	5 Mar 26	19:12:00	1	0	0	0	0	0	0	7	0	0	3	0	0	1	0	0	0	0	0	0	0	0	1	0	0	0	0	0	0	0	0	0	0	0	0	0	0	3	0
2071	5 Mar 26	19:13:00	1	0	0	0	0	0	0	7	3	0	0	0	0	0	0	0	0	0	0	0	0	0	3	0	0	0	0	0	0	0	0	0	0	0	0	0	0	2	0
2072	5 Mar 26	19:14:00	1	0	0	0	0	0	0	6	1	0	2	0	0	0	0	0	0	0	0	0	0	0	3	0	0	0	0	0	0	0	0	0	0	0	0	0	0	2	0
2073	5 Mar 26	19:15:00	1	0	0	0	0	0	0	7	4	0	8	0	0	0	0	0	0	0	0	0	0	0	2	0	0	0	0	0	0	0	0	0	0	0	0	0	0	3	0
2074	5 Mar 26	19:16:00	1	0	0	0	0	0	0	7	1	5	3	0	0	0	0	0	0	0	0	0	0	0	3	0	0	0	0	0	0	0	0	0	0	0	0	0	0	5	0
2075	5 Mar 26	19:17:00	1	0	0	0	0	0	0	5	0	4	0	0	0	0	0	0	0	0	0	0	3	0	5	0	0	0	0	0	0	0	0	1	0	0	0	0	0	5	0
2076	5 Mar 26	19:18:00	1	0	0	0	0	0	0	3	0	4	4	3	0	0	0	0	0	0	0	0	2	0	1	0	0	0	0	0	0	0	0	0	0	0	0	0	0	6	0
2077	5 Mar 26	19:19:00	1	0	0	0	0	0	0	5	0	6	5	8	0	0	0	0	0	0	0	0	5	0	2	0	0	0	0	0	0	0	0	0	0	0	0	0	0	1	0
2078	5 Mar 26	19:20:00	1	0	0	0	0	0	0	7	0	0	3	6	0	0	0	0	0	0	0	0	5	0	5	0	0	0	0	0	0	0	0	3	0	0	0	0	0	4	0
2079	5 Mar 26	19:21:00	1	0	0	0	0	0	0	4	0	0	2	1	0	0	0	0	0	0	0	0	3	0	4	0	0	0	0	0	0	0	0	3	0	0	0	0	0	5	0
2080	5 Mar 26	19:22:00	1	0	0	0	0	0	0	6	0	2	2	1	0	0	0	0	0	0	0	0	2	0	1	0	0	0	0	0	0	0	0	1	5	0	0	0	0	4	0
2081	5 Mar 26	19:23:00	1	0	0	0	0	0	0	3	0	0	5	0	0	0	0	0	0	0	0	0	4	0	0	0	0	0	0	0	0	0	0	3	2	0	0	0	0	5	0
2082	5 Mar 26	19:24:00	1	0	0	0	0	0	0	5	1	0	8	1	0	0	0	0	0	0	0	0	4	1	1	0	0	0	0	0	0	0	0	4	0	0	0	0	0	2	0
2083	5 Mar 26	19:25:00	1	0	0	0	0	0	0	6	1	0	4	0	0	0	0	0	0	0	0	0	5	0	4	0	0	0	0	0	0	0	0	7	1	0	0	0	0	4	0
2084	5 Mar 26	19:26:00	1	0	0	0	0	0	0	6	0	0	4	0	2	0	0	3	0	0	0	0	5	0	4	0	0	0	0	0	0	0	0	11	0	0	0	0	0	3	0
2085	5 Mar 26	19:27:00	1	0	0	0	0	0	0	5	0	0	2	0	0	0	0	8	0	0	0	0	2	0	0	0	0	0	0	0	0	0	0	3	0	0	0	0	0	5	0
2086	5 Mar 26	19:28:00	1	0	0	0	0	0	0	5	0	0	3	0	1	0	0	5	0	0	0	0	3	0	1	0	0	0	0	0	0	0	0	1	0	0	0	0	0	4	0
2087	5 Mar 26	19:29:00	1	0	0	0	0	0	0	2	0	0	4	0	0	0	0	7	0	0	0	0	2	0	2	0	0	0	0	0	0	0	0	4	0	0	0	0	0	4	0
2088	5 Mar 26	19:30:00	1	0	0	0	0	0	0	6	0	7	6	0	1	0	0	5	0	0	0	0	0	0	0	0	0	0	0	0	0	0	0	3	0	0	0	0	0	5	0
2089	5 Mar 26	19:31:00	1	0	0	0	0	0	1	5	1	3	6	0	2	3	0	6	2	0	0	1	2	6	4	0	0	0	0	0	0	0	0	2	0	0	0	0	0	4	0
2090	5 Mar 26	19:32:00	1	0	0	0	0	0	1	5	7	11	7	6	9	7	0	11	12	3	0	9	8	0	9	7	0	19	3	0	0	0	0	10	0	0	0	0	7	5	0
2091	5 Mar 26	19:33:00	1	0	0	0	0	0	1	9	8	4	7	6	2	3	0	10	5	7	0	10	7	0	5	20	0	18	10	3	0	0	0	6	4	0	2	0	4	6	0
2092	5 Mar 26	19:34:00	1	0	0	0	0	0	1	12	4	11	6	7	1	10	0	10	11	4	1	10	6	2	4	12	0	4	9	5	0	0	0	12	0	10	0	0	11	3	0
2093	5 Mar 26	19:35:00	1	0	0	0	0	0	1	4	4	15	5	5	3	10	0	6	10	7	1	9	7	1	4	14	0	7	11	10	0	0	0	11	1	2	8	0	5	6	0
2094	5 Mar 26	19:36:00	1	0	0	0	0	0	1	10	5	8	7	7	2	8	0	6	11	7	3	8	5	14	3	10	2	7	6	2	2	2	0	6	2	8	2	0	7	3	0
2095	5 Mar 26	19:37:00	1	0	0	0	0	0	1	6	2	10	10	5	2	8	0	6	2	9	0	14	8	0	4	16	0	10	7	7	8	0	3	7	1	13	6	0	8	3	7
2096	5 Mar 26	19:38:00	1	0	0	0	0	0	1	13	1	9	11	3	2	10	0	9	5	7	0	8	3	0	2	12	5	3	2	7	6	0	0	4	9	18	17	0	9	1	6
2097	5 Mar 26	19:39:00	1	0	0	0	0	0	1	7	0	12	9	2	1	6	0	9	3	5	0	8	5	0	6	10	5	7	7	8	6	0	0	9	0	8	3	0	6	3	4
2098	5 Mar 26	19:40:00	1	0	0	0	0	0	1	8	2	5	8	9	7	7	0	8	6	8	0	7	6	0	9	12	0	3	8	3	5	0	0	9	0	7	0	0	2	4	4
2099	5 Mar 26	19:41:00	1	0	0	0	0	0	1	10	0	12	7	11	0	9	0	7	6	8	0	13	4	0	6	8	3	2	8	7	10	0	0	5	0	8	3	0	4	6	9
2100	5 Mar 26	19:42:00	1	0	0	0	0	0	1	8	0	13	5	6	1	4	2	11	16	6	0	13	6	1	3	7	11	4	6	7	4	0	0	10	0	5	0	0	4	3	7
2101	5 Mar 26	19:43:00	1	0	0	0	0	0	1	5	1	4	6	9	3	6	0	13	9	5	0	5	6	2	2	9	3	4	5	2	2	0	0	6	9	0	1	0	4	4	7
2102	5 Mar 26	19:44:00	1	0	0	0	0	0	1	9	3	4	8	4	0	5	0	6	8	6	0	8	6	0	4	7	3	4	4	4	11	0	3	4	3	3	4	0	2	4	5
2103	5 Mar 26	19:45:00	1	0	0	0	0	0	1	4	7	7	11	9	2	9	0	10	3	10	0	10	10	6	5	11	3	6	7	4	8	0	1	2	0	10	4	0	9	3	5
2104	5 Mar 26	19:46:00	1	0	0	0	0	0	1	6	9	10	10	5	0	6	0	6	8	6	0	10	8	0	1	9	6	10	8	5	7	0	0	9	2	6	6	0	8	1	4
2105	5 Mar 26	19:47:00	1	0	0	0	0	0	1	14	8	9	6	3	0	5	0	7	3	5	0	9	7	0	2	11	5	9	5	3	5	0	0	3	1	4	8	0	5	8	3
2106	5 Mar 26	19:48:00	1	0	0	0	0	0	1	11	4	6	11	2	0	4	0	14	5	5	1	17	0	4	4	10	3	5	11	4	3	0	0	12	1	5	6	0	9	5	4
2107	5 Mar 26	19:49:00	1	0	0	0	0	0	1	8	2	9	8	0	5	8	6	7	2	5	0	7	1	2	4	9	1	4	8	4	7	0	0	8	4	7	6	0	7	5	3
2108	5 Mar 26	19:50:00	1	0	0	0	0	0	1	7	0	3	5	1	1	7	6	8	3	7	0	5	8	0	4	8	6	6	3	3	6	0	0	0	1	4	3	0	4	3	7
2109	5 Mar 26	19:51:00	1	0	0	0	0	0	1	10	3	13	8	9	0	4	0	8	12	6	0	12	4	0	3	7	1	9	3	7	5	0	0	8	1	5	7	0	5	2	4
2110	5 Mar 26	19:52:00	1	0	0	0	0	0	1	8	2	12	13	3	1	5	4	5	7	5	0	7	6	0	3	9	5	10	4	3	5	0	1	4	2	5	2	0	9	4	4
2111	5 Mar 26	19:53:00	1	0	0	0	0	0	1	4	3	5	8	4	1	7	0	8	7	8	0	9	5	0	4	6	3	4	2	4	6	0	1	3	7	5	4	0	4	4	7
2112	5 Mar 26	19:54:00	1	0	0	0	0	0	1	9	0	6	9	12	1	9	0	5	4	8	0	3	5	0	3	6	6	4	9	5	5	0	0	6	5	5	5	0	5	4	4
2113	5 Mar 26	19:55:00	1	0	0	0	0	0	1	7	2	2	8	5	1	4	0	8	7	7	0	11	9	0	3	6	0	6	6	3	11	0	0	3	0	5	4	0	4	1	3
2114	5 Mar 26	19:56:00	1	0	0	0	0	0	1	3	0	8	6	4	1	10	0	9	4	9	0	5	3	0	2	8	0	2	5	5	3	0	3	4	1	4	0	0	2	1	4
2115	5 Mar 26	19:57:00	1	0	0	0	0	0	1	7	4	10	8	4	2	7	6	10	5	7	0	5	5	0	5	5	6	3	3	6	6	0	3	3	0	1	5	0	5	4	5
2116	5 Mar 26	19:58:00	1	0	0	0	0	0	1	6	1	7	7	8	0	0	0	11	4	8	0	7	6	0	2	5	1	4	2	8	6	0	1	1	0	10	0	0	3	3	3
2117	5 Mar 26	19:59:00	1	0	0	0	0	0	1	5	1	10	7	4	0	11	0	9	4	2	0	7	4	0	2	9	2	5	4	4	7	0	0	9	2	5	0	0	5	6	8
2118	5 Mar 26	20:00:00	1	0	0	0	0	0	1	13	6	10	8	4	0	5	0	6	10	7	0	6	5	0	4	9	0	1	5	3	3	0	0	6	1	7	0	0	4	4	6
2119	5 Mar 26	20:01:00	1	0	0	0	0	0	1	3	0	7	8	11	1	2	0	9	6	7	0	12	2	0	2	7	0	5	2	3	3	0	0	5	0	4	8	0	2	5	3
2120	5 Mar 26	20:02:00	1	0	0	0	0	0	1	1	0	9	6	2	0	2	0	11	17	2	0	11	6	0	9	8	3	9	3	8	7	0	0	7	5	0	0	0	8	4	6
2121	5 Mar 26	20:03:00	1	0	0	0	0	0	1	8	3	3	14	3	0	7	0	4	2	6	0	5	4	0	1	5	1	4	8	4	6	0	0	4	1	5	2	0	6	1	6
2122	5 Mar 26	20:04:00	1	0	0	0	0	0	1	2	2	5	8	4	0	6	0	9	1	5	0	4	7	0	2	13	0	4	4	6	2	0	0	3	1	7	4	1	4	2	6
2123	5 Mar 26	20:05:00	1	0	0	0	0	0	1	12	3	6	6	16	5	8	0	4	3	5	0	4	8	0	4	6	0	3	15	5	4	0	0	5	0	5	3	4	3	6	4
2124	5 Mar 26	20:06:00	1	0	0	0	0	0	1	5	10	8	13	3	2	5	0	7	2	4	0	8	3	0	7	3	3	11	3	4	10	0	0	3	0	5	4	0	6	5	5
2125	5 Mar 26	20:07:00	1	0	0	0	0	0	1	6	1	5	5	1	0	2	0	7	2	3	0	14	5	0	2	8	0	3	5	2	5	0	0	6	0	9	3	5	5	2	4
2126	5 Mar 26	20:08:00	1	0	0	0	0	0	1	8	4	6	6	2	1	7	0	8	6	6	0	2	2	0	3	6	0	8	3	5	4	0	0	3	0	6	2	6	1	4	5
2127	5 Mar 26	20:09:00	1	0	0	0	0	0	1	0	4	8	5	4	2	4	0	6	4	7	0	8	4	0	2	2	0	10	5	2	4	0	0	11	0	3	4	2	2	5	5
2128	5 Mar 26	20:10:00	1	0	0	0	0	0	1	2	6	8	6	1	0	2	0	7	4	7	0	6	5	0	7	5	0	4	5	6	5	0	0	8	0	5	2	0	8	3	5
2129	5 Mar 26	20:11:00	1	0	0	0	0	0	1	15	4	7	7	3	0	0	0	6	3	6	0	4	4	0	2	15	0	0	6	6	2	0	4	7	0	4	1	2	3	3	6
2130	5 Mar 26	20:12:00	1	0	0	0	0	0	1	9	2	7	8	4	3	3	0	5	0	3	0	4	5	0	0	3	2	0	3	2	2	0	2	0	0	4	5	2	5	2	3
2131	5 Mar 26	20:13:00	1	0	0	0	0	0	1	5	0	12	5	3	3	3	0	8	2	5	0	4	6	0	4	1	0	8	3	2	9	0	0	3	0	8	1	0	4	2	8
2132	5 Mar 26	20:14:00	1	0	0	0	0	0	1	6	2	7	7	1	0	3	0	6	0	6	0	6	2	0	4	6	5	4	5	4	6	0	0	4	2	6	5	0	5	7	3
2133	5 Mar 26	20:15:00	1	0	0	0	0	0	1	8	7	7	10	2	0	4	0	7	3	9	0	10	0	0	4	5	1	6	1	4	1	0	0	2	3	4	1	3	4	3	6
2134	5 Mar 26	20:16:00	1	0	0	0	0	0	1	4	0	8	7	1	0	4	0	8	5	9	0	8	3	0	5	9	0	2	4	0	2	0	0	12	5	3	1	0	6	3	6
2135	5 Mar 26	20:17:00	1	0	0	0	0	0	1	7	4	3	4	6	0	6	0	7	4	7	0	8	5	3	5	5	0	6	0	0	5	0	0	3	1	7	2	0	6	4	4
2136	5 Mar 26	20:18:00	1	0	0	0	0	0	1	8	4	7	10	1	5	6	0	11	0	7	0	3	2	0	0	7	0	7	3	5	4	0	0	3	3	6	3	0	4	2	4
2137	5 Mar 26	20:19:00	1	0	0	0	0	0	1	2	1	8	7	0	1	4	0	6	1	3	0	4	5	0	1	6	0	4	4	2	11	0	2	6	11	6	7	7	6	2	9
2138	5 Mar 26	20:20:00	1	0	0	0	0	0	1	0	1	18	12	7	1	6	0	7	1	5	0	4	8	0	3	10	0	10	3	3	4	0	0	4	0	5	2	2	2	5	3
2139	5 Mar 26	20:21:00	1	0	0	0	0	0	1	1	3	12	5	3	2	3	0	6	1	5	0	5	6	0	0	9	0	4	2	4	2	0	9	5	1	0	2	3	3	4	2
2140	5 Mar 26	20:22:00	1	0	0	0	0	0	1	0	2	10	8	3	1	3	0	8	0	5	10	9	6	0	0	5	0	3	5	5	4	0	18	2	7	2	5	2	4	5	4
2141	5 Mar 26	20:23:00	1	0	0	0	0	0	1	4	6	2	5	2	0	0	0	1	0	2	0	7	3	0	0	10	0	3	4	5	9	0	0	4	0	0	5	5	9	0	3
2142	5 Mar 26	20:24:00	1	0	0	0	0	0	1	0	2	8	5	4	0	3	0	7	1	8	0	7	5	0	0	6	0	3	2	2	5	0	0	1	3	0	3	4	4	2	8
2143	5 Mar 26	20:25:00	1	0	0	0	0	0	1	0	0	7	8	2	0	3	0	6	5	4	0	2	2	0	0	3	0	11	2	4	4	0	0	2	3	0	0	4	8	4	4
2144	5 Mar 26	20:26:00	1	0	0	0	0	0	1	0	0	10	4	7	0	2	0	8	5	8	0	3	8	0	0	8	0	8	4	3	4	0	0	6	1	4	0	0	4	5	7
2145	5 Mar 26	20:27:00	1	0	0	0	0	0	1	0	0	12	7	3	0	2	0	6	6	4	0	3	5	0	0	10	0	8	6	3	3	0	0	2	0	2	2	3	3	4	10
2146	5 Mar 26	20:28:00	1	0	0	0	0	0	1	0	2	9	6	1	0	1	0	7	4	8	0	3	4	0	0	5	0	4	4	6	2	0	3	7	1	0	5	5	3	4	5
2147	5 Mar 26	20:29:00	1	0	0	0	0	0	1	0	0	11	9	4	0	3	0	6	3	10	0	7	4	0	1	7	0	3	2	4	5	0	0	8	5	3	0	3	3	4	5
2148	5 Mar 26	20:30:00	1	0	0	0	0	0	1	0	0	11	4	6	2	1	0	13	1	4	0	6	0	0	1	7	0	3	1	2	4	0	0	4	2	0	0	4	6	6	1
2149	5 Mar 26	20:31:00	1	0	0	0	0	0	1	0	0	5	6	2	3	3	0	9	0	8	0	4	3	0	2	11	0	2	3	5	6	0	0	0	4	7	0	2	5	1	2
2150	5 Mar 26	20:32:00	1	0	0	0	0	0	1	0	0	4	7	0	0	4	0	6	0	6	18	5	0	0	0	8	0	4	3	2	3	0	0	2	0	6	0	4	4	3	5
2151	5 Mar 26	20:33:00	1	0	0	0	0	0	1	0	0	10	5	6	0	1	0	9	9	8	5	4	0	0	3	2	0	6	2	5	3	0	0	5	1	9	1	4	5	2	8
2152	5 Mar 26	20:34:00	1	0	0	0	0	0	1	1	0	7	6	1	0	3	0	8	2	8	0	5	4	0	5	4	0	3	2	4	3	0	0	2	3	6	2	4	2	7	3
2153	5 Mar 26	20:35:00	1	0	0	0	0	0	1	0	0	4	9	6	0	3	0	5	5	8	14	5	2	0	2	4	0	1	3	6	7	0	0	2	0	2	2	8	2	5	2
2154	5 Mar 26	20:36:00	1	0	0	0	0	0	1	0	1	4	8	6	0	6	0	8	1	2	18	3	2	0	3	3	0	10	5	3	2	0	0	1	3	2	2	2	4	5	6
2155	5 Mar 26	20:37:00	1	0	0	0	0	0	1	0	1	7	5	1	0	6	0	11	0	4	27	3	6	0	8	3	0	5	6	5	4	0	0	2	0	2	0	2	5	3	4
2156	5 Mar 26	20:38:00	1	0	0	0	0	0	1	0	0	9	8	3	0	0	0	8	1	7	13	3	8	0	3	9	0	0	7	7	4	0	2	4	0	4	0	2	1	5	3
2157	5 Mar 26	20:39:00	1	0	0	0	0	0	1	0	0	6	6	5	0	7	0	11	4	5	0	3	4	0	2	5	0	6	4	5	7	0	2	2	0	6	0	6	5	0	3
2158	5 Mar 26	20:40:00	1	0	0	0	0	0	1	0	0	4	4	2	0	0	0	10	2	4	0	6	4	0	4	6	0	3	8	4	4	0	0	5	0	1	0	5	4	3	3
2159	5 Mar 26	20:41:00	1	0	0	0	0	0	1	0	0	7	8	5	0	0	0	6	4	7	0	4	3	0	4	5	6	0	0	3	5	0	0	12	0	2	3	5	1	4	5
2160	5 Mar 26	20:42:00	1	0	0	0	0	0	1	0	0	4	6	2	0	1	0	7	3	6	0	6	3	0	1	4	3	7	1	3	5	1	0	5	0	5	0	0	6	1	6
2161	5 Mar 26	20:43:00	1	0	0	0	0	0	1	0	0	10	6	4	0	1	0	5	6	4	0	4	6	0	2	4	2	4	6	4	3	2	0	9	0	7	0	4	1	4	2
2162	5 Mar 26	20:44:00	1	0	0	0	0	0	1	0	2	9	6	0	0	0	0	7	2	6	0	9	4	0	0	4	0	3	4	2	4	1	0	6	0	4	0	4	5	4	6
2163	5 Mar 26	20:45:00	1	0	0	0	0	0	1	0	7	2	4	4	0	0	1	6	3	6	0	9	0	0	0	10	1	8	6	3	4	0	0	10	1	3	3	2	4	3	4
2164	5 Mar 26	20:46:00	1	0	0	0	0	0	1	0	2	5	4	2	0	0	3	13	0	4	0	4	2	0	4	6	0	3	5	5	0	0	0	6	3	5	4	0	6	3	1
2165	5 Mar 26	20:47:00	1	0	0	0	0	0	1	0	0	1	9	0	2	0	2	5	0	5	0	6	3	0	0	3	0	5	5	2	1	4	0	7	2	5	2	0	3	0	2
2166	5 Mar 26	20:48:00	1	0	0	0	0	0	1	0	4	7	8	0	1	0	1	5	0	4	0	4	7	0	2	3	0	2	1	1	1	5	0	2	0	4	0	0	2	0	3
2167	5 Mar 26	20:49:00	1	0	0	0	0	0	1	0	0	7	6	1	1	0	0	5	0	4	0	3	4	0	0	1	0	1	4	2	2	5	0	3	0	6	1	0	5	3	2
2168	5 Mar 26	20:50:00	1	0	0	0	0	0	1	0	0	4	5	3	0	0	1	5	0	6	0	3	9	0	0	11	0	3	6	3	1	3	0	2	0	1	0	6	2	5	3
2169	5 Mar 26	20:51:00	1	0	0	0	0	0	1	0	0	6	6	3	0	0	1	5	0	6	0	5	5	0	0	9	0	6	2	2	4	4	0	6	0	1	4	5	1	7	4
2170	5 Mar 26	20:52:00	1	0	0	0	0	0	1	0	2	3	5	1	2	0	0	6	0	4	0	2	0	0	0	4	0	6	5	0	5	6	0	3	0	0	2	3	3	2	1
2171	5 Mar 26	20:53:00	1	0	0	0	0	0	1	0	0	7	4	0	3	0	0	16	1	6	0	4	0	0	0	13	0	5	4	8	1	7	0	12	2	0	2	2	2	2	3
2172	5 Mar 26	20:54:00	1	0	0	0	0	0	1	0	4	6	5	0	2	0	0	6	7	5	0	4	1	0	0	2	0	4	5	2	2	2	0	6	3	0	2	8	3	1	3
2173	5 Mar 26	20:55:00	1	0	0	0	0	0	1	0	0	8	7	0	0	0	0	6	1	6	0	2	4	0	0	4	0	2	3	2	5	6	0	2	0	0	0	4	3	5	3
2174	5 Mar 26	20:56:00	1	0	0	0	0	0	1	0	0	2	4	0	1	0	3	6	2	6	0	2	5	0	0	7	0	6	3	7	2	3	0	8	0	4	2	2	4	2	2
2175	5 Mar 26	20:57:00	1	0	0	0	0	0	1	10	0	0	6	0	0	0	4	9	0	6	0	4	3	0	0	6	0	0	5	5	5	0	0	5	1	5	1	1	5	8	5
2176	5 Mar 26	20:58:00	1	0	0	0	0	0	1	6	3	6	5	0	0	0	1	4	0	4	1	4	3	0	0	8	0	2	4	2	5	5	0	0	2	5	2	0	10	2	2
2177	5 Mar 26	20:59:00	1	0	0	0	0	0	1	5	10	14	8	0	0	0	2	5	0	5	5	4	3	0	0	7	0	0	3	4	4	3	0	3	0	3	0	0	6	3	3
2178	5 Mar 26	21:00:00	1	0	0	0	0	0	1	5	2	6	5	0	0	0	0	7	0	3	0	4	8	0	0	6	0	3	4	2	5	2	0	2	0	2	0	0	7	3	4
2179	5 Mar 26	21:01:00	1	0	0	0	0	0	1	2	1	9	4	0	0	0	0	4	2	6	0	2	6	0	0	6	0	5	5	5	5	3	0	11	0	5	1	0	4	4	7
2180	5 Mar 26	21:02:00	1	0	0	0	0	0	1	1	1	8	4	0	0	0	0	4	0	9	0	4	6	0	0	2	0	2	4	5	6	0	4	6	0	5	4	0	3	4	2
2181	5 Mar 26	21:03:00	1	0	0	0	0	0	1	6	2	5	8	0	0	0	0	7	0	9	1	4	6	0	0	4	0	6	1	3	2	0	1	5	0	5	0	0	3	5	4
2182	5 Mar 26	21:04:00	1	0	0	0	0	0	1	3	0	6	5	0	0	0	0	5	0	5	0	4	2	0	0	13	0	8	3	2	2	0	21	3	0	4	0	0	6	5	4
2183	5 Mar 26	21:05:00	1	0	0	0	0	0	1	5	2	5	5	0	0	6	0	6	0	4	0	3	1	0	0	10	0	1	1	3	2	0	1	2	0	1	2	0	5	3	4
2184	5 Mar 26	21:06:00	1	0	0	0	0	0	1	0	2	11	3	0	0	8	0	8	0	6	0	6	7	0	0	5	0	3	2	6	1	2	0	6	0	0	4	0	4	3	1
2185	5 Mar 26	21:07:00	1	0	0	0	0	0	1	0	0	8	6	0	0	4	0	3	0	4	0	6	7	0	0	3	0	2	3	2	4	3	1	3	0	7	2	5	6	4	5
2186	5 Mar 26	21:08:00	1	0	0	0	0	0	1	11	0	8	3	0	0	2	0	2	0	6	8	3	3	0	0	12	0	4	3	5	3	1	3	7	3	2	4	1	2	4	5
2187	5 Mar 26	21:09:00	1	0	0	0	0	0	1	2	1	0	3	0	0	4	0	6	0	6	0	3	2	0	0	8	0	0	2	3	2	2	0	15	5	4	6	6	3	4	2
2188	5 Mar 26	21:10:00	1	0	0	0	0	0	1	2	2	5	9	0	0	4	0	7	0	4	0	7	0	0	0	7	0	0	5	3	4	0	1	9	3	0	8	4	3	3	6
2189	5 Mar 26	21:11:00	1	0	0	0	0	0	1	0	3	10	7	0	0	3	0	9	0	5	0	3	3	0	0	4	0	2	2	5	1	3	0	3	0	0	0	3	3	2	4
2190	5 Mar 26	21:12:00	1	0	0	0	0	0	1	0	0	7	7	0	0	1	0	10	0	3	0	2	7	0	0	9	0	2	1	1	3	4	0	4	0	5	7	2	3	0	3
2191	5 Mar 26	21:13:00	1	0	0	0	0	0	1	0	1	4	5	0	0	4	0	3	0	1	0	3	4	0	0	15	0	3	5	3	6	0	0	5	1	7	2	2	2	4	3
2192	5 Mar 26	21:14:00	1	0	0	0	0	0	1	0	0	5	9	0	0	0	0	2	0	8	0	4	2	0	0	7	0	2	3	3	3	0	0	8	2	3	0	1	3	3	3
2193	5 Mar 26	21:15:00	1	0	0	0	0	0	1	0	0	10	8	0	0	3	0	5	1	8	2	5	5	0	0	6	0	5	4	2	2	0	5	4	3	3	1	2	0	3	3
2194	5 Mar 26	21:16:00	1	0	0	0	0	0	1	0	1	6	4	0	0	0	0	4	3	4	0	9	1	0	0	2	0	4	3	0	1	0	3	4	0	2	0	1	1	3	4
2195	5 Mar 26	21:17:00	1	0	0	0	0	0	1	0	0	5	7	0	0	0	0	8	0	6	3	4	0	0	0	13	0	5	8	0	1	3	0	1	0	0	2	0	6	6	3
2196	5 Mar 26	21:18:00	1	0	0	0	0	0	1	0	0	4	2	0	0	0	0	6	1	5	0	6	2	0	0	5	0	5	3	0	3	5	0	2	1	8	0	2	7	7	3
2197	5 Mar 26	21:19:00	1	0	0	0	0	0	1	0	0	3	5	0	0	0	0	6	7	6	0	3	6	0	0	9	0	4	0	4	4	2	0	7	0	1	1	1	6	6	1
2198	5 Mar 26	21:20:00	1	0	0	0	0	0	1	0	2	1	8	0	0	0	0	7	1	7	0	2	2	0	0	3	0	2	7	5	3	5	0	4	1	4	0	1	1	4	4
2199	5 Mar 26	21:21:00	1	0	0	0	0	0	1	0	0	1	5	0	0	0	0	8	3	3	0	4	3	0	2	7	0	8	3	3	2	5	0	3	0	4	0	0	1	1	4
2200	5 Mar 26	21:22:00	1	0	0	0	0	0	1	1	0	5	8	0	0	0	0	9	0	5	0	3	5	0	3	4	0	2	0	4	4	0	0	1	1	2	0	0	1	6	5
2201	5 Mar 26	21:23:00	1	0	0	0	0	0	1	0	0	1	4	0	0	0	0	6	0	8	0	4	3	0	3	2	0	4	0	2	4	2	0	8	2	4	5	0	1	4	3
2202	5 Mar 26	21:24:00	1	0	0	0	0	0	1	1	3	5	4	0	0	0	0	6	0	3	0	3	2	0	3	4	0	5	1	5	4	4	0	8	2	7	0	0	5	6	7
2203	5 Mar 26	21:25:00	1	0	0	0	0	0	1	0	6	5	2	0	0	0	0	6	0	8	1	2	6	0	2	2	0	3	3	3	4	0	2	7	5	3	1	0	5	3	2
2204	5 Mar 26	21:26:00	1	0	0	0	0	0	1	0	3	4	6	0	0	0	0	9	0	2	6	6	7	1	3	5	0	4	1	6	5	0	4	10	0	5	8	0	7	3	3
2205	5 Mar 26	21:27:00	1	0	0	0	0	0	1	0	0	7	6	0	0	0	0	5	0	3	2	5	5	4	0	3	0	6	3	3	5	0	1	1	0	5	3	0	4	2	3
2206	5 Mar 26	21:28:00	1	0	0	0	0	0	1	4	0	2	7	0	0	0	0	6	0	4	4	3	6	0	2	3	2	4	5	4	2	0	5	6	0	2	0	0	4	2	1
2207	5 Mar 26	21:29:00	1	0	0	0	0	0	1	0	0	1	4	0	0	0	0	3	0	4	0	4	3	0	3	11	2	8	2	0	4	0	2	12	0	1	2	0	13	0	5
2208	5 Mar 26	21:30:00	1	0	0	0	0	0	1	0	0	11	5	0	0	0	0	5	0	3	1	5	5	0	1	3	2	5	4	0	3	0	2	12	0	2	0	0	3	1	4
2209	5 Mar 26	21:31:00	1	0	0	0	0	0	1	0	0	8	4	0	0	0	0	3	0	10	0	2	2	0	3	12	0	3	0	3	4	0	1	14	1	2	2	0	5	3	6
2210	5 Mar 26	21:32:00	1	0	0	0	0	0	1	0	0	5	6	0	0	0	0	11	0	7	1	1	1	0	3	2	2	4	0	3	2	0	6	5	3	4	7	0	6	7	4
2211	5 Mar 26	21:33:00	1	0	0	0	0	0	1	0	2	11	8	0	0	0	0	7	0	5	0	1	5	0	3	6	0	6	6	5	1	0	3	3	0	3	0	0	0	5	3
2212	5 Mar 26	21:34:00	1	0	0	0	0	0	1	0	7	14	2	0	0	0	0	6	0	8	4	6	1	0	0	2	0	3	3	3	3	1	1	6	2	2	1	0	7	6	4
2213	5 Mar 26	21:35:00	1	0	0	0	0	0	1	0	1	3	2	0	0	0	0	4	0	4	0	7	4	0	0	2	0	4	4	2	3	2	3	2	9	5	1	0	1	6	4
2214	5 Mar 26	21:36:00	1	0	0	0	0	0	1	0	0	6	4	0	0	0	0	3	5	4	2	0	1	0	0	4	0	7	3	1	4	0	0	3	0	0	5	0	3	4	4
2215	5 Mar 26	21:37:00	1	0	0	0	0	0	1	0	0	2	2	0	0	0	0	5	13	3	0	4	3	0	0	3	0	4	2	3	4	0	0	0	1	4	8	0	3	6	7
2216	5 Mar 26	21:38:00	1	0	0	0	0	0	1	0	0	6	4	0	0	0	0	7	0	6	0	2	4	0	0	6	0	4	7	3	4	5	0	6	1	5	1	3	5	3	3
2217	5 Mar 26	21:39:00	1	0	0	0	0	0	1	0	0	4	5	0	0	0	0	1	0	6	0	3	3	0	0	8	0	6	3	0	2	3	0	5	2	5	6	5	2	3	3
2218	5 Mar 26	21:40:00	1	0	0	0	0	0	1	1	0	11	5	0	0	0	0	12	0	3	0	4	8	0	0	3	0	7	2	2	6	0	0	10	3	1	0	1	1	7	4
2219	5 Mar 26	21:41:00	1	0	0	0	0	0	1	1	0	1	8	0	0	0	0	4	0	4	0	2	8	0	0	4	0	5	1	1	0	0	0	9	3	1	2	2	0	3	2
2220	5 Mar 26	21:42:00	1	0	0	0	0	0	1	1	0	5	6	0	1	0	0	2	0	7	0	2	5	0	0	7	0	9	0	3	3	0	0	7	0	0	0	3	5	3	5
2221	5 Mar 26	21:43:00	1	0	0	0	0	0	1	6	0	0	4	0	0	0	3	5	0	11	0	0	3	0	0	5	0	0	6	8	2	0	0	4	1	0	0	1	5	4	5
2222	5 Mar 26	21:44:00	1	0	0	0	0	0	1	0	0	5	5	0	5	0	3	5	0	6	0	3	0	0	6	10	0	0	9	3	7	0	0	6	0	0	0	0	6	0	4
2223	5 Mar 26	21:45:00	1	0	0	0	0	0	1	4	0	4	10	0	4	0	0	6	4	2	0	1	16	0	4	6	0	0	10	3	5	0	0	7	4	0	2	0	4	0	2
2224	5 Mar 26	21:46:00	1	0	0	0	0	0	1	3	0	0	6	0	0	0	0	5	0	7	0	10	5	0	1	8	0	4	4	4	1	0	2	4	3	0	0	0	7	3	9
2225	5 Mar 26	21:47:00	1	0	0	0	0	0	1	5	0	4	3	0	0	0	0	6	6	9	0	2	5	0	0	4	0	7	5	6	5	0	0	4	6	0	1	0	5	5	4
2226	5 Mar 26	21:48:00	1	0	0	0	0	0	1	3	0	3	8	0	0	0	0	7	3	5	0	3	0	0	3	4	0	0	1	6	4	0	3	14	0	0	2	0	4	21	3
2227	5 Mar 26	21:49:00	1	0	0	0	0	0	1	3	2	5	6	0	0	0	1	8	0	6	0	3	2	0	4	4	0	0	0	1	4	0	0	4	0	0	3	0	3	5	2
2228	5 Mar 26	21:50:00	1	0	0	0	0	0	1	7	0	7	4	0	0	0	3	6	1	3	0	5	2	1	4	6	0	7	0	4	5	7	0	8	0	0	2	0	5	3	2
2229	5 Mar 26	21:51:00	1	0	0	0	0	0	1	3	0	5	4	0	0	0	1	7	5	4	0	5	3	1	0	4	0	4	5	1	2	6	1	0	0	0	1	0	3	5	3
2230	5 Mar 26	21:52:00	1	0	0	0	0	0	1	0	0	4	5	0	0	0	1	2	0	9	0	6	5	0	1	3	0	3	5	0	2	6	2	3	0	0	2	0	4	6	12
2231	5 Mar 26	21:53:00	1	0	0	0	0	0	1	0	0	7	4	0	0	0	7	3	0	4	0	3	5	0	0	4	0	6	3	2	3	0	0	7	0	0	0	0	8	5	2
2232	5 Mar 26	21:54:00	1	0	0	0	0	0	1	0	0	8	7	0	0	0	0	2	2	4	0	5	2	0	0	0	0	0	4	5	1	0	4	3	0	0	0	0	6	5	3
2233	5 Mar 26	21:55:00	1	0	0	0	0	0	1	0	1	8	5	0	5	0	0	1	5	7	0	0	3	0	0	12	0	8	2	0	6	1	0	2	0	0	0	0	1	6	1
2234	5 Mar 26	21:56:00	1	0	0	0	0	0	1	0	0	10	4	0	1	0	1	10	7	6	0	1	4	0	0	1	0	6	4	0	1	3	0	12	0	0	1	0	2	4	5
2235	5 Mar 26	21:57:00	1	0	0	0	0	0	1	0	0	6	2	0	1	0	1	7	0	5	0	0	2	0	0	7	0	3	5	0	2	6	3	4	0	5	1	0	5	4	4
2236	5 Mar 26	21:58:00	1	0	0	0	0	0	1	0	0	4	6	0	0	0	2	7	0	4	0	1	0	0	0	3	0	6	2	0	4	3	4	8	0	4	2	0	5	3	4
2237	5 Mar 26	21:59:00	1	0	0	0	0	0	1	0	1	6	7	0	0	0	0	5	0	3	0	0	0	0	0	6	0	3	5	0	4	7	1	7	0	5	2	0	3	3	2
2238	5 Mar 26	22:00:00	1	0	0	0	0	0	1	0	2	3	3	0	0	0	0	4	1	4	0	0	0	0	0	3	0	1	5	1	3	2	3	6	0	3	0	0	2	0	2
2239	5 Mar 26	22:01:00	1	0	0	0	0	0	1	0	7	7	5	0	0	0	0	4	0	5	0	3	0	0	0	5	0	5	0	1	1	0	1	2	0	3	0	0	5	0	2
2240	5 Mar 26	22:02:00	1	0	0	0	0	0	1	0	2	5	6	0	0	0	0	3	0	2	0	5	0	0	0	4	0	3	2	5	3	0	0	4	1	0	6	0	6	5	0
2241	5 Mar 26	22:03:00	1	0	0	0	0	0	1	0	1	9	6	0	0	0	0	7	0	7	0	2	1	0	0	6	0	2	5	3	1	0	2	2	0	6	0	0	2	2	4
2242	5 Mar 26	22:04:00	1	0	0	0	0	0	1	0	5	3	4	0	0	0	0	8	0	4	0	3	5	0	0	3	0	4	3	5	2	0	2	2	2	0	0	0	0	4	5
2243	5 Mar 26	22:05:00	1	0	0	0	0	0	1	0	4	6	6	0	0	0	0	5	0	9	0	1	2	0	0	7	0	5	3	2	3	0	2	3	0	0	0	0	0	10	5
2244	5 Mar 26	22:06:00	1	0	0	0	0	0	1	0	1	4	0	0	0	0	0	5	0	8	0	3	5	0	0	5	0	4	1	2	1	0	3	7	1	0	0	0	5	5	3
2245	5 Mar 26	22:07:00	1	0	0	0	0	0	1	0	0	6	0	0	0	0	3	6	0	5	0	1	5	0	0	5	0	5	2	4	2	0	2	2	0	8	0	0	7	5	2
2246	5 Mar 26	22:08:00	1	0	0	0	0	0	1	0	4	2	2	0	0	0	0	8	0	6	0	3	4	0	0	2	0	3	4	4	6	0	2	5	2	8	0	0	3	3	4
2247	5 Mar 26	22:09:00	1	0	0	0	0	0	1	0	4	5	8	0	0	0	0	7	0	4	0	4	2	0	0	3	0	2	0	2	1	0	2	6	0	2	3	0	3	5	3
2248	5 Mar 26	22:10:00	1	0	0	0	0	0	1	0	2	6	3	0	0	0	0	3	0	4	0	6	12	0	0	4	0	0	3	1	1	0	0	10	0	3	0	0	4	0	5
2249	5 Mar 26	22:11:00	1	0	0	0	0	0	1	0	1	4	3	0	0	0	1	2	0	1	0	2	0	0	0	3	0	0	5	1	1	0	0	7	3	0	3	0	6	3	5
2250	5 Mar 26	22:12:00	1	0	0	0	0	0	1	0	3	0	1	0	0	0	0	0	0	1	0	2	2	0	0	7	0	4	3	0	2	0	0	5	0	0	2	0	9	8	3
2251	5 Mar 26	22:13:00	1	0	0	0	0	0	1	0	0	15	0	0	0	0	0	11	0	0	0	5	5	0	0	2	0	3	3	4	5	0	0	8	1	0	0	0	4	11	4
2252	5 Mar 26	22:14:00	1	0	0	0	0	0	1	0	5	5	7	0	0	0	0	1	0	2	0	2	4	0	0	12	0	5	3	4	11	0	0	3	0	5	0	0	3	6	2
2253	5 Mar 26	22:15:00	1	0	0	0	0	0	1	0	2	2	5	0	0	0	0	1	0	3	0	6	2	0	0	1	0	3	5	3	2	0	0	2	0	3	2	0	4	6	3
2254	5 Mar 26	22:16:00	1	0	0	0	0	0	1	0	5	7	13	0	0	0	0	5	0	4	0	5	0	0	0	4	0	3	3	5	2	0	0	3	0	0	0	3	4	5	2
2255	5 Mar 26	22:17:00	1	0	0	0	0	0	1	0	3	4	6	0	0	0	0	10	0	5	0	3	0	0	0	4	0	9	4	2	6	0	0	12	0	4	0	2	4	3	5
2256	5 Mar 26	22:18:00	1	0	0	0	0	0	1	0	2	2	7	0	0	0	0	5	1	3	0	0	3	0	0	6	0	0	6	4	6	2	0	9	0	0	0	2	2	1	6
2257	5 Mar 26	22:19:00	1	0	0	0	0	0	1	0	2	5	7	0	0	0	0	1	6	5	0	0	3	0	0	14	0	0	3	1	5	1	0	7	0	4	0	0	3	7	4
2258	5 Mar 26	22:20:00	1	0	0	0	0	0	1	0	0	8	10	0	0	0	0	4	0	5	0	0	3	0	0	3	0	0	3	3	2	6	0	9	0	3	1	0	0	3	3
2259	5 Mar 26	22:21:00	1	0	0	0	0	0	1	0	0	4	4	0	0	0	0	8	0	2	0	0	2	0	0	2	0	0	6	4	9	0	0	4	0	0	0	0	3	1	4
2260	5 Mar 26	22:22:00	1	0	0	0	0	0	1	0	0	5	0	0	0	0	0	8	9	2	0	2	3	0	0	3	0	0	4	2	8	4	0	9	0	4	0	0	4	7	10
2261	5 Mar 26	22:23:00	1	0	0	0	0	0	1	0	0	3	0	0	0	0	0	6	2	1	0	1	5	0	0	5	0	0	4	2	4	2	0	3	0	0	0	0	3	2	6
2262	5 Mar 26	22:24:00	1	0	0	0	0	0	1	0	0	8	0	0	0	0	0	8	3	7	0	0	5	0	0	6	0	0	2	1	3	4	0	10	0	0	0	0	2	5	2
2263	5 Mar 26	22:25:00	1	0	0	0	0	0	1	0	0	0	0	0	0	0	0	3	0	6	0	0	6	0	0	2	0	0	8	2	1	0	0	7	0	10	0	0	3	5	2
2264	5 Mar 26	22:26:00	1	0	0	0	0	0	1	0	0	0	0	0	0	0	0	4	0	5	0	0	1	0	0	5	0	0	1	6	2	0	0	1	0	17	0	0	6	3	3
2265	5 Mar 26	22:27:00	1	0	0	0	0	0	1	0	0	0	0	0	0	0	0	5	0	7	0	0	3	2	0	10	0	0	3	3	3	2	0	3	0	3	0	0	3	3	8
2266	5 Mar 26	22:28:00	1	0	0	0	0	0	1	0	0	5	0	0	0	0	0	6	1	9	0	0	6	0	0	8	0	0	2	3	2	0	0	3	0	6	0	0	3	3	1
2267	5 Mar 26	22:29:00	1	0	0	0	0	0	1	0	0	10	0	0	0	0	0	0	8	4	0	0	0	0	0	13	0	0	2	7	1	0	1	0	0	3	0	3	10	3	4
2268	5 Mar 26	22:30:00	1	0	0	0	0	0	1	0	0	4	0	0	0	0	0	2	8	4	0	0	4	0	0	6	0	0	3	2	3	0	3	1	0	5	0	2	1	0	4
2269	5 Mar 26	22:31:00	1	0	0	0	0	0	1	0	0	1	0	0	0	0	0	8	2	2	0	2	3	0	0	9	0	0	2	2	2	0	0	1	0	12	0	0	5	0	4
2270	5 Mar 26	22:32:00	1	0	0	0	0	0	1	0	1	3	0	0	0	0	0	7	2	7	0	1	4	0	0	3	2	4	0	1	3	0	2	2	0	0	0	5	6	3	3
2271	5 Mar 26	22:33:00	1	0	0	0	0	0	1	0	0	6	0	0	0	0	0	5	0	1	0	0	4	0	0	6	3	3	0	0	3	0	6	9	0	4	0	6	3	5	4
2272	5 Mar 26	22:34:00	1	0	0	0	0	0	1	0	4	3	0	0	0	0	0	7	0	4	0	2	0	0	0	6	4	4	1	0	5	0	3	3	0	6	0	6	4	5	8
2273	5 Mar 26	22:35:00	1	0	0	0	0	0	1	3	2	7	0	0	0	0	0	6	0	3	0	3	3	0	0	3	2	3	0	0	2	0	1	0	0	0	2	4	4	4	1
2274	5 Mar 26	22:36:00	1	0	0	0	0	0	1	1	2	3	0	0	0	0	0	4	0	4	0	3	3	0	0	7	1	9	0	0	1	0	8	2	0	0	3	6	7	5	2
2275	5 Mar 26	22:37:00	1	0	0	0	0	0	1	1	0	11	0	0	0	0	0	6	0	1	0	4	2	0	0	5	0	5	2	4	2	0	2	5	0	0	10	8	5	4	2
2276	5 Mar 26	22:38:00	1	0	0	0	0	0	1	0	0	7	0	0	0	0	0	7	0	0	0	5	0	0	1	3	0	5	0	4	2	0	1	3	0	0	1	14	6	5	3
2277	5 Mar 26	22:39:00	1	0	0	0	0	0	1	0	1	4	0	0	0	0	0	8	0	5	0	2	0	0	3	5	0	0	5	4	8	0	1	4	0	0	0	6	3	2	2
2278	5 Mar 26	22:40:00	1	0	0	0	0	0	1	0	1	4	0	0	0	0	0	0	0	0	0	6	0	0	4	2	0	2	4	3	5	0	0	0	0	0	3	0	4	0	1
2279	5 Mar 26	22:41:00	1	0	0	0	0	0	1	0	2	8	0	0	0	6	0	3	0	0	0	2	0	0	1	6	0	0	9	0	3	0	0	0	0	0	3	0	2	6	5
2280	5 Mar 26	22:42:00	1	0	0	0	0	0	1	2	3	5	0	0	0	0	0	8	0	3	0	4	0	0	3	4	0	2	6	1	4	4	0	3	0	0	1	4	9	2	3
2281	5 Mar 26	22:43:00	1	0	0	0	0	0	1	4	3	9	0	0	0	0	0	5	0	3	0	0	0	0	3	3	0	7	5	0	4	4	2	6	0	0	3	0	2	1	3
2282	5 Mar 26	22:44:00	1	0	0	0	0	0	1	0	2	5	0	0	0	0	0	12	0	3	0	0	0	0	1	5	0	7	3	0	1	3	2	4	0	0	1	0	3	5	1
2283	5 Mar 26	22:45:00	1	0	0	0	0	0	1	1	2	7	0	0	0	0	0	6	0	0	0	1	0	0	1	3	0	5	5	3	1	3	3	4	0	0	2	0	4	0	3
2284	5 Mar 26	22:46:00	1	0	0	0	0	0	1	0	1	11	0	0	0	0	0	5	0	3	0	0	2	0	0	4	0	5	6	3	3	3	1	4	0	0	2	0	6	0	3
2285	5 Mar 26	22:47:00	1	0	0	0	0	0	1	0	1	4	0	0	0	0	0	4	0	6	0	0	4	0	0	3	0	2	6	4	0	5	0	5	0	0	0	0	1	5	3
2286	5 Mar 26	22:48:00	1	0	0	0	0	0	1	0	0	10	0	0	0	0	0	8	0	5	0	0	0	0	0	2	0	3	5	3	3	3	3	4	0	0	0	0	0	3	5
2287	5 Mar 26	22:49:00	1	0	0	0	0	0	1	0	0	10	0	0	0	0	0	0	0	0	0	0	6	0	0	6	0	1	9	1	1	0	3	3	0	0	2	0	4	10	2
2288	5 Mar 26	22:50:00	1	0	0	0	0	0	1	0	0	11	0	0	0	0	0	4	0	0	0	0	2	0	0	5	0	0	4	2	6	0	3	5	0	0	3	0	3	2	9
2289	5 Mar 26	22:51:00	1	0	0	0	0	0	1	0	0	0	0	0	0	0	0	3	0	0	0	1	3	0	0	5	0	7	7	2	3	0	2	0	0	5	3	0	3	4	9
2290	5 Mar 26	22:52:00	1	0	0	0	0	0	1	0	0	5	0	0	0	0	0	3	0	0	0	1	1	0	0	8	0	0	6	1	2	1	4	2	0	3	2	0	6	4	5
2291	5 Mar 26	22:53:00	1	0	0	0	0	0	1	0	0	5	0	2	0	0	0	5	0	0	0	0	0	0	0	13	0	0	0	0	2	2	2	2	0	4	0	0	5	3	3
2292	5 Mar 26	22:54:00	1	0	0	0	0	0	1	0	0	2	0	4	0	0	0	0	0	0	0	0	0	0	0	12	0	0	4	0	4	4	4	0	0	1	4	0	3	3	3
2293	5 Mar 26	22:55:00	1	0	0	0	0	0	1	7	0	6	2	0	0	0	0	0	0	0	0	0	0	0	0	5	0	0	3	0	5	0	1	1	0	0	6	0	3	6	3
2294	5 Mar 26	22:56:00	1	0	0	0	0	0	1	13	0	4	0	0	0	0	0	0	0	0	0	0	0	0	0	9	0	0	1	0	2	1	2	8	0	0	0	0	2	7	2
2295	5 Mar 26	22:57:00	1	0	0	0	0	0	1	3	0	6	0	3	0	0	0	5	0	0	0	0	0	0	0	5	0	0	7	0	3	0	0	8	0	0	2	0	4	3	2
2296	5 Mar 26	22:58:00	1	0	0	0	0	0	1	5	0	7	0	1	0	0	0	2	0	0	0	0	3	0	0	3	0	0	4	0	4	0	0	9	0	1	0	0	7	5	3
2297	5 Mar 26	22:59:00	1	0	0	0	0	0	1	11	0	6	0	0	0	0	0	3	0	0	0	0	4	0	0	5	0	0	5	0	5	0	2	2	0	9	1	0	8	6	3
2298	5 Mar 26	23:00:00	1	0	0	0	0	0	1	14	0	1	0	0	0	0	0	2	0	4	0	4	5	0	0	3	1	0	6	0	1	0	0	3	0	4	3	0	8	3	4
2299	5 Mar 26	23:01:00	1	0	0	0	0	0	1	1	0	6	0	0	0	0	0	0	0	4	0	2	0	0	0	3	5	0	3	0	1	0	0	5	0	6	1	0	3	3	4
2300	5 Mar 26	23:02:00	1	0	0	0	0	0	1	0	0	4	0	0	0	0	0	3	0	6	0	5	4	0	0	3	3	0	3	2	2	0	0	6	0	7	0	0	3	3	11
2301	5 Mar 26	23:03:00	1	0	0	0	0	0	1	14	2	4	0	0	0	0	0	7	0	4	0	2	2	0	0	6	3	0	4	5	3	0	0	12	0	2	0	0	0	6	3
2302	5 Mar 26	23:04:00	1	0	0	0	0	0	1	0	1	3	0	0	0	1	0	7	0	9	0	6	2	0	0	3	0	0	6	4	4	3	0	14	0	4	0	0	0	5	3
2303	5 Mar 26	23:05:00	1	0	0	0	0	0	1	4	4	0	0	0	0	0	0	0	0	4	0	4	5	0	0	6	0	0	7	3	12	0	0	20	0	10	2	0	0	4	3
2304	5 Mar 26	23:06:00	1	0	0	0	0	0	1	7	0	4	2	4	0	0	0	1	0	4	0	6	1	0	0	3	0	0	3	2	9	0	0	5	0	3	0	0	9	3	0
2305	5 Mar 26	23:07:00	1	0	0	0	0	0	1	2	0	2	4	0	0	0	0	0	0	0	0	1	2	0	0	1	0	0	3	3	3	0	0	8	0	3	4	0	4	3	0
2306	5 Mar 26	23:08:00	1	0	0	0	0	0	1	0	0	0	0	0	0	0	0	4	0	4	0	1	4	0	0	0	0	0	4	3	2	0	0	6	0	2	2	0	10	14	4
2307	5 Mar 26	23:09:00	1	0	0	0	0	0	1	0	0	0	1	0	0	0	0	7	0	11	0	1	0	0	0	0	0	0	4	3	1	0	0	3	0	2	0	0	10	5	3
2308	5 Mar 26	23:10:00	1	0	0	0	0	0	1	0	0	0	0	0	0	0	0	7	0	4	0	4	0	0	0	0	0	0	3	1	3	0	0	11	0	3	3	0	5	3	4
2309	5 Mar 26	23:11:00	1	0	0	0	0	0	1	0	0	9	0	0	0	0	0	5	0	5	0	3	0	0	0	0	0	0	3	3	2	0	0	4	0	4	0	2	1	4	4
2310	5 Mar 26	23:12:00	1	0	0	0	0	0	1	0	0	4	0	1	0	0	0	1	0	0	0	4	4	0	0	0	0	0	5	2	1	0	0	4	0	0	0	0	7	3	3
2311	5 Mar 26	23:13:00	1	0	0	0	0	0	1	7	0	9	0	0	0	0	0	1	0	4	0	1	2	0	0	0	0	0	0	1	2	0	0	3	0	3	0	4	3	3	0
2312	5 Mar 26	23:14:00	1	0	0	0	0	0	1	2	0	6	0	0	0	0	0	0	0	0	0	2	0	0	0	0	0	3	0	4	7	0	0	4	0	1	0	1	9	3	2
2313	5 Mar 26	23:15:00	1	0	0	0	0	0	1	0	0	2	0	0	0	0	0	0	0	0	0	0	3	0	0	0	0	2	0	2	1	0	1	9	0	0	4	4	2	4	6
2314	5 Mar 26	23:16:00	1	0	0	0	0	0	1	0	0	11	0	0	0	0	0	0	0	6	0	3	1	0	0	0	0	4	7	6	0	0	4	17	0	1	0	0	3	4	4
2315	5 Mar 26	23:17:00	1	0	0	0	0	0	1	0	0	5	0	5	0	0	0	0	0	6	0	1	2	0	0	0	0	7	4	6	2	0	1	10	0	0	2	1	0	6	5
2316	5 Mar 26	23:18:00	1	0	0	0	0	0	1	0	0	2	0	3	0	0	0	0	0	1	0	1	4	0	0	0	0	1	5	1	1	0	0	1	0	2	2	5	0	5	3
2317	5 Mar 26	23:19:00	1	0	0	0	0	0	1	0	0	0	0	0	0	0	0	0	0	2	0	1	0	0	0	0	0	0	4	2	3	0	0	3	0	3	1	2	0	5	5
2318	5 Mar 26	23:20:00	1	0	0	0	0	0	1	0	0	0	0	0	0	0	0	0	0	4	0	1	0	0	0	0	0	2	5	6	1	0	0	1	0	1	0	5	3	3	3
2319	5 Mar 26	23:21:00	1	0	0	0	0	0	1	0	0	11	0	0	0	0	0	2	4	4	2	0	1	0	0	0	0	3	1	0	2	0	0	3	0	1	3	2	4	2	4
2320	5 Mar 26	23:22:00	1	0	0	0	0	0	1	0	0	3	0	0	0	0	0	5	3	0	17	1	1	0	0	0	0	4	0	0	5	0	2	5	0	3	0	0	0	3	2
2321	5 Mar 26	23:23:00	1	0	0	0	0	0	1	0	0	5	0	0	0	0	0	7	10	2	1	0	6	0	0	0	0	3	0	0	4	0	1	5	0	1	0	0	4	3	4
2322	5 Mar 26	23:24:00	1	0	0	0	0	0	1	0	0	8	0	0	0	0	0	3	0	0	1	0	1	0	0	0	0	2	7	0	1	0	0	2	0	6	0	0	4	2	2
2323	5 Mar 26	23:25:00	1	0	0	0	0	0	1	0	0	6	0	0	0	0	0	4	7	0	0	0	1	0	0	0	0	11	11	1	5	0	0	7	0	1	0	0	5	5	3
2324	5 Mar 26	23:26:00	1	0	0	0	0	0	1	0	0	3	0	0	2	0	0	5	8	0	1	0	5	0	0	0	0	1	5	2	4	1	2	5	0	0	0	0	3	2	3
2325	5 Mar 26	23:27:00	1	0	0	0	0	0	1	0	0	2	0	0	0	0	0	4	12	0	8	0	7	0	0	0	0	2	3	2	2	2	4	2	0	0	0	0	3	2	4
2326	5 Mar 26	23:28:00	1	0	0	0	0	0	1	0	0	3	0	0	2	0	0	0	3	0	0	0	3	0	0	9	0	4	5	1	4	0	2	0	0	0	0	0	2	0	3
2327	5 Mar 26	23:29:00	1	0	0	0	0	0	1	0	0	2	0	0	11	2	0	0	0	0	9	0	0	0	0	5	0	5	3	1	3	5	3	0	0	0	0	0	3	0	3
2328	5 Mar 26	23:30:00	1	0	0	0	0	0	1	0	0	0	0	0	1	0	0	0	0	0	5	0	0	0	0	0	0	4	2	3	3	0	1	1	0	0	0	0	4	4	1
2329	5 Mar 26	23:31:00	1	0	0	0	0	0	1	0	0	0	0	0	0	0	0	0	0	0	0	0	0	0	0	5	0	7	4	3	2	0	3	4	0	0	0	0	3	1	1
2330	5 Mar 26	23:32:00	1	0	0	0	0	0	1	0	0	4	0	0	2	0	0	0	0	0	0	0	0	0	0	5	0	3	4	3	5	0	4	4	0	0	0	0	5	3	5
2331	5 Mar 26	23:33:00	1	0	0	0	0	0	1	0	0	2	0	0	0	0	0	0	0	0	0	0	4	0	0	3	0	1	5	3	3	0	1	2	0	0	0	0	4	6	0
2332	5 Mar 26	23:34:00	1	0	0	0	0	0	1	0	1	0	0	0	0	0	1	0	0	0	0	0	1	0	0	7	0	7	4	3	4	0	0	6	0	0	0	3	3	6	4
2333	5 Mar 26	23:35:00	1	0	0	0	0	0	1	0	1	4	0	0	4	0	0	0	0	0	0	1	0	0	0	3	0	4	4	2	4	3	1	2	0	0	0	4	2	4	4
2334	5 Mar 26	23:36:00	1	0	0	0	0	0	1	0	4	2	0	0	0	0	3	0	0	0	0	1	9	0	1	5	0	0	5	0	1	2	5	2	0	0	0	4	2	5	2
2335	5 Mar 26	23:37:00	1	0	0	0	0	0	1	6	0	5	0	0	0	0	0	0	0	0	0	0	0	0	7	0	0	0	10	0	2	2	3	5	0	0	0	5	1	7	2
2336	5 Mar 26	23:38:00	1	0	0	0	0	0	1	0	2	1	0	0	1	0	0	0	0	0	0	0	2	0	0	0	0	5	7	0	2	2	4	0	0	0	0	2	3	4	0
2337	5 Mar 26	23:39:00	1	0	0	0	0	0	1	0	2	8	0	0	0	0	0	3	0	0	0	2	1	0	0	0	0	4	8	0	1	0	5	1	0	0	0	0	3	2	0
2338	5 Mar 26	23:40:00	1	0	0	0	0	0	1	0	1	5	0	0	0	0	0	3	0	0	0	1	0	0	0	0	0	8	5	2	2	0	3	6	1	4	0	6	4	0	0
2339	5 Mar 26	23:41:00	1	0	0	0	0	0	1	0	0	1	0	0	0	0	0	4	0	0	3	2	0	0	0	0	0	6	2	1	7	0	1	13	0	2	0	5	1	0	0
2340	5 Mar 26	23:42:00	1	0	0	0	0	0	1	0	4	8	0	0	0	0	0	6	0	0	0	0	0	0	0	3	0	3	0	2	3	0	3	2	0	0	2	0	3	0	3
2341	5 Mar 26	23:43:00	1	0	0	0	0	0	1	0	3	8	0	0	0	0	0	0	0	0	0	1	0	0	0	4	0	4	4	6	3	0	7	3	0	0	4	0	3	0	5
2342	5 Mar 26	23:44:00	1	0	0	0	0	0	1	0	1	7	0	0	2	0	0	3	0	0	0	6	0	0	0	9	0	4	0	6	4	0	5	4	0	0	9	0	2	0	4
2343	5 Mar 26	23:45:00	1	0	0	0	0	0	1	0	3	8	0	0	0	0	0	4	0	0	3	1	0	0	0	4	0	0	0	2	1	0	3	1	0	1	2	0	0	3	3
2344	5 Mar 26	23:46:00	1	0	0	0	0	0	1	0	2	6	0	0	0	0	0	6	0	0	0	6	0	0	0	5	0	2	1	4	2	0	3	5	0	0	0	0	0	6	3
2345	5 Mar 26	23:47:00	1	0	0	0	0	0	1	5	2	10	0	0	0	0	0	0	0	0	0	2	0	0	0	2	0	5	3	4	2	0	4	1	2	0	0	0	1	3	1
2346	5 Mar 26	23:48:00	1	0	0	0	0	0	1	3	2	10	1	0	0	0	0	4	0	0	0	0	0	0	0	0	0	6	2	1	2	0	2	5	2	6	3	0	4	0	1
2347	5 Mar 26	23:49:00	1	0	0	0	0	0	1	5	0	2	0	0	0	0	0	1	0	0	0	0	0	0	0	0	0	1	1	0	6	0	1	8	3	15	3	0	4	1	0
2348	5 Mar 26	23:50:00	1	0	0	0	0	0	1	3	1	6	0	0	0	0	0	5	0	0	0	0	0	0	0	0	0	2	4	0	4	0	2	8	1	2	4	0	3	0	0
2349	5 Mar 26	23:51:00	1	0	0	0	0	0	1	0	0	6	0	0	0	0	0	0	0	0	0	0	0	0	0	7	0	6	5	0	4	0	1	3	6	1	2	0	6	0	2
2350	5 Mar 26	23:52:00	1	0	0	0	0	0	1	0	0	0	2	0	0	0	0	0	1	0	0	0	0	0	0	6	0	2	3	0	4	0	2	4	10	1	0	0	6	0	2
2351	5 Mar 26	23:53:00	1	0	0	0	0	0	1	0	0	2	4	0	0	0	0	0	3	0	0	0	0	0	0	6	0	3	3	0	6	2	3	1	0	10	0	0	3	2	1
2352	5 Mar 26	23:54:00	1	0	0	0	0	0	1	0	0	13	1	0	0	0	0	0	1	4	0	0	0	0	0	6	0	4	4	0	4	4	2	1	0	7	0	0	6	8	1
2353	5 Mar 26	23:55:00	1	0	0	0	0	0	1	0	4	6	0	0	0	0	0	0	2	0	0	0	0	0	0	1	0	2	4	2	3	0	0	2	0	5	0	0	3	6	3
2354	5 Mar 26	23:56:00	1	0	0	0	0	0	1	0	1	0	0	0	0	0	0	0	0	1	0	0	0	0	0	2	0	5	3	2	5	0	1	2	0	1	0	0	6	6	3
2355	5 Mar 26	23:57:00	1	0	0	0	0	0	1	0	0	0	0	0	0	0	0	0	0	2	0	0	4	0	0	0	0	7	3	4	5	0	0	2	0	0	0	0	5	3	5
2356	5 Mar 26	23:58:00	1	0	0	0	0	0	1	0	1	0	0	0	0	0	0	1	2	0	0	0	0	0	0	0	1	0	3	0	1	0	0	4	0	5	0	0	4	4	2
2357	5 Mar 26	23:59:00	1	0	0	0	0	0	1	0	0	7	0	0	0	0	0	1	0	0	0	0	0	0	0	0	1	0	6	1	2	0	0	0	2	0	0	0	0	2	1
2358	6 Mar 26	00:00:00	1	0	0	0	0	0	1	0	0	8	0	0	0	0	0	4	0	0	0	0	0	0	0	0	2	4	1	0	1	0	4	9	1	1	0	0	0	3	2
2359	6 Mar 26	00:01:00	1	0	0	0	0	0	1	0	0	7	0	0	0	0	0	3	0	0	0	0	2	0	0	0	0	0	4	3	1	0	1	13	2	5	0	0	0	4	0
2360	6 Mar 26	00:02:00	1	0	0	0	0	0	1	0	0	3	0	0	0	0	0	6	0	3	0	0	8	0	0	2	0	8	2	1	1	0	0	12	1	1	0	0	7	3	4
2361	6 Mar 26	00:03:00	1	0	0	0	0	0	1	0	0	1	0	0	0	0	0	5	0	1	0	0	2	0	0	6	0	3	1	0	1	0	4	5	3	4	0	0	1	1	0
2362	6 Mar 26	00:04:00	1	0	0	0	0	0	1	0	0	7	0	0	0	0	0	5	0	0	0	0	0	0	0	5	0	7	3	1	1	0	1	5	1	3	0	0	3	2	1
2363	6 Mar 26	00:05:00	1	0	0	0	0	0	1	0	0	3	1	0	0	0	0	5	0	7	0	0	1	0	0	2	0	3	5	2	1	0	3	11	0	0	2	0	5	3	2
2364	6 Mar 26	00:06:00	1	0	0	0	0	0	1	0	0	3	3	0	0	0	0	9	0	2	0	0	3	0	0	2	1	5	4	2	2	0	1	3	0	0	1	0	0	5	2
2365	6 Mar 26	00:07:00	1	0	0	0	0	0	1	0	0	7	0	0	0	0	0	2	0	2	0	0	3	0	0	3	2	8	1	0	0	0	2	2	1	0	0	0	0	5	4
2366	6 Mar 26	00:08:00	1	0	0	0	0	0	1	0	0	5	2	0	0	0	0	2	0	4	0	0	3	0	0	5	5	8	6	2	0	0	1	2	2	4	5	0	3	3	2
2367	6 Mar 26	00:09:00	1	0	0	0	0	0	1	1	0	3	0	0	0	0	0	0	0	6	0	0	1	0	0	3	2	0	4	0	2	0	0	0	0	0	0	0	5	7	1
2368	6 Mar 26	00:10:00	1	0	0	0	0	0	1	0	0	2	0	0	0	0	0	0	0	4	0	0	2	0	0	5	0	3	2	0	3	0	0	7	0	0	0	0	1	5	2
2369	6 Mar 26	00:11:00	1	0	0	0	0	0	1	0	0	8	1	0	0	0	0	0	0	7	0	0	3	0	0	2	1	8	0	0	2	0	2	8	1	0	0	0	2	3	1
2370	6 Mar 26	00:12:00	1	0	0	0	0	0	1	1	0	7	1	5	0	0	0	0	0	1	0	0	0	0	0	2	3	5	4	0	2	0	3	7	0	0	1	0	2	2	2
2371	6 Mar 26	00:13:00	1	0	0	0	0	0	1	4	0	4	0	7	0	0	0	0	0	1	0	0	3	0	0	0	0	6	2	0	0	0	2	2	0	0	0	0	4	3	1
2372	6 Mar 26	00:14:00	1	0	0	0	0	0	1	0	0	7	0	3	0	0	0	0	0	0	0	0	1	0	0	0	0	5	0	0	2	0	3	2	0	2	4	0	3	0	4
2373	6 Mar 26	00:15:00	1	0	0	0	0	0	1	1	0	9	0	4	0	0	0	0	0	0	0	0	5	0	0	0	0	1	0	4	4	0	2	4	5	1	0	1	4	2	1
2374	6 Mar 26	00:16:00	1	0	0	0	0	0	1	0	0	3	0	1	0	0	0	0	0	0	0	0	0	0	0	0	0	3	2	3	0	0	2	7	7	2	0	2	6	2	2
2375	6 Mar 26	00:17:00	1	0	0	0	0	0	1	0	0	7	0	3	0	0	0	0	0	0	0	0	4	0	0	0	0	5	0	4	0	0	4	3	2	2	4	8	3	3	1
2376	6 Mar 26	00:18:00	1	0	0	0	0	0	1	0	0	4	0	1	0	0	0	0	0	0	0	0	8	0	0	0	0	4	3	6	0	0	3	2	0	4	1	6	5	0	1
2377	6 Mar 26	00:19:00	1	0	0	0	0	0	1	1	0	7	0	0	0	0	0	0	0	0	0	0	4	0	0	5	0	5	4	3	1	0	1	1	0	0	0	7	4	0	5
2378	6 Mar 26	00:20:00	1	0	0	0	0	0	1	1	0	5	1	8	0	0	0	0	0	0	0	0	0	0	0	0	0	7	8	1	0	0	3	4	2	0	0	10	7	0	5
2379	6 Mar 26	00:21:00	1	0	0	0	0	0	1	8	0	5	6	0	0	0	0	0	0	0	0	0	0	0	0	7	0	4	4	0	0	0	3	0	0	0	0	11	3	0	2
2380	6 Mar 26	00:22:00	1	0	0	0	0	0	1	6	0	9	2	0	0	0	0	0	0	0	0	0	1	0	0	1	0	3	5	0	0	0	2	0	0	0	3	2	0	0	3
2381	6 Mar 26	00:23:00	1	0	0	0	0	0	1	2	0	2	0	0	0	0	0	0	0	0	0	0	2	0	0	3	0	6	3	0	1	0	0	3	0	0	3	0	2	0	2
2382	6 Mar 26	00:24:00	1	0	0	0	0	0	1	1	0	16	0	0	0	0	0	0	0	0	0	0	1	0	0	3	0	0	1	0	2	0	4	7	0	3	1	1	0	0	2
2383	6 Mar 26	00:25:00	1	0	0	0	0	0	1	1	0	0	0	0	0	8	0	0	0	0	0	0	0	0	0	2	0	2	4	0	3	0	2	1	3	6	4	2	0	0	6
2384	6 Mar 26	00:26:00	1	0	0	0	0	0	1	2	0	4	0	0	0	1	0	2	0	0	0	0	7	0	0	7	0	3	2	0	0	0	2	2	7	2	0	2	0	0	1
2385	6 Mar 26	00:27:00	1	0	0	0	0	0	1	2	3	1	0	0	0	6	0	3	0	0	0	0	3	0	8	6	0	3	4	0	1	0	4	2	0	0	0	0	0	0	7
2386	6 Mar 26	00:28:00	1	0	0	0	0	0	1	2	0	0	0	0	0	0	0	3	0	0	0	1	3	0	0	5	0	0	3	0	4	2	5	3	1	0	0	0	4	0	1
2387	6 Mar 26	00:29:00	1	0	0	0	0	0	1	5	0	0	1	0	4	0	0	5	0	0	0	0	2	0	2	3	0	3	1	0	0	2	3	3	0	7	0	4	0	0	2
2388	6 Mar 26	00:30:00	1	0	0	0	0	0	1	0	1	0	3	0	4	0	0	2	0	0	0	1	6	0	0	4	0	5	2	0	2	0	3	5	0	10	0	0	3	6	1
2389	6 Mar 26	00:31:00	1	0	0	0	0	0	1	2	1	0	2	0	3	0	0	3	0	0	0	0	4	0	0	4	0	12	2	0	4	0	2	1	0	7	0	0	4	4	3
2390	6 Mar 26	00:32:00	1	0	0	0	0	0	1	0	0	2	2	0	4	0	0	5	0	0	0	0	2	0	3	6	0	3	3	6	2	0	3	0	0	3	0	0	4	3	0
2391	6 Mar 26	00:33:00	1	0	0	0	0	0	1	6	0	0	0	0	1	0	0	4	0	0	0	0	3	0	0	7	0	7	2	2	3	0	1	2	0	4	0	4	2	6	3
2392	6 Mar 26	00:34:00	1	0	0	0	0	0	1	2	0	0	0	0	1	0	0	2	0	0	1	0	4	0	5	2	0	10	4	4	4	0	4	2	0	1	0	4	5	4	1
2393	6 Mar 26	00:35:00	1	0	0	0	0	0	1	11	0	0	0	0	0	0	0	5	7	0	0	0	2	0	1	6	0	5	4	1	3	0	5	1	0	4	0	2	3	1	5
2394	6 Mar 26	00:36:00	1	0	0	0	0	0	1	12	0	0	0	0	1	0	0	1	10	0	0	0	5	0	0	2	0	3	2	0	2	0	3	5	0	5	0	3	3	3	1
2395	6 Mar 26	00:37:00	1	0	0	0	0	0	1	2	0	0	0	0	0	1	0	0	7	0	0	0	5	0	0	2	3	0	3	1	2	0	5	6	0	4	0	0	3	5	2
2396	6 Mar 26	00:38:00	1	0	0	0	0	0	1	8	0	0	0	0	19	1	0	0	4	0	0	0	0	0	0	3	5	0	1	0	0	0	1	2	0	3	0	0	0	3	2
2397	6 Mar 26	00:39:00	1	0	0	0	0	0	1	4	0	0	0	0	5	1	0	0	6	0	0	0	0	0	0	2	0	0	2	2	1	0	1	3	0	3	0	3	3	3	0
2398	6 Mar 26	00:40:00	1	0	0	0	0	0	1	11	0	0	0	0	0	1	0	0	0	0	0	0	0	0	0	16	0	0	2	4	1	4	1	0	0	3	0	1	0	4	1
2399	6 Mar 26	00:41:00	1	0	0	0	0	0	1	7	0	0	0	0	0	0	0	0	7	0	0	0	0	0	0	1	1	0	7	2	3	5	2	2	0	1	2	2	1	2	3
2400	6 Mar 26	00:42:00	1	0	0	0	0	0	1	6	0	0	0	0	0	0	0	0	1	0	0	0	0	0	0	6	5	0	6	4	2	0	0	1	0	0	7	0	2	0	5
2401	6 Mar 26	00:43:00	1	0	0	0	0	0	1	10	0	3	0	0	0	2	0	0	0	0	0	0	0	0	0	2	2	0	2	3	5	0	1	0	0	5	0	3	8	0	3
2402	6 Mar 26	00:44:00	1	0	0	0	0	0	1	8	0	3	0	0	0	2	0	0	0	0	0	0	0	0	0	2	5	0	4	3	4	0	1	5	0	0	1	4	4	6	4
2403	6 Mar 26	00:45:00	1	0	0	0	0	0	1	3	0	0	0	0	0	0	0	0	0	0	0	0	0	0	0	3	0	0	3	0	2	3	3	0	0	1	0	0	3	6	4
2404	6 Mar 26	00:46:00	1	0	0	0	0	0	1	4	1	1	0	0	0	0	0	0	1	0	0	0	2	0	0	3	0	0	7	2	3	0	3	2	0	2	0	0	0	5	2
2405	6 Mar 26	00:47:00	1	0	0	0	0	0	1	2	0	4	0	0	0	0	0	0	0	0	0	0	2	0	0	0	0	0	3	1	3	3	3	6	0	4	0	0	0	10	3
2406	6 Mar 26	00:48:00	1	0	0	0	0	0	1	9	2	0	0	0	0	0	0	0	0	0	3	0	2	0	0	0	0	0	4	0	6	4	2	2	0	0	0	0	0	0	5
2407	6 Mar 26	00:49:00	1	0	0	0	0	0	1	10	2	4	0	0	0	0	0	0	0	0	0	0	0	0	0	0	0	0	12	0	4	3	0	7	0	10	0	0	0	5	4
2408	6 Mar 26	00:50:00	1	0	0	0	0	0	1	4	1	0	0	0	0	0	0	0	0	0	2	0	0	0	0	5	0	0	0	4	1	3	2	1	0	1	0	0	0	0	5
2409	6 Mar 26	00:51:00	1	0	0	0	0	0	1	1	1	0	0	0	0	0	0	2	0	0	0	0	4	0	0	7	0	0	3	2	2	3	5	3	0	5	0	1	0	6	6
2410	6 Mar 26	00:52:00	1	0	0	0	0	0	1	2	3	0	0	0	0	0	0	3	0	0	0	0	3	0	0	3	0	0	0	0	2	0	4	3	0	4	0	2	0	2	6
2411	6 Mar 26	00:53:00	1	0	0	0	0	0	1	0	0	2	0	0	0	0	0	0	0	0	0	0	2	0	0	10	0	0	5	0	3	0	3	3	0	4	0	0	0	0	8
2412	6 Mar 26	00:54:00	1	0	0	0	0	0	1	1	3	2	0	0	0	0	0	1	0	0	0	0	6	0	0	4	0	0	1	0	3	0	4	2	0	5	0	0	0	3	2
2413	6 Mar 26	00:55:00	1	0	0	0	0	0	1	1	2	0	0	0	0	0	0	1	0	0	0	0	0	0	0	5	0	5	1	0	3	0	3	9	0	0	0	0	0	3	2
2414	6 Mar 26	00:56:00	1	0	0	0	0	0	1	0	1	0	0	0	0	0	0	0	0	0	0	0	0	0	0	5	0	3	0	0	2	0	3	0	0	5	0	0	0	3	4
2415	6 Mar 26	00:57:00	1	0	0	0	0	0	1	0	0	1	1	0	0	0	0	0	0	0	0	0	4	0	0	5	0	7	0	0	0	0	4	0	0	6	3	6	0	5	2
2416	6 Mar 26	00:58:00	1	0	0	0	0	0	1	2	4	0	0	0	0	0	0	0	0	0	0	0	2	0	0	4	0	8	1	0	1	0	3	0	0	4	0	3	0	3	0
2417	6 Mar 26	00:59:00	1	0	0	0	0	0	1	0	1	0	0	0	0	0	3	0	0	0	0	0	0	0	0	3	0	4	3	0	0	0	4	2	0	5	0	1	0	0	5
2418	6 Mar 26	01:00:00	1	0	0	0	0	0	1	0	2	0	0	0	0	0	0	0	0	2	0	1	0	0	0	4	0	5	0	0	0	0	3	3	0	7	0	1	3	0	3
2419	6 Mar 26	01:01:00	1	0	0	0	0	0	1	0	1	1	3	0	0	0	0	0	0	0	0	0	0	0	0	8	0	1	0	0	2	0	4	3	0	6	3	2	5	0	6
2420	6 Mar 26	01:02:00	1	0	0	0	0	0	1	0	7	0	2	0	0	0	4	0	0	2	0	0	3	0	0	4	0	0	0	0	2	0	1	4	0	8	0	4	0	0	1
2421	6 Mar 26	01:03:00	1	0	0	0	0	0	1	0	2	0	0	0	0	0	4	0	0	7	0	0	0	0	0	5	0	3	1	0	3	0	0	5	0	8	0	3	8	0	2
2422	6 Mar 26	01:04:00	1	0	0	0	0	0	1	0	0	3	0	0	0	0	0	0	0	2	0	0	4	0	0	3	0	7	0	0	0	0	0	7	0	5	4	3	3	0	3
2423	6 Mar 26	01:05:00	1	0	0	0	0	0	1	0	3	0	0	0	0	3	0	0	0	9	0	0	3	0	0	8	0	1	4	5	1	0	3	0	2	2	3	2	1	3	5
2424	6 Mar 26	01:06:00	1	0	0	0	0	0	1	0	2	2	0	0	0	0	0	0	0	5	0	0	4	0	1	7	0	1	3	4	2	0	0	1	2	6	0	2	3	4	1
2425	6 Mar 26	01:07:00	1	0	0	0	0	0	1	0	4	5	3	0	0	0	1	0	0	4	0	0	5	0	4	3	0	0	3	3	3	0	3	6	8	3	2	6	2	8	3
2426	6 Mar 26	01:08:00	1	0	0	0	0	0	1	0	6	0	0	0	0	0	0	0	0	3	0	0	0	0	2	3	0	0	0	5	3	0	5	7	5	2	3	6	0	3	3
2427	6 Mar 26	01:09:00	1	0	0	0	0	0	1	0	2	4	0	0	1	0	2	0	0	1	0	0	1	0	2	3	0	0	2	4	3	0	3	0	5	2	4	3	2	3	4
2428	6 Mar 26	01:10:00	1	0	0	0	0	0	1	1	2	6	0	0	0	2	0	0	11	5	0	0	1	0	4	5	0	0	4	3	1	0	6	2	0	0	1	5	4	1	1
2429	6 Mar 26	01:11:00	1	0	0	0	0	0	1	0	3	4	0	0	0	0	0	0	4	2	0	0	0	0	7	3	0	0	4	2	0	0	3	4	0	8	2	4	1	2	0
2430	6 Mar 26	01:12:00	1	0	0	0	0	0	1	0	0	1	2	0	0	0	1	5	0	3	0	0	0	0	6	9	0	0	5	2	2	0	3	2	1	0	6	1	5	3	1
2431	6 Mar 26	01:13:00	1	0	0	0	0	0	1	0	3	2	1	0	0	0	0	3	4	0	0	0	0	2	2	7	3	0	2	1	2	0	2	2	1	0	5	1	4	6	4
2432	6 Mar 26	01:14:00	1	0	0	0	0	0	1	0	1	7	0	0	0	4	0	2	0	0	0	0	0	1	5	1	2	0	5	4	3	0	2	2	5	0	2	0	1	0	2
2433	6 Mar 26	01:15:00	1	0	0	0	0	0	1	1	2	0	0	0	0	0	0	2	3	2	0	0	0	0	6	7	2	0	3	3	2	0	1	0	0	0	0	0	0	2	0
2434	6 Mar 26	01:16:00	1	0	0	0	0	0	1	0	0	0	0	0	0	0	1	0	2	1	0	0	0	2	4	5	3	0	3	1	0	0	5	3	0	2	1	0	4	5	4
2435	6 Mar 26	01:17:00	1	0	0	0	0	0	1	0	2	4	0	0	0	0	0	3	1	0	0	1	0	2	2	3	4	0	4	0	6	0	3	2	0	9	2	0	8	3	4
2436	6 Mar 26	01:18:00	1	0	0	0	0	0	1	0	0	0	0	0	0	0	0	0	11	0	0	0	0	0	2	2	7	0	6	0	0	0	5	2	3	0	0	0	6	5	0
2437	6 Mar 26	01:19:00	1	0	0	0	0	0	1	0	1	6	0	0	0	0	3	0	12	0	0	1	0	0	3	0	4	0	13	0	3	0	0	7	6	3	0	2	4	3	1
2438	6 Mar 26	01:20:00	1	0	0	0	0	0	1	0	0	2	0	0	0	0	0	7	10	0	0	0	0	0	5	4	2	0	5	0	3	4	1	1	5	4	0	4	6	4	2
2439	6 Mar 26	01:21:00	1	0	0	0	0	0	1	0	0	0	0	0	0	0	1	5	1	0	0	0	0	0	1	3	3	0	3	0	2	4	1	6	0	4	0	2	3	5	2
2440	6 Mar 26	01:22:00	1	0	0	0	0	0	1	0	5	0	0	0	0	0	1	0	1	0	0	0	0	0	4	3	4	0	2	0	2	4	1	2	0	2	0	2	6	4	2
2441	6 Mar 26	01:23:00	1	0	0	0	0	0	1	0	0	0	0	0	0	1	3	0	0	0	0	5	0	0	2	5	0	0	2	0	4	4	4	4	0	0	6	8	2	2	1
2442	6 Mar 26	01:24:00	1	0	0	0	0	0	1	0	0	0	4	0	0	0	0	0	0	0	0	11	0	0	3	1	0	0	4	0	3	7	2	2	0	4	5	4	4	2	2
2443	6 Mar 26	01:25:00	1	0	0	0	0	0	1	0	2	0	1	0	0	0	2	0	1	0	0	0	0	0	7	11	0	0	4	0	2	5	3	5	0	3	0	4	5	3	5
2444	6 Mar 26	01:26:00	1	0	0	0	0	0	1	0	3	0	0	0	0	1	2	0	0	0	0	1	0	0	2	7	0	0	0	0	2	2	2	0	0	1	0	3	1	6	2
2445	6 Mar 26	01:27:00	1	0	0	0	0	0	1	0	1	0	0	0	0	0	0	0	0	0	0	0	2	0	2	3	0	0	2	3	1	0	3	6	0	0	2	5	3	3	4
2446	6 Mar 26	01:28:00	1	0	0	0	0	0	1	0	3	0	0	0	0	0	0	0	0	0	0	0	1	0	3	3	0	0	2	2	0	0	4	5	0	2	1	2	3	4	3
2447	6 Mar 26	01:29:00	1	0	0	0	0	0	1	0	1	0	0	0	0	4	0	2	0	0	0	0	1	0	2	4	0	0	1	6	0	0	1	2	0	3	0	2	5	3	4
2448	6 Mar 26	01:30:00	1	0	0	0	0	0	1	0	3	0	0	0	0	22	0	4	0	0	0	0	1	0	4	6	0	0	3	1	0	0	5	3	0	3	2	3	1	6	2
2449	6 Mar 26	01:31:00	1	0	0	0	0	0	1	2	0	0	0	0	0	3	2	0	0	0	0	0	1	4	5	8	0	2	4	3	0	2	3	1	0	2	2	1	1	4	7
2450	6 Mar 26	01:32:00	1	0	0	0	0	0	1	8	0	0	0	0	0	1	0	3	0	0	0	0	2	0	3	1	0	2	2	2	0	6	3	3	4	0	5	3	0	6	3
2451	6 Mar 26	01:33:00	1	0	0	0	0	0	1	0	0	0	1	0	0	1	0	0	0	0	0	0	4	0	3	0	0	9	6	2	0	6	4	1	0	0	4	2	2	2	3
2452	6 Mar 26	01:34:00	1	0	0	0	0	0	1	0	0	1	1	0	0	2	0	0	0	0	0	0	3	0	0	0	0	4	4	7	0	2	0	6	1	0	2	0	8	3	4
2453	6 Mar 26	01:35:00	1	0	0	0	0	0	1	0	0	0	0	0	0	2	0	0	0	0	0	0	3	0	0	0	0	0	3	0	0	3	3	1	0	0	0	4	2	4	5
2454	6 Mar 26	01:36:00	1	0	0	0	0	0	1	0	0	0	1	0	0	0	0	0	0	0	0	0	2	0	2	3	0	2	2	0	0	0	3	2	3	0	0	2	4	2	4
2455	6 Mar 26	01:37:00	1	0	0	0	0	0	1	0	0	2	1	0	0	0	0	0	0	0	0	0	1	8	5	3	0	3	2	0	2	0	4	4	0	0	0	3	6	1	2
2456	6 Mar 26	01:38:00	1	0	0	0	0	0	1	0	0	5	0	0	0	0	0	0	0	0	0	0	2	1	2	9	0	4	5	2	2	0	0	8	0	0	0	4	1	4	4
2457	6 Mar 26	01:39:00	1	0	0	0	0	0	1	0	0	4	0	0	0	0	0	0	0	0	0	0	0	0	3	1	0	4	4	0	4	0	5	2	0	0	0	3	2	3	2
2458	6 Mar 26	01:40:00	1	0	0	0	0	0	1	0	0	0	3	0	0	0	0	0	0	0	0	0	0	0	6	3	0	1	2	1	0	0	3	7	0	0	2	4	3	4	4
2459	6 Mar 26	01:41:00	1	0	0	0	0	0	1	0	0	2	3	0	0	0	0	5	0	0	0	0	0	5	3	2	0	6	4	1	1	0	2	0	0	0	2	1	2	3	2
2460	6 Mar 26	01:42:00	1	0	0	0	0	0	1	0	0	1	0	0	0	0	0	5	0	0	0	0	0	3	4	3	0	3	1	3	1	0	3	6	0	0	0	2	5	5	1
2461	6 Mar 26	01:43:00	1	0	0	0	0	0	1	0	0	4	0	0	0	0	0	5	0	0	0	0	0	0	2	11	0	0	4	5	3	0	1	0	0	0	0	0	4	3	2
2462	6 Mar 26	01:44:00	1	0	0	0	0	0	1	0	0	0	0	0	0	0	0	4	0	0	0	0	0	0	0	1	0	3	2	3	2	0	1	0	0	0	0	1	3	1	4
2463	6 Mar 26	01:45:00	1	0	0	0	0	0	1	1	0	6	0	0	0	0	0	2	0	0	0	0	0	0	0	5	3	0	1	1	2	0	3	1	0	0	5	7	3	0	4
2464	6 Mar 26	01:46:00	1	0	0	0	0	0	1	0	0	2	1	0	0	0	0	2	0	0	0	0	0	0	1	3	0	8	4	0	4	0	2	4	0	0	0	2	5	0	3
2465	6 Mar 26	01:47:00	1	0	0	0	0	0	1	0	0	5	4	0	0	0	0	1	0	0	0	0	0	0	5	5	2	3	5	0	2	0	7	7	0	0	0	3	3	0	0
2466	6 Mar 26	01:48:00	1	0	0	0	0	0	1	0	0	5	1	0	0	0	0	6	0	0	0	0	0	0	0	9	2	1	4	0	1	0	4	4	0	0	0	3	4	1	0
2467	6 Mar 26	01:49:00	1	0	0	0	0	0	1	0	0	2	0	0	0	2	0	2	0	0	0	0	0	0	1	3	0	2	0	0	2	0	3	1	0	5	0	4	4	2	0
2468	6 Mar 26	01:50:00	1	0	0	0	0	0	1	0	0	9	0	0	0	4	0	0	0	0	0	0	3	0	4	2	0	2	2	0	1	0	1	5	0	3	0	3	4	5	0
2469	6 Mar 26	01:51:00	1	0	0	0	0	0	1	0	0	5	0	0	0	0	0	0	0	0	0	3	2	0	3	4	0	4	5	0	0	0	2	1	0	15	0	4	4	5	0
2470	6 Mar 26	01:52:00	1	0	0	0	0	0	1	0	0	1	0	0	0	0	0	0	0	5	0	0	3	0	5	3	0	4	5	0	0	0	5	7	4	5	0	5	5	2	0
2471	6 Mar 26	01:53:00	1	0	0	0	0	0	1	0	0	8	0	0	0	0	0	0	0	5	0	0	0	0	1	0	2	0	6	0	0	0	3	2	0	3	0	0	5	13	5
2472	6 Mar 26	01:54:00	1	0	0	0	0	0	1	0	3	10	0	0	0	0	0	0	0	4	0	0	0	0	2	0	1	0	6	0	2	0	6	1	0	6	0	0	4	1	3
2473	6 Mar 26	01:55:00	1	0	0	0	0	0	1	0	0	6	0	0	0	0	0	0	0	2	0	0	0	0	0	6	6	0	6	0	0	0	2	1	1	5	0	4	3	1	5
2474	6 Mar 26	01:56:00	1	0	0	0	0	0	1	0	0	7	0	0	0	0	0	0	0	1	0	0	0	0	0	6	5	0	6	0	2	0	2	2	0	0	0	3	4	5	2
2475	6 Mar 26	01:57:00	1	0	0	0	0	0	1	0	0	2	1	0	0	0	0	0	0	1	0	0	0	0	7	0	4	0	3	0	0	0	2	2	1	3	0	6	2	3	2
2476	6 Mar 26	01:58:00	1	0	0	0	0	0	1	0	0	3	1	0	0	0	0	0	0	1	0	0	0	0	0	0	0	0	2	0	2	1	5	2	0	4	0	5	6	7	0
2477	6 Mar 26	01:59:00	1	0	0	0	0	0	1	0	2	5	0	0	0	0	0	0	0	4	0	0	0	0	3	0	1	0	3	0	0	2	0	7	0	8	0	6	5	3	0
2478	6 Mar 26	02:00:00	1	0	0	0	0	0	1	0	0	1	3	0	0	0	0	0	0	4	0	0	0	0	3	0	0	0	6	0	2	2	0	2	1	5	0	4	2	0	3
2479	6 Mar 26	02:01:00	1	0	0	0	0	0	1	0	0	5	5	0	0	1	0	0	0	0	0	0	0	0	2	6	0	0	1	0	1	6	3	1	5	0	0	3	0	2	1
2480	6 Mar 26	02:02:00	1	0	0	0	0	0	1	0	0	3	1	0	0	0	0	0	0	3	0	0	0	0	3	5	0	0	1	2	0	4	3	6	2	0	3	2	0	0	4
2481	6 Mar 26	02:03:00	1	0	0	0	0	0	1	0	0	0	2	0	0	0	0	4	0	4	0	0	0	0	4	7	0	0	2	4	0	2	2	4	0	0	0	3	0	1	2
2482	6 Mar 26	02:04:00	1	0	0	0	0	0	1	0	0	1	0	0	0	0	0	4	0	5	0	0	0	0	0	3	0	0	3	5	0	3	4	4	2	5	0	5	0	3	1
2483	6 Mar 26	02:05:00	1	0	0	0	0	0	1	0	0	0	1	0	0	1	0	3	0	3	0	0	0	0	0	4	0	0	7	6	0	5	6	0	2	2	0	3	3	5	4
2484	6 Mar 26	02:06:00	1	0	0	0	0	0	1	0	0	0	0	0	0	0	0	0	0	7	0	0	0	0	0	4	0	0	1	3	0	6	2	0	1	1	2	4	2	3	3
2485	6 Mar 26	02:07:00	1	0	0	0	0	0	1	0	0	0	0	0	0	0	0	1	0	2	0	0	0	0	0	8	1	0	6	0	5	3	4	0	0	3	4	0	0	4	4
2486	6 Mar 26	02:08:00	1	0	0	0	0	0	1	0	2	0	0	0	0	0	0	4	3	0	0	0	1	0	0	3	4	0	7	4	8	6	4	0	0	0	0	3	4	4	4
2487	6 Mar 26	02:09:00	1	0	0	0	0	0	1	0	0	0	0	0	0	0	0	0	4	8	0	0	0	0	0	4	4	0	8	2	4	0	2	1	3	3	0	2	1	0	2
2488	6 Mar 26	02:10:00	1	0	0	0	0	0	1	0	0	0	0	0	0	0	0	0	1	3	0	0	0	0	0	6	0	0	2	1	3	3	5	2	6	1	0	0	3	0	3
2489	6 Mar 26	02:11:00	1	0	0	0	0	0	1	0	0	0	0	0	0	0	0	0	1	0	0	0	3	0	0	6	0	0	2	0	2	1	4	3	4	3	0	0	4	0	1
2490	6 Mar 26	02:12:00	1	0	0	0	0	0	1	3	0	2	0	0	0	0	0	0	9	2	0	0	0	0	0	2	0	0	4	4	1	1	3	6	6	0	1	1	4	0	2
2491	6 Mar 26	02:13:00	1	0	0	0	0	0	1	6	0	1	0	0	0	0	0	0	4	1	0	0	0	0	0	1	0	0	3	2	1	0	6	0	0	1	0	4	3	0	0
2492	6 Mar 26	02:14:00	1	0	0	0	0	0	1	11	0	0	0	0	0	0	0	0	3	2	0	0	0	0	0	9	0	0	3	2	1	0	1	4	0	3	3	4	8	0	1
2493	6 Mar 26	02:15:00	1	0	0	0	0	0	1	6	0	0	0	0	0	0	0	0	4	2	0	3	0	0	0	8	0	0	0	0	2	0	0	4	0	4	3	6	5	0	2
2494	6 Mar 26	02:16:00	1	0	0	0	0	0	1	3	0	0	0	0	0	0	0	0	0	4	0	4	0	0	0	4	0	3	1	0	0	0	3	2	0	2	3	0	0	0	4
2495	6 Mar 26	02:17:00	1	0	0	0	0	0	1	4	0	0	0	0	0	0	0	0	7	3	0	0	0	0	0	4	0	8	5	0	0	0	1	0	0	3	1	2	0	0	2
2496	6 Mar 26	02:18:00	1	0	0	0	0	0	1	7	0	0	0	0	0	0	0	0	6	4	0	0	0	0	0	3	0	7	0	0	0	3	2	5	0	3	0	6	0	0	3
2497	6 Mar 26	02:19:00	1	0	0	0	0	0	1	4	0	0	0	0	0	0	0	3	4	1	0	0	0	0	0	6	0	5	1	0	0	4	1	7	0	2	0	4	0	0	3
2498	6 Mar 26	02:20:00	1	0	0	0	0	0	1	1	0	0	0	0	0	0	0	7	3	2	0	0	0	0	0	9	0	4	0	0	0	0	3	2	0	0	2	3	0	0	1
2499	6 Mar 26	02:21:00	1	0	0	0	0	0	1	6	0	0	0	0	0	0	0	2	0	1	0	0	0	0	0	5	0	2	0	0	0	6	4	2	0	3	2	6	0	0	1
2500	6 Mar 26	02:22:00	1	0	0	0	0	0	1	9	0	0	0	0	0	0	0	0	0	1	0	0	0	0	0	5	0	7	0	0	4	1	0	7	0	0	0	7	0	0	0
2501	6 Mar 26	02:23:00	1	0	0	0	0	0	1	7	12	0	0	0	0	0	0	0	0	3	0	0	0	0	0	7	0	2	0	0	2	4	6	2	0	0	0	7	0	0	0
2502	6 Mar 26	02:24:00	1	0	0	0	0	0	1	14	0	0	0	0	0	3	0	0	0	0	0	0	0	0	0	6	0	8	2	0	1	3	1	7	0	1	0	5	3	0	1
2503	6 Mar 26	02:25:00	1	0	0	0	0	0	1	12	0	0	0	0	0	0	0	0	0	0	0	0	1	0	0	2	0	4	1	0	2	3	1	0	0	3	0	5	1	0	4
2504	6 Mar 26	02:26:00	1	0	0	0	0	0	1	5	2	0	1	0	0	0	0	0	0	5	0	0	2	0	0	7	0	5	0	0	3	0	2	0	0	1	0	0	5	0	2
2505	6 Mar 26	02:27:00	1	0	0	0	0	0	1	6	9	0	1	0	0	0	0	0	0	0	0	0	2	0	0	4	0	7	0	0	3	1	0	7	0	0	2	3	8	0	5
2506	6 Mar 26	02:28:00	1	0	0	0	0	0	1	12	0	0	0	0	0	0	0	0	0	9	0	0	0	0	0	2	0	5	0	0	1	5	4	13	0	3	1	6	3	0	3
2507	6 Mar 26	02:29:00	1	0	0	0	0	0	1	9	2	0	0	0	0	0	0	0	0	5	0	0	0	0	0	2	0	5	0	0	1	1	1	1	0	1	2	3	5	0	2
2508	6 Mar 26	02:30:00	1	0	0	0	0	0	1	11	6	0	0	0	0	0	0	0	0	4	0	2	7	0	0	3	0	9	0	0	0	5	2	3	0	0	3	4	0	0	4
2509	6 Mar 26	02:31:00	1	0	0	0	0	0	1	5	3	0	0	0	0	0	0	0	0	5	0	0	2	0	0	6	0	3	0	3	0	5	1	1	0	0	0	3	2	0	4
2510	6 Mar 26	02:32:00	1	0	0	0	0	0	1	9	2	0	0	0	0	0	0	0	0	0	0	0	1	0	0	1	0	2	0	4	0	2	7	1	0	0	0	3	3	0	6
2511	6 Mar 26	02:33:00	1	0	0	0	0	0	1	7	0	0	0	0	0	0	0	0	0	1	0	5	0	0	0	10	0	5	0	1	0	3	3	0	0	0	0	5	2	2	5
2512	6 Mar 26	02:34:00	1	0	0	0	0	0	1	6	2	0	1	0	0	0	0	0	0	0	0	2	0	0	3	4	0	14	3	7	2	2	4	2	0	0	4	4	12	0	3
2513	6 Mar 26	02:35:00	1	0	0	0	0	0	1	7	1	0	4	0	0	0	0	0	0	0	0	1	0	0	0	8	0	4	2	0	2	2	3	0	0	0	0	4	4	0	7
2514	6 Mar 26	02:36:00	1	0	0	0	0	0	1	5	2	0	0	0	0	0	0	0	0	0	0	1	0	0	4	5	0	7	5	1	0	0	1	1	0	0	0	0	0	0	2
2515	6 Mar 26	02:37:00	1	0	0	0	0	0	1	6	3	0	5	0	0	0	0	0	0	1	0	6	0	0	2	8	0	6	2	1	0	0	3	2	0	0	1	0	5	0	3
2516	6 Mar 26	02:38:00	1	0	0	0	0	0	1	7	0	0	0	0	0	1	0	0	0	0	0	0	0	0	0	4	0	3	3	0	0	5	2	4	0	0	3	7	4	0	3
2517	6 Mar 26	02:39:00	1	0	0	0	0	0	1	4	3	0	0	0	0	10	0	0	0	1	0	0	0	0	0	2	2	4	8	1	0	2	3	4	0	0	0	4	4	3	3
2518	6 Mar 26	02:40:00	1	0	0	0	0	0	1	4	2	0	0	0	0	0	0	0	0	0	0	0	0	0	0	3	0	5	3	3	0	3	6	2	0	0	4	6	5	0	2
2519	6 Mar 26	02:41:00	1	0	0	0	0	0	1	2	1	0	0	0	0	3	0	0	0	0	0	0	0	0	2	2	0	6	2	2	2	2	2	8	0	0	2	1	3	3	2
2520	6 Mar 26	02:42:00	1	0	0	0	0	0	1	0	2	0	0	0	0	1	0	0	0	0	5	0	0	0	2	2	7	6	3	2	0	4	3	5	0	3	0	3	4	0	1
2521	6 Mar 26	02:43:00	1	0	0	0	0	0	1	0	2	0	0	0	0	3	0	2	0	0	0	0	0	0	4	4	3	9	2	0	1	3	5	2	0	0	0	2	3	10	2
2522	6 Mar 26	02:44:00	1	0	0	0	0	0	1	0	0	0	3	0	0	8	0	5	0	0	0	0	0	0	2	2	0	4	4	0	3	4	1	0	0	0	0	2	6	0	1
2523	6 Mar 26	02:45:00	1	0	0	0	0	0	1	1	2	0	0	0	0	5	0	3	0	0	0	0	0	0	0	6	2	1	3	0	1	6	3	7	0	0	1	4	3	0	1
2524	6 Mar 26	02:46:00	1	0	0	0	0	0	1	0	2	0	0	0	0	4	0	9	0	0	0	0	0	0	2	5	4	6	7	0	1	2	2	10	0	0	0	6	5	0	6
2525	6 Mar 26	02:47:00	1	0	0	0	0	0	1	0	1	0	4	0	0	6	0	1	0	0	0	1	0	0	10	2	2	1	9	0	0	6	0	3	0	0	2	3	5	0	2
2526	6 Mar 26	02:48:00	1	0	0	0	0	0	1	0	4	0	4	0	0	4	0	7	0	0	0	0	0	0	6	3	2	4	3	0	1	2	6	3	0	0	0	5	4	0	0
2527	6 Mar 26	02:49:00	1	0	0	0	0	0	1	0	1	0	0	0	0	7	0	2	3	0	0	0	0	0	0	3	0	5	4	0	0	5	0	0	1	0	2	8	0	0	4
2528	6 Mar 26	02:50:00	1	0	0	0	0	0	1	0	3	0	0	0	0	6	0	0	6	0	0	1	0	4	3	4	1	5	2	0	0	3	3	0	1	0	3	2	4	0	0
2529	6 Mar 26	02:51:00	1	0	0	0	0	0	1	0	1	0	2	0	0	4	0	0	1	0	0	0	0	0	2	7	1	3	3	0	0	3	0	0	0	7	0	4	8	0	3
2530	6 Mar 26	02:52:00	1	0	0	0	0	0	1	0	0	0	4	0	0	4	0	0	3	0	0	0	0	3	0	3	0	13	4	2	0	3	2	0	0	2	0	4	6	0	2
2531	6 Mar 26	02:53:00	1	0	0	0	0	0	1	1	0	0	0	0	0	8	0	0	1	0	0	0	0	0	0	4	0	4	2	2	2	0	3	0	0	4	4	5	8	0	5
2532	6 Mar 26	02:54:00	1	0	0	0	0	0	1	0	2	0	0	0	0	3	0	0	6	3	0	0	0	0	0	4	1	3	8	1	4	0	4	0	0	4	1	6	4	0	5
2533	6 Mar 26	02:55:00	1	0	0	0	0	0	1	0	0	0	0	0	0	5	0	0	3	5	0	0	0	4	0	4	1	4	3	5	2	0	6	2	0	3	0	4	4	0	0
2534	6 Mar 26	02:56:00	1	0	0	0	0	0	1	0	0	0	0	0	0	4	0	0	3	6	0	0	0	7	0	2	0	7	0	1	4	0	4	8	0	9	0	6	5	3	3
2535	6 Mar 26	02:57:00	1	0	0	0	0	0	1	2	0	1	0	0	0	4	0	0	6	0	0	2	0	0	0	4	0	3	4	4	1	1	2	2	0	0	0	4	1	5	2
2536	6 Mar 26	02:58:00	1	0	0	0	0	0	1	0	0	2	0	0	0	3	0	0	0	0	0	2	0	0	0	3	6	3	3	1	1	2	5	0	0	3	0	4	6	1	2
2537	6 Mar 26	02:59:00	1	0	0	0	0	0	1	0	0	7	0	0	0	2	0	4	1	0	0	1	1	0	0	5	0	3	1	2	0	3	2	5	0	3	0	2	6	1	4
2538	6 Mar 26	03:00:00	1	0	0	0	0	0	1	0	3	3	0	0	0	4	2	5	0	0	1	5	0	0	0	4	5	0	9	4	8	7	5	0	0	5	0	0	4	0	3
2539	6 Mar 26	03:01:00	1	0	0	0	0	0	1	0	1	0	0	0	0	4	0	0	0	0	0	2	2	0	0	1	2	0	2	1	2	2	5	1	0	5	0	3	5	0	2
2540	6 Mar 26	03:02:00	1	0	0	0	0	0	1	0	0	0	0	0	0	3	0	0	0	5	8	2	3	0	0	5	2	0	2	3	3	4	6	4	2	3	0	3	4	0	1
2541	6 Mar 26	03:03:00	1	0	0	0	0	0	1	0	0	0	0	0	0	3	0	2	0	2	17	0	5	0	0	5	2	0	2	2	1	4	2	2	2	0	0	4	3	0	0
2542	6 Mar 26	03:04:00	1	0	0	0	0	0	1	0	0	0	0	0	7	1	0	0	0	0	0	0	2	0	0	6	6	0	3	0	3	2	0	0	0	1	0	6	7	0	5
2543	6 Mar 26	03:05:00	1	0	0	0	0	0	1	0	0	0	0	0	5	2	0	0	0	0	0	0	12	0	0	5	7	0	3	0	5	3	2	0	0	0	0	5	5	0	0
2544	6 Mar 26	03:06:00	1	0	0	0	0	0	1	0	0	1	0	0	0	2	0	1	0	2	0	0	6	0	0	7	0	0	2	0	0	3	3	8	0	5	6	3	7	0	5
2545	6 Mar 26	03:07:00	1	0	0	0	0	0	1	0	0	0	0	0	1	3	0	2	0	4	0	0	0	0	0	4	5	0	2	0	1	3	6	6	1	0	4	4	0	0	3
2546	6 Mar 26	03:08:00	1	0	0	0	0	0	1	0	0	0	4	0	2	2	0	4	0	4	0	2	0	0	0	1	1	4	4	0	2	5	2	0	0	2	2	4	0	4	2
2547	6 Mar 26	03:09:00	1	0	0	0	0	0	1	0	0	0	2	0	0	0	0	3	0	1	3	1	1	0	0	5	2	2	0	0	1	5	4	0	0	2	0	3	4	2	4
2548	6 Mar 26	03:10:00	1	0	0	0	0	0	1	0	0	0	4	0	0	3	0	4	0	0	0	4	2	0	0	2	4	0	4	0	2	2	3	0	7	2	0	2	3	4	2
2549	6 Mar 26	03:11:00	1	0	0	0	0	0	1	0	0	0	0	0	2	2	2	2	0	1	0	3	0	0	0	1	2	0	1	0	2	4	3	0	0	4	2	0	0	3	3
2550	6 Mar 26	03:12:00	1	0	0	0	0	0	1	2	0	0	2	0	8	3	3	2	0	0	0	2	3	0	0	3	3	0	2	0	3	1	5	0	0	6	0	3	0	0	2
2551	6 Mar 26	03:13:00	1	0	0	0	0	0	1	10	5	2	0	0	2	0	0	2	0	4	0	10	0	0	0	0	2	0	3	0	3	2	4	0	0	7	0	0	0	0	0
2552	6 Mar 26	03:14:00	1	0	0	0	0	0	1	0	5	4	0	0	1	3	0	7	0	8	0	4	0	0	0	6	3	5	4	0	0	5	1	6	0	1	0	2	0	0	5
2553	6 Mar 26	03:15:00	1	0	0	0	0	0	1	2	0	0	1	0	1	0	0	4	0	1	0	6	0	0	0	6	8	5	2	0	0	2	3	2	0	1	0	2	0	0	2
2554	6 Mar 26	03:16:00	1	0	0	0	0	0	1	11	0	1	0	0	0	0	0	2	0	6	0	6	2	0	0	7	2	0	1	0	0	2	2	0	0	0	0	3	3	0	3
2555	6 Mar 26	03:17:00	1	0	0	0	0	0	1	4	2	3	1	0	0	0	0	0	0	0	0	5	0	0	0	8	4	4	0	0	0	4	3	0	0	0	0	3	4	0	3
2556	6 Mar 26	03:18:00	1	0	0	0	0	0	1	8	0	0	0	0	0	0	0	0	0	0	0	8	0	0	0	4	2	4	2	0	0	6	1	0	0	0	0	7	2	3	3
2557	6 Mar 26	03:19:00	1	0	0	0	0	0	1	4	0	1	1	0	0	0	0	0	0	2	0	4	0	0	0	3	0	5	2	5	0	3	1	0	0	0	0	0	3	3	4
2558	6 Mar 26	03:20:00	1	0	0	0	0	0	1	13	0	0	0	0	0	1	0	4	0	0	0	4	0	0	0	3	0	3	3	2	0	4	0	6	0	0	0	9	1	0	0
2559	6 Mar 26	03:21:00	1	0	0	0	0	0	1	8	0	4	0	0	0	3	0	2	0	0	0	7	1	0	0	0	0	12	3	3	0	2	0	2	0	0	0	2	3	3	0
2560	6 Mar 26	03:22:00	1	0	0	0	0	0	1	4	0	0	1	0	0	4	0	2	0	0	0	12	4	0	0	0	2	4	2	0	0	3	1	4	0	0	2	1	5	0	0
2561	6 Mar 26	03:23:00	1	0	0	0	0	0	1	20	0	0	0	0	0	3	0	4	0	0	0	5	11	0	1	7	0	6	0	4	0	0	1	0	0	0	3	4	2	0	2
2562	6 Mar 26	03:24:00	1	0	0	0	0	0	1	5	0	0	1	0	0	3	0	0	6	0	0	6	2	0	7	5	2	4	0	3	0	0	4	6	0	0	2	10	3	0	3
2563	6 Mar 26	03:25:00	1	0	0	0	0	0	1	11	0	0	0	0	0	5	0	0	5	0	0	3	4	0	2	4	4	6	0	4	0	0	8	6	0	2	1	2	4	3	1
2564	6 Mar 26	03:26:00	1	0	0	0	0	0	1	7	0	1	1	0	0	2	0	0	0	2	0	3	0	0	3	0	3	5	3	4	0	2	3	4	0	1	0	0	11	0	3
2565	6 Mar 26	03:27:00	1	0	0	0	0	0	1	3	0	0	0	0	0	1	0	0	4	0	0	4	0	0	2	0	3	3	7	3	0	6	1	2	0	6	2	7	3	3	5
2566	6 Mar 26	03:28:00	1	0	0	0	0	0	1	4	0	0	2	0	0	1	0	0	4	2	0	4	0	0	0	5	2	3	4	0	0	4	4	2	0	0	3	8	1	4	0
2567	6 Mar 26	03:29:00	1	0	0	0	0	0	1	0	0	2	1	0	0	2	0	0	6	0	0	7	0	0	0	2	2	4	7	0	1	1	2	0	0	0	5	4	5	1	1
2568	6 Mar 26	03:30:00	1	0	0	0	0	0	1	0	1	0	0	0	0	0	0	0	2	4	0	5	1	0	2	13	0	2	3	0	4	3	3	2	0	0	3	5	5	0	3
2569	6 Mar 26	03:31:00	1	0	0	0	0	0	1	0	0	1	0	0	0	0	0	1	5	4	0	6	0	0	4	7	0	1	2	2	2	5	2	1	0	2	1	5	3	4	0
2570	6 Mar 26	03:32:00	1	0	0	0	0	0	1	0	0	2	0	0	0	0	0	5	0	7	0	6	0	0	3	3	3	6	5	1	1	7	1	0	0	5	4	5	5	4	2
2571	6 Mar 26	03:33:00	1	0	0	0	0	0	1	0	0	1	2	0	0	0	0	3	2	0	0	2	6	0	3	0	4	5	3	0	0	4	1	4	0	12	0	5	2	6	2
2572	6 Mar 26	03:34:00	1	0	0	0	0	0	1	0	0	1	0	0	0	0	0	1	1	4	0	2	2	0	3	0	0	3	2	0	3	2	3	3	0	1	3	3	4	6	1
2573	6 Mar 26	03:35:00	1	0	0	0	0	0	1	0	0	1	2	0	0	0	0	4	3	0	0	6	10	0	5	0	0	5	3	0	0	3	1	0	0	0	2	4	8	3	3
2574	6 Mar 26	03:36:00	1	0	0	0	0	0	1	0	0	1	0	0	0	0	0	0	2	0	0	4	0	0	6	0	0	3	3	0	3	7	2	0	0	0	5	6	5	4	2
2575	6 Mar 26	03:37:00	1	0	0	0	0	0	1	0	0	1	0	0	0	0	0	0	2	3	0	5	0	0	0	0	0	6	7	0	0	1	2	0	0	0	0	4	3	2	2
2576	6 Mar 26	03:38:00	1	0	0	0	0	0	1	0	0	0	0	0	0	0	0	3	2	0	0	5	3	0	4	0	0	9	4	0	2	1	3	0	4	0	3	5	5	0	1
2577	6 Mar 26	03:39:00	1	0	0	0	0	0	1	0	0	3	0	0	0	0	0	1	2	0	0	2	1	0	4	0	0	7	0	0	1	3	7	0	0	0	1	7	1	0	1
2578	6 Mar 26	03:40:00	1	0	0	0	0	0	1	0	0	2	0	0	0	0	0	2	0	0	0	2	0	0	6	3	0	6	2	2	4	11	4	0	0	0	2	5	7	0	1
2579	6 Mar 26	03:41:00	1	0	0	0	0	0	1	0	0	0	0	0	0	0	0	3	2	0	0	0	0	0	11	3	0	2	0	10	1	2	3	0	0	1	0	5	6	0	2
2580	6 Mar 26	03:42:00	1	0	0	0	0	0	1	0	0	2	0	0	0	0	0	2	2	0	5	0	0	0	2	6	0	7	0	1	1	2	2	0	0	1	0	2	4	4	0
2581	6 Mar 26	03:43:00	1	0	0	0	0	0	1	0	4	1	0	2	0	0	0	0	3	0	6	0	8	0	3	5	0	5	0	5	3	7	3	0	0	0	0	2	8	5	3
2582	6 Mar 26	03:44:00	1	0	0	0	0	0	1	0	0	3	2	3	0	0	0	0	7	0	6	0	23	0	3	7	0	2	1	5	2	3	3	0	0	0	0	2	8	2	0
2583	6 Mar 26	03:45:00	1	0	0	0	0	0	1	0	2	3	0	1	0	4	0	0	2	0	0	0	36	0	1	4	0	0	5	4	0	2	1	0	0	0	2	1	5	5	3
2584	6 Mar 26	03:46:00	1	0	0	0	0	0	1	0	3	0	2	2	0	0	0	0	6	0	15	0	47	0	0	4	0	0	1	2	2	0	3	0	0	0	2	2	8	2	5
2585	6 Mar 26	03:47:00	1	0	0	0	0	0	1	0	7	0	5	4	0	2	0	3	0	0	1	0	3	3	0	4	0	1	9	7	1	4	2	0	0	0	4	0	6	2	1
2586	6 Mar 26	03:48:00	1	0	0	0	0	0	1	0	1	3	3	1	0	0	0	0	0	0	0	0	3	1	0	3	0	7	4	1	1	4	0	2	0	0	2	2	5	0	4
2587	6 Mar 26	03:49:00	1	0	0	0	0	0	1	0	2	1	0	0	0	0	0	0	0	0	7	0	6	5	0	6	0	3	5	0	0	3	2	0	2	0	3	0	5	5	1
2588	6 Mar 26	03:50:00	1	0	0	0	0	0	1	0	2	0	0	5	0	6	0	0	1	0	0	0	1	0	0	9	0	3	1	0	0	5	3	2	4	0	0	6	7	0	1
2589	6 Mar 26	03:51:00	1	0	0	0	0	0	1	0	2	2	1	1	0	4	0	0	1	0	0	0	2	1	0	0	2	0	3	0	0	3	3	8	0	0	0	4	3	0	0
2590	6 Mar 26	03:52:00	1	0	0	0	0	0	1	0	1	0	7	4	0	8	0	0	0	0	0	0	5	0	0	5	7	0	7	0	0	0	2	3	1	0	2	2	2	0	3
2591	6 Mar 26	03:53:00	1	0	0	0	0	0	1	0	5	1	0	0	0	3	0	0	0	0	0	0	7	0	2	4	9	0	3	0	1	2	6	1	20	0	0	4	0	0	3
2592	6 Mar 26	03:54:00	1	0	0	0	0	0	1	0	7	9	2	4	0	5	0	0	2	0	0	0	1	0	3	10	2	0	3	1	1	2	3	1	4	0	0	1	0	0	1
2593	6 Mar 26	03:55:00	1	0	0	0	0	0	1	0	3	2	13	0	0	1	0	0	1	0	0	0	3	0	3	3	2	5	2	2	2	4	4	0	0	0	5	0	1	0	3
2594	6 Mar 26	03:56:00	1	0	0	0	0	0	1	0	1	0	5	2	0	0	0	0	3	0	0	0	4	0	2	2	4	2	1	4	0	3	2	0	0	0	3	4	5	0	0
2595	6 Mar 26	03:57:00	1	0	0	0	0	0	1	0	2	1	0	3	0	1	0	0	3	0	4	0	0	0	2	6	5	3	5	5	0	3	2	0	0	0	0	0	9	0	2
2596	6 Mar 26	03:58:00	1	0	0	0	0	0	1	0	2	1	0	0	0	1	0	0	4	0	4	0	1	0	3	4	7	1	4	0	1	2	2	0	0	0	3	2	3	0	3
2597	6 Mar 26	03:59:00	1	0	0	0	0	0	1	0	5	0	0	0	0	0	0	0	3	0	0	0	3	0	2	3	4	0	7	0	0	4	2	0	0	0	2	5	4	0	2
2598	6 Mar 26	04:00:00	1	0	0	0	0	0	1	0	1	0	0	0	0	0	0	0	2	0	0	0	5	0	2	0	1	6	3	0	2	2	3	0	1	0	0	4	7	0	0
2599	6 Mar 26	04:01:00	1	0	0	0	0	0	1	0	2	1	0	0	0	0	0	6	2	0	0	5	0	0	6	5	2	8	3	0	1	0	4	0	0	0	0	2	6	3	3
2600	6 Mar 26	04:02:00	1	0	0	0	0	0	1	0	0	4	1	0	0	0	0	0	0	0	0	3	2	0	3	6	1	0	3	0	0	0	5	0	12	0	0	5	5	1	0
2601	6 Mar 26	04:03:00	1	0	0	0	0	0	1	0	2	3	0	0	0	0	0	1	2	0	0	2	0	0	4	5	1	0	4	0	0	2	3	0	2	0	0	3	5	6	3
2602	6 Mar 26	04:04:00	1	0	0	0	0	0	1	0	3	0	0	0	0	0	1	6	5	0	0	7	3	0	4	2	0	0	2	0	0	4	5	0	1	0	6	3	5	4	0
2603	6 Mar 26	04:05:00	1	0	0	0	0	0	1	0	2	2	0	0	0	0	1	4	3	0	0	2	2	0	3	3	4	0	1	0	3	4	3	0	1	0	3	4	5	7	1
2604	6 Mar 26	04:06:00	1	0	0	0	0	0	1	1	0	4	1	0	0	0	0	7	2	0	0	5	5	0	3	10	2	0	0	5	4	3	1	0	3	0	1	3	3	3	3
2605	6 Mar 26	04:07:00	1	0	0	0	0	0	1	0	0	12	2	0	0	0	0	9	1	0	0	5	0	0	0	9	4	0	1	2	4	0	1	10	4	0	0	4	2	3	3
2606	6 Mar 26	04:08:00	1	0	0	0	0	0	1	0	9	2	0	0	0	1	0	1	0	0	3	7	0	0	0	6	0	0	0	2	1	0	1	4	9	0	0	3	3	3	2
2607	6 Mar 26	04:09:00	1	0	0	0	0	0	1	1	1	1	5	0	0	0	0	0	0	2	4	3	4	0	4	8	7	0	0	2	0	2	2	0	5	0	0	4	5	3	2
2608	6 Mar 26	04:10:00	1	0	0	0	0	0	1	7	0	1	1	0	0	0	3	4	0	1	5	5	1	0	0	0	4	1	3	3	0	0	3	3	4	0	0	4	4	3	6
2609	6 Mar 26	04:11:00	1	0	0	0	0	0	1	8	2	2	0	0	0	0	0	8	0	3	0	5	2	0	0	0	0	6	3	2	3	1	3	2	0	0	0	0	0	5	2
2610	6 Mar 26	04:12:00	1	0	0	0	0	0	1	2	1	0	1	0	0	0	0	0	0	4	0	8	2	0	0	0	2	0	4	0	5	0	3	0	1	0	0	4	4	1	0
2611	6 Mar 26	04:13:00	1	0	0	0	0	0	1	10	3	0	6	0	0	0	0	2	0	3	0	5	0	0	0	6	0	0	2	2	2	0	1	0	1	0	0	3	3	2	4
2612	6 Mar 26	04:14:00	1	0	0	0	0	0	1	11	0	0	1	0	0	0	0	0	0	2	0	5	0	0	0	7	3	2	3	1	2	4	0	0	5	0	0	3	7	7	3
2613	6 Mar 26	04:15:00	1	0	0	0	0	0	1	11	3	1	0	0	0	0	0	0	0	1	0	3	0	0	6	7	1	5	8	2	5	3	0	0	7	4	0	3	4	0	0
2614	6 Mar 26	04:16:00	1	0	0	0	0	0	1	6	1	3	2	0	0	0	0	0	0	7	0	3	0	0	0	4	2	6	3	0	6	6	0	0	7	3	0	4	5	6	3
2615	6 Mar 26	04:17:00	1	0	0	0	0	0	1	7	3	11	0	0	0	0	1	2	0	1	0	3	0	0	0	2	0	4	4	2	3	3	0	3	1	0	0	0	3	6	0
2616	6 Mar 26	04:18:00	1	0	0	0	0	0	1	6	3	2	1	0	0	0	0	6	0	4	0	5	0	0	0	3	1	4	3	0	1	5	1	3	2	2	4	0	6	4	3
2617	6 Mar 26	04:19:00	1	0	0	0	0	0	1	8	3	5	0	0	0	0	2	0	0	1	0	4	0	0	0	8	1	1	2	0	5	7	1	0	4	6	4	5	3	1	1
2618	6 Mar 26	04:20:00	1	0	0	0	0	0	1	9	2	4	1	0	0	0	0	0	0	5	0	4	0	0	0	4	0	1	0	2	1	1	1	2	3	2	0	2	8	0	1
2619	6 Mar 26	04:21:00	1	0	0	0	0	0	1	13	0	1	3	0	0	0	2	0	0	4	0	7	0	0	0	1	0	2	4	2	4	2	1	5	7	0	0	5	6	0	1
2620	6 Mar 26	04:22:00	1	0	0	0	0	0	1	11	2	3	5	0	0	0	0	0	0	1	0	4	0	0	0	2	1	3	4	4	3	0	4	5	4	0	0	6	4	0	7
2621	6 Mar 26	04:23:00	1	0	0	0	0	0	1	6	2	6	0	0	0	0	0	0	0	2	0	2	0	0	0	1	2	0	5	3	3	0	2	2	2	0	1	6	4	0	1
2622	6 Mar 26	04:24:00	1	0	0	0	0	0	1	4	0	3	0	0	0	0	0	3	0	0	0	4	4	0	0	2	2	9	2	5	2	3	6	4	5	0	0	3	4	0	0
2623	6 Mar 26	04:25:00	1	0	0	0	0	0	1	0	0	1	1	0	0	0	0	4	0	0	0	2	8	0	0	0	7	5	2	5	8	4	2	2	0	8	0	2	4	0	3
2624	6 Mar 26	04:26:00	1	0	0	0	0	0	1	0	1	4	0	0	0	0	0	2	0	0	0	4	1	0	0	0	1	4	1	5	5	5	1	6	3	6	0	1	6	0	3
2625	6 Mar 26	04:27:00	1	0	0	0	0	0	1	8	0	2	3	0	0	0	0	3	0	1	0	3	2	0	3	0	2	1	0	4	2	4	2	1	3	8	0	6	0	0	2
2626	6 Mar 26	04:28:00	1	0	0	0	0	0	1	8	1	7	0	0	0	0	1	2	0	0	0	1	3	0	2	0	7	5	1	5	1	0	2	0	3	6	0	4	3	0	0
2627	6 Mar 26	04:29:00	1	0	0	0	0	0	1	13	0	6	0	0	0	0	0	5	0	2	0	3	1	0	9	0	0	6	0	1	0	3	3	0	5	4	0	4	6	0	0
2628	6 Mar 26	04:30:00	1	0	0	0	0	0	1	2	0	3	0	0	0	3	0	3	0	0	0	0	0	0	3	0	2	2	0	0	2	5	1	0	2	3	4	5	6	0	3
2629	6 Mar 26	04:31:00	1	0	0	0	0	0	1	6	0	6	0	0	0	0	0	1	0	1	0	1	0	0	0	0	2	0	3	0	4	0	2	0	2	3	3	3	5	0	7
2630	6 Mar 26	04:32:00	1	0	0	0	0	0	1	9	0	8	0	2	0	0	0	4	0	1	0	0	7	0	1	0	0	2	4	0	0	1	1	0	2	4	0	6	4	0	2
2631	6 Mar 26	04:33:00	1	0	0	0	0	0	1	8	0	4	0	2	0	0	0	3	0	1	0	0	3	0	2	0	5	5	4	1	0	5	1	0	5	0	2	3	5	4	0
2632	6 Mar 26	04:34:00	1	0	0	0	0	0	1	9	0	0	1	6	0	0	0	0	0	0	0	0	2	0	1	4	9	4	3	4	0	3	1	0	5	6	1	4	4	5	2
2633	6 Mar 26	04:35:00	1	0	0	0	0	0	1	8	0	0	0	3	0	0	0	5	0	3	0	0	0	0	3	9	2	4	2	5	0	3	0	1	5	2	0	5	2	5	1
2634	6 Mar 26	04:36:00	1	0	0	0	0	0	1	5	0	3	0	4	0	0	0	0	0	1	0	0	0	0	3	2	3	4	0	3	0	0	3	0	0	2	0	3	2	2	2
2635	6 Mar 26	04:37:00	1	0	0	0	0	0	1	6	0	8	0	0	0	0	0	2	0	2	0	0	7	0	2	4	1	0	0	6	2	3	3	2	0	5	2	6	6	3	2
2636	6 Mar 26	04:38:00	1	0	0	0	0	0	1	8	0	1	0	3	0	0	0	1	0	5	1	0	3	0	1	2	7	0	0	4	1	3	3	2	3	2	2	8	5	4	2
2637	6 Mar 26	04:39:00	1	0	0	0	0	0	1	5	0	5	0	0	0	5	0	3	0	2	4	0	3	0	3	1	1	0	0	4	0	4	3	0	0	6	0	4	7	3	4
2638	6 Mar 26	04:40:00	1	0	0	0	0	0	1	3	0	5	0	6	0	0	0	2	0	2	7	0	1	0	4	2	3	0	0	3	3	0	3	0	9	0	0	6	4	4	3
2639	6 Mar 26	04:41:00	1	0	0	0	0	0	1	2	0	4	1	2	0	0	0	0	0	0	0	0	2	0	1	4	3	0	0	4	2	0	1	0	2	4	0	4	3	3	3
2640	6 Mar 26	04:42:00	1	0	0	0	0	0	1	9	0	2	0	0	0	0	0	0	0	0	0	0	2	0	1	4	7	0	0	2	2	0	5	0	2	7	0	7	6	3	0
2641	6 Mar 26	04:43:00	1	0	0	0	0	0	1	2	0	3	7	0	0	5	0	0	0	0	0	0	4	0	0	1	0	0	1	5	4	0	4	0	0	9	2	0	3	0	0
2642	6 Mar 26	04:44:00	1	0	0	0	0	0	1	10	0	6	2	2	0	10	0	0	9	0	0	0	3	0	0	5	3	3	2	0	4	5	2	0	0	5	1	6	1	4	2
2643	6 Mar 26	04:45:00	1	0	0	0	0	0	1	2	0	14	6	0	0	6	0	0	4	1	0	0	3	0	0	5	6	0	7	0	3	5	2	0	0	2	6	5	0	6	3
2644	6 Mar 26	04:46:00	1	0	0	0	0	0	1	3	0	3	2	0	0	5	0	0	4	1	0	0	5	0	0	3	2	0	4	0	3	3	2	0	5	2	2	6	5	5	5
2645	6 Mar 26	04:47:00	1	0	0	0	0	0	1	11	0	0	2	0	0	6	0	2	9	4	0	43	4	0	0	3	0	4	2	0	0	2	1	3	3	7	0	3	12	3	2
2646	6 Mar 26	04:48:00	1	0	0	0	0	0	1	2	0	3	0	0	0	5	0	6	2	2	1	1	0	0	0	10	0	0	2	0	0	4	1	1	5	0	1	4	4	0	3
2647	6 Mar 26	04:49:00	1	0	0	0	0	0	1	4	0	5	0	0	0	6	0	4	2	5	0	0	0	0	0	4	7	0	3	0	2	2	3	3	1	3	0	4	6	4	4
2648	6 Mar 26	04:50:00	1	0	0	0	0	0	1	6	0	5	1	0	0	0	0	2	9	4	0	0	2	0	0	7	2	0	3	0	0	3	4	1	3	2	0	6	4	2	3
2649	6 Mar 26	04:51:00	1	0	0	0	0	0	1	2	0	3	2	0	0	2	0	0	5	2	0	0	7	0	0	5	2	0	1	0	0	6	3	2	8	2	0	5	4	8	3
2650	6 Mar 26	04:52:00	1	0	0	0	0	0	1	6	0	0	0	0	0	8	0	0	3	4	0	12	3	0	0	1	5	0	5	2	0	0	1	0	6	4	0	6	1	3	3
2651	6 Mar 26	04:53:00	1	0	0	0	0	0	1	3	0	3	1	0	0	4	0	0	2	2	0	25	4	0	0	4	2	0	3	0	0	0	4	0	4	6	2	4	2	3	5
2652	6 Mar 26	04:54:00	1	0	0	0	0	0	1	3	0	4	0	0	0	0	0	3	0	3	0	4	0	0	0	4	2	0	5	3	0	3	4	0	1	3	0	3	3	4	0
2653	6 Mar 26	04:55:00	1	0	0	0	0	0	1	2	0	3	1	0	0	0	0	2	2	2	0	2	0	0	0	2	3	0	2	2	0	4	1	0	1	5	0	2	10	5	3
2654	6 Mar 26	04:56:00	1	0	0	0	0	0	1	5	0	8	0	0	0	0	0	0	2	5	4	7	0	0	0	5	8	0	3	4	3	2	4	4	0	5	0	1	6	3	5
2655	6 Mar 26	04:57:00	1	0	0	0	0	0	1	10	0	5	0	0	0	0	0	2	4	7	2	2	1	0	0	2	0	0	3	4	1	0	4	4	1	2	0	5	5	7	1
2656	6 Mar 26	04:58:00	1	0	0	0	0	0	1	2	0	5	2	0	0	0	0	4	3	1	0	5	1	0	0	0	5	0	3	2	1	4	7	4	0	2	0	0	3	8	4
2657	6 Mar 26	04:59:00	1	0	0	0	0	0	1	8	0	5	2	0	0	0	0	6	3	5	0	6	1	0	0	3	0	0	0	3	4	3	4	2	2	0	0	3	4	4	3
2658	6 Mar 26	05:00:00	1	0	0	0	0	0	1	4	0	1	1	0	0	0	0	5	3	4	0	3	0	0	0	4	0	0	6	0	1	4	3	1	6	0	0	12	6	4	3
2659	6 Mar 26	05:01:00	1	0	0	0	0	0	1	5	0	2	5	0	0	0	0	0	3	4	0	0	0	0	0	8	0	6	4	1	1	2	3	0	6	9	0	0	3	9	1
2660	6 Mar 26	05:02:00	1	0	0	0	0	0	1	5	0	6	3	0	0	0	0	5	3	0	0	1	0	0	0	3	3	12	1	1	3	5	1	3	4	4	0	7	5	6	2
2661	6 Mar 26	05:03:00	1	0	0	0	0	0	1	1	0	2	5	0	0	0	0	6	7	2	0	0	0	0	0	1	4	8	3	1	3	0	3	1	3	2	0	3	4	7	0
2662	6 Mar 26	05:04:00	1	0	0	0	0	0	1	1	0	4	7	0	0	0	0	4	1	3	0	0	0	0	0	0	3	3	3	0	4	0	1	3	1	1	0	5	6	13	0
2663	6 Mar 26	05:05:00	1	0	0	0	0	0	1	0	0	5	7	0	0	0	0	1	1	0	0	1	0	0	5	4	3	0	3	0	1	14	2	6	2	8	0	2	4	4	3
2664	6 Mar 26	05:06:00	1	0	0	0	0	0	1	0	0	7	0	0	0	0	0	2	7	0	0	1	0	0	0	2	0	1	2	0	4	7	3	2	3	6	0	6	7	3	5
2665	6 Mar 26	05:07:00	1	0	0	0	0	0	1	3	0	5	2	1	0	0	0	0	2	0	0	5	0	0	0	6	3	3	0	0	4	2	2	7	8	4	1	5	7	10	2
2666	6 Mar 26	05:08:00	1	0	0	0	0	0	1	5	0	2	0	0	0	0	0	0	0	2	0	2	0	0	0	4	0	4	0	0	4	4	1	4	9	3	1	5	4	1	3
2667	6 Mar 26	05:09:00	1	0	0	0	0	0	1	5	0	2	0	0	0	0	0	0	6	3	0	4	0	0	3	5	0	8	0	0	0	7	5	6	5	1	1	5	4	3	4
2668	6 Mar 26	05:10:00	1	0	0	0	0	0	1	0	0	3	0	1	0	0	0	0	5	0	1	3	1	0	3	2	0	4	2	0	3	4	4	1	2	2	1	6	3	3	3
2669	6 Mar 26	05:11:00	1	0	0	0	0	0	1	1	0	6	2	0	0	0	0	0	2	1	0	1	1	0	6	3	4	3	3	0	3	3	0	4	0	3	0	2	7	3	3
2670	6 Mar 26	05:12:00	1	0	0	0	0	0	1	3	0	2	0	0	0	0	0	0	0	1	0	3	0	0	0	0	5	5	1	0	2	1	0	6	2	3	3	2	4	6	3
2671	6 Mar 26	05:13:00	1	0	0	0	0	0	1	6	0	4	0	2	0	0	0	0	6	3	0	3	2	0	3	3	2	5	4	0	0	0	0	2	2	2	0	4	3	5	2
2672	6 Mar 26	05:14:00	1	0	0	0	0	0	1	4	0	0	0	1	0	0	0	0	7	3	0	2	4	0	2	2	8	9	3	3	0	0	3	1	2	11	1	2	0	3	2
2673	6 Mar 26	05:15:00	1	0	0	0	0	0	1	5	0	5	0	2	0	0	0	0	1	3	0	0	3	0	4	6	3	3	3	4	2	3	2	2	1	2	3	5	1	3	4
2674	6 Mar 26	05:16:00	1	0	0	0	0	0	1	7	0	2	2	4	0	0	0	3	2	0	0	0	3	0	4	6	4	3	2	5	3	4	1	1	0	0	2	8	6	6	6
2675	6 Mar 26	05:17:00	1	0	0	0	0	0	1	6	0	7	4	2	0	0	0	3	1	4	3	0	1	0	0	3	2	6	5	2	3	2	4	1	2	4	2	2	4	3	0
2676	6 Mar 26	05:18:00	1	0	0	0	0	0	1	11	0	3	4	2	0	0	0	4	2	3	0	1	3	0	5	4	5	3	5	1	3	5	3	0	1	0	0	6	2	2	10
2677	6 Mar 26	05:19:00	1	0	0	0	0	0	1	0	0	2	4	1	0	0	0	4	0	1	0	0	4	0	1	2	2	10	3	1	3	2	1	0	4	0	2	2	6	0	3
2678	6 Mar 26	05:20:00	1	0	0	0	0	0	1	8	3	6	7	0	0	0	0	4	0	2	1	0	2	0	2	2	4	8	0	0	3	3	2	3	3	2	4	4	7	3	1
2679	6 Mar 26	05:21:00	1	0	0	0	0	0	1	7	4	7	8	7	0	0	0	6	2	1	0	0	6	0	1	0	2	2	5	0	5	0	2	2	0	8	3	4	2	8	8
2680	6 Mar 26	05:22:00	1	0	0	0	0	0	1	6	1	4	6	0	0	0	0	4	7	1	0	0	5	0	0	6	0	1	4	0	3	5	2	5	0	8	0	2	4	4	1
2681	6 Mar 26	05:23:00	1	0	0	0	0	0	1	4	0	2	7	0	0	0	0	2	2	2	4	0	0	0	0	10	0	6	0	0	4	2	2	3	1	1	5	3	2	7	7
2682	6 Mar 26	05:24:00	1	0	0	0	0	0	1	10	0	6	5	0	0	1	0	3	0	3	0	3	0	0	1	2	2	3	6	0	3	3	2	3	0	7	3	3	11	4	3
2683	6 Mar 26	05:25:00	1	0	0	0	0	0	1	9	0	4	7	0	0	0	0	3	0	4	0	4	2	0	1	9	0	4	8	0	4	3	0	4	0	4	0	3	5	6	2
2684	6 Mar 26	05:26:00	1	0	0	0	0	0	1	7	0	4	5	0	0	0	0	2	0	2	0	4	1	4	0	6	4	2	2	0	1	0	1	10	0	3	5	2	9	4	5
2685	6 Mar 26	05:27:00	1	0	0	0	0	0	1	2	0	9	8	0	0	0	0	2	0	6	0	2	1	0	0	5	4	6	0	0	2	1	2	4	0	6	0	3	6	4	0
2686	6 Mar 26	05:28:00	1	0	0	0	0	0	1	9	0	4	4	0	0	0	0	5	0	0	1	4	0	0	0	8	6	6	1	0	1	2	0	10	0	3	0	0	8	4	2
2687	6 Mar 26	05:29:00	1	0	0	0	0	0	1	4	0	7	4	0	0	0	0	6	0	3	0	4	2	2	0	5	7	2	1	0	5	4	5	3	0	4	0	0	6	11	1
2688	6 Mar 26	05:30:00	1	0	0	0	0	0	1	6	3	1	2	0	0	0	1	2	0	2	0	3	0	1	0	6	1	4	3	0	1	0	1	0	0	3	3	0	7	5	0
2689	6 Mar 26	05:31:00	1	0	0	0	0	0	1	3	1	4	0	0	0	0	2	4	0	0	0	5	0	2	3	6	3	6	3	5	0	4	2	3	0	2	2	4	2	3	2
2690	6 Mar 26	05:32:00	1	0	0	0	0	0	1	17	0	4	3	0	0	0	0	3	0	4	3	3	5	0	4	10	0	5	5	0	2	6	3	3	0	4	0	3	3	2	4
2691	6 Mar 26	05:33:00	1	0	0	0	0	0	1	12	0	3	10	6	0	0	0	0	0	2	8	6	1	3	2	2	5	7	2	2	2	5	2	4	0	2	0	0	1	7	2
2692	6 Mar 26	05:34:00	1	0	0	0	0	0	1	4	3	5	7	0	0	0	1	2	0	2	0	4	1	0	2	5	2	3	4	0	3	3	3	2	0	2	1	1	5	7	0
2693	6 Mar 26	05:35:00	1	0	0	0	0	0	1	2	3	6	7	0	0	0	1	2	0	3	0	0	3	0	2	4	3	4	2	0	0	2	3	2	0	5	2	3	3	2	0
2694	6 Mar 26	05:36:00	1	0	0	0	0	0	1	2	3	6	4	1	0	0	0	3	0	2	0	2	3	0	3	8	2	6	1	1	0	0	4	1	0	3	1	2	2	1	0
2695	6 Mar 26	05:37:00	1	0	0	0	0	0	1	1	2	0	3	0	0	3	0	1	5	2	0	1	1	0	2	3	3	5	2	1	2	3	2	4	0	2	0	5	5	8	0
2696	6 Mar 26	05:38:00	1	0	0	0	0	0	1	0	1	6	5	1	0	5	1	2	6	3	0	2	2	0	3	4	3	3	2	2	2	3	3	0	0	0	0	4	5	5	4
2697	6 Mar 26	05:39:00	1	0	0	0	0	0	1	0	4	2	5	0	0	5	0	4	6	1	0	1	4	0	4	7	3	4	5	0	3	4	2	0	0	1	0	4	5	4	0
2698	6 Mar 26	05:40:00	1	0	0	0	0	0	1	0	1	7	3	0	0	7	0	2	1	4	0	0	0	0	3	4	5	6	3	0	3	4	1	1	0	3	2	4	5	6	1
2699	6 Mar 26	05:41:00	1	0	0	0	0	0	1	1	2	4	8	0	0	7	0	2	1	5	0	0	2	0	4	10	5	4	6	0	2	2	2	2	0	7	1	5	5	1	2
2700	6 Mar 26	05:42:00	1	0	0	0	0	0	1	1	3	6	7	0	0	5	0	2	0	1	0	0	0	0	1	3	14	2	5	1	3	5	0	3	0	4	0	3	3	3	4
2701	6 Mar 26	05:43:00	1	0	0	0	0	0	1	0	3	6	3	0	0	6	0	3	2	0	0	0	0	0	2	7	6	6	0	0	2	0	2	4	0	4	0	3	1	4	3
2702	6 Mar 26	05:44:00	1	0	0	0	0	0	1	0	0	4	4	0	0	0	0	8	0	0	0	0	1	0	3	3	3	3	4	0	4	0	5	4	0	4	0	3	5	5	1
2703	6 Mar 26	05:45:00	1	0	0	0	0	0	1	0	3	3	6	0	0	0	0	5	3	2	0	0	4	0	3	9	3	9	2	6	2	0	2	6	0	1	0	2	3	1	1
2704	6 Mar 26	05:46:00	1	0	0	0	0	0	1	1	0	1	3	0	0	0	0	0	4	0	0	0	4	0	0	3	2	3	3	4	4	1	1	0	0	2	0	5	3	4	2
2705	6 Mar 26	05:47:00	1	0	0	0	0	0	1	0	5	3	4	0	0	0	0	2	3	4	0	0	4	0	0	5	0	5	2	1	2	6	1	3	0	5	0	7	5	4	1
2706	6 Mar 26	05:48:00	1	0	0	0	0	0	1	7	1	5	3	0	0	0	0	5	4	4	0	0	0	0	1	4	0	0	1	4	5	2	2	2	0	1	0	5	5	5	2
2707	6 Mar 26	05:49:00	1	0	0	0	0	0	1	9	3	2	7	0	0	0	0	2	1	1	0	0	0	0	2	5	2	3	7	4	4	4	4	2	0	5	2	6	6	1	3
2708	6 Mar 26	05:50:00	1	0	0	0	0	0	1	6	1	2	3	1	0	0	0	8	2	0	0	0	0	0	0	9	2	1	1	1	2	4	7	1	0	3	0	2	0	0	2
2709	6 Mar 26	05:51:00	1	0	0	0	0	0	1	15	7	0	7	0	0	0	1	3	0	1	0	0	3	0	0	4	6	10	3	0	3	4	2	10	0	0	1	4	5	1	3
2710	6 Mar 26	05:52:00	1	0	0	0	0	0	1	10	2	2	9	0	0	0	0	3	0	0	0	0	6	0	0	5	3	2	1	0	1	1	4	5	0	3	5	3	3	0	4
2711	6 Mar 26	05:53:00	1	0	0	0	0	0	1	14	2	1	6	0	0	0	0	4	8	0	0	0	4	0	0	4	4	5	0	0	0	6	3	7	0	5	0	6	6	0	3
2712	6 Mar 26	05:54:00	1	0	0	0	0	0	1	8	1	7	4	0	0	0	0	4	1	5	0	0	5	0	0	5	4	1	0	0	0	5	7	7	0	7	2	4	3	0	4
2713	6 Mar 26	05:55:00	1	0	0	0	0	0	1	6	3	8	5	0	0	0	0	3	2	9	0	0	2	3	0	6	3	5	3	0	0	6	2	2	0	3	5	4	5	3	3
2714	6 Mar 26	05:56:00	1	0	0	0	0	0	1	14	0	2	4	0	0	0	0	0	1	1	0	0	4	2	0	11	3	8	2	0	0	2	0	6	0	6	0	7	7	5	2
2715	6 Mar 26	05:57:00	1	0	0	0	0	0	1	9	4	8	6	0	0	0	0	3	4	3	0	2	0	2	0	5	0	8	0	0	0	4	3	0	0	0	0	6	2	5	3
2716	6 Mar 26	05:58:00	1	0	0	0	0	0	1	17	0	1	8	0	0	0	0	4	3	1	0	3	1	0	2	5	3	3	0	0	3	5	3	0	0	0	0	3	0	4	3
2717	6 Mar 26	05:59:00	1	0	0	0	0	0	1	6	0	0	7	0	3	0	0	6	0	0	0	3	3	0	2	1	3	13	0	0	1	3	3	3	0	2	0	6	3	1	2
2718	6 Mar 26	06:00:00	1	0	0	0	0	0	1	6	0	3	5	0	2	0	0	2	0	3	0	1	1	0	4	2	4	0	2	5	0	8	7	5	0	1	5	4	3	3	2
2719	6 Mar 26	06:01:00	1	0	0	0	0	0	1	6	1	0	7	0	6	0	0	6	2	1	0	2	1	0	2	2	13	5	6	3	1	3	4	5	0	3	0	3	5	3	4
2720	6 Mar 26	06:02:00	1	0	0	0	0	0	1	8	2	9	5	0	9	0	0	5	4	1	0	11	3	0	1	3	6	4	7	3	2	2	3	1	0	8	3	2	5	1	7
2721	6 Mar 26	06:03:00	1	0	0	0	0	0	1	5	2	5	5	0	0	0	0	3	1	3	0	5	6	0	2	2	3	8	2	2	2	8	4	0	0	2	1	3	6	5	7
2722	6 Mar 26	06:04:00	1	0	0	0	0	0	1	10	1	6	7	0	1	0	0	4	1	2	0	4	3	0	2	5	8	3	9	2	1	3	3	3	0	0	3	3	4	3	5
2723	6 Mar 26	06:05:00	1	0	0	0	0	0	1	8	1	6	5	3	6	0	0	3	4	0	0	2	3	2	2	4	2	3	1	1	2	2	0	0	0	4	1	0	8	0	8
2724	6 Mar 26	06:06:00	1	0	0	0	0	0	1	8	4	1	5	2	1	0	0	3	6	2	0	5	0	0	1	5	0	3	5	2	2	3	4	3	0	4	5	7	7	0	3
2725	6 Mar 26	06:07:00	1	0	0	0	0	0	1	8	2	8	4	0	0	0	0	3	6	1	0	3	5	0	1	5	2	0	2	1	1	3	2	0	0	1	2	6	4	0	4
2726	6 Mar 26	06:08:00	1	0	0	0	0	0	1	8	0	8	6	0	0	0	0	5	6	0	1	3	4	1	0	6	3	6	4	3	2	3	0	5	0	4	2	3	2	0	3
2727	6 Mar 26	06:09:00	1	0	0	0	0	0	1	9	0	4	4	0	0	0	0	3	1	1	0	4	2	3	4	4	2	7	3	0	0	3	6	8	0	0	3	3	3	0	2
2728	6 Mar 26	06:10:00	1	0	0	0	0	0	1	4	0	5	4	0	0	0	0	3	2	0	0	1	2	0	3	2	3	3	4	0	3	3	2	3	0	0	2	6	6	0	5
2729	6 Mar 26	06:11:00	1	0	0	0	0	0	1	7	3	5	6	0	0	0	0	3	5	3	0	3	0	0	4	7	3	4	5	0	1	0	4	1	0	1	3	2	4	0	3
2730	6 Mar 26	06:12:00	1	0	0	0	0	0	1	9	4	5	4	0	0	0	0	4	2	0	0	3	0	0	4	6	2	4	0	0	1	4	0	2	0	0	4	4	4	0	3
2731	6 Mar 26	06:13:00	1	0	0	0	0	0	1	10	0	4	4	0	0	0	0	5	1	2	0	6	1	1	3	5	0	1	3	0	2	4	1	2	0	0	10	6	3	0	3
2732	6 Mar 26	06:14:00	1	0	0	0	0	0	1	3	2	0	3	0	0	0	0	2	4	2	0	4	2	0	0	2	3	5	4	0	3	3	1	2	0	0	1	3	5	0	0
2733	6 Mar 26	06:15:00	1	0	0	0	0	0	1	8	0	0	6	0	1	0	0	3	7	2	2	2	3	0	2	8	3	2	2	0	1	8	3	2	0	0	0	3	1	3	0
2734	6 Mar 26	06:16:00	1	0	0	0	0	0	1	7	6	0	3	0	0	0	0	3	3	7	0	3	7	6	2	3	2	9	5	0	1	2	1	8	0	0	3	6	10	7	4
2735	6 Mar 26	06:17:00	1	0	0	0	0	0	1	5	1	0	2	0	0	0	0	4	4	4	0	3	7	4	2	0	11	4	4	1	1	1	2	2	0	0	2	4	7	6	2
2736	6 Mar 26	06:18:00	1	0	0	0	0	0	1	3	4	0	5	5	0	0	0	5	3	3	0	1	0	0	7	4	1	2	5	4	3	5	2	2	0	0	0	4	0	7	2
2737	6 Mar 26	06:19:00	1	0	0	0	0	0	1	9	0	0	3	5	0	0	0	4	2	0	0	3	0	0	1	5	4	6	1	3	3	4	3	3	0	5	3	0	7	3	2
2738	6 Mar 26	06:20:00	1	0	0	0	0	0	1	8	0	10	3	6	0	0	0	5	2	3	0	1	3	0	3	7	0	6	3	2	3	6	3	3	0	2	1	1	5	0	3
2739	6 Mar 26	06:21:00	1	0	0	0	0	0	1	7	0	10	6	2	0	0	0	5	4	2	0	0	3	0	2	6	3	6	2	5	2	5	5	8	0	5	0	2	5	0	1
2740	6 Mar 26	06:22:00	1	0	0	0	0	0	1	10	0	6	2	1	0	0	0	5	3	0	0	0	2	0	1	2	2	3	2	5	3	4	8	2	0	7	0	4	4	3	3
2741	6 Mar 26	06:23:00	1	0	0	0	0	0	1	8	1	5	7	0	1	0	0	3	6	5	0	0	3	0	2	1	3	5	6	3	2	2	8	10	0	1	0	8	5	2	0
2742	6 Mar 26	06:24:00	1	0	0	0	0	0	1	8	0	5	7	7	0	0	0	5	5	1	0	0	6	0	2	11	0	4	3	1	1	3	4	10	0	4	0	4	3	1	3
2743	6 Mar 26	06:25:00	1	0	0	0	0	0	1	5	0	3	9	3	0	0	0	3	4	2	0	0	3	0	8	0	4	3	4	2	6	5	4	3	0	3	2	5	4	3	1
2744	6 Mar 26	06:26:00	1	0	0	0	0	0	1	4	0	8	4	1	0	0	0	5	3	1	0	0	3	0	0	0	1	3	1	2	2	1	2	4	0	8	5	2	0	3	0
2745	6 Mar 26	06:27:00	1	0	0	0	0	0	1	6	0	6	8	3	1	0	0	4	3	2	0	0	6	0	3	8	2	4	4	3	11	5	4	0	5	4	2	5	2	3	1
2746	6 Mar 26	06:28:00	1	0	0	0	0	0	1	11	0	6	2	0	0	0	0	4	6	3	0	0	4	0	5	1	0	5	4	1	2	4	1	2	4	0	3	3	8	5	1
2747	6 Mar 26	06:29:00	1	0	0	0	0	0	1	4	0	8	2	3	0	0	0	12	0	3	0	0	3	0	2	2	4	6	2	2	4	6	3	1	3	0	5	3	4	6	3
2748	6 Mar 26	06:30:00	1	0	0	0	0	0	1	6	0	8	4	0	0	0	0	7	3	3	0	0	2	0	3	8	7	3	3	1	2	5	1	3	4	5	0	5	7	3	4
2749	6 Mar 26	06:31:00	1	0	0	0	0	0	1	5	0	4	6	0	0	0	0	3	1	5	0	0	1	0	2	1	4	5	2	1	3	4	3	4	9	6	0	1	8	3	2
2750	6 Mar 26	06:32:00	1	0	0	0	0	0	1	7	0	7	3	0	0	0	2	8	2	2	0	0	0	0	4	5	5	4	2	0	5	2	1	1	0	1	0	8	6	5	5
2751	6 Mar 26	06:33:00	1	0	0	0	0	0	1	10	0	13	2	0	0	0	0	6	2	6	0	0	0	0	3	7	2	0	1	1	3	2	2	1	5	0	3	5	2	4	3
2752	6 Mar 26	06:34:00	1	0	0	0	0	0	1	8	0	4	6	0	0	0	0	5	3	10	1	2	0	0	3	7	5	0	0	1	2	3	4	5	4	2	0	5	1	4	1
2753	6 Mar 26	06:35:00	1	0	0	0	0	0	1	6	0	1	4	4	0	0	0	4	6	0	0	4	0	0	2	0	4	0	0	0	3	5	2	1	0	4	0	4	0	4	6
2754	6 Mar 26	06:36:00	1	0	0	0	0	0	1	10	0	5	3	2	0	0	0	8	5	1	0	3	5	0	8	3	2	1	0	0	4	1	3	3	0	3	0	3	9	5	3
2755	6 Mar 26	06:37:00	1	0	0	0	0	0	1	6	0	5	4	2	0	0	0	4	5	3	0	5	3	1	4	1	6	0	2	0	2	1	4	12	0	6	0	5	9	1	2
2756	6 Mar 26	06:38:00	1	0	0	0	0	0	1	5	0	4	5	2	0	0	0	6	4	0	0	1	5	0	2	6	0	7	3	0	0	5	3	4	0	2	0	6	5	6	2
2757	6 Mar 26	06:39:00	1	0	0	0	0	0	1	11	0	7	4	0	0	0	2	5	3	1	4	12	5	0	3	7	0	7	3	0	2	0	3	4	0	6	0	3	2	5	0
2758	6 Mar 26	06:40:00	1	0	0	0	0	0	1	5	0	6	0	0	0	0	5	2	3	3	0	5	3	2	3	3	2	1	3	3	4	2	5	9	0	6	2	4	3	0	3
2759	6 Mar 26	06:41:00	1	0	0	0	0	0	1	3	0	3	0	0	0	1	3	4	4	1	0	4	2	11	7	7	2	1	5	9	2	4	3	8	0	1	4	3	2	2	0
2760	6 Mar 26	06:42:00	1	0	0	0	0	0	1	13	0	4	0	8	0	0	5	4	4	7	0	5	3	6	1	4	3	7	2	6	0	6	4	1	0	3	2	4	5	0	3
2761	6 Mar 26	06:43:00	1	0	0	0	0	0	1	3	0	2	0	1	0	3	5	3	5	3	2	2	1	2	7	3	2	3	3	2	0	4	3	6	0	0	3	5	3	0	4
2762	6 Mar 26	06:44:00	1	0	0	0	0	0	1	4	0	5	0	0	0	8	2	6	4	1	3	5	1	1	5	5	4	5	5	8	2	0	2	5	0	0	0	4	4	0	4
2763	6 Mar 26	06:45:00	1	0	0	0	0	0	1	5	0	4	0	3	0	4	0	6	6	1	0	5	1	2	3	3	3	7	3	5	4	2	0	3	0	0	2	6	6	0	1
2764	6 Mar 26	06:46:00	1	0	0	0	0	0	1	13	0	13	2	0	0	3	5	4	5	3	0	1	3	1	3	2	3	0	4	3	6	4	1	4	0	5	4	2	5	0	1
2765	6 Mar 26	06:47:00	1	0	0	0	0	0	1	9	0	5	0	0	0	5	0	5	3	6	1	2	2	3	0	7	3	1	1	2	3	4	2	3	0	3	3	2	1	1	0
2766	6 Mar 26	06:48:00	1	0	0	0	0	0	1	10	0	2	0	0	1	7	0	6	2	3	0	4	1	1	2	4	5	11	2	3	5	3	4	5	0	0	4	2	5	7	0
2767	6 Mar 26	06:49:00	1	0	0	0	0	0	1	10	0	0	0	0	0	4	0	3	6	8	0	5	0	4	0	3	3	3	0	3	1	4	4	3	0	0	2	6	2	4	3
2768	6 Mar 26	06:50:00	1	0	0	0	0	0	1	12	0	8	0	0	0	6	0	7	4	5	0	3	0	1	5	7	4	11	0	4	3	3	4	14	0	0	3	4	7	7	2
2769	6 Mar 26	06:51:00	1	0	0	0	0	0	1	9	0	5	0	0	0	5	2	8	5	5	0	4	2	2	3	5	0	4	7	5	2	4	1	0	0	0	3	5	1	2	3
2770	6 Mar 26	06:52:00	1	0	0	0	0	0	1	7	0	6	0	2	0	6	2	5	5	4	0	5	9	2	4	4	1	6	5	0	5	3	5	2	0	3	5	5	9	3	2
2771	6 Mar 26	06:53:00	1	0	0	0	0	0	1	7	0	9	3	8	2	2	1	2	2	8	0	2	6	4	2	4	4	3	0	1	3	3	2	4	0	1	0	0	6	5	2
2772	6 Mar 26	06:54:00	1	0	0	0	0	0	1	9	0	10	0	1	5	1	0	6	1	5	0	2	4	3	1	4	2	7	2	1	0	2	3	4	0	2	7	4	4	2	4
2773	6 Mar 26	06:55:00	1	0	0	0	0	0	1	7	0	6	0	3	1	0	0	6	6	2	0	7	4	5	4	4	2	6	0	0	3	2	4	4	0	0	1	3	2	4	0
2774	6 Mar 26	06:56:00	1	0	0	0	0	0	1	9	0	4	0	0	6	0	0	8	3	3	3	4	0	4	2	1	1	2	3	0	6	0	3	2	0	1	0	3	6	5	7
2775	6 Mar 26	06:57:00	1	0	0	0	0	0	1	2	0	4	0	2	0	0	0	5	6	3	0	4	3	2	5	0	8	5	4	0	6	3	3	3	0	4	0	5	2	4	2
2776	6 Mar 26	06:58:00	1	0	0	0	0	0	1	9	0	1	0	4	1	0	6	6	4	5	2	1	2	3	4	4	4	3	3	0	4	5	2	10	0	1	2	1	8	4	3
2777	6 Mar 26	06:59:00	1	0	0	0	0	0	1	12	0	10	0	0	0	0	1	4	4	3	0	11	0	1	3	3	4	8	5	0	6	6	4	0	0	0	1	1	4	3	0
2778	6 Mar 26	07:00:00	1	0	0	0	0	0	1	9	0	11	0	0	0	2	0	5	4	3	0	4	1	7	7	3	5	5	2	2	4	3	3	0	0	4	0	2	6	2	1
2779	6 Mar 26	07:01:00	1	0	0	0	0	0	1	6	4	2	0	0	1	1	0	5	5	4	1	1	1	0	4	6	4	8	4	6	3	1	1	0	0	6	0	5	5	3	2
2780	6 Mar 26	07:02:00	1	0	0	0	0	0	1	5	2	2	6	0	1	0	2	7	5	3	2	7	5	2	4	6	4	3	3	1	8	2	5	0	0	8	0	5	3	8	5
2781	6 Mar 26	07:03:00	1	0	0	0	0	0	1	9	1	3	4	0	4	0	0	6	4	3	0	4	3	4	4	6	0	2	2	1	3	0	2	4	0	7	0	4	4	5	4
2782	6 Mar 26	07:04:00	1	0	0	0	0	0	1	6	3	7	3	0	1	0	5	6	4	4	0	3	1	3	4	1	3	5	4	6	3	0	1	0	7	3	0	2	2	13	2
2783	6 Mar 26	07:05:00	1	0	0	0	0	0	1	9	3	6	4	0	1	0	0	6	6	7	0	6	3	1	4	6	6	5	0	2	2	1	4	3	1	5	1	4	6	5	0
2784	6 Mar 26	07:06:00	1	0	0	0	0	0	1	8	1	8	11	0	4	0	3	5	5	6	0	4	1	0	2	0	0	3	0	10	3	3	3	12	0	2	1	4	6	3	4
2785	6 Mar 26	07:07:00	1	0	0	0	0	0	1	7	0	4	2	0	3	0	5	3	2	7	0	7	2	6	4	8	3	0	0	3	4	2	1	2	0	2	4	5	5	4	0
2786	6 Mar 26	07:08:00	1	0	0	0	0	0	1	4	2	5	5	0	0	0	5	3	4	8	0	6	2	1	5	3	2	6	2	2	1	3	3	6	0	2	4	4	6	4	6
2787	6 Mar 26	07:09:00	1	0	0	0	0	0	1	12	2	11	5	0	0	0	0	5	6	3	0	2	3	2	4	4	2	2	7	4	4	3	0	3	0	2	0	6	4	4	5
2788	6 Mar 26	07:10:00	1	0	0	0	0	0	1	6	2	2	4	0	0	0	3	2	6	4	0	5	4	1	3	4	4	0	3	7	3	4	3	7	0	0	0	5	7	4	3
2789	6 Mar 26	07:11:00	1	0	0	0	0	0	1	12	2	4	0	0	1	0	9	8	4	6	1	2	3	0	4	6	7	0	6	5	7	5	5	10	0	6	0	0	5	1	1
2790	6 Mar 26	07:12:00	1	0	0	0	0	0	1	7	4	3	0	0	0	0	1	3	14	4	0	0	4	0	0	1	2	1	7	3	7	4	3	0	0	2	1	3	5	6	2
2791	6 Mar 26	07:13:00	1	0	0	0	0	0	1	9	3	7	0	0	2	0	2	8	4	3	0	0	3	1	3	6	0	7	1	0	3	2	5	7	0	1	2	3	1	8	3
2792	6 Mar 26	07:14:00	1	0	0	0	0	0	1	8	0	6	0	0	0	0	3	5	4	1	1	5	3	2	3	1	2	3	1	0	7	4	3	6	0	3	0	6	5	5	5
2793	6 Mar 26	07:15:00	1	0	0	0	0	0	1	7	0	4	0	2	0	0	4	4	5	2	0	5	11	3	6	5	0	6	3	0	7	2	4	6	0	0	0	4	4	4	6
2794	6 Mar 26	07:16:00	1	0	0	0	0	0	1	7	1	8	0	2	0	0	1	7	5	5	0	3	4	4	4	7	4	5	4	0	2	5	5	7	0	4	7	4	10	7	1
2795	6 Mar 26	07:17:00	1	0	0	0	0	0	1	12	1	5	0	3	0	0	4	6	4	2	0	3	2	6	3	9	4	4	5	2	4	3	4	7	3	2	2	8	5	0	0
2796	6 Mar 26	07:18:00	1	0	0	0	0	0	1	4	1	4	3	9	1	0	0	7	6	4	0	2	2	0	4	5	5	8	5	6	5	1	0	3	0	5	4	5	7	5	1
2797	6 Mar 26	07:19:00	1	0	0	0	0	0	1	9	3	4	2	2	0	0	2	6	9	5	0	1	6	3	4	7	5	6	2	0	1	0	0	3	2	3	1	6	5	6	4
2798	6 Mar 26	07:20:00	1	0	0	0	0	0	1	6	2	7	6	0	0	0	1	4	4	2	0	5	2	3	4	5	2	4	0	7	4	3	2	2	0	2	4	4	6	4	4
2799	6 Mar 26	07:21:00	1	0	0	0	0	0	1	6	2	7	6	0	0	1	4	11	6	3	0	6	4	3	3	13	4	4	0	3	3	5	4	2	1	0	8	4	7	6	2
2800	6 Mar 26	07:22:00	1	0	0	0	0	0	1	8	2	6	7	0	0	1	2	10	6	6	0	8	3	0	3	6	8	3	4	3	4	5	3	2	0	0	6	1	5	1	3
2801	6 Mar 26	07:23:00	1	0	0	0	0	0	1	5	0	7	0	0	0	6	1	5	8	3	0	7	6	0	6	7	6	7	4	4	1	7	4	10	0	0	3	2	7	4	3
2802	6 Mar 26	07:24:00	1	0	0	0	0	0	1	8	1	9	5	0	0	9	4	5	5	5	0	7	3	0	6	8	4	0	3	5	2	0	0	6	3	5	0	7	7	5	2
2803	6 Mar 26	07:25:00	1	0	0	0	0	0	1	7	1	9	3	0	0	7	4	6	3	4	0	5	5	2	3	5	5	1	2	1	2	3	0	5	7	4	3	6	4	3	1
2804	6 Mar 26	07:26:00	1	0	0	0	0	0	1	13	0	11	3	3	0	5	2	5	5	8	0	7	0	4	4	4	4	9	1	4	6	2	2	0	1	5	7	6	5	5	4
2805	6 Mar 26	07:27:00	1	0	0	0	0	0	1	7	0	6	6	2	0	2	3	5	3	2	0	2	5	0	5	5	2	4	3	1	6	3	2	6	1	3	4	8	3	4	2
2806	6 Mar 26	07:28:00	1	0	0	0	0	0	1	8	3	2	6	3	4	4	5	6	6	5	0	2	5	0	3	6	5	1	4	3	4	4	3	2	2	10	4	6	0	5	5
2807	6 Mar 26	07:29:00	1	0	0	0	0	0	1	8	1	0	8	0	0	4	6	5	5	14	0	7	3	1	11	11	2	8	6	6	6	4	3	8	3	2	1	7	4	4	1
2808	6 Mar 26	07:30:00	1	0	0	0	0	0	1	9	2	6	5	0	0	0	0	8	8	6	0	3	7	1	6	7	4	5	1	2	1	3	4	7	6	5	0	6	7	4	5
2809	6 Mar 26	07:31:00	1	0	0	0	0	0	1	7	1	6	4	0	1	0	0	9	8	4	1	3	4	2	5	6	3	7	2	1	8	2	3	6	3	7	1	5	3	3	3
2810	6 Mar 26	07:32:00	1	0	0	0	0	0	1	8	2	3	6	0	0	2	0	8	6	8	0	6	5	3	2	5	2	4	3	1	4	7	4	5	0	4	0	5	3	1	2
2811	6 Mar 26	07:33:00	1	0	0	0	0	0	1	9	3	1	5	0	0	0	4	5	3	1	0	4	5	2	2	6	1	7	3	1	4	4	4	0	0	3	2	5	9	5	3
2812	6 Mar 26	07:34:00	1	0	0	0	0	0	1	11	0	4	4	0	1	0	3	7	6	4	1	7	6	0	3	3	3	7	4	1	4	4	2	3	2	0	5	5	4	5	6
2813	6 Mar 26	07:35:00	1	0	0	0	0	0	1	8	5	8	3	2	0	5	7	5	4	2	2	4	1	2	4	5	1	6	3	3	6	1	3	2	1	0	2	5	9	1	8
2814	6 Mar 26	07:36:00	1	0	0	0	0	0	1	5	2	4	1	2	0	4	0	7	3	4	0	5	5	0	7	6	2	7	4	4	7	5	0	3	5	6	7	8	4	1	2
2815	6 Mar 26	07:37:00	1	0	0	0	0	0	1	14	1	5	4	0	1	4	0	4	6	2	2	3	6	4	2	8	2	9	4	4	2	3	2	2	1	8	3	9	5	11	4
2816	6 Mar 26	07:38:00	1	0	0	0	0	0	1	11	0	5	4	5	0	2	2	6	4	6	0	2	2	1	2	8	5	5	4	1	4	2	5	9	9	5	2	3	2	6	1
2817	6 Mar 26	07:39:00	1	0	0	0	0	0	1	6	0	5	8	1	0	8	0	7	5	3	0	5	2	1	3	4	3	6	4	0	5	2	0	3	0	3	3	1	4	4	3
2818	6 Mar 26	07:40:00	1	0	0	0	0	0	1	9	0	10	8	0	0	4	0	11	6	4	0	10	3	1	5	7	9	5	4	0	5	2	0	6	1	4	0	5	7	2	3
2819	6 Mar 26	07:41:00	1	0	0	0	0	0	1	12	0	3	6	0	0	3	5	5	5	9	0	4	2	1	2	7	4	6	3	0	5	5	1	17	0	5	5	4	4	10	5
2820	6 Mar 26	07:42:00	1	0	0	0	0	0	1	7	0	7	7	2	1	5	0	7	9	3	0	6	4	3	7	6	0	6	3	0	4	3	2	4	2	6	2	6	5	4	2
2821	6 Mar 26	07:43:00	1	0	0	0	0	0	1	11	1	7	4	9	2	4	1	12	7	3	0	2	4	0	6	8	4	6	5	0	4	1	3	7	0	0	4	7	4	1	7
2822	6 Mar 26	07:44:00	1	0	0	0	0	0	1	9	0	11	1	0	0	3	1	4	7	1	0	5	3	1	4	8	4	9	2	0	4	6	4	5	1	4	3	5	6	2	6
2823	6 Mar 26	07:45:00	1	0	0	0	0	0	1	10	0	10	2	2	3	4	3	6	3	5	0	7	4	4	6	4	2	5	1	0	3	1	5	11	0	2	6	8	5	5	3
2824	6 Mar 26	07:46:00	1	0	0	0	0	0	1	6	0	11	2	0	2	4	0	6	8	3	2	4	4	3	3	9	11	7	1	0	5	1	4	1	0	1	5	5	6	3	2
2825	6 Mar 26	07:47:00	1	0	0	0	0	0	1	6	0	1	4	0	0	2	0	11	6	6	0	4	3	3	5	3	3	5	3	0	5	4	4	7	0	0	14	7	3	4	5
2826	6 Mar 26	07:48:00	1	0	0	0	0	0	1	7	0	15	3	5	0	2	3	4	11	3	0	2	5	0	3	5	9	9	2	4	3	2	4	10	0	4	2	5	7	6	3
2827	6 Mar 26	07:49:00	1	0	0	0	0	0	1	6	0	6	7	5	0	2	2	7	7	6	0	3	4	1	3	3	9	7	2	3	3	2	5	5	0	5	0	4	7	2	4
2828	6 Mar 26	07:50:00	1	0	0	0	0	0	1	7	0	0	4	3	0	5	1	9	7	5	0	2	5	3	6	6	10	6	4	0	3	3	5	5	2	3	4	3	11	5	3
2829	6 Mar 26	07:51:00	1	0	0	0	0	0	1	10	0	3	5	0	1	7	3	7	5	5	0	7	4	5	6	8	2	8	13	4	8	7	2	3	0	7	2	7	7	1	3
2830	6 Mar 26	07:52:00	1	0	0	0	0	0	1	3	0	6	6	3	2	4	4	8	9	5	0	4	2	4	4	5	3	5	2	4	5	4	7	4	0	1	1	5	4	7	4
2831	6 Mar 26	07:53:00	1	0	0	0	0	0	1	11	0	7	5	0	0	4	2	8	3	5	2	6	2	3	4	0	3	3	2	3	3	5	3	2	0	1	1	5	6	5	1
2832	6 Mar 26	07:54:00	1	0	0	0	0	0	1	7	0	10	8	0	0	3	7	10	8	4	0	4	10	2	4	12	3	4	3	5	4	8	3	7	0	6	4	10	7	2	4
2833	6 Mar 26	07:55:00	1	0	0	0	0	0	1	9	0	7	4	0	0	2	1	5	5	5	0	3	7	4	3	4	1	5	3	1	5	3	4	6	5	1	4	7	8	5	1
2834	6 Mar 26	07:56:00	1	0	0	0	0	0	1	7	0	9	6	0	1	6	3	3	8	6	1	4	6	0	4	7	5	5	3	0	3	3	5	8	5	5	5	8	6	5	2
2835	6 Mar 26	07:57:00	1	0	0	0	0	0	1	11	0	7	0	0	0	7	1	9	6	7	2	7	0	2	3	6	4	9	4	0	3	3	5	3	7	8	2	3	6	6	7
2836	6 Mar 26	07:58:00	1	0	0	0	0	0	1	11	1	8	2	0	0	2	1	5	6	3	1	3	4	1	4	0	2	6	4	0	3	2	4	0	3	2	0	5	7	3	7
2837	6 Mar 26	07:59:00	1	0	0	0	0	0	1	5	4	0	3	2	0	0	0	6	6	5	0	2	3	3	7	6	2	4	7	2	3	5	3	1	1	9	2	8	8	4	3
2838	6 Mar 26	08:00:00	1	0	0	0	0	0	1	14	0	6	3	0	0	6	0	5	6	3	0	5	4	2	3	8	8	5	3	2	3	2	8	8	2	0	3	6	6	2	2
2839	6 Mar 26	08:01:00	1	0	0	0	0	0	1	6	1	11	7	0	0	4	0	5	9	2	0	4	9	2	4	6	5	11	4	5	5	7	3	3	0	0	3	4	2	3	5
2840	6 Mar 26	08:02:00	1	0	0	0	0	0	1	8	1	5	4	0	1	1	7	4	10	3	0	5	3	1	3	3	2	8	6	4	4	2	4	7	0	0	3	6	14	4	3
2841	6 Mar 26	08:03:00	1	0	0	0	0	0	1	4	0	4	5	1	2	2	1	11	8	4	0	9	5	4	3	4	5	9	7	5	1	5	6	1	0	0	3	3	3	5	2
2842	6 Mar 26	08:04:00	1	0	0	0	0	0	1	13	0	15	5	3	0	10	3	8	8	4	1	5	2	2	2	9	7	8	7	3	7	0	6	7	6	3	3	13	6	3	4
2843	6 Mar 26	08:05:00	1	0	0	0	0	0	1	11	0	6	8	2	2	0	3	8	8	5	1	7	6	5	6	6	2	4	6	4	5	3	5	5	3	7	3	9	6	7	3
2844	6 Mar 26	08:06:00	1	0	0	0	0	0	1	5	0	4	11	4	3	0	0	8	10	3	3	5	0	0	4	3	6	7	3	1	10	3	8	17	0	5	6	5	6	3	2
2845	6 Mar 26	08:07:00	1	0	0	0	0	0	1	8	0	9	6	1	1	0	4	11	5	1	1	3	5	3	2	6	7	8	4	3	5	3	5	12	2	3	3	6	6	3	6
2846	6 Mar 26	08:08:00	1	0	0	0	0	0	1	8	0	0	4	0	2	4	3	6	7	4	3	5	9	5	3	9	4	3	6	5	4	5	4	9	0	4	3	5	5	2	3
2847	6 Mar 26	08:09:00	1	0	0	0	0	0	1	13	0	0	3	0	1	0	2	6	5	5	1	4	2	1	5	4	3	2	7	3	7	3	2	9	0	4	6	5	6	6	3
2848	6 Mar 26	08:10:00	1	0	0	0	0	0	1	12	0	2	5	0	0	6	3	4	5	5	0	7	6	3	5	10	7	4	2	5	7	5	6	6	2	4	4	12	10	6	5
2849	6 Mar 26	08:11:00	1	0	0	0	0	0	1	7	0	10	7	0	0	2	0	5	12	8	1	7	2	0	4	8	2	5	0	3	4	2	1	14	5	6	7	4	6	8	4
2850	6 Mar 26	08:12:00	1	0	0	0	0	0	1	13	0	2	5	0	0	1	3	10	7	4	0	7	5	0	4	2	2	5	4	0	0	5	7	1	2	7	3	3	4	4	5
2851	6 Mar 26	08:13:00	1	0	0	0	0	0	1	9	0	13	4	3	2	0	0	9	5	6	4	3	8	2	4	7	5	8	2	2	3	4	4	6	6	5	6	2	5	5	3
2852	6 Mar 26	08:14:00	1	0	0	0	0	0	1	9	0	10	2	0	0	0	2	7	6	7	1	7	7	0	5	6	2	6	9	0	5	6	3	1	2	0	4	9	4	5	3
2853	6 Mar 26	08:15:00	1	0	0	0	0	0	1	6	0	9	5	1	1	0	1	8	9	6	4	5	5	0	5	6	3	2	2	2	11	5	2	5	5	0	3	4	5	0	4
2854	6 Mar 26	08:16:00	1	0	0	0	0	0	1	10	0	7	6	2	1	0	1	6	5	4	2	4	6	3	6	10	5	3	5	4	4	2	4	8	6	0	6	8	2	3	1
2855	6 Mar 26	08:17:00	1	0	0	0	0	0	1	11	0	5	10	1	2	0	2	11	3	8	0	5	5	5	14	10	3	5	4	3	5	3	3	6	5	1	4	7	8	2	3
2856	6 Mar 26	08:18:00	1	0	0	0	0	0	1	8	0	4	4	6	3	0	0	11	4	5	0	3	6	0	3	7	1	5	3	3	4	4	2	4	5	0	6	9	8	3	5
2857	6 Mar 26	08:19:00	1	0	0	0	0	0	1	10	0	2	2	2	11	3	3	8	7	8	0	8	10	1	2	6	3	6	6	5	2	4	3	5	4	0	3	4	7	0	4
2858	6 Mar 26	08:20:00	1	0	0	0	0	0	1	8	0	12	7	0	7	5	0	9	5	3	0	8	3	0	4	5	4	6	2	4	3	4	2	4	7	0	5	4	4	9	2
2859	6 Mar 26	08:21:00	1	0	0	0	0	0	1	8	0	4	5	0	0	6	5	9	7	4	1	4	2	4	5	4	5	7	6	3	4	2	1	2	8	0	5	7	5	5	5
2860	6 Mar 26	08:22:00	1	0	0	0	0	0	1	12	0	4	6	0	0	4	3	11	8	5	0	9	4	2	3	4	4	6	9	6	3	3	7	3	1	0	5	8	3	5	3
2861	6 Mar 26	08:23:00	1	0	0	0	0	0	1	8	0	15	5	0	2	6	5	8	7	2	2	4	4	4	6	4	3	2	0	0	5	3	6	2	7	0	6	7	5	3	3
2862	6 Mar 26	08:24:00	1	0	0	0	0	0	1	6	0	12	4	1	1	5	2	6	8	2	1	3	3	6	5	5	7	7	2	0	3	3	4	2	3	0	8	6	10	9	1
2863	6 Mar 26	08:25:00	1	0	0	0	0	0	1	5	0	8	3	3	6	4	0	7	10	8	0	7	6	0	3	4	6	5	12	0	6	4	3	5	6	0	4	10	6	4	4
2864	6 Mar 26	08:26:00	1	0	0	0	0	0	1	12	0	8	7	1	0	3	5	6	3	10	2	4	5	3	3	7	4	4	2	0	3	3	6	20	2	5	4	9	5	3	4
2865	6 Mar 26	08:27:00	1	0	0	0	0	0	1	10	0	7	3	2	2	3	2	6	8	5	0	5	4	0	4	6	7	5	5	6	4	8	1	5	0	7	9	7	6	4	6
2866	6 Mar 26	08:28:00	1	0	0	0	0	0	1	5	0	4	4	2	2	1	4	9	6	5	0	3	6	3	0	7	11	4	3	2	3	2	2	8	0	0	7	6	7	6	4
2867	6 Mar 26	08:29:00	1	0	0	0	0	0	1	8	0	8	6	1	0	1	3	8	4	5	1	5	4	0	4	11	7	6	4	2	6	2	2	7	0	0	6	7	6	4	5
2868	6 Mar 26	08:30:00	1	0	0	0	0	0	1	10	0	8	5	6	0	0	1	9	10	10	1	4	5	0	4	11	7	4	0	3	6	3	8	7	0	0	3	9	2	4	4
2869	6 Mar 26	08:31:00	1	0	0	0	0	0	1	8	0	1	4	1	0	3	7	8	7	14	0	6	0	1	3	5	6	3	3	4	10	5	8	7	1	0	4	6	10	4	5
2870	6 Mar 26	08:32:00	1	0	0	0	0	0	1	14	0	10	4	3	0	2	2	6	11	15	1	6	4	2	3	4	9	5	4	1	1	3	2	3	2	0	4	7	6	3	7
2871	6 Mar 26	08:33:00	1	0	0	0	0	0	1	11	1	9	5	2	0	5	0	6	7	7	0	9	5	2	4	9	5	5	2	1	3	0	0	9	3	2	2	4	9	2	5
2872	6 Mar 26	08:34:00	1	0	0	0	0	0	1	13	0	5	10	2	0	6	3	11	9	5	0	4	6	1	5	6	4	5	3	3	4	3	5	9	9	3	3	9	6	6	3
2873	6 Mar 26	08:35:00	1	0	0	0	0	0	1	8	3	12	4	0	3	6	0	3	6	3	0	7	4	3	6	6	4	3	5	5	2	6	1	5	12	9	4	5	5	6	4
2874	6 Mar 26	08:36:00	1	0	0	0	0	0	1	10	0	8	4	7	0	3	2	12	13	5	0	5	7	2	8	3	10	7	3	5	4	0	5	10	3	0	4	10	8	4	4
2875	6 Mar 26	08:37:00	1	0	0	0	0	0	1	8	3	8	9	0	0	4	3	7	7	9	0	7	4	0	4	3	9	4	4	3	5	3	8	5	0	0	3	7	8	5	6
2876	6 Mar 26	08:38:00	1	0	0	0	0	0	1	6	2	5	6	3	1	2	5	5	8	5	5	4	4	2	6	8	3	6	2	7	1	3	4	2	2	0	5	4	2	2	2
2877	6 Mar 26	08:39:00	1	0	0	0	0	0	1	6	0	5	2	2	0	1	1	7	5	7	0	7	5	3	4	6	6	4	2	3	7	4	3	5	5	0	0	3	3	4	8
2878	6 Mar 26	08:40:00	1	0	0	0	0	0	1	12	7	10	8	0	3	18	3	3	10	6	0	5	4	3	4	5	8	2	4	2	7	2	3	6	4	0	0	3	6	1	3
2879	6 Mar 26	08:41:00	1	0	0	0	0	0	1	9	3	10	7	7	1	4	0	1	9	6	1	12	4	5	6	5	5	6	4	3	8	3	5	3	6	0	0	4	5	3	5
2880	6 Mar 26	08:42:00	1	0	0	0	0	0	1	10	6	8	4	0	0	3	1	9	12	7	8	6	6	3	3	2	7	7	2	5	7	6	7	5	5	0	1	6	9	0	4
2881	6 Mar 26	08:43:00	1	0	0	0	0	0	1	10	0	9	6	1	0	2	5	8	7	8	1	5	7	2	10	6	6	7	1	5	4	3	6	5	3	0	5	5	10	6	8
2882	6 Mar 26	08:44:00	1	0	0	0	0	0	1	10	0	12	6	1	10	5	1	9	11	8	0	7	0	3	3	7	5	0	0	2	3	3	3	13	4	0	3	6	2	6	4
2883	6 Mar 26	08:45:00	1	0	0	0	0	0	1	10	7	11	2	3	2	3	2	4	9	5	0	8	6	2	7	8	6	6	5	2	3	2	1	12	8	0	1	5	9	4	3
2884	6 Mar 26	08:46:00	1	0	0	0	0	0	1	7	8	10	5	2	1	4	2	8	9	6	4	7	3	1	3	3	6	8	0	3	2	4	4	11	6	0	1	8	6	7	4
2885	6 Mar 26	08:47:00	1	0	0	0	0	0	1	5	0	5	4	3	0	3	7	12	6	13	1	5	2	3	5	3	5	8	5	4	7	2	6	9	8	0	6	9	7	5	2
2886	6 Mar 26	08:48:00	1	0	0	0	0	0	1	7	4	1	4	1	0	6	3	8	8	7	0	6	4	1	3	6	6	7	3	2	2	4	3	4	6	0	3	9	3	5	4
2887	6 Mar 26	08:49:00	1	0	0	0	0	0	1	12	1	7	7	1	0	3	4	7	3	5	3	2	5	4	3	3	5	8	2	4	7	6	3	11	5	0	4	7	10	3	3
2888	6 Mar 26	08:50:00	1	0	0	0	0	0	1	10	2	9	6	1	0	2	1	7	7	4	2	5	4	1	4	2	10	7	4	6	6	2	5	7	1	1	5	4	6	6	2
2889	6 Mar 26	08:51:00	1	0	0	0	0	0	1	10	3	9	6	1	0	4	2	11	8	6	3	9	4	4	6	6	3	11	3	3	1	7	7	8	1	2	6	7	5	3	4
2890	6 Mar 26	08:52:00	1	0	0	0	0	0	1	10	1	5	12	5	0	3	0	8	6	6	3	3	5	8	5	3	8	4	3	6	5	3	6	10	0	0	4	5	6	7	4
2891	6 Mar 26	08:53:00	1	0	0	0	0	0	1	13	5	12	0	3	1	4	0	12	8	6	0	11	6	3	5	11	6	8	8	4	5	4	5	1	5	0	6	5	5	4	2
2892	6 Mar 26	08:54:00	1	0	0	0	0	0	1	9	4	8	11	3	1	3	3	8	7	7	2	8	5	0	3	6	6	1	5	2	5	8	5	7	7	0	7	7	3	5	2
2893	6 Mar 26	08:55:00	1	0	0	0	0	0	1	7	0	11	6	4	2	3	1	12	9	5	1	5	4	1	5	6	5	4	5	5	1	4	4	3	6	0	3	4	8	2	3
2894	6 Mar 26	08:56:00	1	0	0	0	0	0	1	9	5	3	4	2	1	2	6	9	9	14	3	6	3	2	6	5	4	4	5	3	7	4	4	10	14	0	7	5	6	5	6
2895	6 Mar 26	08:57:00	1	0	0	0	0	0	1	10	2	8	5	2	0	6	1	6	9	7	2	4	1	4	3	8	4	7	2	4	10	3	5	6	2	0	6	6	3	5	6
2896	6 Mar 26	08:58:00	1	0	0	0	0	0	1	15	2	15	6	0	0	4	1	12	8	11	1	6	4	1	4	7	3	6	3	3	6	2	5	9	2	3	4	7	8	3	7
2897	6 Mar 26	08:59:00	1	0	0	0	0	0	1	7	5	12	10	0	0	4	0	5	7	7	0	5	3	0	3	5	7	8	4	2	3	4	3	7	1	1	3	7	3	5	3
2898	6 Mar 26	09:00:00	1	0	0	0	0	0	1	6	1	9	9	0	0	4	0	3	9	10	0	7	3	0	4	3	6	6	2	1	12	5	4	5	1	0	3	9	7	5	7
2899	6 Mar 26	09:01:00	1	0	0	0	0	0	1	8	0	7	9	2	0	2	3	4	7	11	0	4	2	0	4	4	2	10	3	5	6	3	4	5	5	0	4	4	3	2	2
2900	6 Mar 26	09:02:00	1	0	0	0	0	0	1	10	2	5	6	3	0	0	2	9	8	4	3	7	4	1	6	5	5	6	3	4	2	2	5	2	0	0	2	7	7	4	8
2901	6 Mar 26	09:03:00	1	0	0	0	0	0	1	7	3	9	6	7	0	10	1	7	8	6	2	7	5	0	1	10	3	3	9	4	5	4	0	7	3	0	6	5	6	6	0
2902	6 Mar 26	09:04:00	1	0	0	0	0	0	1	14	3	13	9	0	2	3	1	8	6	7	1	6	7	3	2	10	7	6	8	6	1	1	0	10	6	0	4	4	5	2	6
2903	6 Mar 26	09:05:00	1	0	0	0	0	0	1	15	1	8	4	6	0	6	6	6	7	10	4	5	9	6	4	3	7	5	10	2	8	3	0	4	0	0	8	9	6	5	2
2904	6 Mar 26	09:06:00	1	0	0	0	0	0	1	8	1	4	7	6	2	3	2	14	7	10	6	7	5	0	6	4	4	0	4	2	3	3	0	7	0	0	0	7	8	0	4
2905	6 Mar 26	09:07:00	1	0	0	0	0	0	1	5	4	16	10	3	0	5	3	7	7	9	1	6	4	0	4	3	6	5	3	2	7	2	0	4	0	0	4	3	9	0	2
2906	6 Mar 26	09:08:00	1	0	0	0	0	0	1	16	3	9	3	2	1	3	0	5	11	14	0	5	3	0	3	7	4	5	3	4	4	6	0	3	8	0	7	10	5	2	4
2907	6 Mar 26	09:09:00	1	0	0	0	0	0	1	8	2	10	4	3	1	0	2	5	8	15	0	7	5	3	5	8	10	7	6	3	3	4	0	6	8	0	3	11	10	5	8
2908	6 Mar 26	09:10:00	1	0	0	0	0	0	1	12	1	6	3	0	2	0	1	13	5	6	3	9	6	0	4	6	5	6	3	1	6	4	0	4	4	0	4	4	7	3	4
2909	6 Mar 26	09:11:00	1	0	0	0	0	0	1	13	1	10	6	0	2	0	1	5	6	10	6	6	7	1	3	5	5	8	4	2	4	4	0	6	2	2	6	2	4	6	7
2910	6 Mar 26	09:12:00	1	0	0	0	0	0	1	8	0	10	6	2	0	5	3	13	8	5	4	10	0	4	6	5	6	3	3	4	5	3	0	6	0	0	10	6	6	4	4
2911	6 Mar 26	09:13:00	1	0	0	0	0	0	1	13	0	7	10	1	0	7	0	9	7	7	2	8	3	2	5	3	5	9	3	5	5	5	0	5	0	0	4	2	5	6	4
2912	6 Mar 26	09:14:00	1	0	0	0	0	0	1	8	0	9	9	2	0	3	0	10	5	7	0	6	3	0	4	6	8	6	3	3	3	3	0	4	0	2	9	4	11	4	5
2913	6 Mar 26	09:15:00	1	0	0	0	0	0	1	8	3	4	8	5	0	5	0	14	9	5	0	6	5	0	6	5	8	5	3	4	8	1	0	2	6	0	4	9	13	6	6
2914	6 Mar 26	09:16:00	1	0	0	0	0	0	1	9	2	8	5	4	1	2	0	7	7	9	1	6	6	3	3	2	2	5	3	3	10	2	0	5	0	0	0	5	4	4	6
2915	6 Mar 26	09:17:00	1	0	0	0	0	0	1	10	2	12	4	2	2	3	1	8	6	19	0	7	13	6	2	6	6	7	3	4	6	3	0	5	0	3	4	9	7	7	7
2916	6 Mar 26	09:18:00	1	0	0	0	0	0	1	16	2	5	8	0	2	2	2	9	6	11	1	8	5	6	8	4	4	4	3	2	8	0	0	10	6	0	6	3	3	5	3
2917	6 Mar 26	09:19:00	1	0	0	0	0	0	1	6	3	8	5	0	5	1	0	10	8	9	3	6	7	1	4	1	5	2	4	2	6	0	0	9	2	0	3	6	6	5	5
2918	6 Mar 26	09:20:00	1	0	0	0	0	0	1	8	3	13	4	6	7	0	5	16	5	5	1	9	4	6	6	3	5	7	2	1	4	0	0	5	9	0	2	7	9	3	4
2919	6 Mar 26	09:21:00	1	0	0	0	0	0	1	9	2	8	6	5	1	1	2	6	7	4	3	6	6	1	4	3	8	7	5	3	8	8	0	8	7	2	3	6	8	2	3
2920	6 Mar 26	09:22:00	1	0	0	0	0	0	1	16	3	8	5	1	2	2	0	9	8	7	1	8	3	0	11	8	6	4	2	2	4	3	0	4	6	0	5	3	5	6	2
2921	6 Mar 26	09:23:00	1	0	0	0	0	0	1	7	3	9	6	0	0	5	2	7	6	6	2	9	4	0	9	5	6	3	1	0	5	3	0	5	4	1	5	7	4	5	4
2922	6 Mar 26	09:24:00	1	0	0	0	0	0	1	5	1	8	3	1	0	5	4	7	6	11	2	4	5	5	4	9	8	3	5	0	2	4	0	20	5	2	2	6	3	7	7
2923	6 Mar 26	09:25:00	1	0	0	0	0	0	1	7	2	8	7	2	0	6	3	10	12	5	2	6	5	2	5	4	7	6	4	0	6	5	0	6	7	0	6	6	6	4	3
2924	6 Mar 26	09:26:00	1	0	0	0	0	0	1	8	5	10	6	6	0	1	3	6	4	11	0	10	5	3	4	5	2	4	7	0	3	3	0	4	6	0	2	5	7	2	3
2925	6 Mar 26	09:27:00	1	0	0	0	0	0	1	8	1	15	6	5	1	6	4	11	9	6	3	7	1	3	5	18	6	7	5	3	7	6	0	6	7	1	5	3	8	4	4
2926	6 Mar 26	09:28:00	1	0	0	0	0	0	0	4	0	6	6	6	1	7	1	13	5	2	0	4	0	2	8	10	10	7	0	1	4	4	0	6	0	0	7	6	14	5	5
2927	6 Mar 26	09:29:00	1	0	0	0	0	0	0	9	0	8	8	4	1	6	6	7	10	7	6	10	7	4	3	6	4	9	5	3	0	0	0	4	3	0	5	6	8	4	6
2928	6 Mar 26	09:30:00	1	0	0	0	0	0	0	4	0	7	2	4	3	6	0	9	10	5	0	5	5	4	7	8	2	7	6	2	9	0	0	2	3	0	8	6	8	1	2
2929	6 Mar 26	09:31:00	1	0	0	0	0	0	0	7	0	9	7	10	16	6	0	8	9	11	1	7	4	0	2	7	5	3	4	2	9	0	0	6	3	0	5	5	6	5	5
2930	6 Mar 26	09:32:00	1	0	0	0	0	0	0	6	0	11	10	5	0	6	0	9	5	11	4	8	4	1	0	4	6	5	8	1	2	0	0	4	5	0	2	5	3	5	5
2931	6 Mar 26	09:33:00	1	0	0	0	0	0	0	9	0	3	9	4	7	6	0	9	8	6	9	5	3	1	0	9	3	10	5	3	6	0	0	2	3	0	4	6	6	5	3
2932	6 Mar 26	09:34:00	1	0	0	0	0	0	0	4	0	4	10	7	1	8	0	8	3	6	0	3	6	0	0	6	2	7	5	4	6	0	0	2	4	0	5	6	7	6	5
2933	6 Mar 26	09:35:00	1	0	0	0	0	0	0	6	0	0	8	4	0	5	0	10	5	8	1	7	9	0	2	7	4	8	4	3	6	0	0	2	0	0	2	3	5	6	2
2934	6 Mar 26	09:36:00	1	0	0	0	0	0	0	6	0	0	6	5	0	3	0	7	8	10	0	9	10	1	0	4	8	7	7	4	7	0	0	7	5	0	1	1	7	3	2
2935	6 Mar 26	09:37:00	1	0	0	0	0	0	0	0	1	0	12	3	2	5	0	10	5	9	2	8	5	1	0	9	6	4	5	4	10	0	0	2	0	0	2	0	9	2	0
2936	6 Mar 26	09:38:00	1	0	0	0	0	0	0	6	0	0	7	2	0	4	3	6	11	4	4	6	5	1	0	4	6	5	6	5	8	0	0	0	1	0	0	0	7	5	0
2937	6 Mar 26	09:39:00	1	0	0	0	0	0	0	6	0	0	6	5	1	5	0	8	7	7	0	6	5	1	0	5	3	3	10	5	7	0	0	0	0	0	0	0	9	4	0
2938	6 Mar 26	09:40:00	1	0	0	0	0	0	0	6	0	0	6	4	2	7	0	5	3	6	0	8	3	4	0	9	7	8	5	3	7	0	0	0	0	0	0	0	8	2	3
2939	6 Mar 26	09:41:00	1	0	0	0	0	0	0	12	7	0	4	4	1	5	0	4	5	9	5	8	5	2	0	7	2	5	8	5	7	0	0	0	0	0	2	0	5	0	15
2940	6 Mar 26	09:42:00	1	0	0	0	0	0	0	8	3	0	7	1	0	5	0	1	4	9	1	5	7	0	0	6	3	6	8	3	7	0	0	0	0	0	0	0	5	4	26
2941	6 Mar 26	09:43:00	1	0	0	0	0	0	0	6	1	0	8	3	1	5	0	3	4	5	0	6	6	2	0	6	4	7	6	7	6	0	0	0	0	0	0	0	9	4	0
2942	6 Mar 26	09:44:00	1	0	0	0	0	0	0	8	0	0	5	4	0	1	0	4	4	7	0	5	5	0	0	1	10	8	1	7	7	0	0	0	0	0	0	0	7	3	1
2943	6 Mar 26	09:45:00	1	0	0	0	0	0	0	5	0	0	8	0	0	5	0	2	8	9	0	4	2	0	0	5	5	6	5	3	4	0	0	0	0	0	0	0	7	4	0
2944	6 Mar 26	09:46:00	1	0	0	0	0	0	0	11	0	0	9	4	0	6	0	2	6	8	0	5	3	0	0	6	8	14	2	3	8	0	0	0	0	0	0	0	7	0	0
2945	6 Mar 26	09:47:00	1	0	0	0	0	0	0	6	0	0	5	6	0	5	0	2	5	8	0	2	5	0	0	4	5	3	3	1	5	0	1	0	0	0	0	0	5	2	0
2946	6 Mar 26	09:48:00	1	0	0	0	0	0	0	9	0	0	5	30	0	2	0	0	5	7	9	1	6	0	0	3	2	3	4	0	5	0	0	0	0	0	0	0	5	0	0
2947	6 Mar 26	09:49:00	1	0	0	0	0	0	0	8	0	0	7	5	0	0	0	2	3	8	5	4	6	0	0	5	5	0	3	5	1	0	0	0	0	0	0	0	4	1	0
2948	6 Mar 26	09:50:00	1	0	0	0	0	0	0	7	0	0	6	2	0	0	0	8	1	7	0	5	0	0	0	7	5	1	1	1	5	0	0	0	0	0	0	0	3	0	0
2949	6 Mar 26	09:51:00	1	0	0	0	0	0	0	9	0	0	6	6	0	2	0	0	4	8	0	3	0	0	0	2	6	0	2	1	3	0	0	0	0	0	0	0	10	1	0
2950	6 Mar 26	09:52:00	1	0	0	0	0	0	0	8	0	0	8	0	0	0	0	0	3	8	0	0	0	0	0	3	4	0	4	4	5	0	0	0	0	0	0	0	3	0	0
2951	6 Mar 26	09:53:00	1	0	0	0	0	0	0	5	0	0	8	0	0	0	0	2	3	6	0	2	0	0	0	4	5	3	6	0	5	0	0	0	0	0	0	0	6	0	0
2952	6 Mar 26	09:54:00	1	0	0	0	0	0	0	8	0	0	8	0	0	0	0	0	2	4	0	2	0	0	0	6	10	0	5	0	6	0	0	0	0	0	0	0	10	0	0
2953	6 Mar 26	09:55:00	1	0	0	0	0	0	0	4	0	0	9	0	0	0	0	0	3	6	0	0	0	0	0	4	6	0	4	3	8	0	0	0	0	0	0	0	10	0	0
2954	6 Mar 26	09:56:00	1	0	0	0	0	0	0	6	0	0	6	0	0	0	0	0	3	6	0	0	1	0	0	3	6	0	1	2	5	0	0	0	0	0	0	0	3	3	0
2955	6 Mar 26	09:57:00	1	0	0	0	0	0	0	6	0	0	7	0	0	0	0	0	4	5	0	0	6	0	0	7	8	0	0	0	2	0	0	0	0	0	0	0	5	0	0
2956	6 Mar 26	09:58:00	1	0	0	0	0	0	0	8	0	0	6	0	0	0	0	0	1	5	7	0	1	0	0	5	4	0	0	1	6	0	0	0	0	0	0	0	5	0	0
2957	6 Mar 26	09:59:00	1	0	0	0	0	0	0	6	0	0	10	0	0	0	0	0	1	6	0	0	2	0	0	0	5	0	0	0	0	0	0	0	0	0	0	0	8	0	0
2958	6 Mar 26	10:00:00	1	0	0	0	0	0	0	7	0	0	8	0	0	0	0	0	4	5	1	0	1	0	0	0	6	0	0	0	2	0	0	0	0	0	0	0	5	0	0
2959	6 Mar 26	10:01:00	1	0	0	0	0	0	0	5	0	0	3	0	0	0	0	0	1	5	3	0	21	0	0	0	5	0	0	1	5	0	0	0	0	0	2	0	5	0	0
2960	6 Mar 26	10:02:00	1	0	0	0	0	0	0	6	0	0	6	0	0	0	0	0	6	7	0	0	1	0	0	0	2	0	6	1	4	0	0	0	0	0	2	0	7	0	0
2961	6 Mar 26	10:03:00	1	0	0	0	0	0	0	10	0	0	5	0	0	0	0	0	3	7	0	0	0	0	0	0	7	0	7	1	4	0	0	0	0	0	0	0	6	1	0
2962	6 Mar 26	10:04:00	1	0	0	0	0	0	0	9	0	0	7	0	0	0	0	0	1	6	0	0	0	0	0	0	3	0	6	0	4	0	0	0	0	0	3	0	8	1	0
2963	6 Mar 26	10:05:00	1	0	0	0	0	0	0	8	0	0	0	0	0	0	0	0	0	6	0	0	0	0	0	0	2	0	0	0	3	0	0	0	0	0	5	0	9	4	0
2964	6 Mar 26	10:06:00	1	0	0	0	0	0	0	6	0	0	0	0	0	0	0	0	0	4	0	0	4	0	0	0	3	0	6	1	4	0	0	0	0	0	0	0	1	0	0
2965	6 Mar 26	10:07:00	1	0	0	0	0	0	0	3	0	0	0	0	0	0	0	0	2	6	0	0	0	0	0	0	4	0	4	0	6	0	0	0	0	0	0	0	4	0	0
2966	6 Mar 26	10:08:00	1	0	0	0	0	0	0	6	0	0	2	0	0	0	0	0	2	6	0	0	0	0	0	0	4	0	5	0	5	0	0	0	0	0	0	0	5	0	0
2967	6 Mar 26	10:09:00	1	0	0	0	0	0	0	6	0	0	0	0	0	0	0	0	3	6	0	0	0	0	0	0	4	0	3	0	1	0	0	0	0	0	0	0	3	0	0
2968	6 Mar 26	10:10:00	1	0	0	0	0	0	0	4	0	0	0	0	0	0	0	0	0	7	2	0	4	0	0	0	5	0	0	0	2	0	0	0	0	0	3	0	3	0	0
2969	6 Mar 26	10:11:00	1	0	0	0	0	0	0	4	0	0	0	0	0	0	0	0	0	4	5	0	6	0	0	0	3	0	3	0	0	0	0	0	0	0	3	0	7	0	0
2970	6 Mar 26	10:12:00	1	0	0	0	0	0	0	6	0	0	0	0	0	0	0	0	0	5	0	0	5	0	0	0	6	0	1	0	6	0	0	0	0	0	0	0	5	0	0
2971	6 Mar 26	10:13:00	1	0	0	0	0	0	0	2	0	0	3	0	0	0	0	0	0	5	3	0	0	0	0	0	3	0	0	0	11	0	0	0	0	0	0	0	1	1	0
2972	6 Mar 26	10:14:00	1	0	0	0	0	0	0	4	0	0	0	0	0	0	0	0	0	5	0	0	4	0	0	0	8	0	0	1	7	0	0	0	0	4	0	0	0	0	0
2973	6 Mar 26	10:15:00	1	0	0	0	0	0	0	4	0	0	0	0	0	0	0	0	0	3	0	0	0	0	0	0	3	0	0	0	3	0	0	0	0	0	3	0	0	0	0
2974	6 Mar 26	10:16:00	1	0	0	0	0	0	0	6	0	0	0	0	0	0	0	0	0	3	0	0	4	0	0	0	6	0	0	0	2	0	0	0	0	0	2	0	0	0	0
2975	6 Mar 26	10:17:00	1	0	0	0	0	0	0	7	0	0	2	0	0	0	0	0	0	6	0	0	4	0	0	0	3	0	0	0	1	0	0	0	0	0	3	0	0	0	0
2976	6 Mar 26	10:18:00	1	0	0	0	0	0	0	8	0	0	2	0	0	0	0	0	0	5	0	0	7	0	0	0	2	0	0	0	2	0	0	0	0	0	0	0	8	0	0
2977	6 Mar 26	10:19:00	1	0	0	0	0	0	0	9	0	0	0	0	0	0	0	0	0	6	2	0	0	0	0	0	3	0	0	0	3	0	0	0	0	0	3	0	5	1	0
2978	6 Mar 26	10:20:00	1	0	0	0	0	0	0	7	0	0	0	0	0	0	0	0	0	6	0	0	0	0	0	0	3	0	0	0	4	0	0	0	0	0	3	0	6	0	0
2979	6 Mar 26	10:21:00	1	0	0	0	0	0	0	7	0	0	0	0	0	0	0	0	3	9	0	0	0	0	0	0	2	0	0	0	4	0	0	0	0	0	3	0	0	0	0
2980	6 Mar 26	10:22:00	1	0	0	0	0	0	0	6	0	0	0	0	0	0	0	0	0	6	4	0	0	0	0	0	2	0	0	0	2	0	0	0	0	0	4	0	1	2	0
2981	6 Mar 26	10:23:00	1	0	0	0	0	0	0	5	0	0	0	0	0	0	0	0	0	5	1	0	1	0	0	0	5	0	0	0	0	0	0	0	0	0	2	0	0	0	0
2982	6 Mar 26	10:24:00	1	0	0	0	0	0	0	7	0	0	0	0	0	0	0	0	1	5	0	0	0	0	0	0	3	0	0	0	7	0	0	0	0	0	6	0	0	0	0
2983	6 Mar 26	10:25:00	1	0	0	0	0	0	0	6	0	0	0	0	0	0	0	0	2	7	2	0	4	0	0	2	0	0	0	0	0	0	0	0	0	0	3	0	0	0	0
2984	6 Mar 26	10:26:00	1	0	0	0	0	0	0	9	0	0	0	0	0	0	0	0	0	5	4	0	0	0	0	5	1	0	0	0	1	0	0	0	0	0	4	0	0	0	0
2985	6 Mar 26	10:27:00	1	0	0	0	0	0	0	9	0	0	0	0	0	0	0	0	0	7	1	0	0	0	0	0	0	0	0	0	4	0	0	0	0	0	6	0	0	1	0
2986	6 Mar 26	10:28:00	1	0	0	0	0	0	0	9	0	0	0	0	0	0	0	0	0	3	3	0	0	0	0	0	6	0	0	0	1	0	0	0	0	0	2	0	0	0	0
2987	6 Mar 26	10:29:00	1	0	0	0	0	0	0	8	0	0	0	0	0	0	0	0	0	7	0	0	1	0	0	0	3	0	0	2	0	0	0	0	0	0	4	0	0	0	0
2988	6 Mar 26	10:30:00	1	0	0	0	0	0	0	12	0	0	0	0	0	0	0	0	0	5	0	0	0	0	0	0	2	0	0	0	0	0	0	0	0	0	4	0	0	2	0
2989	6 Mar 26	10:31:00	1	0	0	0	0	0	0	9	0	0	0	0	0	0	0	0	0	5	0	0	0	0	0	0	3	0	0	0	0	0	0	0	0	0	2	0	0	0	0
2990	6 Mar 26	10:32:00	1	0	0	0	0	0	0	6	0	0	0	0	0	0	0	0	0	9	0	0	0	0	0	0	6	0	0	0	1	0	0	3	0	0	6	0	0	0	0
2991	6 Mar 26	10:33:00	1	0	0	0	0	0	0	7	0	0	0	0	0	0	0	0	0	7	0	0	0	0	0	0	2	0	0	0	1	0	0	0	0	0	2	0	0	0	0
2992	6 Mar 26	10:34:00	1	0	0	0	0	0	0	7	0	0	0	0	0	0	0	0	0	5	0	0	0	0	0	0	0	0	0	0	0	0	0	0	0	0	3	0	0	0	0
2993	6 Mar 26	10:35:00	1	0	0	0	0	0	0	7	0	0	0	0	0	0	0	0	0	5	0	0	0	0	0	0	2	0	2	0	0	0	0	0	0	0	5	0	0	0	0
2994	6 Mar 26	10:36:00	1	0	0	0	0	0	0	6	0	0	0	0	0	0	0	0	0	6	0	0	1	0	0	4	3	0	2	1	0	0	0	0	0	0	4	0	0	0	0
2995	6 Mar 26	10:37:00	1	0	0	0	0	0	0	6	0	0	0	0	0	0	0	0	0	6	0	0	0	0	0	3	6	0	1	2	0	0	0	0	0	0	1	0	0	0	0
2996	6 Mar 26	10:38:00	1	0	0	0	0	0	0	3	0	0	1	0	0	0	0	0	0	4	0	0	0	0	0	0	2	0	0	0	0	0	0	0	0	0	6	0	0	0	0
2997	6 Mar 26	10:39:00	1	0	0	0	0	0	0	8	0	0	0	0	0	0	0	0	0	4	0	0	0	0	0	0	3	0	1	2	0	0	0	0	0	0	2	0	0	0	0
2998	6 Mar 26	10:40:00	1	0	0	0	0	0	0	6	0	0	0	0	0	0	0	0	0	6	0	0	3	0	0	0	2	0	0	1	0	0	0	0	0	0	0	0	0	0	0
2999	6 Mar 26	10:41:00	1	0	0	0	0	0	0	9	0	0	0	0	0	0	0	0	0	3	0	0	2	0	0	0	3	0	0	0	0	0	0	0	0	0	1	0	0	0	0
3000	6 Mar 26	10:42:00	1	0	0	0	0	0	0	9	0	0	0	0	0	0	0	0	0	6	0	0	7	0	0	0	2	0	0	0	0	0	0	0	0	0	2	0	0	0	0
3001	6 Mar 26	10:43:00	1	0	0	0	0	0	0	7	0	0	0	0	0	0	0	0	0	5	0	0	5	0	0	0	5	0	0	0	0	0	0	0	0	0	1	0	0	0	0
3002	6 Mar 26	10:44:00	1	0	0	0	0	0	0	4	0	0	0	0	0	0	0	0	0	5	0	0	1	0	0	0	6	0	0	0	0	0	0	0	0	0	0	0	0	0	0
3003	6 Mar 26	10:45:00	1	0	0	0	0	0	0	9	0	0	0	0	0	0	0	0	0	6	0	0	0	0	0	0	0	0	0	0	0	0	0	0	0	0	0	0	0	0	0
3004	6 Mar 26	10:46:00	1	0	0	0	0	0	0	4	0	0	0	0	0	0	0	0	0	8	0	0	4	0	0	0	2	0	0	0	0	0	0	0	0	0	0	0	0	0	0
3005	6 Mar 26	10:47:00	1	0	0	0	0	0	0	6	0	0	0	0	0	1	0	0	3	3	0	0	0	0	0	3	6	0	0	0	0	0	0	0	2	0	0	0	0	0	0
3006	6 Mar 26	10:48:00	1	0	0	0	0	0	0	3	0	0	0	0	0	0	0	0	4	2	0	0	0	0	0	7	0	0	0	0	0	0	0	0	5	0	2	0	0	0	0
3007	6 Mar 26	10:49:00	1	0	0	0	0	0	0	1	0	0	0	0	0	0	0	0	0	6	0	0	0	0	0	0	6	0	2	0	0	0	0	0	1	0	0	0	0	0	0
3008	6 Mar 26	10:50:00	1	0	0	0	0	0	0	4	0	0	0	0	0	0	0	0	0	10	0	0	0	0	0	0	6	0	7	0	0	0	0	0	0	0	0	0	0	0	0
3009	6 Mar 26	10:51:00	1	0	0	0	0	0	0	7	0	0	0	0	0	0	0	0	0	3	0	0	8	0	0	0	2	0	4	0	0	0	0	2	0	0	4	0	0	3	0
3010	6 Mar 26	10:52:00	1	0	0	0	0	0	0	6	0	0	0	0	0	0	0	0	0	4	0	0	4	0	0	0	4	0	3	0	0	0	0	0	0	0	5	0	0	0	0
3011	6 Mar 26	10:53:00	1	0	0	0	0	0	0	6	0	0	0	0	0	0	0	0	8	5	0	0	0	0	0	0	2	0	4	0	0	0	0	0	0	0	3	0	0	0	0
3012	6 Mar 26	10:54:00	1	0	0	0	0	0	0	7	0	0	0	0	0	0	0	0	8	6	0	0	0	0	0	0	0	0	5	0	0	0	0	0	0	0	23	0	0	0	0
3013	6 Mar 26	10:55:00	1	0	0	0	0	0	0	5	0	0	0	0	0	0	0	0	5	1	0	0	10	0	0	0	3	0	2	0	0	0	0	0	0	0	25	0	0	1	0
3014	6 Mar 26	10:56:00	1	0	0	0	0	0	0	6	0	0	0	0	0	0	0	0	0	6	0	0	4	0	0	0	2	0	0	0	0	0	0	0	0	0	14	0	0	0	0
3015	6 Mar 26	10:57:00	1	0	0	0	0	0	0	4	0	0	0	0	0	0	0	0	0	0	0	0	0	0	0	0	3	0	6	0	0	0	0	0	0	0	28	0	0	3	0
3016	6 Mar 26	10:58:00	1	0	0	0	0	0	0	6	0	0	0	0	0	0	0	0	0	5	0	0	0	0	0	0	5	0	2	0	0	0	0	0	0	0	17	0	0	2	0
3017	6 Mar 26	10:59:00	1	0	0	0	0	0	0	4	0	0	0	0	0	0	0	0	0	2	0	0	1	0	0	0	10	0	4	3	0	0	0	0	0	0	7	0	0	2	0
3018	6 Mar 26	11:00:00	1	0	0	0	0	0	0	6	0	0	0	0	0	0	0	0	0	3	0	0	5	0	0	0	6	0	0	0	0	0	0	0	0	0	0	0	0	0	0
3019	6 Mar 26	11:01:00	1	0	0	0	0	0	0	9	1	0	5	0	0	0	0	0	3	5	0	2	3	0	0	7	2	5	0	6	0	0	0	2	0	0	1	2	0	0	2
